lemma,pos,work,book,line,sentence_id,word_id,form,row
μῆνις,n,Iliad,1,1,2274106,1,μῆνιν,0
ἀείδω,v,Iliad,1,1,2274106,2,ἄειδε,1
θεά,n,Iliad,1,1,2274106,3,θεὰ,2
Πηλείδης,n,Iliad,1,1,2274106,4,Πηληϊάδεω,3
Ἀχιλλεύς,n,Iliad,1,1,2274106,5,Ἀχιλῆος,4
οὐλόμενος,a,Iliad,1,2,2274106,6,οὐλομένην,5
μυρίος,a,Iliad,1,2,2274106a,9,μυρί',6
Ἀχαιός,a,Iliad,1,2,2274106a,10,Ἀχαιοῖς,7
ἄλγος,n,Iliad,1,2,2274106a,11,ἄλγε',8
τίθημι,v,Iliad,1,2,2274106a,12,ἔθηκε,9
πολύς,a,Iliad,1,3,2274106b,14,πολλὰς,10
ἴφθιμος,a,Iliad,1,3,2274106b,16,ἰφθίμους,11
ψυχή,n,Iliad,1,3,2274106b,17,ψυχὰς,12
Ἅιδης,n,Iliad,1,3,2274106b,18,Ἄϊδι,13
προιάπτω,v,Iliad,1,3,2274106b,19,προΐαψεν,14
ἥρως,n,Iliad,1,4,2274106b,20,ἡρώων,15
αὐτός,a,Iliad,1,4,2274106c,22,αὐτοὺς,16
ἑλώριον,n,Iliad,1,4,2274106c,24,ἑλώρια,17
τεύχω,v,Iliad,1,4,2274106c,25,τεῦχε,18
κύων,n,Iliad,1,4,2274106c,26,κύνεσσιν,19
οἰωνός,n,Iliad,1,5,2274106c,27,οἰωνοῖσί,20
πᾶς,a,Iliad,1,5,2274106c,29,πᾶσι,21
Ζεύς,n,Iliad,1,5,2274106d,31,Διὸς,22
τελέω,v,Iliad,1,5,2274106d,33,ἐτελείετο,23
βουλή,n,Iliad,1,5,2274106d,34,βουλή,24
πρῶτος,a,Iliad,1,6,2274106e,40,πρῶτα,25
διίστημι,v,Iliad,1,6,2274106e,41,διαστήτην,26
ἐρίζω,v,Iliad,1,6,2274106e,42,ἐρίσαντε,27
Ἀτρείδης,n,Iliad,1,7,2274106e,43,Ἀτρεΐδης,28
ἄναξ,n,Iliad,1,7,2274106e,45,ἄναξ,29
ἀνήρ,n,Iliad,1,7,2274106e,46,ἀνδρῶν,30
δῖος,a,Iliad,1,7,2274106e,48,δῖος,31
Ἀχιλλεύς,n,Iliad,1,7,2274106e,49,Ἀχιλλεύς,32
θεός,n,Iliad,1,8,2274107,5,θεῶν,33
ἔρις,n,Iliad,1,8,2274107,6,ἔριδι,34
συνίημι,v,Iliad,1,8,2274107,7,ξυνέηκε,35
μάχομαι,v,Iliad,1,8,2274107,8,μάχεσθαι,36
Λητώ,n,Iliad,1,9,2274108,1,Λητοῦς,37
Ζεύς,n,Iliad,1,9,2274108,3,Διὸς,38
υἱός,n,Iliad,1,9,2274108,4,υἱός,39
βασιλεύς,n,Iliad,1,9,2274109,3,βασιλῆϊ,40
χολόω,v,Iliad,1,9,2274109,4,χολωθεὶς,41
νόσος,n,Iliad,1,10,2274109,5,νοῦσον,42
στρατός,n,Iliad,1,10,2274109,7,στρατὸν,43
ὄρνυμι,v,Iliad,1,10,2274109,8,ὄρσε,44
κακός,a,Iliad,1,10,2274109,9,κακήν,45
ὀλέκω,v,Iliad,1,10,2274109a,11,ὀλέκοντο,46
λαός,n,Iliad,1,10,2274109a,13,λαοί,47
Χρύσης,n,Iliad,1,11,2274109a,17,Χρύσην,48
ἀτιμάζω,v,Iliad,1,11,2274109a,18,ἠτίμασεν,49
ἀρητήρ,n,Iliad,1,11,2274109a,19,ἀρητῆρα,50
Ἀτρείδης,n,Iliad,1,12,2274109a,20,Ἀτρεΐδης,51
ἔρχομαι,v,Iliad,1,12,2274110,3,ἦλθε,52
θοός,a,Iliad,1,12,2274110,4,θοὰς,53
ναῦς,n,Iliad,1,12,2274110,6,νῆας,54
Ἀχαιός,a,Iliad,1,12,2274110,7,Ἀχαιῶν,55
λύω,v,Iliad,1,13,2274110,8,λυσόμενός,56
θυγάτηρ,n,Iliad,1,13,2274110,10,θύγατρα,57
φέρω,v,Iliad,1,13,2274110,11,φέρων,58
ἀπερείσιος,a,Iliad,1,13,2274110,13,ἀπερείσι',59
ἄποινα,n,Iliad,1,13,2274110,14,ἄποινα,60
στέμμα,n,Iliad,1,14,2274110,16,στέμματ',61
ἔχω,v,Iliad,1,14,2274110,17,ἔχων,62
χείρ,n,Iliad,1,14,2274110,19,χερσὶν,63
ἑκηβόλος,a,Iliad,1,14,2274110,20,ἑκηβόλου,64
Ἀπόλλων,n,Iliad,1,14,2274110,21,Ἀπόλλωνος,65
χρύσεος,a,Iliad,1,15,2274110,22,χρυσέῳ,66
σκῆπτρον,n,Iliad,1,15,2274110,24,σκήπτρῳ,67
λίσσομαι,v,Iliad,1,15,2274110a,27,λίσσετο,68
πᾶς,a,Iliad,1,15,2274110a,28,πάντας,69
Ἀχαιός,a,Iliad,1,15,2274110a,29,Ἀχαιούς,70
Ἀτρείδης,n,Iliad,1,16,2274110a,31,Ἀτρεΐδα,71
κοσμήτωρ,n,Iliad,1,16,2274110a,36,κοσμήτορε,72
λαός,n,Iliad,1,16,2274110a,37,λαῶν,73
Ἀτρείδης,n,Iliad,1,17,2274111,1,Ἀτρεΐδαι,74
ἄλλος,a,Iliad,1,17,2274111,4,ἄλλοι,75
ἐυκνήμις,a,Iliad,1,17,2274111,5,ἐϋκνήμιδες,76
Ἀχαιός,a,Iliad,1,17,2274111,6,Ἀχαιοί,77
θεός,n,Iliad,1,18,2274111,10,θεοὶ,78
δίδωμι,v,Iliad,1,18,2274111,11,δοῖεν,79
Ὀλύμπιος,a,Iliad,1,18,2274111,12,Ὀλύμπια,80
δῶμα,n,Iliad,1,18,2274111,13,δώματ',81
ἔχω,v,Iliad,1,18,2274111,14,ἔχοντες,82
ἐκπέρθω,v,Iliad,1,19,2274111,15,ἐκπέρσαι,83
Πρίαμος,n,Iliad,1,19,2274111,16,Πριάμοιο,84
πόλις,n,Iliad,1,19,2274111,17,πόλιν,85
ἱκνέομαι,v,Iliad,1,19,2274111,22,ἱκέσθαι,86
παῖς,n,Iliad,1,20,2274112,1,παῖδα,87
λύω,v,Iliad,1,20,2274112,4,λύσαιτε,88
φίλος,a,Iliad,1,20,2274112,5,φίλην,89
ἄποινα,n,Iliad,1,20,2274112,9,ἄποινα,90
δέχομαι,v,Iliad,1,20,2274112,10,δέχεσθαι,91
ἅζομαι,v,Iliad,1,21,2274112,12,ἁζόμενοι,92
Ζεύς,n,Iliad,1,21,2274112,13,Διὸς,93
υἱός,n,Iliad,1,21,2274112,14,υἱὸν,94
ἑκηβόλος,a,Iliad,1,21,2274112,15,ἑκηβόλον,95
Ἀπόλλων,n,Iliad,1,21,2274112,16,Ἀπόλλωνα,96
ἄλλος,a,Iliad,1,22,2274113,2,ἄλλοι,97
πᾶς,a,Iliad,1,22,2274113,4,πάντες,98
ἐπευφημέω,v,Iliad,1,22,2274113,5,ἐπευφήμησαν,99
Ἀχαιός,a,Iliad,1,22,2274113,6,Ἀχαιοὶ,100
αἰδέομαι,v,Iliad,1,23,2274113,7,αἰδεῖσθαί,101
ἱερεύς,n,Iliad,1,23,2274113,9,ἱερῆα,102
ἀγλαός,a,Iliad,1,23,2274113,11,ἀγλαὰ,103
δέχομαι,v,Iliad,1,23,2274113,12,δέχθαι,104
ἄποινα,n,Iliad,1,23,2274113,13,ἄποινα,105
Ἀτρείδης,n,Iliad,1,24,2274114,3,Ἀτρεΐδῃ,106
Ἀγαμέμνων,n,Iliad,1,24,2274114,4,Ἀγαμέμνονι,107
ἁνδάνω,v,Iliad,1,24,2274114,5,ἥνδανε,108
θυμός,n,Iliad,1,24,2274114,6,θυμῷ,109
ἀφίημι,v,Iliad,1,25,2274114a,10,ἀφίει,110
κρατερός,a,Iliad,1,25,2274114b,12,κρατερὸν,111
μῦθος,n,Iliad,1,25,2274114b,15,μῦθον,112
τέλλω,v,Iliad,1,25,2274114b,16,ἔτελλε,113
γέρων,n,Iliad,1,26,2274115,3,γέρον,114
κοῖλος,a,Iliad,1,26,2274115,4,κοίλῃσιν,115
ναῦς,n,Iliad,1,26,2274115,7,νηυσὶ,116
κιχάνω,v,Iliad,1,26,2274115,8,κιχείω,117
δηθύνω,v,Iliad,1,27,2274115,11,δηθύνοντ',118
ὕστερος,a,Iliad,1,27,2274115,13,ὕστερον,119
εἶμι,v,Iliad,1,27,2274115,15,ἰόντα,120
χραισμέω,v,Iliad,1,28,2274115,21,χραίσμῃ,121
σκῆπτρον,n,Iliad,1,28,2274115,22,σκῆπτρον,122
στέμμα,n,Iliad,1,28,2274115,24,στέμμα,123
θεός,n,Iliad,1,28,2274115,25,θεοῖο,124
λύω,v,Iliad,1,29,2274116,5,λύσω,125
γῆρας,n,Iliad,1,29,2274117,4,γῆρας,126
ἔπειμι,v,Iliad,1,29,2274117,5,ἔπεισιν,127
ἡμέτερος,a,Iliad,1,30,2274117,6,ἡμετέρῳ,128
οἶκος,n,Iliad,1,30,2274117,8,οἴκῳ,129
Ἄργος,n,Iliad,1,30,2274117,10,Ἄργεϊ,130
πάτρη,n,Iliad,1,30,2274117,12,πάτρης,131
ἱστός,n,Iliad,1,31,2274117,13,ἱστὸν,132
ἐποίχομαι,v,Iliad,1,31,2274117,14,ἐποιχομένην,133
ἐμός,a,Iliad,1,31,2274117,16,ἐμὸν,134
λέχος,n,Iliad,1,31,2274117,17,λέχος,135
ἀντιάω,v,Iliad,1,31,2274117,18,ἀντιόωσαν,136
εἶμι,v,Iliad,1,32,2274118,2,ἴθι,137
ἐρεθίζω,v,Iliad,1,32,2274118a,5,ἐρέθιζε,138
σῶς,a,Iliad,1,32,2274118a,6,σαώτερος,139
νέομαι,v,Iliad,1,32,2274118a,9,νέηαι,140
φημί,v,Iliad,1,33,2274119,2,ἔφατ',141
δείδω,v,Iliad,1,33,2274119a,4,ἔδεισεν,142
γέρων,n,Iliad,1,33,2274119a,7,γέρων,143
πείθω,v,Iliad,1,33,2274119b,9,ἐπείθετο,144
μῦθος,n,Iliad,1,33,2274119b,10,μύθῳ,145
βαίνω,v,Iliad,1,34,2274120,1,βῆ,146
ἀκέων,a,Iliad,1,34,2274120,3,ἀκέων,147
θίς,n,Iliad,1,34,2274120,5,θῖνα,148
πολύφλοισβος,a,Iliad,1,34,2274120,6,πολυφλοίσβοιο,149
θάλασσα,n,Iliad,1,34,2274120,7,θαλάσσης,150
πολύς,a,Iliad,1,35,2274121,1,πολλὰ,151
κίω,v,Iliad,1,35,2274121,5,κιὼν,152
ἀράομαι,v,Iliad,1,35,2274121,6,ἠρᾶθ',153
γεραιός,a,Iliad,1,35,2274121,8,γεραιὸς,154
Ἀπόλλων,n,Iliad,1,36,2274121,9,Ἀπόλλωνι,155
ἄναξ,n,Iliad,1,36,2274121,10,ἄνακτι,156
εὔκομος,a,Iliad,1,36,2274121,13,ἠΰκομος,157
τίκτω,v,Iliad,1,36,2274121,14,τέκε,158
Λητώ,n,Iliad,1,36,2274121,15,Λητώ,159
κλύω,v,Iliad,1,37,2274122,1,κλῦθί,160
ἀργυρότοξος,a,Iliad,1,37,2274122,3,ἀργυρότοξ',161
Χρύση,n,Iliad,1,37,2274122,6,Χρύσην,162
ἀμφιβαίνω,v,Iliad,1,37,2274122,7,ἀμφιβέβηκας,163
Κίλλα,n,Iliad,1,38,2274122,8,Κίλλάν,164
ζάθεος,a,Iliad,1,38,2274122,10,ζαθέην,165
Τένεδος,n,Iliad,1,38,2274122,11,Τενέδοιό,166
ἀνάσσω,v,Iliad,1,38,2274122,14,ἀνάσσεις,167
Σμινθεύς,n,Iliad,1,39,2274122a,16,Σμινθεῦ,168
χαρίεις,a,Iliad,1,39,2274122a,20,χαρίεντ',169
ναός,n,Iliad,1,39,2274122a,22,νηὸν,170
ἐρέφω,v,Iliad,1,39,2274122a,23,ἔρεψα,171
πίων,a,Iliad,1,40,2274122a,31,πίονα,172
μηρία,n,Iliad,1,40,2274122a,32,μηρί',173
καίω,v,Iliad,1,40,2274122a,33,ἔκηα,174
ταῦρος,n,Iliad,1,41,2274122a,34,ταύρων,175
αἴξ,n,Iliad,1,41,2274122a,36,αἰγῶν,176
κραίνω,v,Iliad,1,41,2274122a,41,κρήηνον,177
ἔλδωρ,n,Iliad,1,41,2274122a,42,ἐέλδωρ,178
τίνω,v,Iliad,1,42,2274123,1,τίσειαν,179
Δαναοί,n,Iliad,1,42,2274123,2,Δαναοὶ,180
ἐμός,a,Iliad,1,42,2274123,3,ἐμὰ,181
δάκρυον,n,Iliad,1,42,2274123,4,δάκρυα,182
σός,a,Iliad,1,42,2274123,5,σοῖσι,183
βέλος,n,Iliad,1,42,2274123,6,βέλεσσιν,184
φημί,v,Iliad,1,43,2274124,2,ἔφατ',185
εὔχομαι,v,Iliad,1,43,2274124,3,εὐχόμενος,186
κλύω,v,Iliad,1,43,2274124a,7,ἔκλυε,187
Φοῖβος,n,Iliad,1,43,2274124a,8,Φοῖβος,188
Ἀπόλλων,n,Iliad,1,43,2274124a,9,Ἀπόλλων,189
βαίνω,v,Iliad,1,44,2274124b,11,βῆ,190
Ὄλυμπος,n,Iliad,1,44,2274124b,14,Οὐλύμποιο,191
κάρηνον,n,Iliad,1,44,2274124b,15,καρήνων,192
χώομαι,v,Iliad,1,44,2274124b,16,χωόμενος,193
κῆρ,n,Iliad,1,44,2274124b,17,κῆρ,194
τόξον,n,Iliad,1,45,2274124b,19,τόξ',195
ὦμος,n,Iliad,1,45,2274124b,20,ὤμοισιν,196
ἔχω,v,Iliad,1,45,2274124b,21,ἔχων,197
ἀμφηρεφής,a,Iliad,1,45,2274124b,22,ἀμφηρεφέα,198
φαρέτρα,n,Iliad,1,45,2274124b,24,φαρέτρην,199
κλάζω,v,Iliad,1,46,2274125,1,ἔκλαγξαν,200
ὀιστός,n,Iliad,1,46,2274125,4,ὀϊστοὶ,201
ὦμος,n,Iliad,1,46,2274125,6,ὤμων,202
χώομαι,v,Iliad,1,46,2274125,7,χωομένοιο,203
αὐτός,a,Iliad,1,47,2274125,9,αὐτοῦ,204
κινέω,v,Iliad,1,47,2274125,10,κινηθέντος,205
εἶμι,v,Iliad,1,47,2274126,3,ἤϊε,206
νύξ,n,Iliad,1,47,2274126,4,νυκτὶ,207
εἴκω1,v,Iliad,1,47,2274126,5,ἐοικώς,208
ἕζομαι,v,Iliad,1,48,2274127,1,ἕζετ',209
ναῦς,n,Iliad,1,48,2274127,4,νεῶν,210
ἰός,n,Iliad,1,48,2274127a,8,ἰὸν,211
ἵημι,v,Iliad,1,48,2274127a,9,ἕηκε,212
δεινός,a,Iliad,1,49,2274128,1,δεινὴ,213
κλαγγή,n,Iliad,1,49,2274128,3,κλαγγὴ,214
γίγνομαι,v,Iliad,1,49,2274128,4,γένετ',215
ἀργύρεος,a,Iliad,1,49,2274128,5,ἀργυρέοιο,216
βιός,n,Iliad,1,49,2274128,6,βιοῖο,217
ὀρεύς,n,Iliad,1,50,2274129,1,οὐρῆας,218
πρῶτος,a,Iliad,1,50,2274129,3,πρῶτον,219
ἐποίχομαι,v,Iliad,1,50,2274129,4,ἐπῴχετο,220
κύων,n,Iliad,1,50,2274129,6,κύνας,221
ἀργός,a,Iliad,1,50,2274129,7,ἀργούς,222
αὐτός,a,Iliad,1,51,2274129a,11,αὐτοῖσι,223
βέλος,n,Iliad,1,51,2274129a,12,βέλος,224
ἐχεπευκής,a,Iliad,1,51,2274129a,13,ἐχεπευκὲς,225
ἐφίημι,v,Iliad,1,51,2274129a,14,ἐφιεὶς,226
βάλλω,v,Iliad,1,52,2274129a,15,βάλλ',227
πυρή,n,Iliad,1,52,2274130,3,πυραὶ,228
νέκυς,n,Iliad,1,52,2274130,4,νεκύων,229
καίω,v,Iliad,1,52,2274130,5,καίοντο,230
θαμέες,a,Iliad,1,52,2274130,6,θαμειαί,231
στρατός,n,Iliad,1,53,2274131,4,στρατὸν,232
οἴχομαι,v,Iliad,1,53,2274131,5,ᾤχετο,233
κῆλον,n,Iliad,1,53,2274131,6,κῆλα,234
θεός,n,Iliad,1,53,2274131,7,θεοῖο,235
δέκατος,a,Iliad,1,54,2274131a,10,δεκάτῃ,236
ἀγορά,n,Iliad,1,54,2274131a,12,ἀγορὴν,237
καλέω,v,Iliad,1,54,2274131a,14,καλέσσατο,238
λαός,n,Iliad,1,54,2274131a,15,λαὸν,239
Ἀχιλλεύς,n,Iliad,1,54,2274131a,16,Ἀχιλλεύς,240
φρήν,n,Iliad,1,55,2274132,4,φρεσὶ,241
τίθημι,v,Iliad,1,55,2274132,5,θῆκε,242
θεά,n,Iliad,1,55,2274132,6,θεὰ,243
λευκώλενος,a,Iliad,1,55,2274132,7,λευκώλενος,244
Ἥρα,n,Iliad,1,55,2274132,8,Ἥρη,245
κήδω,v,Iliad,1,56,2274133,1,κήδετο,246
Δαναοί,n,Iliad,1,56,2274133,3,Δαναῶν,247
θνήσκω,v,Iliad,1,56,2274133,7,θνήσκοντας,248
ὁράω,v,Iliad,1,56,2274133,8,ὁρᾶτο,249
ἀγείρω,v,Iliad,1,57,2274134,5,ἤγερθεν,250
ὁμηγερής,a,Iliad,1,57,2274134,6,ὁμηγερέες,251
γίγνομαι,v,Iliad,1,57,2274134,8,γένοντο,252
ἀνίστημι,v,Iliad,1,58,2274134,12,ἀνιστάμενος,253
μετάφημι,v,Iliad,1,58,2274134,13,μετέφη,254
πούς,n,Iliad,1,58,2274134,14,πόδας,255
ὠκύς,a,Iliad,1,58,2274134,15,ὠκὺς,256
Ἀχιλλεύς,n,Iliad,1,58,2274134,16,Ἀχιλλεύς,257
Ἀτρείδης,n,Iliad,1,59,2274135,1,Ἀτρεΐδη,258
παλιμπλάζομαι,v,Iliad,1,59,2274135,4,παλιμπλαγχθέντας,259
οἴομαι,v,Iliad,1,59,2274135,5,ὀΐω,260
ἀπονοστέω,v,Iliad,1,60,2274135,7,ἀπονοστήσειν,261
θάνατος,n,Iliad,1,60,2274135,11,θάνατόν,262
φεύγω,v,Iliad,1,60,2274135,13,φύγοιμεν,263
πόλεμος,n,Iliad,1,61,2274135,18,πόλεμός,264
δαμάζω,v,Iliad,1,61,2274135,20,δαμᾷ,265
λοιμός,n,Iliad,1,61,2274135,22,λοιμὸς,266
Ἀχαιός,a,Iliad,1,61,2274135,23,Ἀχαιούς,267
μάντις,n,Iliad,1,62,2274136,5,μάντιν,268
εἴρω2,v,Iliad,1,62,2274136,6,ἐρείομεν,269
ἱερεύς,n,Iliad,1,62,2274136,8,ἱερῆα,270
ὀνειροπόλος,n,Iliad,1,63,2274136,11,ὀνειροπόλον,271
ὄναρ,n,Iliad,1,63,2274136,16,ὄναρ,272
Ζεύς,n,Iliad,1,63,2274136,18,Διός,273
εἰμί,v,Iliad,1,63,2274136,19,ἐστιν,274
εἶπον,v,Iliad,1,64,2274136,23,εἴποι,275
τόσος,a,Iliad,1,64,2274136,26,τόσσον,276
χώομαι,v,Iliad,1,64,2274136,27,ἐχώσατο,277
Φοῖβος,n,Iliad,1,64,2274136,28,Φοῖβος,278
Ἀπόλλων,n,Iliad,1,64,2274136,29,Ἀπόλλων,279
εὐχωλή,n,Iliad,1,65,2274136,35,εὐχωλῆς,280
ἐπιμέμφομαι,v,Iliad,1,65,2274136,36,ἐπιμέμφεται,281
ἑκατόμβη,n,Iliad,1,65,2274136,38,ἑκατόμβης,282
ἀρνός,n,Iliad,1,66,2274136,43,ἀρνῶν,283
κνῖσα,n,Iliad,1,66,2274136,44,κνίσης,284
αἴξ,n,Iliad,1,66,2274136,45,αἰγῶν,285
τέλειος,a,Iliad,1,66,2274136,47,τελείων,286
βούλομαι,v,Iliad,1,67,2274136,48,βούλεται,287
ἀντιάω,v,Iliad,1,67,2274136,49,ἀντιάσας,288
λοιγός,n,Iliad,1,67,2274136,52,λοιγὸν,289
ἀμύνω,v,Iliad,1,67,2274136,53,ἀμῦναι,290
εἶπον,v,Iliad,1,68,2274137,5,εἰπὼν,291
ἕζομαι,v,Iliad,1,68,2274137,8,ἕζετο,292
ἀνίστημι,v,Iliad,1,68,2274138,3,ἀνέστη,293
Κάλχας,n,Iliad,1,69,2274138,4,Κάλχας,294
Θεστορίδης,n,Iliad,1,69,2274138,5,Θεστορίδης,295
οἰωνοπόλος,n,Iliad,1,69,2274138,6,οἰωνοπόλων,296
ἄριστος,a,Iliad,1,69,2274138,8,ἄριστος,297
οἶδα,v,Iliad,1,70,2274138,11,ᾔδη,298
εἰμί,v,Iliad,1,70,2274138,14,ἐόντα,299
εἰμί,v,Iliad,1,70,2274138,17,ἐσσόμενα,300
εἰμί,v,Iliad,1,70,2274138,20,ἐόντα,301
ναῦς,n,Iliad,1,71,2274138,23,νήεσσ',302
ἡγέομαι,v,Iliad,1,71,2274138,24,ἡγήσατ',303
Ἀχαιός,a,Iliad,1,71,2274138,25,Ἀχαιῶν,304
Ἴλιος,n,Iliad,1,71,2274138,26,Ἴλιον,305
ἑός,a,Iliad,1,72,2274138,28,ἣν,306
μαντοσύνη,n,Iliad,1,72,2274138,30,μαντοσύνην,307
πόρω,v,Iliad,1,72,2274138,34,πόρε,308
Φοῖβος,n,Iliad,1,72,2274138,35,Φοῖβος,309
Ἀπόλλων,n,Iliad,1,72,2274138,36,Ἀπόλλων,310
φρονέω,v,Iliad,1,73,2274139,4,φρονέων,311
ἀγοράομαι,v,Iliad,1,73,2274139,5,ἀγορήσατο,312
μετεῖπον,v,Iliad,1,73,2274139,7,μετέειπεν,313
Ἀχιλλεύς,n,Iliad,1,74,2274140,2,Ἀχιλεῦ,314
κέλομαι,v,Iliad,1,74,2274140,3,κέλεαί,315
Ζεύς,n,Iliad,1,74,2274140,5,Διῒ,316
φίλος,a,Iliad,1,74,2274140,6,φίλε,317
μυθέομαι,v,Iliad,1,74,2274140,7,μυθήσασθαι,318
μῆνις,n,Iliad,1,75,2274140,8,μῆνιν,319
Ἀπόλλων,n,Iliad,1,75,2274140,9,Ἀπόλλωνος,320
ἑκατηβελέτης,n,Iliad,1,75,2274140,10,ἑκατηβελέταο,321
ἄναξ,n,Iliad,1,75,2274140,11,ἄνακτος,322
εἴρω2,v,Iliad,1,76,2274141,4,ἐρέω,323
συντίθημι,v,Iliad,1,76,2274142,3,σύνθεο,324
ὄμνυμι,v,Iliad,1,76,2274142a,6,ὄμοσσον,325
πρόφρων,a,Iliad,1,77,2274142a,10,πρόφρων,326
ἔπος,n,Iliad,1,77,2274142a,11,ἔπεσιν,327
χείρ,n,Iliad,1,77,2274142a,13,χερσὶν,328
ἀρήγω,v,Iliad,1,77,2274142a,14,ἀρήξειν,329
οἴομαι,v,Iliad,1,78,2274143,3,ὀΐομαι,330
ἀνήρ,n,Iliad,1,78,2274143,4,ἄνδρα,331
χολόω,v,Iliad,1,78,2274143,5,χολωσέμεν,332
μέγας,a,Iliad,1,78,2274143,8,μέγα,333
πᾶς,a,Iliad,1,78,2274143,9,πάντων,334
Ἀργεῖος,a,Iliad,1,79,2274143,10,Ἀργείων,335
κρατέω,v,Iliad,1,79,2274143,11,κρατέει,336
πείθω,v,Iliad,1,79,2274143,14,πείθονται,337
Ἀχαιός,a,Iliad,1,79,2274143,15,Ἀχαιοί,338
κρείσσων,a,Iliad,1,80,2274144,1,κρείσσων,339
βασιλεύς,n,Iliad,1,80,2274144,3,βασιλεὺς,340
χώομαι,v,Iliad,1,80,2274144,5,χώσεται,341
ἀνήρ,n,Iliad,1,80,2274144,6,ἀνδρὶ,342
χείρων,a,Iliad,1,80,2274144,7,χέρηϊ,343
χόλος,n,Iliad,1,81,2274145,5,χόλον,344
καταπέσσω,v,Iliad,1,81,2274145,9,καταπέψῃ,345
ἔχω,v,Iliad,1,82,2274145,15,ἔχει,346
κότος,n,Iliad,1,82,2274145,16,κότον,347
τελέω,v,Iliad,1,82,2274145,19,τελέσσῃ,348
στῆθος,n,Iliad,1,83,2274145,22,στήθεσσιν,349
ἑός,a,Iliad,1,83,2274145,23,ἑοῖσι,350
φράζω,v,Iliad,1,83,2274146,3,φράσαι,351
σώζω,v,Iliad,1,83,2274146,6,σαώσεις,352
ἀπαμείβομαι,v,Iliad,1,84,2274147,3,ἀπαμειβόμενος,353
πρόσφημι,v,Iliad,1,84,2274147,4,προσέφη,354
πούς,n,Iliad,1,84,2274147,5,πόδας,355
ὠκύς,a,Iliad,1,84,2274147,6,ὠκὺς,356
Ἀχιλλεύς,n,Iliad,1,84,2274147,7,Ἀχιλλεύς,357
θαρσέω,v,Iliad,1,85,2274148,1,θαρσήσας,358
εἶπον,v,Iliad,1,85,2274148,3,εἰπὲ,359
θεοπρόπιον,n,Iliad,1,85,2274148,4,θεοπρόπιον,360
οἶδα,v,Iliad,1,85,2274148,7,οἶσθα,361
Ἀπόλλων,n,Iliad,1,86,2274149,4,Ἀπόλλωνα,362
Ζεύς,n,Iliad,1,86,2274149,5,Διῒ,363
φίλος,a,Iliad,1,86,2274149,6,φίλον,364
Κάλχας,n,Iliad,1,86,2274149,11,Κάλχαν,365
εὔχομαι,v,Iliad,1,87,2274149,12,εὐχόμενος,366
Δαναοί,n,Iliad,1,87,2274149,13,Δαναοῖσι,367
θεοπροπία,n,Iliad,1,87,2274149,14,θεοπροπίας,368
ἀναφαίνω,v,Iliad,1,87,2274149,15,ἀναφαίνεις,369
ζάω,v,Iliad,1,88,2274149,20,ζῶντος,370
χθών,n,Iliad,1,88,2274149,23,χθονὶ,371
δέρκομαι,v,Iliad,1,88,2274149,24,δερκομένοιο,372
κοῖλος,a,Iliad,1,89,2274149,26,κοίλῃς,373
ναῦς,n,Iliad,1,89,2274149,28,νηυσί,374
βαρύς,a,Iliad,1,89,2274149,29,βαρείας,375
χείρ,n,Iliad,1,89,2274149,30,χεῖρας,376
ἐπιφέρω,v,Iliad,1,89,2274149,31,ἐποίσει,377
σύμπας,a,Iliad,1,90,2274149,32,συμπάντων,378
Δαναοί,n,Iliad,1,90,2274149,33,Δαναῶν,379
Ἀγαμέμνων,n,Iliad,1,90,2274149,38,Ἀγαμέμνονα,380
εἶπον,v,Iliad,1,90,2274149,39,εἴπῃς,381
πολύς,a,Iliad,1,91,2274149,43,πολλὸν,382
ἄριστος,a,Iliad,1,91,2274149,44,ἄριστος,383
Ἀχαιός,a,Iliad,1,91,2274149,45,Ἀχαιῶν,384
εὔχομαι,v,Iliad,1,91,2274149,46,εὔχεται,385
εἰμί,v,Iliad,1,91,2274149,47,εἶναι,386
θαρσέω,v,Iliad,1,92,2274150,4,θάρσησε,387
αὐδάω,v,Iliad,1,92,2274150a,6,ηὔδα,388
μάντις,n,Iliad,1,92,2274150a,7,μάντις,389
ἀμύμων,a,Iliad,1,92,2274150a,8,ἀμύμων,390
εὐχωλή,n,Iliad,1,93,2274151,6,εὐχωλῆς,391
ἐπιμέμφομαι,v,Iliad,1,93,2274151,7,ἐπιμέμφεται,392
ἑκατόμβη,n,Iliad,1,93,2274151,10,ἑκατόμβης,393
ἀρητήρ,n,Iliad,1,94,2274151,14,ἀρητῆρος,394
ἀτιμάω,v,Iliad,1,94,2274151,16,ἠτίμησ',395
Ἀγαμέμνων,n,Iliad,1,94,2274151,17,Ἀγαμέμνων,396
ἀπολύω,v,Iliad,1,95,2274151a,21,ἀπέλυσε,397
θυγάτηρ,n,Iliad,1,95,2274151a,22,θύγατρα,398
ἀποδέχομαι,v,Iliad,1,95,2274151a,25,ἀπεδέξατ',399
ἄποινα,n,Iliad,1,95,2274151a,26,ἄποινα,400
ἄλγος,n,Iliad,1,96,2274151b,30,ἄλγε',401
δίδωμι,v,Iliad,1,96,2274151b,31,ἔδωκεν,402
ἑκηβόλος,a,Iliad,1,96,2274151b,32,ἑκηβόλος,403
δίδωμι,v,Iliad,1,96,2274151b,35,δώσει,404
Δαναοί,n,Iliad,1,97,2274152,6,Δαναοῖσιν,405
ἀεικής,a,Iliad,1,97,2274152,7,ἀεικέα,406
λοιγός,n,Iliad,1,97,2274152,8,λοιγὸν,407
ἀπωθέω,v,Iliad,1,97,2274152,9,ἀπώσει,408
πατήρ,n,Iliad,1,98,2274152,13,πατρὶ,409
φίλος,a,Iliad,1,98,2274152,14,φίλῳ,410
δίδωμι,v,Iliad,1,98,2274152,15,δόμεναι,411
ἑλικῶπις,a,Iliad,1,98,2274152,16,ἑλικώπιδα,412
κόρη,n,Iliad,1,98,2274152,17,κούρην,413
ἀπρίατος,a,Iliad,1,99,2274152,18,ἀπριάτην,414
ἀνάποινος,a,Iliad,1,99,2274152,19,ἀνάποινον,415
ἄγω,v,Iliad,1,99,2274152,21,ἄγειν,416
ἱερός,a,Iliad,1,99,2274152,23,ἱερὴν,417
ἑκατόμβη,n,Iliad,1,99,2274152,24,ἑκατόμβην,418
Χρύση,n,Iliad,1,100,2274152,26,Χρύσην,419
ἱλάσκομαι,v,Iliad,1,100,2274153,4,ἱλασσάμενοι,420
πείθω,v,Iliad,1,100,2274153,5,πεπίθοιμεν,421
εἶπον,v,Iliad,1,101,2274154,5,εἰπὼν,422
ἕζομαι,v,Iliad,1,101,2274154,8,ἕζετο,423
ἀνίστημι,v,Iliad,1,101,2274155,3,ἀνέστη,424
ἥρως,n,Iliad,1,102,2274155,4,ἥρως,425
Ἀτρείδης,n,Iliad,1,102,2274155,5,Ἀτρεΐδης,426
εὐρύς,a,Iliad,1,102,2274155,6,εὐρὺ,427
κρείων,n,Iliad,1,102,2274155,7,κρείων,428
Ἀγαμέμνων,n,Iliad,1,102,2274155,8,Ἀγαμέμνων,429
ἄχνυμαι,v,Iliad,1,103,2274155,9,ἀχνύμενος,430
μένος,n,Iliad,1,103,2274156,1,μένεος,431
μέγας,a,Iliad,1,103,2274156,3,μέγα,432
φρήν,n,Iliad,1,103,2274156,4,φρένες,433
ἀμφιμέλας,a,Iliad,1,103,2274156,5,ἀμφιμέλαιναι,434
πίμπλημι,v,Iliad,1,104,2274156,6,πίμπλαντ',435
ὄσσε,n,Iliad,1,104,2274156a,8,ὄσσε,436
πῦρ,n,Iliad,1,104,2274156a,11,πυρὶ,437
λαμπετάω,v,Iliad,1,104,2274156a,12,λαμπετόωντι,438
εἴκω1,v,Iliad,1,104,2274156a,13,ἐΐκτην,439
Κάλχας,n,Iliad,1,105,2274157,1,Κάλχαντα,440
πρώτιστος,a,Iliad,1,105,2274157,2,πρώτιστα,441
κακός,a,Iliad,1,105,2274157,3,κάκ',442
ὄσσομαι,v,Iliad,1,105,2274157,4,ὀσσόμενος,443
προσεῖπον,v,Iliad,1,105,2274157,5,προσέειπε,444
μάντις,n,Iliad,1,106,2274158,1,μάντι,445
κακός,a,Iliad,1,106,2274158,2,κακῶν,446
κρήγυος,a,Iliad,1,106,2274158,8,κρήγυον,447
εἶπον,v,Iliad,1,106,2274158,9,εἶπας,448
κακός,a,Iliad,1,107,2274159,4,κάκ',449
εἰμί,v,Iliad,1,107,2274159,5,ἐστὶ,450
φίλος,a,Iliad,1,107,2274159,6,φίλα,451
φρήν,n,Iliad,1,107,2274159,7,φρεσὶ,452
μαντεύομαι,v,Iliad,1,107,2274159,8,μαντεύεσθαι,453
ἐσθλός,a,Iliad,1,108,2274159a,10,ἐσθλὸν,454
εἶπον,v,Iliad,1,108,2274159a,15,εἶπας,455
ἔπος,n,Iliad,1,108,2274159a,16,ἔπος,456
τελέω,v,Iliad,1,108,2274159a,19,ἐτέλεσσας,457
Δαναοί,n,Iliad,1,109,2274160,4,Δαναοῖσι,458
θεοπροπέω,v,Iliad,1,109,2274160,5,θεοπροπέων,459
ἀγορεύω,v,Iliad,1,109,2274160,6,ἀγορεύεις,460
ἑκηβόλος,a,Iliad,1,110,2274160,12,ἑκηβόλος,461
ἄλγος,n,Iliad,1,110,2274160,13,ἄλγεα,462
τεύχω,v,Iliad,1,110,2274160,14,τεύχει,463
κόρη,n,Iliad,1,111,2274160,18,κούρης,464
Χρυσηίς,n,Iliad,1,111,2274160,19,Χρυσηΐδος,465
ἀγλαός,a,Iliad,1,111,2274160,20,ἀγλά',466
ἄποινα,n,Iliad,1,111,2274160,21,ἄποινα,467
ἐθέλω,v,Iliad,1,112,2274160,23,ἔθελον,468
δέχομαι,v,Iliad,1,112,2274160,24,δέξασθαι,469
πολύς,a,Iliad,1,112,2274160,27,πολὺ,470
βούλομαι,v,Iliad,1,112,2274160,28,βούλομαι,471
αὐτός,a,Iliad,1,112,2274160,29,αὐτὴν,472
ἔχω,v,Iliad,1,113,2274160,31,ἔχειν,473
Κλυταιμνήστρη,n,Iliad,1,113,2274161,4,Κλυταιμνήστρης,474
προβέβουλα,v,Iliad,1,113,2274161,5,προβέβουλα,475
κουρίδιος,a,Iliad,1,114,2274161,6,κουριδίης,476
ἄλοχος,n,Iliad,1,114,2274161,7,ἀλόχου,477
εἰμί,v,Iliad,1,114,2274161,12,ἐστι,478
χείρων,a,Iliad,1,114,2274161,13,χερείων,479
δέμας,n,Iliad,1,115,2274161,16,δέμας,480
φυή,n,Iliad,1,115,2274161,19,φυήν,481
φρήν,n,Iliad,1,115,2274161,24,φρένας,482
ἔργον,n,Iliad,1,115,2274161,27,ἔργα,483
ἐθέλω,v,Iliad,1,116,2274162,4,ἐθέλω,484
δίδωμι,v,Iliad,1,116,2274162,5,δόμεναι,485
ἀμείνων,a,Iliad,1,116,2274162,10,ἄμεινον,486
βούλομαι,v,Iliad,1,117,2274163,1,βούλομ',487
λαός,n,Iliad,1,117,2274163,3,λαὸν,488
σῶς,a,Iliad,1,117,2274163,4,σῶν,489
εἰμί,v,Iliad,1,117,2274163,5,ἔμμεναι,490
ἀπόλλυμι,v,Iliad,1,117,2274163,7,ἀπολέσθαι,491
γέρας,n,Iliad,1,118,2274164,3,γέρας,492
ἑτοιμάζω,v,Iliad,1,118,2274164,5,ἑτοιμάσατ',493
οἶος,a,Iliad,1,118,2274164,8,οἶος,494
Ἀργεῖος,a,Iliad,1,119,2274164,9,Ἀργείων,495
ἀγέραστος,a,Iliad,1,119,2274164,10,ἀγέραστος,496
εἰμί,v,Iliad,1,119,2274164,11,ἔω,497
εἴκω1,v,Iliad,1,119,2274164,16,ἔοικε,498
λεύσσω,v,Iliad,1,120,2274165,1,λεύσσετε,499
πᾶς,a,Iliad,1,120,2274165,5,πάντες,500
γέρας,n,Iliad,1,120,2274165,8,γέρας,501
ἔρχομαι,v,Iliad,1,120,2274165,9,ἔρχεται,502
ἀμείβω,v,Iliad,1,121,2274166,3,ἠμείβετ',503
ποδάρκης,a,Iliad,1,121,2274166,5,ποδάρκης,504
δῖος,a,Iliad,1,121,2274166,6,δῖος,505
Ἀχιλλεύς,n,Iliad,1,121,2274166,7,Ἀχιλλεύς,506
Ἀτρείδης,n,Iliad,1,122,2274167,1,Ἀτρεΐδη,507
κύδιστος,a,Iliad,1,122,2274167,2,κύδιστε,508
φιλοκτέανος,a,Iliad,1,122,2274167,3,φιλοκτεανώτατε,509
πᾶς,a,Iliad,1,122,2274167,4,πάντων,510
δίδωμι,v,Iliad,1,123,2274167,9,δώσουσι,511
γέρας,n,Iliad,1,123,2274167,10,γέρας,512
μεγάθυμος,a,Iliad,1,123,2274167,11,μεγάθυμοι,513
Ἀχαιός,a,Iliad,1,123,2274167,12,Ἀχαιοί,514
οἶδα,v,Iliad,1,124,2274168,5,ἴδμεν,515
ξυνήιος,a,Iliad,1,124,2274168,6,ξυνήϊα,516
κεῖμαι,v,Iliad,1,124,2274168,7,κείμενα,517
πολύς,a,Iliad,1,124,2274168,8,πολλά,518
πόλις,n,Iliad,1,125,2274169,4,πολίων,519
ἐκπέρθω,v,Iliad,1,125,2274169,5,ἐξεπράθομεν,520
δατέομαι,v,Iliad,1,125,2274169,8,δέδασται,521
λαός,n,Iliad,1,126,2274169a,10,λαοὺς,522
ἐπέοικε,v,Iliad,1,126,2274169a,13,ἐπέοικε,523
παλίλλογος,a,Iliad,1,126,2274169a,14,παλίλλογα,524
οὗτος,a,Iliad,1,126,2274169a,15,ταῦτ',525
ἐπαγείρω,v,Iliad,1,126,2274169a,16,ἐπαγείρειν,526
θεός,n,Iliad,1,127,2274170,6,θεῷ,527
προίημι,v,Iliad,1,127,2274170,7,πρόες,528
Ἀχαιός,a,Iliad,1,127,2274171,2,Ἀχαιοὶ,529
τριπλόος,a,Iliad,1,128,2274171,3,τριπλῇ,530
τετραπλόος,a,Iliad,1,128,2274171,4,τετραπλῇ,531
ἀποτίνω,v,Iliad,1,128,2274171,6,ἀποτείσομεν,532
Ζεύς,n,Iliad,1,128,2274171,11,Ζεὺς,533
δίδωμι,v,Iliad,1,129,2274171,12,δῷσι,534
πόλις,n,Iliad,1,129,2274171,13,πόλιν,535
Τροία,n,Iliad,1,129,2274171,14,Τροίην,536
εὐτείχεος,a,Iliad,1,129,2274171,15,εὐτείχεον,537
ἐξαλαπάζω,v,Iliad,1,129,2274171,16,ἐξαλαπάξαι,538
ἀπαμείβομαι,v,Iliad,1,130,2274172,3,ἀπαμειβόμενος,539
πρόσφημι,v,Iliad,1,130,2274172,4,προσέφη,540
κρείων,n,Iliad,1,130,2274172,5,κρείων,541
Ἀγαμέμνων,n,Iliad,1,130,2274172,6,Ἀγαμέμνων,542
ἀγαθός,a,Iliad,1,131,2274173,4,ἀγαθός,543
εἰμί,v,Iliad,1,131,2274173,6,ἐὼν,544
θεοείκελος,a,Iliad,1,131,2274173,7,θεοείκελ',545
Ἀχιλλεύς,n,Iliad,1,131,2274173,8,Ἀχιλλεῦ,546
κλέπτω,v,Iliad,1,132,2274173,9,κλέπτε,547
νόος,n,Iliad,1,132,2274173,10,νόῳ,548
παρέρχομαι,v,Iliad,1,132,2274173,14,παρελεύσεαι,549
πείθω,v,Iliad,1,132,2274173,18,πείσεις,550
ἐθέλω,v,Iliad,1,133,2274174,2,ἐθέλεις,551
αὐτός,a,Iliad,1,133,2274174,4,αὐτὸς,552
ἔχω,v,Iliad,1,133,2274174,5,ἔχῃς,553
γέρας,n,Iliad,1,133,2274174,6,γέρας,554
ἧμαι,v,Iliad,1,134,2274174,11,ἧσθαι,555
δεύω2,v,Iliad,1,134,2274174,12,δευόμενον,556
κέλομαι,v,Iliad,1,134,2274174a,14,κέλεαι,557
ἀποδίδωμι,v,Iliad,1,134,2274174a,18,ἀποδοῦναι,558
δίδωμι,v,Iliad,1,135,2274175,4,δώσουσι,559
γέρας,n,Iliad,1,135,2274175,5,γέρας,560
μεγάθυμος,a,Iliad,1,135,2274175,6,μεγάθυμοι,561
Ἀχαιός,a,Iliad,1,135,2274175,7,Ἀχαιοὶ,562
ἀραρίσκω,v,Iliad,1,136,2274175,8,ἄρσαντες,563
θυμός,n,Iliad,1,136,2274175,10,θυμὸν,564
ἀντάξιος,a,Iliad,1,136,2274175,12,ἀντάξιον,565
εἰμί,v,Iliad,1,136,2274175,13,ἔσται,566
δίδωμι,v,Iliad,1,137,2274176,5,δώωσιν,567
αὐτός,a,Iliad,1,137,2274176,9,αὐτὸς,568
αἱρέω,v,Iliad,1,137,2274176,10,ἕλωμαι,569
τεός,a,Iliad,1,138,2274176,12,τεὸν,570
Αἴας,n,Iliad,1,138,2274176,14,Αἴαντος,571
εἶμι,v,Iliad,1,138,2274176,15,ἰὼν,572
γέρας,n,Iliad,1,138,2274176,16,γέρας,573
Ὀδυσσεύς,n,Iliad,1,138,2274176,19,Ὀδυσῆος,574
ἄγω,v,Iliad,1,139,2274176,20,ἄξω,575
αἱρέω,v,Iliad,1,139,2274176,21,ἑλών,576
χολόω,v,Iliad,1,139,2274177,4,κεχολώσεται,577
ἱκνέομαι,v,Iliad,1,139,2274177,7,ἵκωμαι,578
οὗτος,a,Iliad,1,140,2274178,4,ταῦτα,579
μεταφράζω,v,Iliad,1,140,2274178,5,μεταφρασόμεσθα,580
ναῦς,n,Iliad,1,141,2274178a,12,νῆα,581
μέλας,a,Iliad,1,141,2274178a,13,μέλαιναν,582
ἐρύω1,v,Iliad,1,141,2274178a,14,ἐρύσσομεν,583
ἅλς1,n,Iliad,1,141,2274178a,16,ἅλα,584
δῖος,a,Iliad,1,141,2274178a,17,δῖαν,585
ἐρέτης,n,Iliad,1,142,2274178b,21,ἐρέτας,586
ἀγείρω,v,Iliad,1,142,2274178b,23,ἀγείρομεν,587
ἑκατόμβη,n,Iliad,1,142,2274178c,27,ἑκατόμβην,588
τίθημι,v,Iliad,1,143,2274178c,28,θείομεν,589
αὐτός,a,Iliad,1,143,2274178d,32,αὐτὴν,590
Χρυσηίς,n,Iliad,1,143,2274178d,33,Χρυσηΐδα,591
καλλιπάρηος,a,Iliad,1,143,2274178d,34,καλλιπάρῃον,592
βαίνω,v,Iliad,1,144,2274178d,35,βήσομεν,593
εἷς,a,Iliad,1,144,2274179,1,εἷς,594
ἀρχός,n,Iliad,1,144,2274179,4,ἀρχὸς,595
ἀνήρ,n,Iliad,1,144,2274179,5,ἀνὴρ,596
βουληφόρος,a,Iliad,1,144,2274179,6,βουληφόρος,597
εἰμί,v,Iliad,1,144,2274179,7,ἔστω,598
Αἴας,n,Iliad,1,145,2274179,10,Αἴας,599
Ἰδομενεύς,n,Iliad,1,145,2274179,12,Ἰδομενεὺς,600
δῖος,a,Iliad,1,145,2274179,14,δῖος,601
Ὀδυσσεύς,n,Iliad,1,145,2274179,15,Ὀδυσσεὺς,602
Πηλείδης,n,Iliad,1,146,2274179,18,Πηλεΐδη,603
πᾶς,a,Iliad,1,146,2274179,19,πάντων,604
ἔκπαγλος,a,Iliad,1,146,2274179,20,ἐκπαγλότατ',605
ἀνήρ,n,Iliad,1,146,2274179,21,ἀνδρῶν,606
Ἑκάεργος,a,Iliad,1,147,2274179,25,ἑκάεργον,607
ἱλάσκομαι,v,Iliad,1,147,2274179,26,ἱλάσσεαι,608
ἱερός,n,Iliad,1,147,2274179,27,ἱερὰ,609
ῥέζω,v,Iliad,1,147,2274179,28,ῥέξας,610
εἶδον,v,Iliad,1,148,2274180,5,ἰδὼν,611
πρόσφημι,v,Iliad,1,148,2274180,6,προσέφη,612
πούς,n,Iliad,1,148,2274180,7,πόδας,613
ὠκύς,a,Iliad,1,148,2274180,8,ὠκὺς,614
Ἀχιλλεύς,n,Iliad,1,148,2274180,9,Ἀχιλλεύς,615
ἀναίδεια,n,Iliad,1,149,2274181,3,ἀναιδείην,616
ἐπιέννυμι,v,Iliad,1,149,2274181,4,ἐπιειμένε,617
κερδαλεόφρων,a,Iliad,1,149,2274181,5,κερδαλεόφρον,618
πρόφρων,a,Iliad,1,150,2274181,9,πρόφρων,619
ἔπος,n,Iliad,1,150,2274181,10,ἔπεσιν,620
πείθω,v,Iliad,1,150,2274181,11,πείθηται,621
Ἀχαιός,a,Iliad,1,150,2274181,12,Ἀχαιῶν,622
ὁδός,n,Iliad,1,151,2274181,14,ὁδὸν,623
ἔρχομαι,v,Iliad,1,151,2274181,15,ἐλθέμεναι,624
ἀνήρ,n,Iliad,1,151,2274181,17,ἀνδράσιν,625
μάχομαι,v,Iliad,1,151,2274181,19,μάχεσθαι,626
Τρώς,n,Iliad,1,152,2274182,4,Τρώων,627
ἔρχομαι,v,Iliad,1,152,2274182,6,ἤλυθον,628
αἰχμητής,n,Iliad,1,152,2274182,7,αἰχμητάων,629
μάχομαι,v,Iliad,1,153,2274182,9,μαχησόμενος,630
αἴτιος,a,Iliad,1,153,2274182,15,αἴτιοί,631
εἰμί,v,Iliad,1,153,2274182,16,εἰσιν,632
ἐμός,a,Iliad,1,154,2274183,4,ἐμὰς,633
βοῦς,n,Iliad,1,154,2274183,5,βοῦς,634
ἐλαύνω,v,Iliad,1,154,2274183,6,ἤλασαν,635
ἵππος,n,Iliad,1,154,2274183,10,ἵππους,636
Φθία,n,Iliad,1,155,2274183,16,Φθίῃ,637
ἐριβῶλαξ,a,Iliad,1,155,2274183,17,ἐριβώλακι,638
βωτιάνειρα,n,Iliad,1,155,2274183,18,βωτιανείρῃ,639
καρπός1,n,Iliad,1,156,2274183,19,καρπὸν,640
δηλέομαι,v,Iliad,1,156,2274183,20,ἐδηλήσαντ',641
πολύς,a,Iliad,1,156,2274183,25,πολλὰ,642
ὄρος,n,Iliad,1,157,2274183,27,οὔρεά,643
σκιόεις,a,Iliad,1,157,2274183,29,σκιόεντα,644
θάλασσα,n,Iliad,1,157,2274183,30,θάλασσά,645
ἠχήεις,a,Iliad,1,157,2274183,32,ἠχήεσσα,646
μέγας,a,Iliad,1,158,2274184,4,μέγ',647
ἀναιδής,a,Iliad,1,158,2274184,5,ἀναιδὲς,648
ἕπομαι,v,Iliad,1,158,2274184,7,ἑσπόμεθ',649
χαίρω,v,Iliad,1,158,2274184,10,χαίρῃς,650
τιμή,n,Iliad,1,159,2274184,12,τιμὴν,651
ἄρνυμαι,v,Iliad,1,159,2274184,13,ἀρνύμενοι,652
Μενέλαος,n,Iliad,1,159,2274184,14,Μενελάῳ,653
κυνώπης,n,Iliad,1,159,2274184,17,κυνῶπα,654
Τρώς,n,Iliad,1,160,2274184,19,Τρώων,655
μετατρέπομαι,v,Iliad,1,160,2274185,4,μετατρέπῃ,656
ἀλεγίζω,v,Iliad,1,160,2274185a,7,ἀλεγίζεις,657
γέρας,n,Iliad,1,161,2274186,4,γέρας,658
αὐτός,a,Iliad,1,161,2274186,5,αὐτὸς,659
ἀφαιρέω,v,Iliad,1,161,2274186,6,ἀφαιρήσεσθαι,660
ἀπειλέω,v,Iliad,1,161,2274186,7,ἀπειλεῖς,661
πολύς,a,Iliad,1,162,2274186,11,πολλὰ,662
μογέω,v,Iliad,1,162,2274186,12,μόγησα,663
δίδωμι,v,Iliad,1,162,2274186,14,δόσαν,664
υἱός,n,Iliad,1,162,2274186,17,υἷες,665
Ἀχαιός,a,Iliad,1,162,2274186,18,Ἀχαιῶν,666
ἴσος,a,Iliad,1,163,2274187,5,ἶσον,667
ἔχω,v,Iliad,1,163,2274187,6,ἔχω,668
γέρας,n,Iliad,1,163,2274187,7,γέρας,669
Ἀχαιός,a,Iliad,1,163,2274187,9,Ἀχαιοὶ,670
Τρώς,n,Iliad,1,164,2274187,10,Τρώων,671
ἐκπέρθω,v,Iliad,1,164,2274187,11,ἐκπέρσωσ',672
ναίω,v,Iliad,1,164,2274187,13,ναιόμενον,673
πτολίεθρον,n,Iliad,1,164,2274187,14,πτολίεθρον,674
πλείων,a,Iliad,1,165,2274188,4,πλεῖον,675
πολυάιξ,a,Iliad,1,165,2274188,5,πολυάϊκος,676
πόλεμος,n,Iliad,1,165,2274188,6,πολέμοιο,677
χείρ,n,Iliad,1,166,2274188,7,χεῖρες,678
ἐμός,a,Iliad,1,166,2274188,8,ἐμαὶ,679
διέπω,v,Iliad,1,166,2274188,9,διέπουσ',680
δασμός,n,Iliad,1,166,2274189,4,δασμὸς,681
ἱκνέομαι,v,Iliad,1,166,2274189,5,ἵκηται,682
γέρας,n,Iliad,1,167,2274189,9,γέρας,683
πολύς,a,Iliad,1,167,2274189,10,πολὺ,684
μέγας,a,Iliad,1,167,2274189,11,μεῖζον,685
ὀλίγος,a,Iliad,1,167,2274189a,15,ὀλίγον,686
φίλος,a,Iliad,1,167,2274189a,17,φίλον,687
ἔρχομαι,v,Iliad,1,168,2274189a,19,ἔρχομ',688
ἔχω,v,Iliad,1,168,2274189a,20,ἔχων,689
ναῦς,n,Iliad,1,168,2274189a,22,νῆας,690
κάμνω,v,Iliad,1,168,2274189a,26,κάμω,691
πολεμίζω,v,Iliad,1,168,2274189a,27,πολεμίζων,692
εἶμι,v,Iliad,1,169,2274190,3,εἶμι,693
Φθία,n,Iliad,1,169,2274190,4,Φθίην,694
πολύς,a,Iliad,1,169,2274190,9,πολὺ,695
φέρτατος,a,Iliad,1,169,2274190,10,φέρτερόν,696
εἰμί,v,Iliad,1,169,2274190,11,ἐστιν,697
εἶμι,v,Iliad,1,170,2274190,13,ἴμεν,698
ναῦς,n,Iliad,1,170,2274190,15,νηυσὶ,699
κορωνίς,a,Iliad,1,170,2274190,16,κορωνίσιν,700
οἴομαι,v,Iliad,1,170,2274190a,21,ὀΐω,701
ἄτιμος,a,Iliad,1,171,2274190a,23,ἄτιμος,702
εἰμί,v,Iliad,1,171,2274190a,24,ἐὼν,703
ἄφενος,n,Iliad,1,171,2274190a,25,ἄφενος,704
πλοῦτος,n,Iliad,1,171,2274190a,27,πλοῦτον,705
ἀφύσσω,v,Iliad,1,171,2274190a,28,ἀφύξειν,706
ἀμείβω,v,Iliad,1,172,2274191,3,ἠμείβετ',707
ἄναξ,n,Iliad,1,172,2274191,5,ἄναξ,708
ἀνήρ,n,Iliad,1,172,2274191,6,ἀνδρῶν,709
Ἀγαμέμνων,n,Iliad,1,172,2274191,7,Ἀγαμέμνων,710
φεύγω,v,Iliad,1,173,2274192,1,φεῦγε,711
θυμός,n,Iliad,1,173,2274192,5,θυμὸς,712
ἐπισεύω,v,Iliad,1,173,2274192,6,ἐπέσσυται,713
λίσσομαι,v,Iliad,1,174,2274192a,12,λίσσομαι,714
μένω,v,Iliad,1,174,2274192a,15,μένειν,715
παρά,v,Iliad,1,174,2274193,1,πάρ',716
ἄλλος,a,Iliad,1,174,2274193,4,ἄλλοι,717
τιμάω,v,Iliad,1,175,2274193,8,τιμήσουσι,718
μητίετα,n,Iliad,1,175,2274193,12,μητίετα,719
Ζεύς,n,Iliad,1,175,2274193,13,Ζεύς,720
ἔχθιστος,a,Iliad,1,176,2274194,1,ἔχθιστος,721
εἰμί,v,Iliad,1,176,2274194,4,ἐσσι,722
διοτρεφής,a,Iliad,1,176,2274194,5,διοτρεφέων,723
βασιλεύς,n,Iliad,1,176,2274194,6,βασιλήων,724
ἔρις,n,Iliad,1,177,2274195,4,ἔρις,725
φίλος,a,Iliad,1,177,2274195,6,φίλη,726
πόλεμος,n,Iliad,1,177,2274195,7,πόλεμοί,727
μάχη,n,Iliad,1,177,2274195,9,μάχαι,728
καρτερός,a,Iliad,1,178,2274196,3,καρτερός,729
εἰμί,v,Iliad,1,178,2274196,4,ἐσσι,730
θεός,n,Iliad,1,178,2274196,6,θεός,731
δίδωμι,v,Iliad,1,178,2274196,11,ἔδωκεν,732
εἶμι,v,Iliad,1,179,2274197,2,ἰὼν,733
ναῦς,n,Iliad,1,179,2274197,4,νηυσί,734
σός,a,Iliad,1,179,2274197,6,σῇς,735
σός,a,Iliad,1,179,2274197,8,σοῖς,736
ἑταῖρος,n,Iliad,1,179,2274197,9,ἑτάροισι,737
Μυρμιδόνες,n,Iliad,1,180,2274197,10,Μυρμιδόνεσσιν,738
ἀνάσσω,v,Iliad,1,180,2274197,11,ἄνασσε,739
ἀλεγίζω,v,Iliad,1,180,2274197a,17,ἀλεγίζω,740
ὄθομαι,v,Iliad,1,181,2274197b,21,ὄθομαι,741
κοτέω,v,Iliad,1,181,2274197b,22,κοτέοντος,742
ἀπειλέω,v,Iliad,1,181,2274198,1,ἀπειλήσω,743
ἀφαιρέω,v,Iliad,1,182,2274199,3,ἀφαιρεῖται,744
Χρυσηίς,n,Iliad,1,182,2274199,4,Χρυσηΐδα,745
Φοῖβος,n,Iliad,1,182,2274199,5,Φοῖβος,746
Ἀπόλλων,n,Iliad,1,182,2274199,6,Ἀπόλλων,747
ναῦς,n,Iliad,1,183,2274199,12,νηΐ,748
ἐμός,a,Iliad,1,183,2274199,14,ἐμῇ,749
ἐμός,a,Iliad,1,183,2274199,16,ἐμοῖς,750
ἑταῖρος,n,Iliad,1,183,2274199,17,ἑτάροισι,751
πέμπω,v,Iliad,1,184,2274199,18,πέμψω,752
ἄγω,v,Iliad,1,184,2274199a,23,ἄγω,753
Βρισηίς,n,Iliad,1,184,2274199a,24,Βρισηΐδα,754
καλλιπάρηος,a,Iliad,1,184,2274199a,25,καλλιπάρῃον,755
αὐτός,a,Iliad,1,185,2274199a,26,αὐτὸς,756
εἶμι,v,Iliad,1,185,2274199a,27,ἰὼν,757
κλισία,n,Iliad,1,185,2274199a,28,κλισίην,758
σός,a,Iliad,1,185,2274199a,31,σὸν,759
γέρας,n,Iliad,1,185,2274199a,32,γέρας,760
εἶδον,v,Iliad,1,185,2274199a,35,εἰδῇς,761
ὅσος,a,Iliad,1,186,2274199a,36,ὅσσον,762
φέρτερος,a,Iliad,1,186,2274199a,37,φέρτερός,763
εἰμί,v,Iliad,1,186,2274199a,38,εἰμι,764
στυγέω,v,Iliad,1,186,2274199a,41,στυγέῃ,765
ἄλλος,a,Iliad,1,186,2274199a,44,ἄλλος,766
ἴσος,a,Iliad,1,187,2274199a,45,ἶσον,767
φημί,v,Iliad,1,187,2274199a,47,φάσθαι,768
ὁμοιόω,v,Iliad,1,187,2274199a,49,ὁμοιωθήμεναι,769
φημί,v,Iliad,1,188,2274200,2,φάτο,770
Πηλείων,n,Iliad,1,188,2274201,1,Πηλεΐωνι,771
ἄχος,n,Iliad,1,188,2274201,3,ἄχος,772
γίγνομαι,v,Iliad,1,188,2274201,4,γένετ',773
ἦτορ,n,Iliad,1,188,2274201a,9,ἦτορ,774
στῆθος,n,Iliad,1,189,2274201a,10,στήθεσσιν,775
λάσιος,a,Iliad,1,189,2274201a,11,λασίοισι,776
μερμηρίζω,v,Iliad,1,189,2274201a,13,μερμήριξεν,777
φάσγανον,n,Iliad,1,190,2274201a,18,φάσγανον,778
ὀξύς,a,Iliad,1,190,2274201a,19,ὀξὺ,779
ἐρύω1,v,Iliad,1,190,2274201a,20,ἐρυσσάμενος,780
μηρός,n,Iliad,1,190,2274201a,22,μηροῦ,781
ἀνίστημι,v,Iliad,1,191,2274201a,25,ἀναστήσειεν,782
Ἀτρείδης,n,Iliad,1,191,2274201a,29,Ἀτρεΐδην,783
ἐναρίζω,v,Iliad,1,191,2274201a,30,ἐναρίζοι,784
χόλος,n,Iliad,1,192,2274201a,33,χόλον,785
παύω,v,Iliad,1,192,2274201a,34,παύσειεν,786
ἐρητύω,v,Iliad,1,192,2274201a,35,ἐρητύσειέ,787
θυμός,n,Iliad,1,192,2274201a,37,θυμόν,788
οὗτος,a,Iliad,1,193,2274202,3,ταῦθ',789
ὁρμαίνω,v,Iliad,1,193,2274202,4,ὥρμαινε,790
φρήν,n,Iliad,1,193,2274202,6,φρένα,791
θυμός,n,Iliad,1,193,2274202,9,θυμόν,792
ἕλκω,v,Iliad,1,194,2274202,11,ἕλκετο,793
κολεόν,n,Iliad,1,194,2274202,14,κολεοῖο,794
μέγας,a,Iliad,1,194,2274202,15,μέγα,795
ξίφος,n,Iliad,1,194,2274202,16,ξίφος,796
ἔρχομαι,v,Iliad,1,194,2274202,18,ἦλθε,797
Ἀθήνη,n,Iliad,1,194,2274202,20,Ἀθήνη,798
ἵημι,v,Iliad,1,195,2274203,3,ἧκε,799
θεά,n,Iliad,1,195,2274203,4,θεὰ,800
λευκώλενος,a,Iliad,1,195,2274203,5,λευκώλενος,801
Ἥρα,n,Iliad,1,195,2274203,6,Ἥρη,802
ἄμφω,a,Iliad,1,196,2274203,7,ἄμφω,803
θυμός,n,Iliad,1,196,2274203,9,θυμῷ,804
φιλέω,v,Iliad,1,196,2274203,10,φιλέουσά,805
κήδω,v,Iliad,1,196,2274203,12,κηδομένη,806
ἵστημι,v,Iliad,1,197,2274204,1,στῆ,807
ξανθός,a,Iliad,1,197,2274204a,5,ξανθῆς,808
κόμη,n,Iliad,1,197,2274204a,7,κόμης,809
αἱρέω,v,Iliad,1,197,2274204a,8,ἕλε,810
Πηλείων,n,Iliad,1,197,2274204a,9,Πηλεΐωνα,811
οἶος,a,Iliad,1,198,2274204a,10,οἴῳ,812
φαίνω,v,Iliad,1,198,2274204a,11,φαινομένη,813
ἄλλος,a,Iliad,1,198,2274205,3,ἄλλων,814
ὁράω,v,Iliad,1,198,2274205,6,ὁρᾶτο,815
θαμβέω,v,Iliad,1,199,2274206,1,θάμβησεν,816
Ἀχιλλεύς,n,Iliad,1,199,2274206,3,Ἀχιλεύς,817
τρέπω,v,Iliad,1,199,2274206a,7,ἐτράπετ',818
γιγνώσκω,v,Iliad,1,199,2274206b,11,ἔγνω,819
Παλλάς,n,Iliad,1,200,2274206b,12,Παλλάδ',820
Ἀθήνη,n,Iliad,1,200,2274206b,13,Ἀθηναίην,821
δεινός,a,Iliad,1,200,2274207,1,δεινὼ,822
ὄσσε,n,Iliad,1,200,2274207,4,ὄσσε,823
φαίνω,v,Iliad,1,200,2274207,5,φάανθεν,824
φωνέω,v,Iliad,1,201,2274208,3,φωνήσας,825
ἔπος,n,Iliad,1,201,2274208,4,ἔπεα,826
πτερόεις,a,Iliad,1,201,2274208,5,πτερόεντα,827
προσαυδάω,v,Iliad,1,201,2274208,6,προσηύδα,828
αἰγίοχος,a,Iliad,1,202,2274209,3,αἰγιόχοιο,829
Ζεύς,n,Iliad,1,202,2274209,4,Διὸς,830
τέκος,n,Iliad,1,202,2274209,5,τέκος,831
ἔρχομαι,v,Iliad,1,202,2274209,6,εἰλήλουθας,832
ὕβρις,n,Iliad,1,203,2274210,3,ὕβριν,833
εἶδον,v,Iliad,1,203,2274210,4,ἴδῃ,834
Ἀγαμέμνων,n,Iliad,1,203,2274210,5,Ἀγαμέμνονος,835
Ἀτρείδης,n,Iliad,1,203,2274210,6,Ἀτρεΐδαο,836
εἴρω2,v,Iliad,1,204,2274211,4,ἐρέω,837
τελέω,v,Iliad,1,204,2274211a,9,τελέεσθαι,838
οἴομαι,v,Iliad,1,204,2274211a,10,ὀΐω,839
ἑός,a,Iliad,1,205,2274212,1,ᾗς,840
ὑπεροπλία,n,Iliad,1,205,2274212,2,ὑπεροπλίῃσι,841
θυμός,n,Iliad,1,205,2274212,6,θυμὸν,842
ὄλλυμι,v,Iliad,1,205,2274212,7,ὀλέσσῃ,843
προσεῖπον,v,Iliad,1,206,2274213,4,προσέειπε,844
θεά,n,Iliad,1,206,2274213,5,θεὰ,845
γλαυκῶπις,a,Iliad,1,206,2274213,6,γλαυκῶπις,846
Ἀθήνη,n,Iliad,1,206,2274213,7,Ἀθήνη,847
ἔρχομαι,v,Iliad,1,207,2274214,1,ἦλθον,848
παύω,v,Iliad,1,207,2274214,3,παύσουσα,849
σός,a,Iliad,1,207,2274214,5,σὸν,850
μένος,n,Iliad,1,207,2274214,6,μένος,851
πείθω,v,Iliad,1,207,2274214,10,πίθηαι,852
ἵημι,v,Iliad,1,208,2274215,4,ἧκε,853
θεά,n,Iliad,1,208,2274215,5,θεὰ,854
λευκώλενος,a,Iliad,1,208,2274215,6,λευκώλενος,855
Ἥρα,n,Iliad,1,208,2274215,7,Ἥρη,856
ἄμφω,a,Iliad,1,209,2274215,8,ἄμφω,857
θυμός,n,Iliad,1,209,2274215,10,θυμῷ,858
φιλέω,v,Iliad,1,209,2274215,11,φιλέουσά,859
κήδω,v,Iliad,1,209,2274215,13,κηδομένη,860
λήγω,v,Iliad,1,210,2274216,3,λῆγ',861
ἔρις,n,Iliad,1,210,2274216,4,ἔριδος,862
ξίφος,n,Iliad,1,210,2274216a,8,ξίφος,863
ἕλκω,v,Iliad,1,210,2274216a,9,ἕλκεο,864
χείρ,n,Iliad,1,210,2274216a,10,χειρί,865
ἔπος,n,Iliad,1,211,2274217,3,ἔπεσιν,866
ὀνειδίζω,v,Iliad,1,211,2274217,5,ὀνείδισον,867
εἰμί,v,Iliad,1,211,2274217,7,ἔσεταί,868
ἐξείρω,v,Iliad,1,212,2274218,3,ἐξερέω,869
τελέω,v,Iliad,1,212,2274218a,8,τετελεσμένον,870
εἰμί,v,Iliad,1,212,2274218a,9,ἔσται,871
τόσος,a,Iliad,1,213,2274219,5,τόσσα,872
πάρειμι,v,Iliad,1,213,2274219,6,παρέσσεται,873
ἀγλαός,a,Iliad,1,213,2274219,7,ἀγλαὰ,874
δῶρον,n,Iliad,1,213,2274219,8,δῶρα,875
ὕβρις,n,Iliad,1,214,2274219,9,ὕβριος,876
ἴσχω,v,Iliad,1,214,2274220,3,ἴσχεο,877
πείθω,v,Iliad,1,214,2274220a,5,πείθεο,878
ἀπαμείβομαι,v,Iliad,1,215,2274221,3,ἀπαμειβόμενος,879
πρόσφημι,v,Iliad,1,215,2274221,4,προσέφη,880
πούς,n,Iliad,1,215,2274221,5,πόδας,881
ὠκύς,a,Iliad,1,215,2274221,6,ὠκὺς,882
Ἀχιλλεύς,n,Iliad,1,215,2274221,7,Ἀχιλλεύς,883
χρή,v,Iliad,1,216,2274222,1,χρὴ,884
σφωίτερος,a,Iliad,1,216,2274222,3,σφωΐτερόν,885
θεά,n,Iliad,1,216,2274222,5,θεὰ,886
ἔπος,n,Iliad,1,216,2274222,6,ἔπος,887
ἐρύω2,v,Iliad,1,216,2274222,7,εἰρύσσασθαι,888
θυμός,n,Iliad,1,217,2274222,11,θυμῷ,889
χολόω,v,Iliad,1,217,2274222,12,κεχολωμένον,890
ἀμείνων,a,Iliad,1,217,2274223,3,ἄμεινον,891
θεός,n,Iliad,1,218,2274224,3,θεοῖς,892
ἐπιπείθομαι,v,Iliad,1,218,2274224,4,ἐπιπείθηται,893
κλύω,v,Iliad,1,218,2274224,7,ἔκλυον,894
αὐτός,a,Iliad,1,218,2274224,8,αὐτοῦ,895
ἠμί,v,Iliad,1,219,2274225,1,ἦ,896
ἀργύρεος,a,Iliad,1,219,2274225a,4,ἀργυρέῃ,897
κώπη,n,Iliad,1,219,2274225a,5,κώπῃ,898
ἔχω,v,Iliad,1,219,2274225a,6,σχέθε,899
χείρ,n,Iliad,1,219,2274225a,7,χεῖρα,900
βαρύς,a,Iliad,1,219,2274225a,8,βαρεῖαν,901
κολεόν,n,Iliad,1,220,2274225b,13,κουλεὸν,902
ὠθέω,v,Iliad,1,220,2274225b,14,ὦσε,903
μέγας,a,Iliad,1,220,2274225b,15,μέγα,904
ξίφος,n,Iliad,1,220,2274225b,16,ξίφος,905
ἀπιθέω,v,Iliad,1,220,2274225c,20,ἀπίθησε,906
μῦθος,n,Iliad,1,221,2274225c,21,μύθῳ,907
Ἀθήνη,n,Iliad,1,221,2274225c,22,Ἀθηναίης,908
Ὄλυμπος,n,Iliad,1,221,2274226,3,Οὔλυμπον,909
βαίνω,v,Iliad,1,221,2274226,5,βεβήκει,910
δῶμα,n,Iliad,1,222,2274226,6,δώματ',911
αἰγίοχος,a,Iliad,1,222,2274226,8,αἰγιόχοιο,912
Ζεύς,n,Iliad,1,222,2274226,9,Διὸς,913
δαίμων,n,Iliad,1,222,2274226,11,δαίμονας,914
ἄλλος,a,Iliad,1,222,2274226,12,ἄλλους,915
Πηλείδης,n,Iliad,1,223,2274227,1,Πηλεΐδης,916
ἀταρτηρός,a,Iliad,1,223,2274227,4,ἀταρτηροῖς,917
ἔπος,n,Iliad,1,223,2274227,5,ἐπέεσσιν,918
Ἀτρείδης,n,Iliad,1,224,2274227,6,Ἀτρεΐδην,919
προσεῖπον,v,Iliad,1,224,2274227,7,προσέειπε,920
λήγω,v,Iliad,1,224,2274227a,12,λῆγε,921
χόλος,n,Iliad,1,224,2274227a,13,χόλοιο,922
οἰνοβαρής,a,Iliad,1,225,2274228,1,οἰνοβαρές,923
κύων,n,Iliad,1,225,2274228,3,κυνὸς,924
ὄμμα,n,Iliad,1,225,2274228,4,ὄμματ',925
ἔχω,v,Iliad,1,225,2274228,5,ἔχων,926
καρδία,n,Iliad,1,225,2274228,7,κραδίην,927
ἔλαφος,n,Iliad,1,225,2274228,9,ἐλάφοιο,928
πόλεμος,n,Iliad,1,226,2274228,14,πόλεμον,929
λαός,n,Iliad,1,226,2274228,16,λαῷ,930
θωρήσσω,v,Iliad,1,226,2274228,17,θωρηχθῆναι,931
λόχος,n,Iliad,1,227,2274228,20,λόχον,932
εἶμι,v,Iliad,1,227,2274228,22,ἰέναι,933
ἀριστεύς,n,Iliad,1,227,2274228,24,ἀριστήεσσιν,934
Ἀχαιός,a,Iliad,1,227,2274228,25,Ἀχαιῶν,935
τλάω,v,Iliad,1,228,2274228,26,τέτληκας,936
θυμός,n,Iliad,1,228,2274228,27,θυμῷ,937
κήρ,n,Iliad,1,228,2274229,4,κὴρ,938
εἶδον,v,Iliad,1,228,2274229,5,εἴδεται,939
εἰμί,v,Iliad,1,228,2274229,6,εἶναι,940
πολύς,a,Iliad,1,229,2274230,2,πολὺ,941
λωίων,a,Iliad,1,229,2274230,3,λώϊόν,942
εἰμί,v,Iliad,1,229,2274230,4,ἐστι,943
στρατός,n,Iliad,1,229,2274230,6,στρατὸν,944
εὐρύς,a,Iliad,1,229,2274230,7,εὐρὺν,945
Ἀχαιός,a,Iliad,1,229,2274230,8,Ἀχαιῶν,946
δῶρον,n,Iliad,1,230,2274230,9,δῶρ',947
ἀφαιρέω,v,Iliad,1,230,2274230,10,ἀποαιρεῖσθαι,948
ἀντίος,n,Iliad,1,230,2274230,14,ἀντίον,949
εἶπον,v,Iliad,1,230,2274230,15,εἴπῃ,950
δημοβόρος,a,Iliad,1,231,2274231,1,δημοβόρος,951
βασιλεύς,n,Iliad,1,231,2274231,2,βασιλεὺς,952
οὐτιδανός,a,Iliad,1,231,2274231,4,οὐτιδανοῖσιν,953
ἀνάσσω,v,Iliad,1,231,2274231,5,ἀνάσσεις,954
Ἀτρείδης,n,Iliad,1,232,2274232,4,Ἀτρεΐδη,955
ὕστατος,a,Iliad,1,232,2274232,6,ὕστατα,956
λωβάομαι,v,Iliad,1,232,2274232,7,λωβήσαιο,957
εἴρω2,v,Iliad,1,233,2274233,4,ἐρέω,958
μέγας,a,Iliad,1,233,2274233a,7,μέγαν,959
ὅρκος,n,Iliad,1,233,2274233a,8,ὅρκον,960
ὄμνυμι,v,Iliad,1,233,2274233a,9,ὀμοῦμαι,961
σκῆπτρον,n,Iliad,1,234,2274234,4,σκῆπτρον,962
φύλλον,n,Iliad,1,234,2274234,10,φύλλα,963
ὄζος,n,Iliad,1,234,2274234,12,ὄζους,964
φύω,v,Iliad,1,235,2274234,13,φύσει,965
πρῶτος,a,Iliad,1,235,2274234,17,πρῶτα,966
τομή,n,Iliad,1,235,2274234,18,τομὴν,967
ὄρος,n,Iliad,1,235,2274234,20,ὄρεσσι,968
λείπω,v,Iliad,1,235,2274234,21,λέλοιπεν,969
ἀναθηλέω,v,Iliad,1,236,2274234,25,ἀναθηλήσει,970
χαλκός,n,Iliad,1,236,2274235,5,χαλκὸς,971
λέπω,v,Iliad,1,236,2274235,6,ἔλεψε,972
φύλλον,n,Iliad,1,237,2274235,7,φύλλά,973
φλοιός,n,Iliad,1,237,2274235,10,φλοιόν,974
υἱός,n,Iliad,1,237,2274236,4,υἷες,975
Ἀχαιός,a,Iliad,1,237,2274236,5,Ἀχαιῶν,976
παλάμη,n,Iliad,1,238,2274236,7,παλάμῃς,977
φορέω,v,Iliad,1,238,2274236,8,φορέουσι,978
δικασπόλος,n,Iliad,1,238,2274236,9,δικασπόλοι,979
θέμις,n,Iliad,1,238,2274236,13,θέμιστας,980
Ζεύς,n,Iliad,1,239,2274236,15,Διὸς,981
ἐρύω2,v,Iliad,1,239,2274236,16,εἰρύαται,982
μέγας,a,Iliad,1,239,2274237,4,μέγας,983
εἰμί,v,Iliad,1,239,2274237,5,ἔσσεται,984
ὅρκος,n,Iliad,1,239,2274237,6,ὅρκος,985
Ἀχιλλεύς,n,Iliad,1,240,2274238,3,Ἀχιλλῆος,986
ποθή,n,Iliad,1,240,2274238,4,ποθὴ,987
ἱκνέομαι,v,Iliad,1,240,2274238,5,ἵξεται,988
υἱός,n,Iliad,1,240,2274238,6,υἷας,989
Ἀχαιός,a,Iliad,1,240,2274238,7,Ἀχαιῶν,990
σύμπας,a,Iliad,1,241,2274238,8,σύμπαντας,991
δύναμαι,v,Iliad,1,241,2274239,5,δυνήσεαι,992
ἄχνυμαι,v,Iliad,1,241,2274239,6,ἀχνύμενός,993
χραισμέω,v,Iliad,1,242,2274239,8,χραισμεῖν,994
πολύς,a,Iliad,1,242,2274239,12,πολλοὶ,995
Ἕκτωρ,n,Iliad,1,242,2274239,14,Ἕκτορος,996
ἀνδροφόνος,a,Iliad,1,242,2274239,15,ἀνδροφόνοιο,997
θνήσκω,v,Iliad,1,243,2274239,16,θνήσκοντες,998
πίπτω,v,Iliad,1,243,2274239,17,πίπτωσι,999
θυμός,n,Iliad,1,243,2274240,4,θυμὸν,1000
ἀμύσσω,v,Iliad,1,243,2274240,5,ἀμύξεις,1001
χώομαι,v,Iliad,1,244,2274240,6,χωόμενος,1002
ἄριστος,a,Iliad,1,244,2274240,9,ἄριστον,1003
Ἀχαιός,a,Iliad,1,244,2274240,10,Ἀχαιῶν,1004
οὐδείς,a,Iliad,1,244,2274240,11,οὐδὲν,1005
τίνω,v,Iliad,1,244,2274240,12,ἔτισας,1006
φημί,v,Iliad,1,245,2274241,2,φάτο,1007
Πηλείδης,n,Iliad,1,245,2274241,3,Πηλεΐδης,1008
σκῆπτρον,n,Iliad,1,245,2274241a,7,σκῆπτρον,1009
βάλλω,v,Iliad,1,245,2274241a,8,βάλε,1010
γαῖα,n,Iliad,1,245,2274241a,9,γαίῃ,1011
χρύσεος,a,Iliad,1,246,2274241a,10,χρυσείοις,1012
ἧλος,n,Iliad,1,246,2274241a,11,ἥλοισι,1013
πείρω,v,Iliad,1,246,2274241a,12,πεπαρμένον,1014
ἕζομαι,v,Iliad,1,246,2274241b,14,ἕζετο,1015
αὐτός,a,Iliad,1,246,2274241b,16,αὐτός,1016
Ἀτρείδης,n,Iliad,1,247,2274242,1,Ἀτρεΐδης,1017
μηνίω,v,Iliad,1,247,2274242,4,ἐμήνιε,1018
Νέστωρ,n,Iliad,1,247,2274243,3,Νέστωρ,1019
ἡδυεπής,a,Iliad,1,248,2274243,4,ἡδυεπὴς,1020
ἀνορούω,v,Iliad,1,248,2274243,5,ἀνόρουσε,1021
λιγύς,a,Iliad,1,248,2274243,6,λιγὺς,1022
Πύλιος,n,Iliad,1,248,2274243,7,Πυλίων,1023
ἀγορητής,n,Iliad,1,248,2274243,8,ἀγορητής,1024
γλῶσσα,n,Iliad,1,249,2274243,13,γλώσσης,1025
μέλι,n,Iliad,1,249,2274243,14,μέλιτος,1026
γλυκύς,a,Iliad,1,249,2274243,15,γλυκίων,1027
ῥέω,v,Iliad,1,249,2274243,16,ῥέεν,1028
αὐδή,n,Iliad,1,249,2274243,17,αὐδή,1029
γενεά,n,Iliad,1,250,2274244,6,γενεαὶ,1030
μέροψ,a,Iliad,1,250,2274244,7,μερόπων,1031
ἄνθρωπος,n,Iliad,1,250,2274244,8,ἀνθρώπων,1032
φθίω,v,Iliad,1,251,2274244,9,ἐφθίαθ',1033
τρέφω,v,Iliad,1,251,2274244,15,τράφεν,1034
γίγνομαι,v,Iliad,1,251,2274244,17,ἐγένοντο,1035
Πύλος,n,Iliad,1,252,2274244,19,Πύλῳ,1036
ἠγάθεος,a,Iliad,1,252,2274244,20,ἠγαθέῃ,1037
τρίτατος,a,Iliad,1,252,2274244a,24,τριτάτοισιν,1038
ἀνάσσω,v,Iliad,1,252,2274244a,25,ἄνασσεν,1039
φρονέω,v,Iliad,1,253,2274245,4,φρονέων,1040
ἀγοράομαι,v,Iliad,1,253,2274245,5,ἀγορήσατο,1041
μετεῖπον,v,Iliad,1,253,2274245,7,μετέειπεν,1042
μέγας,a,Iliad,1,254,2274246,4,μέγα,1043
πένθος,n,Iliad,1,254,2274246,5,πένθος,1044
Ἀχαιΐς,a,Iliad,1,254,2274246,6,Ἀχαιΐδα,1045
γαῖα,n,Iliad,1,254,2274246,7,γαῖαν,1046
ἱκάνω,v,Iliad,1,254,2274246,8,ἱκάνει,1047
γηθέω,v,Iliad,1,255,2274247,3,γηθήσαι,1048
Πρίαμος,n,Iliad,1,255,2274247,4,Πρίαμος,1049
Πρίαμος,n,Iliad,1,255,2274247,5,Πριάμοιό,1050
παῖς,n,Iliad,1,255,2274247,7,παῖδες,1051
ἄλλος,a,Iliad,1,256,2274247,8,ἄλλοι,1052
Τρώς,n,Iliad,1,256,2274247,10,Τρῶες,1053
μέγας,a,Iliad,1,256,2274247,11,μέγα,1054
χαίρω,v,Iliad,1,256,2274247,13,κεχαροίατο,1055
θυμός,n,Iliad,1,256,2274247,14,θυμῷ,1056
πᾶς,a,Iliad,1,257,2274247,18,πάντα,1057
πυνθάνομαι,v,Iliad,1,257,2274247,19,πυθοίατο,1058
μάρναμαι,v,Iliad,1,257,2274247,20,μαρναμένοιϊν,1059
βουλή,n,Iliad,1,258,2274247,25,βουλὴν,1060
Δαναοί,n,Iliad,1,258,2274247,26,Δαναῶν,1061
εἰμί,v,Iliad,1,258,2274247,30,ἐστὲ,1062
μάχομαι,v,Iliad,1,258,2274247,31,μάχεσθαι,1063
πείθω,v,Iliad,1,259,2274248,2,πίθεσθ',1064
ἄμφω,a,Iliad,1,259,2274249,1,ἄμφω,1065
νέος,a,Iliad,1,259,2274249,3,νεωτέρω,1066
εἰμί,v,Iliad,1,259,2274249,4,ἐστὸν,1067
ἀρείων,a,Iliad,1,260,2274250,6,ἀρείοσιν,1068
ἀνήρ,n,Iliad,1,261,2274250,10,ἀνδράσιν,1069
ὁμιλέω,v,Iliad,1,261,2274250,11,ὡμίλησα,1070
ἀθερίζω,v,Iliad,1,261,2274250a,19,ἀθέριζον,1071
τοῖος,a,Iliad,1,262,2274251,4,τοίους,1072
εἶδον,v,Iliad,1,262,2274251,5,ἴδον,1073
ἀνήρ,n,Iliad,1,262,2274251,6,ἀνέρας,1074
εἶδον,v,Iliad,1,262,2274251,9,ἴδωμαι,1075
οἷος,a,Iliad,1,263,2274251,11,οἷον,1076
Πειρίθοος,n,Iliad,1,263,2274251,12,Πειρίθοόν,1077
Δρύας,n,Iliad,1,263,2274251,14,Δρύαντά,1078
ποιμήν,n,Iliad,1,263,2274251,16,ποιμένα,1079
λαός,n,Iliad,1,263,2274251,17,λαῶν,1080
Καινεύς,n,Iliad,1,264,2274251,18,Καινέα,1081
Ἐξάδιος,n,Iliad,1,264,2274251,20,Ἐξάδιόν,1082
ἀντίθεος,a,Iliad,1,264,2274251,23,ἀντίθεον,1083
Πολύφημος,n,Iliad,1,264,2274251,24,Πολύφημον,1084
Θησεύς,n,Iliad,1,265,2274251,25,Θησέα,1085
Αἰγείδης,n,Iliad,1,265,2274251,27,Αἰγεΐδην,1086
ἐπιείκελος,a,Iliad,1,265,2274251,29,ἐπιείκελον,1087
ἀθάνατος,a,Iliad,1,265,2274251,30,ἀθανάτοισιν,1088
κράτιστος,a,Iliad,1,266,2274252,1,κάρτιστοι,1089
κεῖνος,a,Iliad,1,266,2274252,3,κεῖνοι,1090
ἐπιχθόνιος,a,Iliad,1,266,2274252,4,ἐπιχθονίων,1091
τρέφω,v,Iliad,1,266,2274252,5,τράφεν,1092
ἀνήρ,n,Iliad,1,266,2274252,6,ἀνδρῶν,1093
κράτιστος,a,Iliad,1,267,2274253,1,κάρτιστοι,1094
εἰμί,v,Iliad,1,267,2274253,3,ἔσαν,1095
κράτιστος,a,Iliad,1,267,2274253a,5,καρτίστοις,1096
μάχομαι,v,Iliad,1,267,2274253a,6,ἐμάχοντο,1097
φήρ,n,Iliad,1,268,2274253a,7,φηρσὶν,1098
ὀρεσκῷος,a,Iliad,1,268,2274253a,8,ὀρεσκῴοισι,1099
ἀπόλλυμι,v,Iliad,1,268,2274253b,11,ἀπόλεσσαν,1100
μεθομιλέω,v,Iliad,1,269,2274254,5,μεθομίλεον,1101
Πύλος,n,Iliad,1,269,2274254,7,Πύλου,1102
ἔρχομαι,v,Iliad,1,269,2274254,8,ἐλθὼν,1103
ἄπιος,a,Iliad,1,270,2274254,11,ἀπίης,1104
γαῖα,n,Iliad,1,270,2274254,12,γαίης,1105
καλέω,v,Iliad,1,270,2274255,1,καλέσαντο,1106
αὐτός,a,Iliad,1,270,2274255,3,αὐτοί,1107
μάχομαι,v,Iliad,1,271,2274256,2,μαχόμην,1108
αὐτός,a,Iliad,1,271,2274256,5,αὐτὸν,1109
κεῖνος,a,Iliad,1,271,2274257,1,κείνοισι,1110
βροτός,n,Iliad,1,272,2274257,9,βροτοί,1111
εἰμί,v,Iliad,1,272,2274257,10,εἰσιν,1112
ἐπιχθόνιος,a,Iliad,1,272,2274257,11,ἐπιχθόνιοι,1113
μάχομαι,v,Iliad,1,272,2274257,12,μαχέοιτο,1114
βουλή,n,Iliad,1,273,2274258,4,βουλέων,1115
συνίημι,v,Iliad,1,273,2274258,5,ξύνιεν,1116
πείθω,v,Iliad,1,273,2274258a,6,πείθοντό,1117
μῦθος,n,Iliad,1,273,2274258a,8,μύθῳ,1118
πείθω,v,Iliad,1,274,2274259,2,πίθεσθε,1119
πείθω,v,Iliad,1,274,2274259,7,πείθεσθαι,1120
ἀμείνων,a,Iliad,1,274,2274259,8,ἄμεινον,1121
ἀγαθός,a,Iliad,1,275,2274260,4,ἀγαθός,1122
εἰμί,v,Iliad,1,275,2274260,6,ἐὼν,1123
ἀφαιρέω,v,Iliad,1,275,2274260,7,ἀποαίρεο,1124
κόρη,n,Iliad,1,275,2274260,8,κούρην,1125
ἐάω,v,Iliad,1,276,2274260a,11,ἔα,1126
πρῶτος,a,Iliad,1,276,2274260a,14,πρῶτα,1127
δίδωμι,v,Iliad,1,276,2274260a,15,δόσαν,1128
γέρας,n,Iliad,1,276,2274260a,16,γέρας,1129
υἱός,n,Iliad,1,276,2274260a,17,υἷες,1130
Ἀχαιός,a,Iliad,1,276,2274260a,18,Ἀχαιῶν,1131
Πηλείδης,n,Iliad,1,277,2274261,3,Πηλείδη,1132
ἐθέλω,v,Iliad,1,277,2274261,4,ἔθελ',1133
ἐρίζω,v,Iliad,1,277,2274261,5,ἐριζέμεναι,1134
βασιλεύς,n,Iliad,1,277,2274261,6,βασιλῆϊ,1135
ὁμοῖος,a,Iliad,1,278,2274261,12,ὁμοίης,1136
μείρομαι,v,Iliad,1,278,2274261,13,ἔμμορε,1137
τιμή,n,Iliad,1,278,2274261,14,τιμῆς,1138
σκηπτοῦχος,a,Iliad,1,279,2274261,15,σκηπτοῦχος,1139
βασιλεύς,n,Iliad,1,279,2274261,16,βασιλεύς,1140
Ζεύς,n,Iliad,1,279,2274261,20,Ζεὺς,1141
κῦδος,n,Iliad,1,279,2274261,21,κῦδος,1142
δίδωμι,v,Iliad,1,279,2274261,22,ἔδωκεν,1143
καρτερός,a,Iliad,1,280,2274262,4,καρτερός,1144
εἰμί,v,Iliad,1,280,2274262,5,ἐσσι,1145
θεά,n,Iliad,1,280,2274262,6,θεὰ,1146
γείνομαι,v,Iliad,1,280,2274262,9,γείνατο,1147
μήτηρ,n,Iliad,1,280,2274262,10,μήτηρ,1148
φέρτατος,a,Iliad,1,281,2274262,15,φέρτερός,1149
εἰμί,v,Iliad,1,281,2274262,16,ἐστιν,1150
πλείων,a,Iliad,1,281,2274262,18,πλεόνεσσιν,1151
ἀνάσσω,v,Iliad,1,281,2274262,19,ἀνάσσει,1152
Ἀτρείδης,n,Iliad,1,282,2274263,1,Ἀτρεΐδη,1153
παύω,v,Iliad,1,282,2274263,4,παῦε,1154
τεός,a,Iliad,1,282,2274263,5,τεὸν,1155
μένος,n,Iliad,1,282,2274263,6,μένος,1156
λίσσομαι,v,Iliad,1,283,2274264,3,λίσσομ',1157
Ἀχιλλεύς,n,Iliad,1,283,2274264,4,Ἀχιλλῆϊ,1158
μεθίημι,v,Iliad,1,283,2274264,5,μεθέμεν,1159
χόλος,n,Iliad,1,283,2274264,6,χόλον,1160
μέγας,a,Iliad,1,283,2274264,9,μέγα,1161
πᾶς,a,Iliad,1,283,2274264,10,πᾶσιν,1162
ἕρκος,n,Iliad,1,284,2274264,11,ἕρκος,1163
Ἀχαιός,a,Iliad,1,284,2274264,12,Ἀχαιοῖσιν,1164
πέλω,v,Iliad,1,284,2274264,13,πέλεται,1165
πόλεμος,n,Iliad,1,284,2274264,14,πολέμοιο,1166
κακός,a,Iliad,1,284,2274264,15,κακοῖο,1167
ἀπαμείβομαι,v,Iliad,1,285,2274265,3,ἀπαμειβόμενος,1168
πρόσφημι,v,Iliad,1,285,2274265,4,προσέφη,1169
κρείων,n,Iliad,1,285,2274265,5,κρείων,1170
Ἀγαμέμνων,n,Iliad,1,285,2274265,6,Ἀγαμέμνων,1171
οὗτος,a,Iliad,1,286,2274266,3,ταῦτά,1172
πᾶς,a,Iliad,1,286,2274266,5,πάντα,1173
γέρων,n,Iliad,1,286,2274266,6,γέρον,1174
μοῖρα,n,Iliad,1,286,2274266,8,μοῖραν,1175
εἶπον,v,Iliad,1,286,2274266,9,ἔειπες,1176
ἀνήρ,n,Iliad,1,287,2274267,3,ἀνὴρ,1177
ἐθέλω,v,Iliad,1,287,2274267,4,ἐθέλει,1178
πᾶς,a,Iliad,1,287,2274267,6,πάντων,1179
εἰμί,v,Iliad,1,287,2274267,7,ἔμμεναι,1180
ἄλλος,a,Iliad,1,287,2274267,8,ἄλλων,1181
πᾶς,a,Iliad,1,288,2274267a,10,πάντων,1182
κρατέω,v,Iliad,1,288,2274267a,12,κρατέειν,1183
ἐθέλω,v,Iliad,1,288,2274267a,13,ἐθέλει,1184
πᾶς,a,Iliad,1,288,2274267a,15,πάντεσσι,1185
ἀνάσσω,v,Iliad,1,288,2274267a,17,ἀνάσσειν,1186
πᾶς,a,Iliad,1,289,2274267a,19,πᾶσι,1187
σημαίνω,v,Iliad,1,289,2274267a,21,σημαίνειν,1188
πείθω,v,Iliad,1,289,2274267a,26,πείσεσθαι,1189
οἴομαι,v,Iliad,1,289,2274267a,27,ὀΐω,1190
αἰχμητής,n,Iliad,1,290,2274268,4,αἰχμητὴν,1191
τίθημι,v,Iliad,1,290,2274268,5,ἔθεσαν,1192
θεός,n,Iliad,1,290,2274268,6,θεοὶ,1193
εἰμί,v,Iliad,1,290,2274268,8,ἐόντες,1194
προτίθημι,v,Iliad,1,291,2274268,11,προθέουσιν,1195
ὄνειδος,n,Iliad,1,291,2274268,12,ὀνείδεα,1196
μυθέομαι,v,Iliad,1,291,2274268,13,μυθήσασθαι,1197
ἀμείβω,v,Iliad,1,292,2274269,5,ἠμείβετο,1198
δῖος,a,Iliad,1,292,2274269,6,δῖος,1199
Ἀχιλλεύς,n,Iliad,1,292,2274269,7,Ἀχιλλεύς,1200
δειλός,a,Iliad,1,293,2274270,4,δειλός,1201
οὐτιδανός,a,Iliad,1,293,2274270,7,οὐτιδανὸς,1202
καλέω,v,Iliad,1,293,2274270,8,καλεοίμην,1203
πᾶς,a,Iliad,1,294,2274270,12,πᾶν,1204
ἔργον,n,Iliad,1,294,2274270,13,ἔργον,1205
ὑπείκω,v,Iliad,1,294,2274270,14,ὑπείξομαι,1206
εἶπον,v,Iliad,1,294,2274270,17,εἴπῃς,1207
ἄλλος,a,Iliad,1,295,2274271,1,ἄλλοισιν,1208
οὗτος,a,Iliad,1,295,2274271,3,ταῦτ',1209
ἐπιτέλλω,v,Iliad,1,295,2274271,4,ἐπιτέλλεο,1210
σημαίνω,v,Iliad,1,296,2274271a,9,σήμαιν',1211
πείθω,v,Iliad,1,296,2274272,6,πείσεσθαι,1212
οἴομαι,v,Iliad,1,296,2274272,7,ὀΐω,1213
ἄλλος,a,Iliad,1,297,2274273,1,ἄλλο,1214
εἴρω2,v,Iliad,1,297,2274273,4,ἐρέω,1215
φρήν,n,Iliad,1,297,2274273a,9,φρεσὶ,1216
βάλλω,v,Iliad,1,297,2274273a,10,βάλλεο,1217
σός,a,Iliad,1,297,2274273a,11,σῇσι,1218
χείρ,n,Iliad,1,298,2274274,1,χερσὶ,1219
μάχομαι,v,Iliad,1,298,2274274,6,μαχήσομαι,1220
κόρη,n,Iliad,1,298,2274274,8,κούρης,1221
ἄλλος,a,Iliad,1,299,2274274,14,ἄλλῳ,1222
ἀφαιρέω,v,Iliad,1,299,2274274,18,ἀφέλεσθέ,1223
δίδωμι,v,Iliad,1,299,2274274,20,δόντες,1224
ἄλλος,a,Iliad,1,300,2274275,3,ἄλλων,1225
εἰμί,v,Iliad,1,300,2274275,6,ἐστι,1226
θοός,a,Iliad,1,300,2274275,7,θοῇ,1227
ναῦς,n,Iliad,1,300,2274275,9,νηῒ,1228
μέλας,a,Iliad,1,300,2274275,10,μελαίνῃ,1229
φέρω,v,Iliad,1,301,2274275,15,φέροις,1230
ἀναιρέω,v,Iliad,1,301,2274275,16,ἀνελὼν,1231
ἀέκων,a,Iliad,1,301,2274275,17,ἀέκοντος,1232
πειράω,v,Iliad,1,302,2274276,5,πείρησαι,1233
γιγνώσκω,v,Iliad,1,302,2274276,7,γνώωσι,1234
αἷμα,n,Iliad,1,303,2274277,3,αἷμα,1235
κελαινός,a,Iliad,1,303,2274277,4,κελαινὸν,1236
ἐρωέω,v,Iliad,1,303,2274277,5,ἐρωήσει,1237
δόρυ,n,Iliad,1,303,2274277,7,δουρί,1238
ἀντίβιος,a,Iliad,1,304,2274278,4,ἀντιβίοισι,1239
μάχομαι,v,Iliad,1,304,2274278,5,μαχεσσαμένω,1240
ἔπος,n,Iliad,1,304,2274278,6,ἐπέεσσιν,1241
ἀνίστημι,v,Iliad,1,305,2274278,7,ἀνστήτην,1242
λύω,v,Iliad,1,305,2274278a,9,λῦσαν,1243
ἀγορά,n,Iliad,1,305,2274278a,11,ἀγορὴν,1244
ναῦς,n,Iliad,1,305,2274278a,13,νηυσὶν,1245
Ἀχαιός,a,Iliad,1,305,2274278a,14,Ἀχαιῶν,1246
Πηλείδης,n,Iliad,1,306,2274279,1,Πηλεΐδης,1247
κλισία,n,Iliad,1,306,2274279,4,κλισίας,1248
ναῦς,n,Iliad,1,306,2274279,6,νῆας,1249
ἴσος,a,Iliad,1,306,2274279,7,ἐΐσας,1250
εἶμι,v,Iliad,1,307,2274279,8,ἤϊε,1251
Μενοιτιάδης,n,Iliad,1,307,2274279,11,Μενοιτιάδῃ,1252
ἑός,a,Iliad,1,307,2274279,13,οἷς,1253
ἑταῖρος,n,Iliad,1,307,2274279,14,ἑτάροισιν,1254
Ἀτρείδης,n,Iliad,1,308,2274280,1,Ἀτρεΐδης,1255
ναῦς,n,Iliad,1,308,2274280,4,νῆα,1256
θοός,a,Iliad,1,308,2274280,5,θοὴν,1257
ἅλς1,n,Iliad,1,308,2274280,6,ἅλα,1258
προερύω,v,Iliad,1,308,2274280,8,προέρυσσεν,1259
ἐρέτης,n,Iliad,1,309,2274280a,12,ἐρέτας,1260
κρίνω,v,Iliad,1,309,2274280a,13,ἔκρινεν,1261
ἑκατόμβη,n,Iliad,1,309,2274280b,18,ἑκατόμβην,1262
βαίνω,v,Iliad,1,310,2274280b,19,βῆσε,1263
θεός,n,Iliad,1,310,2274280b,20,θεῷ,1264
Χρυσηίς,n,Iliad,1,310,2274280c,24,Χρυσηΐδα,1265
καλλιπάρηος,a,Iliad,1,310,2274280c,25,καλλιπάρῃον,1266
ἵζω,v,Iliad,1,311,2274280c,26,εἷσεν,1267
ἄγω,v,Iliad,1,311,2274280c,27,ἄγων,1268
ἀρχός,n,Iliad,1,311,2274281,3,ἀρχὸς,1269
βαίνω,v,Iliad,1,311,2274281,4,ἔβη,1270
πολύμητις,a,Iliad,1,311,2274281,5,πολύμητις,1271
Ὀδυσσεύς,n,Iliad,1,311,2274281,6,Ὀδυσσεύς,1272
ἀναβαίνω,v,Iliad,1,312,2274282,4,ἀναβάντες,1273
ἐπιπλέω,v,Iliad,1,312,2274282,5,ἐπέπλεον,1274
ὑγρός,a,Iliad,1,312,2274282,6,ὑγρὰ,1275
κέλευθος,n,Iliad,1,312,2274282,7,κέλευθα,1276
λαός,n,Iliad,1,313,2274282a,9,λαοὺς,1277
Ἀτρείδης,n,Iliad,1,313,2274282a,11,Ἀτρεΐδης,1278
ἀπολυμαίνομαι,v,Iliad,1,313,2274282a,12,ἀπολυμαίνεσθαι,1279
ἄνωγα,v,Iliad,1,313,2274282a,13,ἄνωγεν,1280
ἀπολυμαίνομαι,v,Iliad,1,314,2274283,3,ἀπελυμαίνοντο,1281
ἅλς1,n,Iliad,1,314,2274283a,6,ἅλα,1282
λῦμα,n,Iliad,1,314,2274283a,7,λύματα,1283
βάλλω,v,Iliad,1,314,2274283a,8,βάλλον,1284
ἔρδω,v,Iliad,1,315,2274283b,10,ἕρδον,1285
Ἀπόλλων,n,Iliad,1,315,2274283b,12,Ἀπόλλωνι,1286
τελήεις,a,Iliad,1,315,2274283b,13,τεληέσσας,1287
ἑκατόμβη,n,Iliad,1,315,2274283b,14,ἑκατόμβας,1288
ταῦρος,n,Iliad,1,316,2274283b,15,ταύρων,1289
αἴξ,n,Iliad,1,316,2274283b,17,αἰγῶν,1290
θίς,n,Iliad,1,316,2274283b,19,θῖν',1291
ἅλς1,n,Iliad,1,316,2274283b,20,ἁλὸς,1292
ἀτρύγετος,a,Iliad,1,316,2274283b,21,ἀτρυγέτοιο,1293
κνῖσα,n,Iliad,1,317,2274284,1,κνίση,1294
οὐρανός,n,Iliad,1,317,2274284,3,οὐρανὸν,1295
ἱκνέομαι,v,Iliad,1,317,2274284,4,ἷκεν,1296
ἑλίσσω,v,Iliad,1,317,2274284,5,ἑλισσομένη,1297
καπνός,n,Iliad,1,317,2274284,7,καπνῷ,1298
πένομαι,v,Iliad,1,318,2274285,5,πένοντο,1299
στρατός,n,Iliad,1,318,2274285,7,στρατόν,1300
Ἀγαμέμνων,n,Iliad,1,318,2274286,3,Ἀγαμέμνων,1301
λήγω,v,Iliad,1,319,2274286,4,λῆγ',1302
ἔρις,n,Iliad,1,319,2274286,5,ἔριδος,1303
πρῶτος,a,Iliad,1,319,2274286,7,πρῶτον,1304
ἐπαπειλέω,v,Iliad,1,319,2274286,8,ἐπηπείλησ',1305
Ἀχιλλεύς,n,Iliad,1,319,2274286,9,Ἀχιλῆϊ,1306
Ταλθύβιος,n,Iliad,1,320,2274286a,14,Ταλθύβιόν,1307
Εὐρυβάτης,n,Iliad,1,320,2274286a,17,Εὐρυβάτην,1308
προσεῖπον,v,Iliad,1,320,2274286a,18,προσέειπε,1309
εἰμί,v,Iliad,1,321,2274286a,22,ἔσαν,1310
κῆρυξ,n,Iliad,1,321,2274286a,23,κήρυκε,1311
ὀτρηρός,a,Iliad,1,321,2274286a,25,ὀτρηρὼ,1312
θεράπων,n,Iliad,1,321,2274286a,26,θεράποντε,1313
ἔρχομαι,v,Iliad,1,322,2274287,1,ἔρχεσθον,1314
κλισία,n,Iliad,1,322,2274287,2,κλισίην,1315
Πηλείδης,n,Iliad,1,322,2274287,3,Πηληϊάδεω,1316
Ἀχιλλεύς,n,Iliad,1,322,2274287,4,Ἀχιλῆος,1317
χείρ,n,Iliad,1,323,2274288,1,χειρὸς,1318
αἱρέω,v,Iliad,1,323,2274288,2,ἑλόντ',1319
ἄγω,v,Iliad,1,323,2274288,3,ἀγέμεν,1320
Βρισηίς,n,Iliad,1,323,2274288,4,Βρισηΐδα,1321
καλλιπάρηος,a,Iliad,1,323,2274288,5,καλλιπάρῃον,1322
δίδωμι,v,Iliad,1,324,2274289,5,δώῃσιν,1323
αὐτός,a,Iliad,1,324,2274289,9,αὐτὸς,1324
αἱρέω,v,Iliad,1,324,2274289,10,ἕλωμαι,1325
ἔρχομαι,v,Iliad,1,325,2274289,11,ἐλθὼν,1326
πλείων,a,Iliad,1,325,2274289,13,πλεόνεσσι,1327
ῥίγιον,a,Iliad,1,325,2274290,4,ῥίγιον,1328
εἰμί,v,Iliad,1,325,2274290,5,ἔσται,1329
εἶπον,v,Iliad,1,326,2274291,2,εἰπὼν,1330
προίημι,v,Iliad,1,326,2274291,3,προΐει,1331
κρατερός,a,Iliad,1,326,2274291a,5,κρατερὸν,1332
μῦθος,n,Iliad,1,326,2274291a,8,μῦθον,1333
τέλλω,v,Iliad,1,326,2274291a,9,ἔτελλε,1334
ἀέκων,a,Iliad,1,327,2274292,3,ἀέκοντε,1335
βαίνω,v,Iliad,1,327,2274292,4,βάτην,1336
θίς,n,Iliad,1,327,2274292,6,θῖν',1337
ἅλς1,n,Iliad,1,327,2274292,7,ἁλὸς,1338
ἀτρύγετος,a,Iliad,1,327,2274292,8,ἀτρυγέτοιο,1339
Μυρμιδόνες,n,Iliad,1,328,2274292a,10,Μυρμιδόνων,1340
κλισία,n,Iliad,1,328,2274292a,14,κλισίας,1341
ναῦς,n,Iliad,1,328,2274292a,16,νῆας,1342
ἱκνέομαι,v,Iliad,1,328,2274292a,17,ἱκέσθην,1343
εὑρίσκω,v,Iliad,1,329,2274292b,21,εὗρον,1344
κλισία,n,Iliad,1,329,2274292b,24,κλισίῃ,1345
ναῦς,n,Iliad,1,329,2274292b,26,νηῒ,1346
μέλας,a,Iliad,1,329,2274292b,27,μελαίνῃ,1347
ἧμαι,v,Iliad,1,330,2274292b,28,ἥμενον,1348
εἶδον,v,Iliad,1,330,2274293,6,ἰδὼν,1349
γηθέω,v,Iliad,1,330,2274293,7,γήθησεν,1350
Ἀχιλλεύς,n,Iliad,1,330,2274293,8,Ἀχιλλεύς,1351
ταρβέω,v,Iliad,1,331,2274294,3,ταρβήσαντε,1352
αἰδέομαι,v,Iliad,1,331,2274294,5,αἰδομένω,1353
βασιλεύς,n,Iliad,1,331,2274294,6,βασιλῆα,1354
ἵστημι,v,Iliad,1,332,2274294,7,στήτην,1355
προσφωνέω,v,Iliad,1,332,2274294a,13,προσεφώνεον,1356
ἔρομαι,v,Iliad,1,332,2274294b,16,ἐρέοντο,1357
γιγνώσκω,v,Iliad,1,333,2274295,3,ἔγνω,1358
ἑός,a,Iliad,1,333,2274295,4,ᾗσιν,1359
φρήν,n,Iliad,1,333,2274295,6,φρεσὶ,1360
φωνέω,v,Iliad,1,333,2274295a,7,φώνησέν,1361
χαίρω,v,Iliad,1,334,2274296,1,χαίρετε,1362
κῆρυξ,n,Iliad,1,334,2274296,2,κήρυκες,1363
Ζεύς,n,Iliad,1,334,2274296,3,Διὸς,1364
ἄγγελος,n,Iliad,1,334,2274296,4,ἄγγελοι,1365
ἀνήρ,n,Iliad,1,334,2274296,7,ἀνδρῶν,1366
εἶμι,v,Iliad,1,335,2274296a,10,ἴτ',1367
ἐπαίτιος,a,Iliad,1,335,2274297,5,ἐπαίτιοι,1368
Ἀγαμέμνων,n,Iliad,1,335,2274297,7,Ἀγαμέμνων,1369
προίημι,v,Iliad,1,336,2274297,11,προΐει,1370
Βρισηίς,n,Iliad,1,336,2274297,12,Βρισηΐδος,1371
κόρη,n,Iliad,1,336,2274297,14,κούρης,1372
διογενής,a,Iliad,1,337,2274298,3,διογενὲς,1373
Πάτροκλος,n,Iliad,1,337,2274298,4,Πατρόκλεες,1374
ἐξάγω,v,Iliad,1,337,2274298,5,ἔξαγε,1375
κόρη,n,Iliad,1,337,2274298,6,κούρην,1376
δίδωμι,v,Iliad,1,338,2274298a,9,δὸς,1377
ἄγω,v,Iliad,1,338,2274298a,10,ἄγειν,1378
αὐτός,a,Iliad,1,338,2274299,3,αὐτὼ,1379
μάρτυρος,n,Iliad,1,338,2274299,4,μάρτυροι,1380
εἰμί,v,Iliad,1,338,2274299,5,ἔστων,1381
θεός,n,Iliad,1,339,2274299,8,θεῶν,1382
μάκαρ,a,Iliad,1,339,2274299,9,μακάρων,1383
θνητός,a,Iliad,1,339,2274299,12,θνητῶν,1384
ἄνθρωπος,n,Iliad,1,339,2274299,13,ἀνθρώπων,1385
βασιλεύς,n,Iliad,1,340,2274299,17,βασιλῆος,1386
ἀπηνής,a,Iliad,1,340,2274299,18,ἀπηνέος,1387
χρεώ,n,Iliad,1,341,2274299,23,χρειὼ,1388
γίγνομαι,v,Iliad,1,341,2274299,25,γένηται,1389
ἀεικής,a,Iliad,1,341,2274299,26,ἀεικέα,1390
λοιγός,n,Iliad,1,341,2274299,27,λοιγὸν,1391
ἀμύνω,v,Iliad,1,341,2274299,28,ἀμῦναι,1392
ἄλλος,a,Iliad,1,342,2274299,30,ἄλλοις,1393
ὀλοός,a,Iliad,1,342,2274300,5,ὀλοιῇσι,1394
φρήν,n,Iliad,1,342,2274300,6,φρεσὶ,1395
θύω,v,Iliad,1,342,2274300,7,θύει,1396
οἶδα,v,Iliad,1,343,2274300a,12,οἶδε,1397
νοέω,v,Iliad,1,343,2274300a,13,νοῆσαι,1398
ναῦς,n,Iliad,1,344,2274300a,22,νηυσὶ,1399
σῶς,a,Iliad,1,344,2274300a,23,σόοι,1400
μάχομαι,v,Iliad,1,344,2274300a,24,μαχέοιντο,1401
Ἀχαιός,a,Iliad,1,344,2274300a,25,Ἀχαιοί,1402
φημί,v,Iliad,1,345,2274301,2,φάτο,1403
Πάτροκλος,n,Iliad,1,345,2274301a,4,Πάτροκλος,1404
φίλος,a,Iliad,1,345,2274301a,6,φίλῳ,1405
ἐπιπείθομαι,v,Iliad,1,345,2274301a,7,ἐπεπείθεθ',1406
ἑταῖρος,n,Iliad,1,345,2274301a,8,ἑταίρῳ,1407
ἄγω,v,Iliad,1,346,2274301b,12,ἄγαγε,1408
κλισία,n,Iliad,1,346,2274301b,13,κλισίης,1409
Βρισηίς,n,Iliad,1,346,2274301b,14,Βρισηΐδα,1410
καλλιπάρηος,a,Iliad,1,346,2274301b,15,καλλιπάρῃον,1411
δίδωμι,v,Iliad,1,347,2274301c,17,δῶκε,1412
ἄγω,v,Iliad,1,347,2274301c,19,ἄγειν,1413
εἶμι,v,Iliad,1,347,2274302,4,ἴτην,1414
ναῦς,n,Iliad,1,347,2274302,6,νῆας,1415
Ἀχαιός,a,Iliad,1,347,2274302,7,Ἀχαιῶν,1416
ἀέκων,a,Iliad,1,348,2274303,3,ἀέκουσ',1417
γυνή,n,Iliad,1,348,2274303,6,γυνὴ,1418
κίω,v,Iliad,1,348,2274303,7,κίεν,1419
Ἀχιλλεύς,n,Iliad,1,348,2274304,2,Ἀχιλλεὺς,1420
δακρύω,v,Iliad,1,349,2274304,3,δακρύσας,1421
ἑταῖρος,n,Iliad,1,349,2274304,4,ἑτάρων,1422
ἕζομαι,v,Iliad,1,349,2274304,6,ἕζετο,1423
λιάζομαι,v,Iliad,1,349,2274304,8,λιασθείς,1424
θίς,n,Iliad,1,350,2274304,10,θῖν',1425
ἅλς1,n,Iliad,1,350,2274304,12,ἁλὸς,1426
πολιός,a,Iliad,1,350,2274304,13,πολιῆς,1427
ὁράω,v,Iliad,1,350,2274304,15,ὁρόων,1428
ἀπείρων,a,Iliad,1,350,2274304,17,ἀπείρονα,1429
πόντος,n,Iliad,1,350,2274304,18,πόντον,1430
πολύς,a,Iliad,1,351,2274305,1,πολλὰ,1431
μήτηρ,n,Iliad,1,351,2274305,3,μητρὶ,1432
φίλος,a,Iliad,1,351,2274305,4,φίλῃ,1433
ἀράομαι,v,Iliad,1,351,2274305,5,ἠρήσατο,1434
χείρ,n,Iliad,1,351,2274305,6,χεῖρας,1435
ὀρέγνυμι,v,Iliad,1,351,2274305,7,ὀρεγνύς,1436
μήτηρ,n,Iliad,1,352,2274306,1,μῆτερ,1437
τίκτω,v,Iliad,1,352,2274306,4,ἔτεκές,1438
μινυνθάδιος,a,Iliad,1,352,2274306,6,μινυνθάδιόν,1439
εἰμί,v,Iliad,1,352,2274306,8,ἐόντα,1440
τιμή,n,Iliad,1,353,2274306,10,τιμήν,1441
ὀφέλλω,v,Iliad,1,353,2274306,13,ὄφελλεν,1442
Ὀλύμπιος,a,Iliad,1,353,2274306,14,Ὀλύμπιος,1443
ἐγγυαλίζω,v,Iliad,1,353,2274306,15,ἐγγυαλίξαι,1444
Ζεύς,n,Iliad,1,354,2274306,16,Ζεὺς,1445
ὑψιβρεμέτης,a,Iliad,1,354,2274306,17,ὑψιβρεμέτης,1446
τυτθός,a,Iliad,1,354,2274307,6,τυτθὸν,1447
τίνω,v,Iliad,1,354,2274307,7,ἔτισεν,1448
Ἀτρείδης,n,Iliad,1,355,2274308,4,Ἀτρεΐδης,1449
εὐρύς,a,Iliad,1,355,2274308,5,εὐρὺ,1450
κρείων,n,Iliad,1,355,2274308,6,κρείων,1451
Ἀγαμέμνων,n,Iliad,1,355,2274308,7,Ἀγαμέμνων,1452
ἀτιμάω,v,Iliad,1,356,2274308,8,ἠτίμησεν,1453
αἱρέω,v,Iliad,1,356,2274309,1,ἑλὼν,1454
ἔχω,v,Iliad,1,356,2274309,3,ἔχει,1455
γέρας,n,Iliad,1,356,2274309,4,γέρας,1456
αὐτός,a,Iliad,1,356,2274309,5,αὐτὸς,1457
ἀπαυράω,v,Iliad,1,356,2274309,6,ἀπούρας,1458
φημί,v,Iliad,1,357,2274310,2,φάτο,1459
δάκρυ,n,Iliad,1,357,2274310,3,δάκρυ,1460
χέω,v,Iliad,1,357,2274310,4,χέων,1461
κλύω,v,Iliad,1,357,2274310a,8,ἔκλυε,1462
πότνια,a,Iliad,1,357,2274310a,9,πότνια,1463
μήτηρ,n,Iliad,1,357,2274310a,10,μήτηρ,1464
ἧμαι,v,Iliad,1,358,2274310a,11,ἡμένη,1465
βένθος,n,Iliad,1,358,2274310a,13,βένθεσσιν,1466
ἅλς1,n,Iliad,1,358,2274310a,14,ἁλὸς,1467
πατήρ,n,Iliad,1,358,2274310a,16,πατρὶ,1468
γέρων,n,Iliad,1,358,2274310a,17,γέροντι,1469
ἀναδύνω,v,Iliad,1,359,2274311,3,ἀνέδυ,1470
πολιός,a,Iliad,1,359,2274311,4,πολιῆς,1471
ἅλς1,n,Iliad,1,359,2274311,5,ἁλὸς,1472
ὀμίχλη,n,Iliad,1,359,2274311,7,ὀμίχλη,1473
αὐτός,a,Iliad,1,360,2274311a,12,αὐτοῖο,1474
καθέζομαι,v,Iliad,1,360,2274311a,13,καθέζετο,1475
δάκρυ,n,Iliad,1,360,2274311a,14,δάκρυ,1476
χέω,v,Iliad,1,360,2274311a,15,χέοντος,1477
χείρ,n,Iliad,1,361,2274311a,17,χειρί,1478
καταρρέζω,v,Iliad,1,361,2274311a,20,κατέρεξεν,1479
ἔπος,n,Iliad,1,361,2274311a,21,ἔπος,1480
φημί,v,Iliad,1,361,2274311a,23,ἔφατ',1481
ὀνομάζω,v,Iliad,1,361,2274311a,26,ὀνόμαζε,1482
τέκνον,n,Iliad,1,362,2274312,1,τέκνον,1483
κλαίω,v,Iliad,1,362,2274312,3,κλαίεις,1484
φρήν,n,Iliad,1,362,2274313,4,φρένας,1485
ἱκνέομαι,v,Iliad,1,362,2274313,5,ἵκετο,1486
πένθος,n,Iliad,1,362,2274313,6,πένθος,1487
ἐξαυδάω,v,Iliad,1,363,2274314,1,ἐξαύδα,1488
κεύθω,v,Iliad,1,363,2274314,4,κεῦθε,1489
νόος,n,Iliad,1,363,2274314,5,νόῳ,1490
οἶδα,v,Iliad,1,363,2274314,8,εἴδομεν,1491
ἄμφω,a,Iliad,1,363,2274314,9,ἄμφω,1492
βαρύς,a,Iliad,1,364,2274315,3,βαρὺ,1493
στενάχω,v,Iliad,1,364,2274315,4,στενάχων,1494
πρόσφημι,v,Iliad,1,364,2274315,5,προσέφη,1495
πούς,n,Iliad,1,364,2274315,6,πόδας,1496
ὠκύς,a,Iliad,1,364,2274315,7,ὠκὺς,1497
Ἀχιλλεύς,n,Iliad,1,364,2274315,8,Ἀχιλλεύς,1498
οἶδα,v,Iliad,1,365,2274316,1,οἶσθα,1499
οὗτος,a,Iliad,1,365,2274317,4,ταῦτα,1500
οἶδα,v,Iliad,1,365,2274317,5,ἰδυίῃ,1501
πᾶς,a,Iliad,1,365,2274317,6,πάντ',1502
ἀγορεύω,v,Iliad,1,365,2274317,7,ἀγορεύω,1503
οἴχομαι,v,Iliad,1,366,2274318,1,ᾠχόμεθ',1504
Θήβη,n,Iliad,1,366,2274318,3,Θήβην,1505
ἱερός,a,Iliad,1,366,2274318,4,ἱερὴν,1506
πόλις,n,Iliad,1,366,2274318,5,πόλιν,1507
Ἠετίων,n,Iliad,1,366,2274318,6,Ἠετίωνος,1508
διαπέρθω,v,Iliad,1,367,2274318a,10,διεπράθομέν,1509
ἄγω,v,Iliad,1,367,2274318a,13,ἤγομεν,1510
πᾶς,a,Iliad,1,367,2274318a,15,πάντα,1511
δατέομαι,v,Iliad,1,368,2274319,5,δάσσαντο,1512
υἱός,n,Iliad,1,368,2274319,8,υἷες,1513
Ἀχαιός,a,Iliad,1,368,2274319,9,Ἀχαιῶν,1514
αἱρέω,v,Iliad,1,369,2274319a,13,ἕλον,1515
Ἀτρείδης,n,Iliad,1,369,2274319a,14,Ἀτρεΐδῃ,1516
Χρυσηίς,n,Iliad,1,369,2274319a,15,Χρυσηΐδα,1517
καλλιπάρηος,a,Iliad,1,369,2274319a,16,καλλιπάρῃον,1518
Χρύσης,n,Iliad,1,370,2274320,1,Χρύσης,1519
ἱερεύς,n,Iliad,1,370,2274320,4,ἱερεὺς,1520
ἑκατηβόλος,a,Iliad,1,370,2274320,5,ἑκατηβόλου,1521
Ἀπόλλων,n,Iliad,1,370,2274320,6,Ἀπόλλωνος,1522
ἔρχομαι,v,Iliad,1,371,2274320,7,ἦλθε,1523
θοός,a,Iliad,1,371,2274320,8,θοὰς,1524
ναῦς,n,Iliad,1,371,2274320,10,νῆας,1525
Ἀχαιός,a,Iliad,1,371,2274320,11,Ἀχαιῶν,1526
χαλκοχίτων,a,Iliad,1,371,2274320,12,χαλκοχιτώνων,1527
λύω,v,Iliad,1,372,2274320,13,λυσόμενός,1528
θυγάτηρ,n,Iliad,1,372,2274320,15,θύγατρα,1529
φέρω,v,Iliad,1,372,2274320,16,φέρων,1530
ἀπερείσιος,a,Iliad,1,372,2274320,18,ἀπερείσι',1531
ἄποινα,n,Iliad,1,372,2274320,19,ἄποινα,1532
στέμμα,n,Iliad,1,373,2274320,21,στέμματ',1533
ἔχω,v,Iliad,1,373,2274320,22,ἔχων,1534
χείρ,n,Iliad,1,373,2274320,24,χερσὶν,1535
ἑκηβόλος,a,Iliad,1,373,2274320,25,ἑκηβόλου,1536
Ἀπόλλων,n,Iliad,1,373,2274320,26,Ἀπόλλωνος,1537
χρύσεος,a,Iliad,1,374,2274320,27,χρυσέῳ,1538
σκῆπτρον,n,Iliad,1,374,2274320,29,σκήπτρῳ,1539
λίσσομαι,v,Iliad,1,374,2274320a,32,λίσσετο,1540
πᾶς,a,Iliad,1,374,2274320a,33,πάντας,1541
Ἀχαιός,a,Iliad,1,374,2274320a,34,Ἀχαιούς,1542
Ἀτρείδης,n,Iliad,1,375,2274320a,36,Ἀτρεΐδα,1543
κοσμήτωρ,n,Iliad,1,375,2274320a,40,κοσμήτορε,1544
λαός,n,Iliad,1,375,2274320a,41,λαῶν,1545
ἄλλος,a,Iliad,1,376,2274321,2,ἄλλοι,1546
πᾶς,a,Iliad,1,376,2274321,4,πάντες,1547
ἐπευφημέω,v,Iliad,1,376,2274321,5,ἐπευφήμησαν,1548
Ἀχαιός,a,Iliad,1,376,2274321,6,Ἀχαιοὶ,1549
αἰδέομαι,v,Iliad,1,377,2274321,7,αἰδεῖσθαί,1550
ἱερεύς,n,Iliad,1,377,2274321,9,ἱερῆα,1551
ἀγλαός,a,Iliad,1,377,2274321,11,ἀγλαὰ,1552
δέχομαι,v,Iliad,1,377,2274321,12,δέχθαι,1553
ἄποινα,n,Iliad,1,377,2274321,13,ἄποινα,1554
Ἀτρείδης,n,Iliad,1,378,2274322,3,Ἀτρεΐδῃ,1555
Ἀγαμέμνων,n,Iliad,1,378,2274322,4,Ἀγαμέμνονι,1556
ἁνδάνω,v,Iliad,1,378,2274322,5,ἥνδανε,1557
θυμός,n,Iliad,1,378,2274322,6,θυμῷ,1558
ἀφίημι,v,Iliad,1,379,2274322a,10,ἀφίει,1559
κρατερός,a,Iliad,1,379,2274322b,12,κρατερὸν,1560
μῦθος,n,Iliad,1,379,2274322b,15,μῦθον,1561
τέλλω,v,Iliad,1,379,2274322b,16,ἔτελλε,1562
χώομαι,v,Iliad,1,380,2274323,1,χωόμενος,1563
γέρων,n,Iliad,1,380,2274323,4,γέρων,1564
οἴχομαι,v,Iliad,1,380,2274323,6,ᾤχετο,1565
Ἀπόλλων,n,Iliad,1,380,2274324,3,Ἀπόλλων,1566
εὔχομαι,v,Iliad,1,381,2274324,4,εὐξαμένου,1567
ἀκούω,v,Iliad,1,381,2274324,5,ἤκουσεν,1568
φίλος,a,Iliad,1,381,2274324,10,φίλος,1569
εἰμί,v,Iliad,1,381,2274324,11,ἦεν,1570
ἵημι,v,Iliad,1,382,2274324a,13,ἧκε,1571
Ἀργεῖος,a,Iliad,1,382,2274324a,16,Ἀργείοισι,1572
κακός,a,Iliad,1,382,2274324a,17,κακὸν,1573
βέλος,n,Iliad,1,382,2274324a,18,βέλος,1574
λαός,n,Iliad,1,382,2274325,4,λαοὶ,1575
θνήσκω,v,Iliad,1,383,2274325,5,θνῇσκον,1576
ἐπασσύτερος,a,Iliad,1,383,2274325,6,ἐπασσύτεροι,1577
ἐποίχομαι,v,Iliad,1,383,2274325a,10,ἐπῴχετο,1578
κῆλον,n,Iliad,1,383,2274325a,11,κῆλα,1579
θεός,n,Iliad,1,383,2274325a,12,θεοῖο,1580
στρατός,n,Iliad,1,384,2274325a,15,στρατὸν,1581
εὐρύς,a,Iliad,1,384,2274325a,16,εὐρὺν,1582
Ἀχαιός,a,Iliad,1,384,2274325a,17,Ἀχαιῶν,1583
μάντις,n,Iliad,1,384,2274326,3,μάντις,1584
οἶδα,v,Iliad,1,385,2274326,5,εἰδὼς,1585
ἀγορεύω,v,Iliad,1,385,2274326,6,ἀγόρευε,1586
θεοπροπία,n,Iliad,1,385,2274326,7,θεοπροπίας,1587
ἕκατος,n,Iliad,1,385,2274326,8,ἑκάτοιο,1588
πρῶτος,a,Iliad,1,386,2274327,3,πρῶτος,1589
κέλομαι,v,Iliad,1,386,2274327,4,κελόμην,1590
θεός,n,Iliad,1,386,2274327,5,θεὸν,1591
ἱλάσκομαι,v,Iliad,1,386,2274327,6,ἱλάσκεσθαι,1592
Ἀτρεΐων,n,Iliad,1,387,2274328,1,Ἀτρεΐωνα,1593
χόλος,n,Iliad,1,387,2274328,4,χόλος,1594
λαμβάνω,v,Iliad,1,387,2274328,5,λάβεν,1595
ἀνίστημι,v,Iliad,1,387,2274328a,9,ἀναστὰς,1596
ἀπειλέω,v,Iliad,1,388,2274328a,10,ἠπείλησεν,1597
μῦθος,n,Iliad,1,388,2274328a,11,μῦθον,1598
τελέω,v,Iliad,1,388,2274328a,14,τετελεσμένος,1599
εἰμί,v,Iliad,1,388,2274328a,15,ἐστί,1600
ναῦς,n,Iliad,1,389,2274329,5,νηῒ,1601
θοός,a,Iliad,1,389,2274329,6,θοῇ,1602
ἑλίκωψ,a,Iliad,1,389,2274329,7,ἑλίκωπες,1603
Ἀχαιός,a,Iliad,1,389,2274329,8,Ἀχαιοὶ,1604
Χρύσης,n,Iliad,1,390,2274329,10,Χρύσην,1605
πέμπω,v,Iliad,1,390,2274329,11,πέμπουσιν,1606
ἄγω,v,Iliad,1,390,2274329a,13,ἄγουσι,1607
δῶρον,n,Iliad,1,390,2274329a,15,δῶρα,1608
ἄναξ,n,Iliad,1,390,2274329a,16,ἄνακτι,1609
νέος,a,Iliad,1,391,2274330,3,νέον,1610
βαίνω,v,Iliad,1,391,2274330,5,ἔβαν,1611
κῆρυξ,n,Iliad,1,391,2274330,6,κήρυκες,1612
ἄγω,v,Iliad,1,391,2274330,7,ἄγοντες,1613
κόρη,n,Iliad,1,392,2274330,8,κούρην,1614
Βρισεύς,n,Iliad,1,392,2274330,9,Βρισῆος,1615
δίδωμι,v,Iliad,1,392,2274330,12,δόσαν,1616
υἱός,n,Iliad,1,392,2274330,13,υἷες,1617
Ἀχαιός,a,Iliad,1,392,2274330,14,Ἀχαιῶν,1618
δύναμαι,v,Iliad,1,393,2274331,4,δύνασαί,1619
περιέχω,v,Iliad,1,393,2274331,6,περίσχεο,1620
παῖς,n,Iliad,1,393,2274331,7,παιδὸς,1621
ἐύς,a,Iliad,1,393,2274331,8,ἑῆος,1622
ἔρχομαι,v,Iliad,1,394,2274332,1,ἐλθοῦσ',1623
Ὄλυμπος,n,Iliad,1,394,2274332,2,Οὔλυμπον,1624
Ζεύς,n,Iliad,1,394,2274332,4,Δία,1625
λίσσομαι,v,Iliad,1,394,2274332,5,λίσαι,1626
ἔπος,n,Iliad,1,395,2274332,12,ἔπει,1627
ὀνίνημι,v,Iliad,1,395,2274332,13,ὤνησας,1628
καρδία,n,Iliad,1,395,2274332,14,κραδίην,1629
Ζεύς,n,Iliad,1,395,2274332,15,Διὸς,1630
ἔργον,n,Iliad,1,395,2274332,18,ἔργῳ,1631
πατήρ,n,Iliad,1,396,2274333,4,πατρὸς,1632
μέγαρον,n,Iliad,1,396,2274333,6,μεγάροισιν,1633
ἀκούω,v,Iliad,1,396,2274333,7,ἄκουσα,1634
εὔχομαι,v,Iliad,1,397,2274333,8,εὐχομένης,1635
φημί,v,Iliad,1,397,2274333,10,ἔφησθα,1636
κελαινεφής,a,Iliad,1,397,2274333,11,κελαινεφέϊ,1637
Κρονίων,n,Iliad,1,397,2274333,12,Κρονίωνι,1638
οἶος,a,Iliad,1,398,2274333,13,οἴη,1639
ἀθάνατος,a,Iliad,1,398,2274333,15,ἀθανάτοισιν,1640
ἀεικής,a,Iliad,1,398,2274333,16,ἀεικέα,1641
λοιγός,n,Iliad,1,398,2274333,17,λοιγὸν,1642
ἀμύνω,v,Iliad,1,398,2274333,18,ἀμῦναι,1643
συνδέω,v,Iliad,1,399,2274333,22,ξυνδῆσαι,1644
Ὀλύμπιος,a,Iliad,1,399,2274333,23,Ὀλύμπιοι,1645
ἐθέλω,v,Iliad,1,399,2274333,24,ἤθελον,1646
ἄλλος,a,Iliad,1,399,2274333,25,ἄλλοι,1647
Ἥρα,n,Iliad,1,400,2274333,26,Ἥρη,1648
Ποσειδεών,n,Iliad,1,400,2274333,29,Ποσειδάων,1649
Παλλάς,n,Iliad,1,400,2274333,31,Παλλὰς,1650
Ἀθήνη,n,Iliad,1,400,2274333,32,Ἀθήνη,1651
ἔρχομαι,v,Iliad,1,401,2274334,5,ἐλθοῦσα,1652
θεά,n,Iliad,1,401,2274334,6,θεὰ,1653
ὑπολύω,v,Iliad,1,401,2274334,7,ὑπελύσαο,1654
δεσμός,n,Iliad,1,401,2274334,8,δεσμῶν,1655
ἑκατόγχειρος,a,Iliad,1,402,2274334,11,ἑκατόγχειρον,1656
καλέω,v,Iliad,1,402,2274334,12,καλέσασ',1657
μακρός,a,Iliad,1,402,2274334,14,μακρὸν,1658
Ὄλυμπος,n,Iliad,1,402,2274334,15,Ὄλυμπον,1659
Βριάρεως,n,Iliad,1,403,2274334,18,Βριάρεων,1660
καλέω,v,Iliad,1,403,2274334,19,καλέουσι,1661
θεός,n,Iliad,1,403,2274334,20,θεοί,1662
ἀνήρ,n,Iliad,1,403,2274334,22,ἄνδρες,1663
πᾶς,a,Iliad,1,403,2274334,25,πάντες,1664
Αἰγαίων,n,Iliad,1,404,2274334,26,Αἰγαίων',1665
βία,n,Iliad,1,404,2274334a,31,βίην,1666
ἑός,a,Iliad,1,404,2274334a,32,οὗ,1667
πατήρ,n,Iliad,1,404,2274334a,33,πατρὸς,1668
ἀμείνων,a,Iliad,1,404,2274334a,34,ἀμείνων,1669
Κρονίων,n,Iliad,1,405,2274335,4,Κρονίωνι,1670
καθέζομαι,v,Iliad,1,405,2274335,5,καθέζετο,1671
κῦδος,n,Iliad,1,405,2274335,6,κύδεϊ,1672
γαίω,v,Iliad,1,405,2274335,7,γαίων,1673
ὑποδείδω,v,Iliad,1,406,2274336,3,ὑπέδεισαν,1674
μάκαρ,a,Iliad,1,406,2274336,4,μάκαρες,1675
θεός,n,Iliad,1,406,2274336,5,θεοὶ,1676
δέω,v,Iliad,1,406,2274336a,9,ἔδησαν,1677
μιμνήσκω,v,Iliad,1,407,2274337,4,μνήσασα,1678
παρέζομαι,v,Iliad,1,407,2274337,5,παρέζεο,1679
λαμβάνω,v,Iliad,1,407,2274337,7,λαβὲ,1680
γόνυ,n,Iliad,1,407,2274337,8,γούνων,1681
ἐθέλω,v,Iliad,1,408,2274337,12,ἐθέλῃσιν,1682
Τρώς,n,Iliad,1,408,2274337,14,Τρώεσσιν,1683
ἀρήγω,v,Iliad,1,408,2274337,15,ἀρῆξαι,1684
πρύμνα,n,Iliad,1,409,2274337,20,πρύμνας,1685
ἅλς1,n,Iliad,1,409,2274337,24,ἅλα,1686
εἴλω,v,Iliad,1,409,2274337,25,ἔλσαι,1687
Ἀχαιός,a,Iliad,1,409,2274337,26,Ἀχαιοὺς,1688
κτείνω,v,Iliad,1,410,2274337,27,κτεινομένους,1689
πᾶς,a,Iliad,1,410,2274337,30,πάντες,1690
ἐπαυρέω,v,Iliad,1,410,2274337,31,ἐπαύρωνται,1691
βασιλεύς,n,Iliad,1,410,2274337,32,βασιλῆος,1692
γιγνώσκω,v,Iliad,1,411,2274337,34,γνῷ,1693
Ἀτρείδης,n,Iliad,1,411,2274337,37,Ἀτρεΐδης,1694
εὐρύς,a,Iliad,1,411,2274337,38,εὐρὺ,1695
κρείων,n,Iliad,1,411,2274337,39,κρείων,1696
Ἀγαμέμνων,n,Iliad,1,411,2274337,40,Ἀγαμέμνων,1697
ἑός,a,Iliad,1,412,2274337,41,ἣν,1698
ἄτη,n,Iliad,1,412,2274337,42,ἄτην,1699
ἄριστος,a,Iliad,1,412,2274337,45,ἄριστον,1700
Ἀχαιός,a,Iliad,1,412,2274337,46,Ἀχαιῶν,1701
οὐδείς,a,Iliad,1,412,2274337,47,οὐδὲν,1702
τίνω,v,Iliad,1,412,2274337,48,ἔτισεν,1703
ἀμείβω,v,Iliad,1,413,2274338,3,ἠμείβετ',1704
Θέτις,n,Iliad,1,413,2274338,5,Θέτις,1705
δάκρυ,n,Iliad,1,413,2274338,7,δάκρυ,1706
χέω,v,Iliad,1,413,2274338,8,χέουσα,1707
τέκνον,n,Iliad,1,414,2274339,3,τέκνον,1708
ἐμός,a,Iliad,1,414,2274339,4,ἐμόν,1709
τρέφω,v,Iliad,1,414,2274339,9,ἔτρεφον,1710
αἰνός,a,Iliad,1,414,2274339,10,αἰνὰ,1711
τίκτω,v,Iliad,1,414,2274339,11,τεκοῦσα,1712
ὀφείλω,v,Iliad,1,415,2274340,2,ὄφελες,1713
ναῦς,n,Iliad,1,415,2274340,4,νηυσὶν,1714
ἀδάκρυτος,a,Iliad,1,415,2274340,5,ἀδάκρυτος,1715
ἀπήμων,a,Iliad,1,415,2274340,7,ἀπήμων,1716
ἧμαι,v,Iliad,1,416,2274340,8,ἧσθαι,1717
αἶσα,n,Iliad,1,416,2274340,13,αἶσα,1718
ὠκύμορος,a,Iliad,1,417,2274341,5,ὠκύμορος,1719
ὀιζυρός,a,Iliad,1,417,2274341,7,ὀϊζυρὸς,1720
πᾶς,a,Iliad,1,417,2274341,9,πάντων,1721
πέλω,v,Iliad,1,418,2274341,10,ἔπλεο,1722
κακός,a,Iliad,1,418,2274342,3,κακῇ,1723
αἶσα,n,Iliad,1,418,2274342,4,αἴσῃ,1724
τίκτω,v,Iliad,1,418,2274342,5,τέκον,1725
μέγαρον,n,Iliad,1,418,2274342,7,μεγάροισι,1726
οὗτος,a,Iliad,1,419,2274343,1,τοῦτο,1727
εἴρω2,v,Iliad,1,419,2274343,4,ἐρέουσα,1728
ἔπος,n,Iliad,1,419,2274343,5,ἔπος,1729
Ζεύς,n,Iliad,1,419,2274343,6,Διὶ,1730
τερπικέραυνος,a,Iliad,1,419,2274343,7,τερπικεραύνῳ,1731
εἶμι,v,Iliad,1,420,2274343,8,εἶμ',1732
αὐτός,a,Iliad,1,420,2274343,9,αὐτὴ,1733
Ὄλυμπος,n,Iliad,1,420,2274343,11,Ὄλυμπον,1734
ἀγάννιφος,a,Iliad,1,420,2274343,12,ἀγάννιφον,1735
πείθω,v,Iliad,1,420,2274343,15,πίθηται,1736
ναῦς,n,Iliad,1,421,2274344,5,νηυσὶ,1737
πάρημαι,v,Iliad,1,421,2274344,6,παρήμενος,1738
ὠκύπορος,a,Iliad,1,421,2274344,7,ὠκυπόροισι,1739
μηνίω,v,Iliad,1,422,2274344,8,μήνι',1740
Ἀχαιός,a,Iliad,1,422,2274344,9,Ἀχαιοῖσιν,1741
πόλεμος,n,Iliad,1,422,2274344a,11,πολέμου,1742
ἀποπαύω,v,Iliad,1,422,2274344a,13,ἀποπαύεο,1743
Ζεύς,n,Iliad,1,423,2274345,1,Ζεὺς,1744
Ὠκεανός,n,Iliad,1,423,2274345,4,Ὠκεανὸν,1745
ἀμύμων,a,Iliad,1,423,2274345,6,ἀμύμονας,1746
Αἰθίοψ,n,Iliad,1,423,2274345,7,Αἰθιοπῆας,1747
χθιζός,a,Iliad,1,424,2274345,8,χθιζὸς,1748
βαίνω,v,Iliad,1,424,2274345,9,ἔβη,1749
δαίς1,n,Iliad,1,424,2274345,11,δαῖτα,1750
θεός,n,Iliad,1,424,2274345a,13,θεοὶ,1751
πᾶς,a,Iliad,1,424,2274345a,16,πάντες,1752
ἕπομαι,v,Iliad,1,424,2274345a,17,ἕποντο,1753
δωδέκατος,a,Iliad,1,425,2274346,1,δωδεκάτῃ,1754
ἔρχομαι,v,Iliad,1,425,2274346,5,ἐλεύσεται,1755
Ὄλυμπος,n,Iliad,1,425,2274346,6,Οὔλυμπον,1756
εἶμι,v,Iliad,1,426,2274346a,13,εἶμι,1757
Ζεύς,n,Iliad,1,426,2274346a,14,Διὸς,1758
χαλκοβατής,a,Iliad,1,426,2274346a,16,χαλκοβατὲς,1759
δῶμα,n,Iliad,1,426,2274346a,17,δῶ,1760
γουνάζομαι,v,Iliad,1,427,2274346b,21,γουνάσομαι,1761
πείθω,v,Iliad,1,427,2274346c,24,πείσεσθαι,1762
οἴομαι,v,Iliad,1,427,2274346c,25,ὀΐω,1763
φωνέω,v,Iliad,1,428,2274347,3,φωνήσασ',1764
ἀποβαίνω,v,Iliad,1,428,2274347,4,ἀπεβήσετο,1765
λείπω,v,Iliad,1,428,2274347a,8,λίπ',1766
χώομαι,v,Iliad,1,429,2274347a,10,χωόμενον,1767
θυμός,n,Iliad,1,429,2274347a,12,θυμὸν,1768
εὔζωνος,a,Iliad,1,429,2274347a,13,ἐϋζώνοιο,1769
γυνή,n,Iliad,1,429,2274347a,14,γυναικὸς,1770
βία,n,Iliad,1,430,2274347a,17,βίῃ,1771
ἀέκων,a,Iliad,1,430,2274347a,18,ἀέκοντος,1772
ἀπαυράω,v,Iliad,1,430,2274347a,19,ἀπηύρων,1773
Ὀδυσσεύς,n,Iliad,1,430,2274348,2,Ὀδυσσεὺς,1774
Χρύση,n,Iliad,1,431,2274348,4,Χρύσην,1775
ἱκάνω,v,Iliad,1,431,2274348,5,ἵκανεν,1776
ἄγω,v,Iliad,1,431,2274348,6,ἄγων,1777
ἱερός,a,Iliad,1,431,2274348,7,ἱερὴν,1778
ἑκατόμβη,n,Iliad,1,431,2274348,8,ἑκατόμβην,1779
λιμήν,n,Iliad,1,432,2274349,5,λιμένος,1780
πολυβενθής,a,Iliad,1,432,2274349,6,πολυβενθέος,1781
ἱκνέομαι,v,Iliad,1,432,2274349,8,ἵκοντο,1782
ἱστίον,n,Iliad,1,433,2274349,9,ἱστία,1783
στέλλω,v,Iliad,1,433,2274349,11,στείλαντο,1784
τίθημι,v,Iliad,1,433,2274349,13,θέσαν,1785
ναῦς,n,Iliad,1,433,2274349,16,νηῒ,1786
μέλας,a,Iliad,1,433,2274349,17,μελαίνῃ,1787
ἱστός,n,Iliad,1,434,2274349a,19,ἱστὸν,1788
ἱστοδόκη,n,Iliad,1,434,2274349a,21,ἱστοδόκῃ,1789
πελάζω,v,Iliad,1,434,2274349a,22,πέλασαν,1790
πρότονοι,n,Iliad,1,434,2274349a,23,προτόνοισιν,1791
ὑφίημι,v,Iliad,1,434,2274349a,24,ὑφέντες,1792
ὅρμος2,n,Iliad,1,435,2274349b,30,ὅρμον,1793
προερέσσω,v,Iliad,1,435,2274349b,31,προέρεσσαν,1794
ἐρετμόν,n,Iliad,1,435,2274349b,32,ἐρετμοῖς,1795
εὐνή,n,Iliad,1,436,2274350,3,εὐνὰς,1796
βάλλω,v,Iliad,1,436,2274350,4,ἔβαλον,1797
πρυμνήσιος,a,Iliad,1,436,2274350a,8,πρυμνήσι',1798
δέω,v,Iliad,1,436,2274350a,9,ἔδησαν,1799
αὐτός,a,Iliad,1,437,2274351,4,αὐτοὶ,1800
βαίνω,v,Iliad,1,437,2274351,5,βαῖνον,1801
ῥηγμίν,n,Iliad,1,437,2274351,7,ῥηγμῖνι,1802
θάλασσα,n,Iliad,1,437,2274351,8,θαλάσσης,1803
ἑκατόμβη,n,Iliad,1,438,2274351a,12,ἑκατόμβην,1804
βαίνω,v,Iliad,1,438,2274351a,13,βῆσαν,1805
ἑκηβόλος,a,Iliad,1,438,2274351a,14,ἑκηβόλῳ,1806
Ἀπόλλων,n,Iliad,1,438,2274351a,15,Ἀπόλλωνι,1807
Χρυσηίς,n,Iliad,1,439,2274352,3,Χρυσηῒς,1808
ναῦς,n,Iliad,1,439,2274352,4,νηὸς,1809
βαίνω,v,Iliad,1,439,2274352,5,βῆ,1810
ποντοπόρος,a,Iliad,1,439,2274352,6,ποντοπόροιο,1811
βωμός,n,Iliad,1,440,2274353,5,βωμὸν,1812
ἄγω,v,Iliad,1,440,2274353,6,ἄγων,1813
πολύμητις,a,Iliad,1,440,2274353,7,πολύμητις,1814
Ὀδυσσεύς,n,Iliad,1,440,2274353,8,Ὀδυσσεὺς,1815
πατήρ,n,Iliad,1,441,2274353,9,πατρὶ,1816
φίλος,a,Iliad,1,441,2274353,10,φίλῳ,1817
χείρ,n,Iliad,1,441,2274353,12,χερσὶ,1818
τίθημι,v,Iliad,1,441,2274353,13,τίθει,1819
προσεῖπον,v,Iliad,1,441,2274353a,16,προσέειπεν,1820
Χρύσης,n,Iliad,1,442,2274354,2,Χρύση,1821
πέμπω,v,Iliad,1,442,2274354,6,ἔπεμψεν,1822
ἄναξ,n,Iliad,1,442,2274354,7,ἄναξ,1823
ἀνήρ,n,Iliad,1,442,2274354,8,ἀνδρῶν,1824
Ἀγαμέμνων,n,Iliad,1,442,2274354,9,Ἀγαμέμνων,1825
παῖς,n,Iliad,1,443,2274354,10,παῖδά,1826
ἄγω,v,Iliad,1,443,2274354,13,ἀγέμεν,1827
Φοῖβος,n,Iliad,1,443,2274354,15,Φοίβῳ,1828
ἱερός,a,Iliad,1,443,2274354,17,ἱερὴν,1829
ἑκατόμβη,n,Iliad,1,443,2274354,18,ἑκατόμβην,1830
ῥέζω,v,Iliad,1,444,2274354,19,ῥέξαι,1831
Δαναοί,n,Iliad,1,444,2274354,21,Δαναῶν,1832
ἱλάσκομαι,v,Iliad,1,444,2274354,23,ἱλασόμεσθα,1833
ἄναξ,n,Iliad,1,444,2274354,24,ἄνακτα,1834
Ἀργεῖος,a,Iliad,1,445,2274354,28,Ἀργείοισι,1835
πολύστονος,a,Iliad,1,445,2274354,29,πολύστονα,1836
κῆδος,n,Iliad,1,445,2274354,30,κήδε',1837
ἐφίημι,v,Iliad,1,445,2274354,31,ἐφῆκεν,1838
εἶπον,v,Iliad,1,446,2274355,2,εἰπὼν,1839
χείρ,n,Iliad,1,446,2274355,4,χερσὶ,1840
τίθημι,v,Iliad,1,446,2274355,5,τίθει,1841
δέχομαι,v,Iliad,1,446,2274355a,9,δέξατο,1842
χαίρω,v,Iliad,1,446,2274355a,10,χαίρων,1843
παῖς,n,Iliad,1,447,2274355a,11,παῖδα,1844
φίλος,a,Iliad,1,447,2274355a,12,φίλην,1845
θεός,n,Iliad,1,447,2274356,4,θεῷ,1846
ἱερός,a,Iliad,1,447,2274356,5,ἱερὴν,1847
ἑκατόμβη,n,Iliad,1,447,2274356,6,ἑκατόμβην,1848
ἵστημι,v,Iliad,1,448,2274356,8,ἔστησαν,1849
εὔδμητος,a,Iliad,1,448,2274356,9,ἐΰδμητον,1850
βωμός,n,Iliad,1,448,2274356,11,βωμόν,1851
χερνίπτομαι,v,Iliad,1,449,2274356a,13,χερνίψαντο,1852
οὐλοχύται,n,Iliad,1,449,2274356a,17,οὐλοχύτας,1853
ἀναιρέω,v,Iliad,1,449,2274356a,18,ἀνέλοντο,1854
Χρύσης,n,Iliad,1,450,2274357,3,Χρύσης,1855
μέγας,a,Iliad,1,450,2274357,4,μεγάλ',1856
εὔχομαι,v,Iliad,1,450,2274357,5,εὔχετο,1857
χείρ,n,Iliad,1,450,2274357,6,χεῖρας,1858
ἀνέχω,v,Iliad,1,450,2274357,7,ἀνασχών,1859
κλύω,v,Iliad,1,451,2274358,1,κλῦθί,1860
ἀργυρότοξος,a,Iliad,1,451,2274358,3,ἀργυρότοξ',1861
Χρύση,n,Iliad,1,451,2274358,6,Χρύσην,1862
ἀμφιβαίνω,v,Iliad,1,451,2274358,7,ἀμφιβέβηκας,1863
Κίλλα,n,Iliad,1,452,2274358,8,Κίλλαν,1864
ζάθεος,a,Iliad,1,452,2274358,10,ζαθέην,1865
Τένεδος,n,Iliad,1,452,2274358,11,Τενέδοιό,1866
ἀνάσσω,v,Iliad,1,452,2274358,14,ἀνάσσεις,1867
κλύω,v,Iliad,1,453,2274359,7,ἔκλυες,1868
εὔχομαι,v,Iliad,1,453,2274359,8,εὐξαμένοιο,1869
τιμάω,v,Iliad,1,454,2274359a,10,τίμησας,1870
μέγας,a,Iliad,1,454,2274359a,14,μέγα,1871
ἴπτομαι,v,Iliad,1,454,2274359a,16,ἴψαο,1872
λαός,n,Iliad,1,454,2274359a,17,λαὸν,1873
Ἀχαιός,a,Iliad,1,454,2274359a,18,Ἀχαιῶν,1874
ἐπικραίνω,v,Iliad,1,455,2274360,7,ἐπικρήηνον,1875
ἔλδωρ,n,Iliad,1,455,2274360,8,ἐέλδωρ,1876
Δαναοί,n,Iliad,1,456,2274361,3,Δαναοῖσιν,1877
ἀεικής,a,Iliad,1,456,2274361,4,ἀεικέα,1878
λοιγός,n,Iliad,1,456,2274361,5,λοιγὸν,1879
ἀμύνω,v,Iliad,1,456,2274361,6,ἄμυνον,1880
φημί,v,Iliad,1,457,2274362,2,ἔφατ',1881
εὔχομαι,v,Iliad,1,457,2274362,3,εὐχόμενος,1882
κλύω,v,Iliad,1,457,2274362a,7,ἔκλυε,1883
Φοῖβος,n,Iliad,1,457,2274362a,8,Φοῖβος,1884
Ἀπόλλων,n,Iliad,1,457,2274362a,9,Ἀπόλλων,1885
εὔχομαι,v,Iliad,1,458,2274363,4,εὔξαντο,1886
οὐλοχύται,n,Iliad,1,458,2274363,6,οὐλοχύτας,1887
προβάλλω,v,Iliad,1,458,2274363,7,προβάλοντο,1888
αὐερύω,v,Iliad,1,459,2274363,9,αὐέρυσαν,1889
πρῶτος,a,Iliad,1,459,2274363,11,πρῶτα,1890
σφάζω,v,Iliad,1,459,2274363,13,ἔσφαξαν,1891
δέρω,v,Iliad,1,459,2274363,15,ἔδειραν,1892
μηρός,n,Iliad,1,460,2274363,17,μηρούς,1893
ἐκτέμνω,v,Iliad,1,460,2274363,19,ἐξέταμον,1894
κνῖσα,n,Iliad,1,460,2274363,22,κνίσῃ,1895
καλύπτω,v,Iliad,1,460,2274363,23,ἐκάλυψαν,1896
δίπτυχος,a,Iliad,1,461,2274363,24,δίπτυχα,1897
ποιέω,v,Iliad,1,461,2274363,25,ποιήσαντες,1898
αὐτός,a,Iliad,1,461,2274363a,28,αὐτῶν,1899
ὠμοθετέω,v,Iliad,1,461,2274363a,30,ὠμοθέτησαν,1900
καίω,v,Iliad,1,462,2274364,1,καῖε,1901
σχίζα,n,Iliad,1,462,2274364,4,σχίζῃς,1902
γέρων,n,Iliad,1,462,2274364,6,γέρων,1903
αἶθοψ,a,Iliad,1,462,2274364a,10,αἴθοπα,1904
οἶνος,n,Iliad,1,462,2274364a,11,οἶνον,1905
λείβω,v,Iliad,1,463,2274364a,12,λεῖβε,1906
νέος,a,Iliad,1,463,2274365,1,νέοι,1907
αὐτός,a,Iliad,1,463,2274365,4,αὐτὸν,1908
ἔχω,v,Iliad,1,463,2274365,5,ἔχον,1909
πεμπώβολον,n,Iliad,1,463,2274365,6,πεμπώβολα,1910
χείρ,n,Iliad,1,463,2274365,7,χερσίν,1911
μῆρα,n,Iliad,1,464,2274366,4,μῆρε,1912
καίω,v,Iliad,1,464,2274366,5,κάη,1913
σπλάγχνον,n,Iliad,1,464,2274366,7,σπλάγχνα,1914
πατέομαι,v,Iliad,1,464,2274366,8,πάσαντο,1915
μιστύλλω,v,Iliad,1,465,2274366,10,μίστυλλόν,1916
ἄλλος,a,Iliad,1,465,2274366,13,τἆλλα,1917
ὀβελός,n,Iliad,1,465,2274366,16,ὀβελοῖσιν,1918
πείρω,v,Iliad,1,465,2274366,17,ἔπειραν,1919
ὀπτάω,v,Iliad,1,466,2274366,19,ὤπτησάν,1920
ἐρύω1,v,Iliad,1,466,2274366,23,ἐρύσαντό,1921
πᾶς,a,Iliad,1,466,2274366,25,πάντα,1922
παύω,v,Iliad,1,467,2274367,3,παύσαντο,1923
πόνος,n,Iliad,1,467,2274367,4,πόνου,1924
τεύχω,v,Iliad,1,467,2274367,5,τετύκοντό,1925
δαίς1,n,Iliad,1,467,2274367,7,δαῖτα,1926
δαίνυμι,v,Iliad,1,468,2274367,8,δαίνυντ',1927
θυμός,n,Iliad,1,468,2274367,13,θυμὸς,1928
δέω,v,Iliad,1,468,2274367,14,ἐδεύετο,1929
δαίς1,n,Iliad,1,468,2274367,15,δαιτὸς,1930
ἴσος,a,Iliad,1,468,2274367,16,ἐΐσης,1931
πόσις2,n,Iliad,1,469,2274368,3,πόσιος,1932
ἐδητύς,n,Iliad,1,469,2274368,5,ἐδητύος,1933
ἔρος,n,Iliad,1,469,2274368,7,ἔρον,1934
ἵημι,v,Iliad,1,469,2274368,8,ἕντο,1935
κοῦρος,n,Iliad,1,470,2274368,10,κοῦροι,1936
κρατήρ,n,Iliad,1,470,2274368,12,κρητῆρας,1937
ἐπιστέφω,v,Iliad,1,470,2274368,13,ἐπεστέψαντο,1938
ποτός,a,Iliad,1,470,2274368,14,ποτοῖο,1939
νωμάω,v,Iliad,1,471,2274368,16,νώμησαν,1940
πᾶς,a,Iliad,1,471,2274368,19,πᾶσιν,1941
ἐπάρχω,v,Iliad,1,471,2274368,20,ἐπαρξάμενοι,1942
δέπας,n,Iliad,1,471,2274368,21,δεπάεσσιν,1943
πανημέριος,a,Iliad,1,472,2274369,3,πανημέριοι,1944
μολπή,n,Iliad,1,472,2274369,4,μολπῇ,1945
θεός,n,Iliad,1,472,2274369,5,θεὸν,1946
ἱλάσκομαι,v,Iliad,1,472,2274369,6,ἱλάσκοντο,1947
καλός,a,Iliad,1,473,2274369,7,καλὸν,1948
ἀείδω,v,Iliad,1,473,2274369,8,ἀείδοντες,1949
παιάν,n,Iliad,1,473,2274369,9,παιήονα,1950
κοῦρος,n,Iliad,1,473,2274369,10,κοῦροι,1951
Ἀχαιός,a,Iliad,1,473,2274369,11,Ἀχαιῶν,1952
μέλπω,v,Iliad,1,474,2274369,12,μέλποντες,1953
Ἑκάεργος,a,Iliad,1,474,2274369,13,ἑκάεργον,1954
φρήν,n,Iliad,1,474,2274370,3,φρένα,1955
τέρπω,v,Iliad,1,474,2274370,4,τέρπετ',1956
ἀκούω,v,Iliad,1,474,2274370,5,ἀκούων,1957
ἥλιος,n,Iliad,1,475,2274371,3,ἠέλιος,1958
καταδύω,v,Iliad,1,475,2274371,4,κατέδυ,1959
κνέφας,n,Iliad,1,475,2274371,7,κνέφας,1960
ἔρχομαι,v,Iliad,1,475,2274371,8,ἦλθε,1961
κοιμάω,v,Iliad,1,476,2274371,12,κοιμήσαντο,1962
πρυμνήσιος,a,Iliad,1,476,2274371,14,πρυμνήσια,1963
ναῦς,n,Iliad,1,476,2274371,15,νηός,1964
ἠριγένεια,a,Iliad,1,477,2274372,3,ἠριγένεια,1965
φαίνω,v,Iliad,1,477,2274372,4,φάνη,1966
ῥοδοδάκτυλος,a,Iliad,1,477,2274372,5,ῥοδοδάκτυλος,1967
ἠώς,n,Iliad,1,477,2274372,6,Ἠώς,1968
ἀνάγω,v,Iliad,1,478,2274372,11,ἀνάγοντο,1969
στρατός,n,Iliad,1,478,2274372,13,στρατὸν,1970
εὐρύς,a,Iliad,1,478,2274372,14,εὐρὺν,1971
Ἀχαιός,a,Iliad,1,478,2274372,15,Ἀχαιῶν,1972
ἴκμενος,a,Iliad,1,479,2274373,3,ἴκμενον,1973
οὖρος,n,Iliad,1,479,2274373,4,οὖρον,1974
ἵημι,v,Iliad,1,479,2274373,5,ἵει,1975
Ἑκάεργος,a,Iliad,1,479,2274373,6,ἑκάεργος,1976
Ἀπόλλων,n,Iliad,1,479,2274373,7,Ἀπόλλων,1977
ἱστός,n,Iliad,1,480,2274374,3,ἱστὸν,1978
ἵστημι,v,Iliad,1,480,2274374,4,στήσαντ',1979
ἱστίον,n,Iliad,1,480,2274374,7,ἱστία,1980
λευκός,a,Iliad,1,480,2274374,8,λευκὰ,1981
πετάννυμι,v,Iliad,1,480,2274374,9,πέτασσαν,1982
ἄνεμος,n,Iliad,1,481,2274374a,13,ἄνεμος,1983
πρήθω,v,Iliad,1,481,2274374a,14,πρῆσεν,1984
μέσος,a,Iliad,1,481,2274374a,15,μέσον,1985
ἱστίον,n,Iliad,1,481,2274374a,16,ἱστίον,1986
κῦμα,n,Iliad,1,481,2274374b,20,κῦμα,1987
στεῖρα,n,Iliad,1,482,2274374b,21,στείρῃ,1988
πορφύρεος,a,Iliad,1,482,2274374b,22,πορφύρεον,1989
μέγας,a,Iliad,1,482,2274374b,23,μεγάλ',1990
ἰάχω,v,Iliad,1,482,2274374b,24,ἴαχε,1991
ναῦς,n,Iliad,1,482,2274374b,25,νηὸς,1992
εἶμι,v,Iliad,1,482,2274374b,26,ἰούσης,1993
θέω,v,Iliad,1,483,2274375,3,ἔθεεν,1994
κῦμα,n,Iliad,1,483,2274375,5,κῦμα,1995
διαπράσσω,v,Iliad,1,483,2274375,6,διαπρήσσουσα,1996
κέλευθος,n,Iliad,1,483,2274375,7,κέλευθον,1997
ἱκνέομαι,v,Iliad,1,484,2274376,4,ἵκοντο,1998
στρατός,n,Iliad,1,484,2274376,6,στρατὸν,1999
εὐρύς,a,Iliad,1,484,2274376,7,εὐρὺν,2000
Ἀχαιός,a,Iliad,1,484,2274376,8,Ἀχαιῶν,2001
ναῦς,n,Iliad,1,485,2274376,10,νῆα,2002
μέλας,a,Iliad,1,485,2274376,14,μέλαιναν,2003
ἤπειρος,n,Iliad,1,485,2274376,16,ἠπείροιο,2004
ἐρύω1,v,Iliad,1,485,2274376,17,ἔρυσσαν,2005
ψάμαθος,n,Iliad,1,486,2274376,20,ψαμάθοις,2006
ἕρμα,n,Iliad,1,486,2274376,24,ἕρματα,2007
μακρός,a,Iliad,1,486,2274376,25,μακρὰ,2008
τανύω,v,Iliad,1,486,2274376,26,τάνυσσαν,2009
αὐτός,a,Iliad,1,487,2274377,1,αὐτοὶ,2010
σκίδνημι,v,Iliad,1,487,2274377,3,ἐσκίδναντο,2011
κλισία,n,Iliad,1,487,2274377,5,κλισίας,2012
ναῦς,n,Iliad,1,487,2274377,7,νέας,2013
μηνίω,v,Iliad,1,488,2274378,3,μήνιε,2014
ναῦς,n,Iliad,1,488,2274378,4,νηυσὶ,2015
πάρημαι,v,Iliad,1,488,2274378,5,παρήμενος,2016
ὠκύπορος,a,Iliad,1,488,2274378,6,ὠκυπόροισι,2017
διογενής,a,Iliad,1,489,2274378,7,διογενὴς,2018
Πηλεύς,n,Iliad,1,489,2274378,8,Πηλῆος,2019
υἱός,n,Iliad,1,489,2274378,9,υἱὸς,2020
πούς,n,Iliad,1,489,2274378,10,πόδας,2021
ὠκύς,a,Iliad,1,489,2274378,11,ὠκὺς,2022
Ἀχιλλεύς,n,Iliad,1,489,2274378,12,Ἀχιλλεύς,2023
ἀγορά,n,Iliad,1,490,2274379,4,ἀγορὴν,2024
πωλέομαι,v,Iliad,1,490,2274379,5,πωλέσκετο,2025
κυδιάνειρα,a,Iliad,1,490,2274379,6,κυδιάνειραν,2026
πόλεμος,n,Iliad,1,491,2274379,10,πόλεμον,2027
φθινύθω,v,Iliad,1,491,2274379a,13,φθινύθεσκε,2028
φίλος,a,Iliad,1,491,2274379a,14,φίλον,2029
κῆρ,n,Iliad,1,491,2274379a,15,κῆρ,2030
μένω,v,Iliad,1,492,2274379a,17,μένων,2031
ποθέω,v,Iliad,1,492,2274379b,19,ποθέεσκε,2032
ἀυτή,n,Iliad,1,492,2274379b,21,ἀϋτήν,2033
πόλεμος,n,Iliad,1,492,2274379b,23,πτόλεμόν,2034
δωδέκατος,a,Iliad,1,493,2274380,7,δυωδεκάτη,2035
γίγνομαι,v,Iliad,1,493,2274380,8,γένετ',2036
ἠώς,n,Iliad,1,493,2274380,9,ἠώς,2037
Ὄλυμπος,n,Iliad,1,494,2274380,15,Ὄλυμπον,2038
εἶμι,v,Iliad,1,494,2274380,16,ἴσαν,2039
θεός,n,Iliad,1,494,2274380,17,θεοὶ,2040
εἰμί,v,Iliad,1,494,2274380,19,ἐόντες,2041
πᾶς,a,Iliad,1,495,2274380,20,πάντες,2042
Ζεύς,n,Iliad,1,495,2274380a,23,Ζεὺς,2043
ἄρχω,v,Iliad,1,495,2274380a,25,ἦρχε,2044
Θέτις,n,Iliad,1,495,2274381,1,Θέτις,2045
λανθάνω,v,Iliad,1,495,2274381,4,λήθετ',2046
ἐφετμή,n,Iliad,1,495,2274381,5,ἐφετμέων,2047
παῖς,n,Iliad,1,496,2274381,6,παιδὸς,2048
ἑός,a,Iliad,1,496,2274381,7,ἑοῦ,2049
ἀναδύνω,v,Iliad,1,496,2274381a,12,ἀνεδύσετο,2050
κῦμα,n,Iliad,1,496,2274381a,13,κῦμα,2051
θάλασσα,n,Iliad,1,496,2274381a,14,θαλάσσης,2052
ἠέριος,a,Iliad,1,497,2274382,1,ἠερίη,2053
ἀναβαίνω,v,Iliad,1,497,2274382,3,ἀνέβη,2054
μέγας,a,Iliad,1,497,2274382,4,μέγαν,2055
οὐρανός,n,Iliad,1,497,2274382,5,οὐρανὸν,2056
Ὄλυμπος,n,Iliad,1,497,2274382,6,Οὔλυμπόν,2057
εὑρίσκω,v,Iliad,1,498,2274383,1,εὗρεν,2058
εὐρύοπα,a,Iliad,1,498,2274383,3,εὐρύοπα,2059
Κρονίδης,n,Iliad,1,498,2274383,4,Κρονίδην,2060
ἧμαι,v,Iliad,1,498,2274383,6,ἥμενον,2061
ἄλλος,a,Iliad,1,498,2274383,7,ἄλλων,2062
ἄκρος,a,Iliad,1,499,2274383,8,ἀκροτάτῃ,2063
κορυφή,n,Iliad,1,499,2274383,9,κορυφῇ,2064
πολυδειράς,a,Iliad,1,499,2274383,10,πολυδειράδος,2065
Ὄλυμπος,n,Iliad,1,499,2274383,11,Οὐλύμποιο,2066
αὐτός,a,Iliad,1,500,2274384,4,αὐτοῖο,2067
καθέζομαι,v,Iliad,1,500,2274384,5,καθέζετο,2068
λαμβάνω,v,Iliad,1,500,2274384a,8,λάβε,2069
γόνυ,n,Iliad,1,500,2274384a,9,γούνων,2070
σκαιός,a,Iliad,1,501,2274384a,10,σκαιῇ,2071
δεξιτερός,a,Iliad,1,501,2274384b,12,δεξιτερῇ,2072
ἀνθερεών,n,Iliad,1,501,2274384b,16,ἀνθερεῶνος,2073
αἱρέω,v,Iliad,1,501,2274384b,17,ἑλοῦσα,2074
λίσσομαι,v,Iliad,1,502,2274384b,18,λισσομένη,2075
προσεῖπον,v,Iliad,1,502,2274384b,19,προσέειπε,2076
Ζεύς,n,Iliad,1,502,2274384b,20,Δία,2077
Κρονίων,n,Iliad,1,502,2274384b,21,Κρονίωνα,2078
ἄναξ,n,Iliad,1,502,2274384b,22,ἄνακτα,2079
Ζεύς,n,Iliad,1,503,2274385,1,Ζεῦ,2080
πατήρ,n,Iliad,1,503,2274385,2,πάτερ,2081
ἀθάνατος,a,Iliad,1,503,2274385,8,ἀθανάτοισιν,2082
ὀνίνημι,v,Iliad,1,503,2274385,9,ὄνησα,2083
ἔπος,n,Iliad,1,504,2274385,11,ἔπει,2084
ἔργον,n,Iliad,1,504,2274385,13,ἔργῳ,2085
κραίνω,v,Iliad,1,504,2274385,17,κρήηνον,2086
ἔλδωρ,n,Iliad,1,504,2274385,18,ἐέλδωρ,2087
τιμάω,v,Iliad,1,505,2274386,1,τίμησόν,2088
υἱός,n,Iliad,1,505,2274386,3,υἱὸν,2089
ὠκύμορος,a,Iliad,1,505,2274386,5,ὠκυμορώτατος,2090
ἄλλος,a,Iliad,1,505,2274386,6,ἄλλων,2091
πέλω,v,Iliad,1,506,2274386,7,ἔπλετ',2092
ἄναξ,n,Iliad,1,506,2274387,5,ἄναξ,2093
ἀνήρ,n,Iliad,1,506,2274387,6,ἀνδρῶν,2094
Ἀγαμέμνων,n,Iliad,1,506,2274387,7,Ἀγαμέμνων,2095
ἀτιμάω,v,Iliad,1,507,2274387,8,ἠτίμησεν,2096
αἱρέω,v,Iliad,1,507,2274388,1,ἑλὼν,2097
ἔχω,v,Iliad,1,507,2274388,3,ἔχει,2098
γέρας,n,Iliad,1,507,2274388,4,γέρας,2099
αὐτός,a,Iliad,1,507,2274388,5,αὐτὸς,2100
ἀπαυράω,v,Iliad,1,507,2274388,6,ἀπούρας,2101
τίνω,v,Iliad,1,508,2274389,5,τῖσον,2102
Ὀλύμπιος,a,Iliad,1,508,2274389,6,Ὀλύμπιε,2103
μητίετα,n,Iliad,1,508,2274389,7,μητίετα,2104
Ζεύς,n,Iliad,1,508,2274389,8,Ζεῦ,2105
Τρώς,n,Iliad,1,509,2274390,4,Τρώεσσι,2106
τίθημι,v,Iliad,1,509,2274390,5,τίθει,2107
κράτος,n,Iliad,1,509,2274390,6,κράτος,2108
Ἀχαιός,a,Iliad,1,509,2274390,9,Ἀχαιοὶ,2109
υἱός,n,Iliad,1,510,2274390,10,υἱὸν,2110
ἐμός,a,Iliad,1,510,2274390,11,ἐμὸν,2111
τίνω,v,Iliad,1,510,2274390,12,τίσωσιν,2112
ὀφέλλω,v,Iliad,1,510,2274390,13,ὀφέλλωσίν,2113
τιμή,n,Iliad,1,510,2274390,16,τιμῇ,2114
φημί,v,Iliad,1,511,2274391,2,φάτο,2115
πρόσφημι,v,Iliad,1,511,2274392,5,προσέφη,2116
νεφεληγερέτα,n,Iliad,1,511,2274392,6,νεφεληγερέτα,2117
Ζεύς,n,Iliad,1,511,2274392,7,Ζεύς,2118
ἀκέων,a,Iliad,1,512,2274392a,10,ἀκέων,2119
ἧμαι,v,Iliad,1,512,2274392a,12,ἧστο,2120
Θέτις,n,Iliad,1,512,2274393,1,Θέτις,2121
ἅπτω,v,Iliad,1,512,2274393,4,ἥψατο,2122
γόνυ,n,Iliad,1,512,2274393,5,γούνων,2123
ἔχω,v,Iliad,1,513,2274393,7,ἔχετ',2124
ἐμφύω,v,Iliad,1,513,2274393,8,ἐμπεφυυῖα,2125
ἔρομαι,v,Iliad,1,513,2274393a,11,εἴρετο,2126
δεύτερος,a,Iliad,1,513,2274393a,12,δεύτερον,2127
νημερτής,a,Iliad,1,514,2274394,1,νημερτὲς,2128
ὑπισχνέομαι,v,Iliad,1,514,2274394,5,ὑπόσχεο,2129
κατανεύω,v,Iliad,1,514,2274394,7,κατάνευσον,2130
ἀπεῖπον,v,Iliad,1,515,2274394,9,ἀπόειπ',2131
δέος,n,Iliad,1,515,2274394,15,δέος,2132
οἶδα,v,Iliad,1,515,2274394,19,εἰδέω,2133
ὅσος,a,Iliad,1,516,2274394,20,ὅσσον,2134
πᾶς,a,Iliad,1,516,2274394,23,πᾶσιν,2135
ἄτιμος,a,Iliad,1,516,2274394,24,ἀτιμοτάτη,2136
θεός,n,Iliad,1,516,2274394,25,θεός,2137
εἰμί,v,Iliad,1,516,2274394,26,εἰμι,2138
μέγας,a,Iliad,1,517,2274395,3,μέγ',2139
ὀχθέω,v,Iliad,1,517,2274395,4,ὀχθήσας,2140
πρόσφημι,v,Iliad,1,517,2274395,5,προσέφη,2141
νεφεληγερέτα,n,Iliad,1,517,2274395,6,νεφεληγερέτα,2142
Ζεύς,n,Iliad,1,517,2274395,7,Ζεύς,2143
λοίγιος,a,Iliad,1,518,2274396,3,λοίγια,2144
ἔργον,n,Iliad,1,518,2274396,4,ἔργ',2145
ἐχθοδοπέω,v,Iliad,1,518,2274396,8,ἐχθοδοπῆσαι,2146
ἐφίημι,v,Iliad,1,518,2274396,9,ἐφήσεις,2147
Ἥρα,n,Iliad,1,519,2274396,10,Ἥρῃ,2148
ἐρέθω,v,Iliad,1,519,2274396,14,ἐρέθῃσιν,2149
ὀνείδειος,a,Iliad,1,519,2274396,15,ὀνειδείοις,2150
ἔπος,n,Iliad,1,519,2274396,16,ἐπέεσσιν,2151
ἀθάνατος,a,Iliad,1,520,2274397,8,ἀθανάτοισι,2152
θεός,n,Iliad,1,520,2274397,9,θεοῖσι,2153
νεικέω,v,Iliad,1,521,2274397,10,νεικεῖ,2154
φημί,v,Iliad,1,521,2274397a,15,φησι,2155
μάχη,n,Iliad,1,521,2274397a,16,μάχῃ,2156
Τρώς,n,Iliad,1,521,2274397a,17,Τρώεσσιν,2157
ἀρήγω,v,Iliad,1,521,2274397a,18,ἀρήγειν,2158
ἀποστείχω,v,Iliad,1,522,2274398,6,ἀπόστιχε,2159
νοέω,v,Iliad,1,522,2274398,9,νοήσῃ,2160
Ἥρα,n,Iliad,1,523,2274398,10,Ἥρη,2161
οὗτος,a,Iliad,1,523,2274399,4,ταῦτα,2162
μέλω,v,Iliad,1,523,2274399,5,μελήσεται,2163
τελέω,v,Iliad,1,523,2274399,7,τελέσσω,2164
κεφαλή,n,Iliad,1,524,2274400,5,κεφαλῇ,2165
κατανεύω,v,Iliad,1,524,2274400,6,κατανεύσομαι,2166
πείθω,v,Iliad,1,524,2274400,8,πεποίθῃς,2167
οὗτος,a,Iliad,1,525,2274401,1,τοῦτο,2168
ἀθάνατος,a,Iliad,1,525,2274401,7,ἀθανάτοισι,2169
μέγας,a,Iliad,1,525,2274401,8,μέγιστον,2170
τέκμαρ,n,Iliad,1,526,2274401,9,τέκμωρ,2171
ἐμός,a,Iliad,1,526,2274402,3,ἐμὸν,2172
παλινάγρετος,a,Iliad,1,526,2274402,4,παλινάγρετον,2173
ἀπατηλός,a,Iliad,1,526,2274402,7,ἀπατηλὸν,2174
ἀτελεύτητος,a,Iliad,1,527,2274402,10,ἀτελεύτητον,2175
κεφαλή,n,Iliad,1,527,2274402,14,κεφαλῇ,2176
κατανεύω,v,Iliad,1,527,2274402,15,κατανεύσω,2177
ἠμί,v,Iliad,1,528,2274403,1,ἦ,2178
κυάνεος,a,Iliad,1,528,2274403a,3,κυανέῃσιν,2179
ὀφρύς,n,Iliad,1,528,2274403a,5,ὀφρύσι,2180
νεύω,v,Iliad,1,528,2274403a,6,νεῦσε,2181
Κρονίων,n,Iliad,1,528,2274403a,7,Κρονίων,2182
ἀμβρόσιος,a,Iliad,1,529,2274404,1,ἀμβρόσιαι,2183
χαίτη,n,Iliad,1,529,2274404,4,χαῖται,2184
ἐπιρρώομαι,v,Iliad,1,529,2274404,5,ἐπερρώσαντο,2185
ἄναξ,n,Iliad,1,529,2274404,6,ἄνακτος,2186
κάρα,n,Iliad,1,530,2274404,7,κρατὸς,2187
ἀθάνατος,a,Iliad,1,530,2274404,9,ἀθανάτοιο,2188
μέγας,a,Iliad,1,530,2274405,1,μέγαν,2189
ἐλελίζω,v,Iliad,1,530,2274405,3,ἐλέλιξεν,2190
Ὄλυμπος,n,Iliad,1,530,2274405,4,Ὄλυμπον,2191
βουλεύω,v,Iliad,1,531,2274406,4,βουλεύσαντε,2192
διατμήγω,v,Iliad,1,531,2274406,5,διέτμαγεν,2193
ἅλς1,n,Iliad,1,532,2274407,5,ἅλα,2194
ἅλλομαι,v,Iliad,1,532,2274407,6,ἆλτο,2195
βαθύς,a,Iliad,1,532,2274407,7,βαθεῖαν,2196
αἰγλήεις,a,Iliad,1,532,2274407,9,αἰγλήεντος,2197
Ὄλυμπος,n,Iliad,1,532,2274407,10,Ὀλύμπου,2198
Ζεύς,n,Iliad,1,533,2274407,12,Ζεὺς,2199
ἑός,a,Iliad,1,533,2274407,14,ἑὸν,2200
δῶμα,n,Iliad,1,533,2274407,16,δῶμα,2201
θεός,n,Iliad,1,533,2274408,1,θεοὶ,2202
πᾶς,a,Iliad,1,533,2274408,4,πάντες,2203
ἀνίστημι,v,Iliad,1,533,2274408,5,ἀνέσταν,2204
ἕδος,n,Iliad,1,534,2274408,7,ἑδέων,2205
σφός,a,Iliad,1,534,2274408,8,σφοῦ,2206
πατήρ,n,Iliad,1,534,2274408,9,πατρὸς,2207
τλάω,v,Iliad,1,534,2274409,4,ἔτλη,2208
μένω,v,Iliad,1,535,2274409,5,μεῖναι,2209
ἐπέρχομαι,v,Iliad,1,535,2274409,6,ἐπερχόμενον,2210
ἀντίος,a,Iliad,1,535,2274409a,9,ἀντίοι,2211
ἵστημι,v,Iliad,1,535,2274409a,10,ἔσταν,2212
ἅπας,a,Iliad,1,535,2274409a,11,ἅπαντες,2213
καθέζομαι,v,Iliad,1,536,2274410,5,καθέζετ',2214
θρόνος,n,Iliad,1,536,2274410,7,θρόνου,2215
Ἥρα,n,Iliad,1,536,2274411,4,Ἥρη,2216
ἀγνοέω,v,Iliad,1,537,2274411,5,ἠγνοίησεν,2217
εἶδον,v,Iliad,1,537,2274411,6,ἰδοῦσ',2218
συμφράζομαι,v,Iliad,1,537,2274411,9,συμφράσσατο,2219
βουλή,n,Iliad,1,537,2274411,10,βουλὰς,2220
ἀργυρόπεζος,a,Iliad,1,538,2274411,11,ἀργυρόπεζα,2221
Θέτις,n,Iliad,1,538,2274411,12,Θέτις,2222
θυγάτηρ,n,Iliad,1,538,2274411,13,θυγάτηρ,2223
ἅλιος,a,Iliad,1,538,2274411,14,ἁλίοιο,2224
γέρων,n,Iliad,1,538,2274411,15,γέροντος,2225
κερτόμιος,a,Iliad,1,539,2274412,2,κερτομίοισι,2226
Ζεύς,n,Iliad,1,539,2274412,3,Δία,2227
Κρονίων,n,Iliad,1,539,2274412,4,Κρονίωνα,2228
προσαυδάω,v,Iliad,1,539,2274412,5,προσηύδα,2229
δολομήτης,n,Iliad,1,540,2274413,5,δολομῆτα,2230
θεός,n,Iliad,1,540,2274413,6,θεῶν,2231
συμφράζομαι,v,Iliad,1,540,2274413,7,συμφράσσατο,2232
βουλή,n,Iliad,1,540,2274413,8,βουλάς,2233
φίλος,a,Iliad,1,541,2274414,3,φίλον,2234
εἰμί,v,Iliad,1,541,2274414,4,ἐστὶν,2235
εἰμί,v,Iliad,1,541,2274414,8,ἐόντα,2236
κρυπτάδιος,a,Iliad,1,542,2274414,9,κρυπτάδια,2237
φρονέω,v,Iliad,1,542,2274414,10,φρονέοντα,2238
δικάζω,v,Iliad,1,542,2274414,11,δικαζέμεν,2239
πρόφρων,a,Iliad,1,543,2274415,6,πρόφρων,2240
τλάω,v,Iliad,1,543,2274415,7,τέτληκας,2241
εἶπον,v,Iliad,1,543,2274415,8,εἰπεῖν,2242
ἔπος,n,Iliad,1,543,2274415,9,ἔπος,2243
νοέω,v,Iliad,1,543,2274415,11,νοήσῃς,2244
ἀμείβω,v,Iliad,1,544,2274416,3,ἠμείβετ',2245
πατήρ,n,Iliad,1,544,2274416,5,πατὴρ,2246
ἀνήρ,n,Iliad,1,544,2274416,6,ἀνδρῶν,2247
θεός,n,Iliad,1,544,2274416,8,θεῶν,2248
Ἥρα,n,Iliad,1,545,2274417,1,Ἥρη,2249
πᾶς,a,Iliad,1,545,2274417,4,πάντας,2250
ἐμός,a,Iliad,1,545,2274417,5,ἐμοὺς,2251
ἐπέλπομαι,v,Iliad,1,545,2274417,6,ἐπιέλπεο,2252
μῦθος,n,Iliad,1,545,2274417,7,μύθους,2253
οἶδα,v,Iliad,1,546,2274417,8,εἰδήσειν,2254
χαλεπός,a,Iliad,1,546,2274418,1,χαλεποί,2255
εἰμί,v,Iliad,1,546,2274418,3,ἔσοντ',2256
ἄλοχος,n,Iliad,1,546,2274418,4,ἀλόχῳ,2257
εἰμί,v,Iliad,1,546,2274418,6,ἐούσῃ,2258
ἐπιεικής,a,Iliad,1,547,2274419,5,ἐπιεικὲς,2259
ἀκούω,v,Iliad,1,547,2274419,6,ἀκουέμεν,2260
θεός,n,Iliad,1,548,2274419,12,θεῶν,2261
πρότερος,a,Iliad,1,548,2274419,13,πρότερος,2262
οἶδα,v,Iliad,1,548,2274419,15,εἴσεται,2263
ἄνθρωπος,n,Iliad,1,548,2274419,18,ἀνθρώπων,2264
θεός,n,Iliad,1,549,2274420,6,θεῶν,2265
ἐθέλω,v,Iliad,1,549,2274420,7,ἐθέλωμι,2266
νοέω,v,Iliad,1,549,2274420,8,νοῆσαι,2267
οὗτος,a,Iliad,1,550,2274420,12,ταῦτα,2268
ἕκαστος,a,Iliad,1,550,2274420,13,ἕκαστα,2269
διείρομαι,v,Iliad,1,550,2274420,14,διείρεο,2270
μεταλλάω,v,Iliad,1,550,2274420,17,μετάλλα,2271
ἀμείβω,v,Iliad,1,551,2274421,3,ἠμείβετ',2272
βοῶπις,a,Iliad,1,551,2274421,5,βοῶπις,2273
πότνια,n,Iliad,1,551,2274421,6,πότνια,2274
Ἥρα,n,Iliad,1,551,2274421,7,Ἥρη,2275
αἰνός,a,Iliad,1,552,2274422,1,αἰνότατε,2276
Κρονίδης,n,Iliad,1,552,2274422,2,Κρονίδη,2277
ποῖος,a,Iliad,1,552,2274422,3,ποῖον,2278
μῦθος,n,Iliad,1,552,2274422,5,μῦθον,2279
εἶπον,v,Iliad,1,552,2274422,6,ἔειπες,2280
ἔρομαι,v,Iliad,1,553,2274423,8,εἴρομαι,2281
μεταλλάω,v,Iliad,1,553,2274423,11,μεταλλῶ,2282
εὔκηλος,a,Iliad,1,554,2274423a,15,εὔκηλος,2283
φράζω,v,Iliad,1,554,2274423a,17,φράζεαι,2284
ἐθέλω,v,Iliad,1,554,2274423a,19,ἐθέλῃσθα,2285
δείδω,v,Iliad,1,555,2274424,4,δείδοικα,2286
φρήν,n,Iliad,1,555,2274424,6,φρένα,2287
παρεῖπον,v,Iliad,1,555,2274424,9,παρείπῃ,2288
ἀργυρόπεζος,a,Iliad,1,556,2274424,10,ἀργυρόπεζα,2289
Θέτις,n,Iliad,1,556,2274424,11,Θέτις,2290
θυγάτηρ,n,Iliad,1,556,2274424,12,θυγάτηρ,2291
ἅλιος,a,Iliad,1,556,2274424,13,ἁλίοιο,2292
γέρων,n,Iliad,1,556,2274424,14,γέροντος,2293
ἠέριος,a,Iliad,1,557,2274425,1,ἠερίη,2294
παρέζομαι,v,Iliad,1,557,2274425,5,παρέζετο,2295
λαμβάνω,v,Iliad,1,557,2274425a,7,λάβε,2296
γόνυ,n,Iliad,1,557,2274425a,8,γούνων,2297
οἴομαι,v,Iliad,1,558,2274426,3,ὀΐω,2298
κατανεύω,v,Iliad,1,558,2274426,4,κατανεῦσαι,2299
ἐτήτυμος,a,Iliad,1,558,2274426,5,ἐτήτυμον,2300
Ἀχιλλεύς,n,Iliad,1,558,2274426,7,Ἀχιλῆα,2301
τιμάω,v,Iliad,1,559,2274426,8,τιμήσῃς,2302
ὄλλυμι,v,Iliad,1,559,2274426,10,ὀλέσῃς,2303
πολύς,a,Iliad,1,559,2274426,12,πολέας,2304
ναῦς,n,Iliad,1,559,2274426,14,νηυσὶν,2305
Ἀχαιός,a,Iliad,1,559,2274426,15,Ἀχαιῶν,2306
ἀπαμείβομαι,v,Iliad,1,560,2274427,3,ἀπαμειβόμενος,2307
πρόσφημι,v,Iliad,1,560,2274427,4,προσέφη,2308
νεφεληγερέτα,n,Iliad,1,560,2274427,5,νεφεληγερέτα,2309
Ζεύς,n,Iliad,1,560,2274427,6,Ζεύς,2310
δαιμόνιος,a,Iliad,1,561,2274428,1,δαιμονίη,2311
οἴομαι,v,Iliad,1,561,2274428,4,ὀΐεαι,2312
λανθάνω,v,Iliad,1,561,2274428a,8,λήθω,2313
πράσσω,v,Iliad,1,562,2274429,1,πρῆξαι,2314
δύναμαι,v,Iliad,1,562,2274429,6,δυνήσεαι,2315
θυμός,n,Iliad,1,562,2274429a,10,θυμοῦ,2316
εἰμί,v,Iliad,1,563,2274429a,13,ἔσεαι,2317
ῥίγιον,a,Iliad,1,563,2274430,5,ῥίγιον,2318
εἰμί,v,Iliad,1,563,2274430,6,ἔσται,2319
οὗτος,a,Iliad,1,564,2274431,4,τοῦτ',2320
εἰμί,v,Iliad,1,564,2274431,5,ἐστὶν,2321
μέλλω,v,Iliad,1,564,2274431,7,μέλλει,2322
φίλος,a,Iliad,1,564,2274431,8,φίλον,2323
εἰμί,v,Iliad,1,564,2274431,9,εἶναι,2324
ἀκέων,a,Iliad,1,565,2274432,2,ἀκέουσα,2325
κάθημαι,v,Iliad,1,565,2274432,3,κάθησο,2326
ἐμός,a,Iliad,1,565,2274432a,5,ἐμῷ,2327
ἐπιπείθομαι,v,Iliad,1,565,2274432a,7,ἐπιπείθεο,2328
μῦθος,n,Iliad,1,565,2274432a,8,μύθῳ,2329
χραισμέω,v,Iliad,1,566,2274432a,14,χραίσμωσιν,2330
ὅσος,a,Iliad,1,566,2274432a,15,ὅσοι,2331
θεός,n,Iliad,1,566,2274432a,16,θεοί,2332
εἰμί,v,Iliad,1,566,2274432a,17,εἰσ',2333
Ὄλυμπος,n,Iliad,1,566,2274432a,19,Ὀλύμπῳ,2334
εἶμι,v,Iliad,1,567,2274432a,21,ἰόνθ',2335
ἄαπτος,a,Iliad,1,567,2274432a,26,ἀάπτους,2336
χείρ,n,Iliad,1,567,2274432a,27,χεῖρας,2337
ἐφίημι,v,Iliad,1,567,2274432a,28,ἐφείω,2338
φημί,v,Iliad,1,568,2274433,2,ἔφατ',2339
δείδω,v,Iliad,1,568,2274433a,3,ἔδεισεν,2340
βοῶπις,a,Iliad,1,568,2274433a,5,βοῶπις,2341
πότνια,a,Iliad,1,568,2274433a,6,πότνια,2342
Ἥρα,n,Iliad,1,568,2274433a,7,Ἥρη,2343
ἀκέων,a,Iliad,1,569,2274433b,11,ἀκέουσα,2344
κάθημαι,v,Iliad,1,569,2274433b,12,καθῆστο,2345
ἐπιγνάμπτω,v,Iliad,1,569,2274433b,13,ἐπιγνάμψασα,2346
φίλος,a,Iliad,1,569,2274433b,14,φίλον,2347
κῆρ,n,Iliad,1,569,2274433b,15,κῆρ,2348
ὀχθέω,v,Iliad,1,570,2274434,1,ὄχθησαν,2349
δῶμα,n,Iliad,1,570,2274434,4,δῶμα,2350
Ζεύς,n,Iliad,1,570,2274434,5,Διὸς,2351
θεός,n,Iliad,1,570,2274434,6,θεοὶ,2352
οὐρανίωνες,n,Iliad,1,570,2274434,7,Οὐρανίωνες,2353
Ἥφαιστος,n,Iliad,1,571,2274435,3,Ἥφαιστος,2354
κλυτοτέχνης,a,Iliad,1,571,2274435,4,κλυτοτέχνης,2355
ἄρχω,v,Iliad,1,571,2274435,5,ἦρχ',2356
ἀγορεύω,v,Iliad,1,571,2274435,6,ἀγορεύειν,2357
μήτηρ,n,Iliad,1,572,2274435,7,μητρὶ,2358
φίλος,a,Iliad,1,572,2274435,8,φίλῃ,2359
ἐπίηρα,n,Iliad,1,572,2274435,9,ἐπίηρα,2360
φέρω,v,Iliad,1,572,2274435,10,φέρων,2361
λευκώλενος,a,Iliad,1,572,2274435,11,λευκωλένῳ,2362
Ἥρα,n,Iliad,1,572,2274435,12,Ἥρῃ,2363
λοίγιος,a,Iliad,1,573,2274436,3,λοίγια,2364
ἔργον,n,Iliad,1,573,2274436,4,ἔργα,2365
εἰμί,v,Iliad,1,573,2274436,6,ἔσσεται,2366
ἀνεκτός,a,Iliad,1,573,2274436,10,ἀνεκτά,2367
θνητός,a,Iliad,1,574,2274436,16,θνητῶν,2368
ἐριδαίνω,v,Iliad,1,574,2274436,17,ἐριδαίνετον,2369
θεός,n,Iliad,1,575,2274436,22,θεοῖσι,2370
κολῳός,n,Iliad,1,575,2274436,23,κολῳὸν,2371
ἐλαύνω,v,Iliad,1,575,2274436,24,ἐλαύνετον,2372
δαίς1,n,Iliad,1,575,2274437,4,δαιτὸς,2373
ἐσθλός,a,Iliad,1,576,2274437,5,ἐσθλῆς,2374
εἰμί,v,Iliad,1,576,2274437,6,ἔσσεται,2375
ἦδος,n,Iliad,1,576,2274437,7,ἦδος,2376
χείρων,n,Iliad,1,576,2274437,11,χερείονα,2377
νικάω,v,Iliad,1,576,2274437,12,νικᾷ,2378
μήτηρ,n,Iliad,1,577,2274438,1,μητρὶ,2379
παράφημι,v,Iliad,1,577,2274438,4,παράφημι,2380
αὐτός,a,Iliad,1,577,2274438,6,αὐτῇ,2381
νοέω,v,Iliad,1,577,2274438,8,νοεούσῃ,2382
πατήρ,n,Iliad,1,578,2274438,9,πατρὶ,2383
φίλος,a,Iliad,1,578,2274438,10,φίλῳ,2384
ἐπίηρα,n,Iliad,1,578,2274438,11,ἐπίηρα,2385
φέρω,v,Iliad,1,578,2274438,12,φέρειν,2386
Ζεύς,n,Iliad,1,578,2274438,13,Διί,2387
νεικέω,v,Iliad,1,579,2274438,18,νεικείῃσι,2388
πατήρ,n,Iliad,1,579,2274438,19,πατήρ,2389
δαίς1,n,Iliad,1,579,2274438,24,δαῖτα,2390
ταράσσω,v,Iliad,1,579,2274438,25,ταράξῃ,2391
ἐθέλω,v,Iliad,1,580,2274439,5,ἐθέλῃσιν,2392
Ὀλύμπιος,a,Iliad,1,580,2274439,6,Ὀλύμπιος,2393
ἀστεροπητής,n,Iliad,1,580,2274439,7,ἀστεροπητὴς,2394
ἕδος,n,Iliad,1,581,2274439,9,ἑδέων,2395
στυφελίζω,v,Iliad,1,581,2274439,10,στυφελίξαι,2396
πολύς,a,Iliad,1,581,2274440,3,πολὺ,2397
φέρτατος,a,Iliad,1,581,2274440,4,φέρτατός,2398
εἰμί,v,Iliad,1,581,2274440,5,ἐστιν,2399
ἔπος,n,Iliad,1,582,2274441,4,ἐπέεσσι,2400
καθάπτω,v,Iliad,1,582,2274441,5,καθάπτεσθαι,2401
μαλακός,a,Iliad,1,582,2274441,6,μαλακοῖσιν,2402
ἵλαος,a,Iliad,1,583,2274442,3,ἵλαος,2403
Ὀλύμπιος,a,Iliad,1,583,2274442,4,Ὀλύμπιος,2404
εἰμί,v,Iliad,1,583,2274442,5,ἔσσεται,2405
φημί,v,Iliad,1,584,2274443,3,ἔφη,2406
ἀναίσσω,v,Iliad,1,584,2274443a,5,ἀναΐξας,2407
δέπας,n,Iliad,1,584,2274443a,6,δέπας,2408
ἀμφικύπελλος,a,Iliad,1,584,2274443a,7,ἀμφικύπελλον,2409
μήτηρ,n,Iliad,1,585,2274443a,8,μητρὶ,2410
φίλος,a,Iliad,1,585,2274443a,9,φίλῃ,2411
χείρ,n,Iliad,1,585,2274443a,11,χειρὶ,2412
τίθημι,v,Iliad,1,585,2274443a,12,τίθει,2413
προσεῖπον,v,Iliad,1,585,2274443b,15,προσέειπε,2414
τλάω,v,Iliad,1,586,2274444,1,τέτλαθι,2415
μήτηρ,n,Iliad,1,586,2274444,2,μῆτερ,2416
ἐμός,a,Iliad,1,586,2274444,3,ἐμή,2417
ἀνέχω,v,Iliad,1,586,2274444a,6,ἀνάσχεο,2418
κήδω,v,Iliad,1,586,2274444a,7,κηδομένη,2419
φίλος,a,Iliad,1,587,2274444a,12,φίλην,2420
εἰμί,v,Iliad,1,587,2274444a,14,ἐοῦσαν,2421
ὀφθαλμός,n,Iliad,1,587,2274444a,16,ὀφθαλμοῖσιν,2422
εἶδον,v,Iliad,1,587,2274444a,17,ἴδωμαι,2423
θείνω,v,Iliad,1,588,2274444a,18,θεινομένην,2424
δύναμαι,v,Iliad,1,588,2274444b,24,δυνήσομαι,2425
ἄχνυμαι,v,Iliad,1,588,2274444b,25,ἀχνύμενός,2426
χραισμέω,v,Iliad,1,589,2274444b,27,χραισμεῖν,2427
ἀργαλέος,a,Iliad,1,589,2274445,1,ἀργαλέος,2428
Ὀλύμπιος,a,Iliad,1,589,2274445,3,Ὀλύμπιος,2429
ἀντιφέρω,v,Iliad,1,589,2274445,4,ἀντιφέρεσθαι,2430
ἀλέξω,v,Iliad,1,590,2274446,6,ἀλεξέμεναι,2431
μέμαα,v,Iliad,1,590,2274446,7,μεμαῶτα,2432
ῥίπτω,v,Iliad,1,591,2274446,8,ῥῖψε,2433
πούς,n,Iliad,1,591,2274446,9,ποδὸς,2434
τεταγών,v,Iliad,1,591,2274446,10,τεταγὼν,2435
βηλός,n,Iliad,1,591,2274446,12,βηλοῦ,2436
θεσπέσιος,a,Iliad,1,591,2274446,13,θεσπεσίοιο,2437
πᾶς,a,Iliad,1,592,2274446a,15,πᾶν,2438
ἦμαρ,n,Iliad,1,592,2274446a,17,ἦμαρ,2439
φέρω,v,Iliad,1,592,2274446a,18,φερόμην,2440
ἥλιος,n,Iliad,1,592,2274446b,22,ἠελίῳ,2441
καταδύω,v,Iliad,1,592,2274446b,23,καταδύντι,2442
καταπίπτω,v,Iliad,1,593,2274446b,24,κάππεσον,2443
Λῆμνος,n,Iliad,1,593,2274446b,26,Λήμνῳ,2444
ὀλίγος,a,Iliad,1,593,2274446c,28,ὀλίγος,2445
θυμός,n,Iliad,1,593,2274446c,31,θυμὸς,2446
ἔνειμι,v,Iliad,1,593,2274446c,32,ἐνῆεν,2447
Σίντιες,n,Iliad,1,594,2274447,3,Σίντιες,2448
ἀνήρ,n,Iliad,1,594,2274447,4,ἄνδρες,2449
κομίζω,v,Iliad,1,594,2274447,6,κομίσαντο,2450
πίπτω,v,Iliad,1,594,2274447,7,πεσόντα,2451
φημί,v,Iliad,1,595,2274448,2,φάτο,2452
μειδάω,v,Iliad,1,595,2274448a,4,μείδησεν,2453
θεά,n,Iliad,1,595,2274448a,6,θεὰ,2454
λευκώλενος,a,Iliad,1,595,2274448a,7,λευκώλενος,2455
Ἥρα,n,Iliad,1,595,2274448a,8,Ἥρη,2456
μειδάω,v,Iliad,1,596,2274448b,10,μειδήσασα,2457
παῖς,n,Iliad,1,596,2274448b,12,παιδὸς,2458
δέχομαι,v,Iliad,1,596,2274448b,13,ἐδέξατο,2459
χείρ,n,Iliad,1,596,2274448b,14,χειρὶ,2460
κύπελλον,n,Iliad,1,596,2274448b,15,κύπελλον,2461
ἄλλος,a,Iliad,1,597,2274449,4,ἄλλοισι,2462
θεός,n,Iliad,1,597,2274449,5,θεοῖς,2463
ἐνδέξιος,a,Iliad,1,597,2274449,6,ἐνδέξια,2464
πᾶς,a,Iliad,1,597,2274449,7,πᾶσιν,2465
οἰνοχοέω,v,Iliad,1,598,2274449,8,οἰνοχόει,2466
γλυκύς,a,Iliad,1,598,2274449,9,γλυκὺ,2467
νέκταρ,n,Iliad,1,598,2274449,10,νέκταρ,2468
κρατήρ,n,Iliad,1,598,2274449,12,κρητῆρος,2469
ἀφύσσω,v,Iliad,1,598,2274449,13,ἀφύσσων,2470
ἄσβεστος,a,Iliad,1,599,2274450,1,ἄσβεστος,2471
ἐνόρνυμι,v,Iliad,1,599,2274450,4,ἐνῶρτο,2472
γέλως,n,Iliad,1,599,2274450,5,γέλως,2473
μάκαρ,a,Iliad,1,599,2274450,6,μακάρεσσι,2474
θεός,n,Iliad,1,599,2274450,7,θεοῖσιν,2475
εἶδον,v,Iliad,1,600,2274450,9,ἴδον,2476
Ἥφαιστος,n,Iliad,1,600,2274450,10,Ἥφαιστον,2477
δῶμα,n,Iliad,1,600,2274450,12,δώματα,2478
ποιπνύω,v,Iliad,1,600,2274450,13,ποιπνύοντα,2479
πρόπας,a,Iliad,1,601,2274451,4,πρόπαν,2480
ἦμαρ,n,Iliad,1,601,2274451,5,ἦμαρ,2481
ἥλιος,n,Iliad,1,601,2274451,7,ἠέλιον,2482
καταδύω,v,Iliad,1,601,2274451,8,καταδύντα,2483
δαίνυμι,v,Iliad,1,602,2274451,9,δαίνυντ',2484
θυμός,n,Iliad,1,602,2274451a,14,θυμὸς,2485
δέω,v,Iliad,1,602,2274451a,15,ἐδεύετο,2486
δαίς1,n,Iliad,1,602,2274451a,16,δαιτὸς,2487
ἴσος,a,Iliad,1,602,2274451a,17,ἐΐσης,2488
φόρμιγξ,n,Iliad,1,603,2274451a,21,φόρμιγγος,2489
περικαλλής,a,Iliad,1,603,2274451a,22,περικαλλέος,2490
ἔχω,v,Iliad,1,603,2274451a,24,ἔχ',2491
Ἀπόλλων,n,Iliad,1,603,2274451a,25,Ἀπόλλων,2492
Μοῦσα,n,Iliad,1,604,2274451a,27,Μουσάων,2493
ἀείδω,v,Iliad,1,604,2274451a,30,ἄειδον,2494
ἀμείβω,v,Iliad,1,604,2274451a,31,ἀμειβόμεναι,2495
ὄψ,n,Iliad,1,604,2274451a,32,ὀπὶ,2496
καλός,a,Iliad,1,604,2274451a,33,καλῇ,2497
καταδύω,v,Iliad,1,605,2274452,3,κατέδυ,2498
λαμπρός,a,Iliad,1,605,2274452,4,λαμπρὸν,2499
φάος,n,Iliad,1,605,2274452,5,φάος,2500
ἥλιος,n,Iliad,1,605,2274452,6,ἠελίοιο,2501
κατακείω,v,Iliad,1,606,2274452,10,κακκείοντες,2502
βαίνω,v,Iliad,1,606,2274452,11,ἔβαν,2503
οἶκος,n,Iliad,1,606,2274452,12,οἶκον,2504
ἕκαστος,a,Iliad,1,606,2274452,14,ἕκαστος,2505
ἕκαστος,a,Iliad,1,607,2274452,17,ἑκάστῳ,2506
δῶμα,n,Iliad,1,607,2274452,18,δῶμα,2507
περικλυτός,a,Iliad,1,607,2274452,19,περικλυτὸς,2508
ἀμφιγυήεις,a,Iliad,1,607,2274452,20,ἀμφιγυήεις,2509
Ἥφαιστος,n,Iliad,1,608,2274452,21,Ἥφαιστος,2510
ποιέω,v,Iliad,1,608,2274452,22,ποίησεν,2511
οἶδα,v,Iliad,1,608,2274452,23,ἰδυίῃσι,2512
πραπίδες,n,Iliad,1,608,2274452,24,πραπίδεσσι,2513
Ζεύς,n,Iliad,1,609,2274453,1,Ζεὺς,2514
ἑός,a,Iliad,1,609,2274453,4,ὃν,2515
λέχος,n,Iliad,1,609,2274453,5,λέχος,2516
εἶμι,v,Iliad,1,609,2274453,6,ἤϊ',2517
Ὀλύμπιος,a,Iliad,1,609,2274453,7,Ὀλύμπιος,2518
ἀστεροπητής,n,Iliad,1,609,2274453,8,ἀστεροπητής,2519
κοιμάω,v,Iliad,1,610,2274453a,12,κοιμᾶθ',2520
γλυκύς,a,Iliad,1,610,2274453a,15,γλυκὺς,2521
ὕπνος,n,Iliad,1,610,2274453a,16,ὕπνος,2522
ἱκάνω,v,Iliad,1,610,2274453a,17,ἱκάνοι,2523
καθεύδω,v,Iliad,1,611,2274454,2,καθεῦδ',2524
ἀναβαίνω,v,Iliad,1,611,2274454,3,ἀναβάς,2525
χρυσόθρονος,a,Iliad,1,611,2274454a,7,χρυσόθρονος,2526
Ἥρα,n,Iliad,1,611,2274454a,8,Ἥρη,2527
