lemma,freq,hdbscan,ward_40,ward_80,ward_150,x,y,gloss,gloss_source
ʼἀθήνη,9,10,10,0,16,6.348047,8.873727,Athene; casting vote,lsj
ʼὀδυσσεύς,7,24,10,0,16,6.5454493,8.642079,Odysseus; games in honour of Odysseus; temple of Odysseus,lsj
ʽἑκάεργος,6,-1,5,15,48,6.3284106,8.678793,nine,lsj
Αἰακίδης,25,24,5,15,76,6.6030936,8.390075,,none
Αἰγύπτιος,8,-1,5,24,94,5.672344,7.697491,Egyptian; in Egyptian style,lsj
Αἰθίοψ,7,-1,5,24,94,5.7238574,7.7570667,"Burnt-face; Ethiopian, negro; a fish; Ethiopian",lsj
Αἰνείας,77,39,5,15,76,7.1597347,8.113133,Aeneas,lsj
Αἰτωλός,14,15,5,24,94,5.784273,7.90821,,none
Αἴας,196,24,5,15,76,6.5608077,8.392693,Ajax,lsj
Αἴγισθος,18,-1,5,15,76,7.195322,8.319264,,none
Αἴγυπτος,6,-1,5,24,94,5.7413564,7.479559,the river Nile; King Aegyptus; Egypt; to Egypt,lsj
Αἴολος,5,36,5,15,76,7.0488977,8.320006,,none
Αἶσα,11,105,2,2,25,3.9509356,10.576689,"who dispenses to every one his lot; destiny; decree, dispensation; destiny decreed",lsj
Αὐτομέδων,23,47,5,15,76,7.4132705,7.9577055,,none
Αὐτόλυκος,15,98,5,15,76,7.4967465,8.351954,,none
Βελλεροφόντης,7,-1,10,0,115,7.17755,8.485474,,none
Βοιωτός,7,15,5,24,94,5.806406,7.8827066,a Boeotian; Boeotia; cattle-pastures; Boeotian,lsj
Βορέας,25,13,32,65,65,3.6040947,10.070537,north wind; Boreas; the north; to the north,lsj
Βρισηίς,10,20,5,15,48,6.6729927,8.1501255,,none
Γερήνιος,35,-1,5,15,76,6.9757185,8.26873,from Gerena; Gerenon,lsj
Γλαῦκος,21,-1,5,15,76,7.249275,8.504059,,none
Δάρδανος,16,36,5,15,76,7.1472597,7.9218054,Dardanus; Trojan; Trojan woman; Troy,lsj
Δαμαστορίδης,5,47,5,15,76,7.2972608,7.925673,,none
Δαναοί,154,15,5,24,94,5.7006783,7.8966823,the Danaäns; the Greeks; the sons; descendants of Danaus,lsj
Δαναός,5,15,5,24,94,5.71717,7.8914866,,none
Δαρδανίδης,12,40,5,15,76,7.104745,7.8820996,,none
Δευκαλίων,5,26,5,15,76,6.5732512,8.231422,,none
Δηίφοβος,18,40,36,17,138,7.069036,7.840881,,none
Δημήτηρ,6,27,5,15,48,6.133166,8.857559,Aus Lydien; Griechische Dialekte; Demeter; h.Cer,lsj
Δημόδοκος,6,97,5,15,76,7.3954906,8.376873,,none
Διιπετής,5,123,29,14,31,2.4644594,8.953892,fallen from Zeus; from heaven; fed; swollen by rain,lsj
Διομήδης,80,24,10,0,16,6.5582356,8.587531,Jove-counselled,lsj
Διοτρεφής,21,-1,0,19,55,2.3473635,8.682544,"minor or subordinate: ""by"" is often used in combination; ""a side interest""; ""a by (or bye) effect""; ""only a by comment"";",agwn
Διόνυσος,5,-1,5,15,48,6.2428846,8.605242,Dionysus,lsj
Δολίος,9,36,5,15,76,7.1389365,8.289365,,none
Δουλίχιον,6,-1,5,24,94,6.086132,7.358809,,none
Δόλων,7,36,5,15,76,7.12769,8.039148,,none
Εἰλείθυια,5,10,6,46,10,6.2798257,8.97171,she that comes; Ilithyia; parturition; offspring,lsj
Εὐαίμων,5,-1,5,15,76,7.2726893,8.284748,,none
Εὐπείθης,13,-1,5,15,76,7.4510775,8.363452,,none
Εὐρυνόμη,13,-1,5,15,48,7.2155976,8.504841,,none
Εὐρύαλος,8,97,5,15,76,7.409678,8.448438,,none
Εὐρύκλεια,23,-1,10,0,16,7.1112876,8.618583,,none
Εὐρύλοχος,10,98,5,15,76,7.4473333,8.392889,,none
Εὐρύμαχος,27,98,5,15,76,7.4642825,8.39085,,none
Εὐρύπυλος,21,97,5,15,76,7.4738584,8.45522,,none
Εὔμαιος,36,-1,5,15,76,7.340361,8.482476,,none
Εὔμηλος,9,97,5,15,76,7.3679843,8.458642,,none
Εὔρυτος,6,97,5,15,76,7.44558,8.433726,,none
Εὖρος,6,13,32,65,65,3.7233844,10.072448,the East wind; parching,lsj
Ζάκυνθος,5,12,5,24,94,6.083519,7.3209662,,none
Ζέφυρος,19,13,32,65,65,3.6300924,10.068818,westerly wind; the due West wind; northwest,lsj
Ζεύς,650,28,5,15,48,6.0709205,8.663617,dyaús; divás; diví; dyávi,lsj
Θέτις,41,27,5,15,48,6.084431,8.916188,Thetis,lsj
Θήβη,8,11,5,24,94,5.9659195,7.229015,,none
Θεοκλύμενος,8,-1,5,15,76,7.2421546,8.465353,,none
Θεσπρωτοί,9,14,5,24,94,5.922712,7.8763337,,none
Θηβαῖος,6,-1,5,15,76,6.5327287,8.288901,,none
Θράκιος,5,-1,5,24,94,5.9828258,8.075834,Thracian,lsj (relaxed match)
Θρασυμήδης,10,47,5,15,76,7.1909165,7.955648,,none
Θρᾷξ,15,14,5,24,94,5.9530315,7.969194,Thracian,lsj
Θόας,13,36,5,15,76,7.1588187,7.9500904,,none
Θόων,5,36,5,15,76,7.225898,8.029796,,none
Θῆβαι,9,11,5,24,94,5.9266367,7.231489,Thebes; to Thebes; at Thebes; from Thebes,lsj
Κάλχας,6,-1,5,15,76,7.3739386,8.336921,Calchas,lsj
Κίκονες,8,15,5,24,94,5.8788834,7.9129844,,none
Κίρκη,40,-1,10,0,16,6.4420023,8.702287,Circe,lsj
Καδμεῖος,8,15,5,24,94,5.792994,7.899485,,none
Καλυδών,6,12,5,24,94,6.020841,7.3029494,,none
Καλυψώ,22,27,5,15,48,6.114414,8.865031,Calypso,lsj
Καπανεύς,6,40,5,15,76,6.9268126,7.8760753,,none
Κεβριόνης,13,39,5,15,76,7.274191,8.103347,,none
Κεφαλλήν,5,14,5,24,94,5.915076,7.9143867,Cephallenian; Cephallenia,lsj
Κουρῆτες,5,15,5,24,94,5.916654,7.959134,,none
Κρής,15,15,5,24,94,5.8068204,7.861622,Cretan,lsj
Κρήτη,14,-1,5,24,94,5.8597145,7.27618,Crete; from Crete; to Crete,lsj
Κρονίδης,41,28,5,15,48,6.0437226,8.505632,son of Cronos; Zeus; an aged man,lsj
Κρονίων,71,28,5,15,48,6.0577793,8.536571,son of Cronos; Zeus,lsj
Κρόνος,23,28,5,15,48,6.074685,8.654626,"Cronos; Saturn; Saturday; a dotard, old fool",lsj
Κτήσιππος,5,-1,5,15,76,7.437219,8.200462,,none
Κύκλωψ,25,-1,5,24,94,6.155239,8.215376,Cyclops; Round-eyed; round-eyed; Polyphemus,lsj
Κύπρις,5,-1,25,25,105,6.23856,8.991694,"Cypris; Aphrodite; a Venus; love, passion",lsj
Κύπρος,5,9,5,24,94,5.7868595,7.263356,Cyprus; from Cyprus; to Cyprus,lsj
Λέσβος,6,11,5,24,94,5.8881145,7.216134,Lesbos; from Lesbos; at Lesbos; drinking-cup,lsj
Λαέρτης,27,-1,5,15,76,7.3006897,8.18705,,none
Λαερτιάδης,33,40,5,15,76,7.046122,7.910663,,none
Λακεδαίμων,13,9,5,24,94,5.833312,7.1860557,Lacedaemon; Laconia,lsj
Λαοδάμας,7,49,5,15,76,7.3252354,7.980444,,none
Λαομέδων,10,47,5,15,76,7.3165154,7.982929,,none
Λεοντεύς,5,40,5,15,76,6.9166174,8.057862,,none
Λητώ,15,27,5,15,48,6.102457,8.832856,Leto; born from Leto; temple of L,lsj
Λυκάων,19,40,5,15,76,7.0248485,8.036484,,none
Λυκία,19,9,5,24,94,5.8354893,7.222867,Lycia; from Lycia; to Lycia,lsj
Λυκομήδης,5,47,5,15,76,7.1533694,7.9623814,,none
Λυρνησσός,5,12,5,24,94,6.0810223,7.3271046,,none
Λωτοφάγοι,5,-1,5,24,94,5.9663563,7.859477,,none
Λύκιοι,44,15,5,24,94,5.8926406,7.8520274,,none
Λύκιος,5,15,5,24,94,5.870302,7.8788953,Lycian; the Lycians; history of Lycia,lsj
Λῆμνος,14,11,5,24,94,5.8882804,7.194266,Lemnos; from Lemnos; Lemnian,lsj
Μέγης,7,39,5,15,76,7.1029572,8.098117,,none
Μέδων,14,47,5,15,76,7.3466587,8.00259,,none
Μέντωρ,16,-1,5,15,76,7.325829,8.268297,,none
Μίνως,5,-1,5,15,76,6.9852815,7.9951878,Minos,lsj
Μαχάων,11,40,5,15,76,6.9738503,7.984984,,none
Μελάνθιος,11,49,5,15,76,7.4471335,8.1221285,,none
Μελάνιππος,7,-1,5,15,76,7.4558187,8.099099,,none
Μελέαγρος,5,-1,5,15,76,7.459766,8.132,,none
Μενέλαος,182,24,10,0,16,6.5788136,8.546832,Abiding-men,lsj
Μενεσθεύς,7,40,5,15,76,6.9499273,8.222913,,none
Μενοίτιος,19,36,5,15,76,7.2001567,8.256154,,none
Μενοιτιάδης,20,40,5,15,76,7.05797,7.8881145,,none
Μηκιστεύς,5,40,5,15,76,7.197586,7.916615,,none
Μηριόνης,57,39,5,15,76,7.156141,8.09901,pudenda muliebria,lsj
Μοῦσα,15,27,5,15,48,5.9338984,8.857557,"Muse; music, song; strain; liberal arts, accomplishments",lsj
Μυκήνη,8,-1,10,0,16,1.8679385,10.506407,"Mycene, Mycenae; Mycenaean; a Mycenaean; from Mycene",lsj
Μυρμιδόνες,42,15,5,24,94,5.719404,7.914665,,none
Μυσός,5,15,5,24,94,5.808884,7.878854,Mysian; a prey to all,lsj
Νέστωρ,111,24,10,0,16,6.603356,8.512502,Nestor,lsj
Ναιάς,5,-1,25,25,20,5.776494,9.2872925,"Naiad, river-nymph, spring-nymph",lsj (relaxed match)
Ναυσίθοος,5,-1,5,15,76,7.53632,8.237356,,none
Ναυσικάα,9,17,5,15,48,7.0785737,8.098718,,none
Νεστορίδης,13,47,5,15,76,7.3043904,7.887959,,none
Νηλεύς,17,40,5,15,76,6.8938165,7.89506,Neleus,lsj
Νηληιάδης,5,40,5,15,76,7.034228,7.8480134,,none
Νοήμων,5,36,5,15,76,7.1441355,8.188908,,none
Νότος,13,13,32,65,65,3.6627607,10.090242,,none
Ξάνθος,21,49,5,15,76,7.5140395,8.1356945,,none
Οἰνεύς,8,40,5,15,76,6.8837442,7.9931664,,none
Οὐρανίωνες,11,28,5,15,48,5.92911,8.442256,"the heavenly ones, gods; children of Uranos",lsj
Οὖτις,5,27,5,15,76,6.0522833,9.026872,,none
Πάνδαρος,8,-1,5,15,76,7.325275,8.219492,,none
Πάνθοος,5,-1,5,15,76,7.403976,8.275498,,none
Πάρις,11,-1,5,15,76,7.051889,8.298434,,none
Πάτροκλος,145,26,5,15,76,6.8419003,8.268003,Patroclus,lsj
Πήδασος,8,-1,5,24,94,6.1442676,7.394332,,none
Πήλιον,5,12,5,24,94,6.0707564,7.3336287,Pelion; at the foot of Pelion,lsj
Παίων,6,-1,5,15,76,5.9413733,7.8526125,,none
Παλλάς,50,27,5,15,48,6.0221653,8.825625,Pallas; coin bearing the head of Pallas; maiden-priestess; five,lsj
Παναχαιοί,12,15,5,24,94,5.7293906,7.864698,all the Achaeans; all Achaea,lsj
Πανθοίδης,8,40,5,15,76,7.1267176,7.877554,,none
Πατροκλῆς,6,-1,5,15,76,6.597481,7.8660517,,none
Πείραιος,7,-1,5,15,76,7.3152184,8.273579,,none
Πείσανδρος,9,-1,5,15,76,7.39561,8.130337,,none
Πειρίθοος,9,-1,5,15,76,7.425688,8.123885,,none
Πεισίστρατος,9,-1,5,15,76,7.4956226,8.259786,,none
Πελασγός,5,15,5,24,94,5.744413,7.916439,Pelasgian; Greeks,lsj
Περσεφόνεια,11,10,5,15,48,6.357717,8.868816,,none
Πετεώς,6,40,5,15,76,6.9355474,7.828153,,none
Πηλείδης,55,40,5,15,76,6.9999743,7.789224,,none
Πηλείων,29,40,5,15,76,6.9768305,7.8800545,,none
Πηλεύς,68,-1,5,15,76,6.9276953,7.954032,Peleus; son of Peleus; to Peleus’ son,lsj
Πηνέλεως,8,47,5,15,76,7.474404,8.14744,,none
Πηνελόπεια,74,24,10,0,16,6.545853,8.740584,Penelope,lsj
Πολίτης,5,36,5,15,118,7.1895075,8.334393,,none
Πολυποίτης,7,-1,10,0,115,7.201313,8.480247,,none
Πολύδωρος,5,-1,5,15,76,7.3243823,8.409596,,none
Ποσειδεών,77,28,5,15,48,6.097381,8.501333,,none
Πουλυδάμας,30,49,5,15,76,7.345703,7.9313397,,none
Πρίαμος,149,17,5,15,76,6.9847226,8.304495,priam; like Priam,lsj
Πριαμίδης,33,40,5,15,76,6.999303,7.8419237,,none
Προῖτος,5,36,5,15,76,7.287131,8.397277,,none
Πρωτεσίλαος,6,-1,5,15,76,7.399595,8.168266,First of the people; first; his monument; his festival,lsj
Πυλόνδε,6,90,21,71,17,4.959063,6.8623857,,none
Πόλυβος,13,-1,5,15,76,7.417496,8.39093,,none
Πύλιος,14,15,5,24,94,5.939957,7.824047,,none
Πύλος,33,9,5,24,94,5.8669844,7.1989007,Pylos,lsj
Σάμη,6,11,5,24,94,5.9014964,7.19045,,none
Σάμος,6,11,5,24,94,5.898357,7.2074385,Samos; a height,lsj
Σαρπηδών,41,26,5,15,76,6.839966,8.270527,Sarpedon; his shrine,lsj
Σειρήν,8,-1,6,46,10,6.0010767,8.740413,"Siren; Sirens; Siren, deceitful woman; the Siren charm",lsj
Σθένελος,10,-1,5,15,76,7.532531,8.143615,,none
Σιμόεις,8,-1,10,7,4,1.272686,9.458641,Simois,lsj
Σκάμανδρος,12,49,5,15,76,7.4473166,7.886119,Scamander; Scamandrian,lsj
Σκαιαί,12,-1,11,23,102,6.016349,7.676551,,none
Σκύλλα,11,-1,5,24,94,6.1425915,8.064887,Scylla,lsj
Σπάρτη,7,9,5,24,94,5.8538594,7.1805277,Sparta; from Sparta; to Sparta; a Spartan,lsj
Στύξ,6,78,11,23,126,4.9204693,10.133102,"the Styx; the Hateful; a well of fatal coldness in Arcadia; monster, reptile",lsj
Σῶκος,5,-1,5,15,76,7.334921,8.453847,,none
Τάφιοι,6,-1,5,24,94,5.9284506,7.8138227,,none
Τένεδος,5,11,5,24,94,5.900522,7.1975656,Tenedos,lsj
Ταλθύβιος,9,-1,5,15,76,7.4771233,8.357187,,none
Τειρεσίης,13,-1,5,15,76,6.933115,7.978102,,none
Τελαμωνιάδης,12,40,5,15,76,7.028189,7.8387375,,none
Τελαμών,28,26,5,15,76,6.6270046,8.271513,,none
Τελαμώνιος,13,26,5,15,76,6.5984793,8.282367,,none
Τεῦκρος,28,-1,5,15,76,7.1345053,8.4159355,,none
Τηλέμαχος,213,-1,5,15,76,7.11081,8.460145,,none
Τληπόλεμος,10,-1,5,15,76,7.483922,8.433941,,none
Τροία,71,9,5,24,94,5.7755127,7.15676,Troy; ‘Troy-town’; the Troad; from Troy,lsj
Τροίαθεν,5,90,5,24,94,5.316186,7.062726,,none
Τροίανδε,7,90,5,24,94,5.2947655,6.9954505,,none
Τρωικός,5,15,5,24,94,5.719509,7.8320293,Trojan; times of Troy; Trojan war,lsj (relaxed match)
Τρωιός,18,15,5,24,94,5.722837,7.818325,,none
Τρώς,631,15,5,24,94,5.693048,7.8881464,Tros; Trojans; Trojan men,lsj
Τρῳάς,10,15,5,24,94,5.7017093,7.847475,,none
Τυδεΐδης,5,40,5,15,76,7.0537844,7.805084,,none
Τυδείδης,62,40,5,15,76,7.066144,7.7929425,,none
Τυδεύς,41,40,5,15,76,6.9355288,7.7304378,Tydeus,lsj
Φαίαξ,69,14,5,24,94,5.93995,7.996359,Phaeacian; conduits; sewers,lsj
Φηραί,5,-1,11,23,102,6.001725,7.40711,,none
Φθία,9,9,5,24,94,5.806586,7.1923156,Phthia; to Phthia; at Phthia; a man of Phthia,lsj
Φοῖβος,52,27,5,15,48,6.1143355,8.696194,,none
Φοῖνιξ,20,-1,5,15,76,6.3049536,8.270628,Phoenician; Carthaginian; purple; crimson,lsj
Φυλάκη,6,11,5,24,94,5.9437294,7.2350144,,none
Φυλείδης,7,40,5,15,76,7.01006,7.8025694,,none
Φυλεύς,5,40,5,15,76,6.908801,7.9115624,,none
Φόρκυς,7,-1,5,15,76,6.3389616,7.5443025,Phorcys,lsj
Χάρις,8,-1,5,15,48,5.890798,8.851187,,none
Χάρυβδις,7,-1,11,23,126,6.164168,7.4482465,"Charybdis; whirlpool, gulf",lsj
Χρομίος,7,36,5,15,76,7.2205696,8.244718,,none
Χρυσηίς,6,20,5,15,48,6.6097693,8.13399,,none
Χρύσης,5,-1,5,15,76,7.3645463,8.254218,,none
αἰγίοχος,50,10,10,0,16,6.360226,8.757609,veho; aegis-bearing,lsj
αἰγίς,12,162,1,8,46,4.390737,11.575344,"goatskin; aegis; cuirass; rushing storm, hurricane",lsj
αἰγανέη,5,162,1,8,96,4.3985715,11.479576,"hunting-spear, javelin",lsj
αἰγυπιός,6,57,12,5,22,5.43693,9.959978,vulture,lsj
αἰδέομαι,40,232,13,11,19,0.45381173,11.993754,"to be ashamed; from a sense of shame; stand in awe of, fear; show a sense of regard",lsj
αἰδοῖος,43,46,15,78,38,5.229098,8.842557,"having a claim to regard, reverence; compassion; bashful, shamefaced; showing reverence",lsj
αἰδώς,20,207,16,31,7,3.3046904,11.406461,"reverence, awe, respect; shame, self-respect; sense of honour; shame",lsj
αἰειγενέτης,7,-1,10,63,63,1.3914897,9.523898,any supernatural being worshipped as controlling some part of the world or some aspect of life or who is the personifica,agwn
αἰζηός,20,57,10,0,90,5.291947,9.863175,"in full bodily strength, vigorous; stout, lusty",lsj
αἰθήρ,24,18,32,65,65,3.944363,10.259111,"ether, the heaven; upper; air; sky",lsj
αἰνέω,8,-1,28,59,120,0.98545337,11.901969,"tell, speak of; reports of; praise, approve; glorify",lsj
αἰνός,102,130,0,50,1,3.2857566,8.766593,"dread, horrible; dread, terrible; terribly; strangely, exceedingly",lsj
αἰπεινός,14,65,0,50,1,3.2587638,9.264995,"high, lofty; hasty, wicked; hard to reach",lsj
αἰπόλιον,6,-1,6,46,10,5.3665676,10.158794,herd of goats; goat-pasture,lsj
αἰπόλος,10,57,6,46,10,5.246104,9.836975,goatherd,lsj
αἰπός,7,132,29,14,31,3.039133,8.9984045,"high, lofty; falling sheer down",lsj
αἰπύς,50,-1,29,14,31,3.0682902,8.75803,"high and steep; on high; hanging high; sheer, utter",lsj
αἰσχρός,10,-1,0,58,13,3.3017669,8.635661,"causing shame, dishonouring, reproachful; ugly, ill-favoured; deformed; with an ugly",lsj
αἰσχύνω,11,-1,13,11,19,1.0151732,12.120508,"make ugly, disfigure; give; a bad form; dishonour, tarnish",lsj
αἰτέω,12,234,9,22,26,0.18683307,11.251242,"ask, beg; ask for, demand; ask leave; to ask",lsj
αἰτίζω,10,-1,13,11,93,0.86772287,11.878009,"ask, beg; ask; beg of; beg",lsj
αἰτιάομαι,6,201,10,7,4,1.4228908,11.597572,"accuse, censure; to accuse; accuse; bring a charge",lsj
αἰχμή,33,163,1,8,96,4.295204,11.3782015,point of a spear; point; spear; with the spear,lsj
αἰχμητής,28,-1,10,0,16,2.4407077,10.401051,"spearman, warrior; pointed; spear-wielding; warlike",lsj
αἰόλος,8,57,10,0,90,5.11942,9.919159,"quick-moving, nimble; wriggling; glittering; changeful of hue, sheeny",lsj
αἰών,10,-1,12,51,51,3.4793053,11.727195,"aevum; period of existence; lifetime, life; the Aeacidae",lsj
αἱματόεις,19,99,10,7,4,1.2603686,9.462841,"blood-red; of blood; suffused with blood, flushed; bloody, murderous",lsj
αἱρέω,408,-1,3,42,42,0.58472866,13.315655,"take with the hand, grasp, seize; to take; having taken up; take away",lsj
αἴ,13,110,31,34,113,3.5412161,6.4615784,,none
αἴγειρος,8,59,6,46,146,5.3413577,10.485258,"black poplar, Populus nigra",lsj
αἴγλη,5,21,32,65,65,3.8554246,10.598967,the light of the sun; moon; daylight; sunshine,lsj
αἴθουσα,19,-1,13,48,6,4.5033526,10.898785,"portico, verandah, to catch the sun; loggia",lsj
αἴθω,22,21,13,48,6,3.597828,10.463264,"light up, kindle; burn, blaze; burnt fiercely; aestas, aestus",lsj
αἴθων,16,-1,10,0,90,5.099375,9.941116,"fiery, burning; fiery; flashing, glittering; red-brown, tawny",lsj
αἴνυμαι,13,212,20,56,27,1.2712501,13.114664,"take; taking hold of; seizes; enjoy, feed on",lsj
αἴξ,46,56,6,46,10,5.559639,10.170939,goat; ibex; the star Capella; goose,lsj
αἴρω,43,134,10,0,16,1.3653058,10.932304,"give shape to: ""form the clay into a head""",agwn
αἴσιμος,22,105,2,2,25,3.5712674,8.249674,"appointed by the will of the gods, destined; fatal; agreeable to the decree of fate, meet, fitting; right",lsj
αἴσυλος,6,105,2,2,25,3.3765182,10.472885,"unseemly, evil, godless",lsj
αἴτιος,16,-1,2,2,25,3.3632185,7.8901057,"culpable, responsible; the most guilty; the accused, the culprit; they who have sinned against",lsj
αἶα,26,78,2,2,25,4.57303,10.420408,avia,lsj
αἶθοψ,32,144,26,67,67,4.426849,9.89989,fiery-looking; flashing; sparkling; fiery,lsj
αἶσα,22,105,2,2,25,3.8475616,10.707451,"who dispenses to every one his lot; destiny; decree, dispensation; destiny decreed",lsj
αἶσχος,7,105,2,2,25,4.103121,12.162325,"shame, disgrace; disgraceful deeds; ugliness, deformity",lsj
αἶψα,135,83,31,34,113,2.8981454,6.4314466,"quick, forthwith, on a sudden",lsj
αἷμα,113,119,22,57,57,3.7560236,12.663466,blood; streams of blood; anything like blood; dye,lsj
αὐγή,19,103,10,0,148,3.487272,10.6246,"light of the sun; rays, beams; the light; in a full",lsj
αὐδάω,96,108,10,0,16,0.5639222,10.710772,"utter sounds, speak; utter; speak, say; twas said",lsj
αὐδή,18,103,10,0,148,2.5885754,10.849399,"human voice, speech; sound; twang; report, account",lsj
αὐδήεις,6,103,10,0,148,2.2250643,10.780901,speaking with human voice; using human speech; vocal; rumour,lsj
αὐλή,41,-1,11,69,34,4.5622783,10.964827,open court; courtyard; steading; court,lsj
αὐλός,5,138,12,5,5,2.892186,11.7193985,"pipe, flute, clarionet; a trumpet; the flute; pipes",lsj
αὐτίκα,165,83,31,34,113,2.9861023,6.282327,"forthwith, at once, in a moment; on the spot; immediately; as soon as",lsj
αὐτοκασίγνητος,6,45,15,78,38,5.12992,8.946699,own brother,lsj
αὐτοσχεδόν,9,29,18,18,104,1.9553572,7.483083,"near at hand, hand to hand; near, close to; on the spot, at once",lsj
αὐτοῦ,89,-1,21,1,52,2.2861426,6.920915,just there; just here; there!; here in,lsj
αὐτόθι,32,-1,21,1,52,2.2364168,6.8913274,on the spot,lsj
αὐχήν,39,216,1,72,72,5.086814,12.21513,"neck, throat; gullet; one neck; high-spirited",lsj
αὔριον,10,-1,21,1,100,2.9229996,6.676138,to-morrow; tomorrow; on the morrow; till morning,lsj
αὔτως,54,84,21,77,3,2.7578673,7.0103226,"in this very manner, even so; just as I am; in the self-same way, likewise; just so",lsj
αὔω2,47,-1,20,54,87,1.3864397,12.074113,"cry out, shout, call aloud; utter; call upon; ring",lsj (homograph 2)
αὖθις,124,84,21,77,3,2.847825,6.70342,"back, back again; again, anew; encore!; in turn",lsj
αὖος,7,30,2,2,69,3.9999363,9.792431,dry; a pole; stale; withered,lsj
βάζω,16,114,10,0,16,1.748622,10.699843,"speak, say; address; has been spoken",lsj
βάλλω,456,81,20,66,32,0.9693039,13.585192,"throw; throw so as to hit, hit; striking; smote upon",lsj
βάσκω,6,-1,21,71,17,3.907257,6.7541986,speed thee! away!; come!,lsj
βέλος,89,158,1,8,96,4.507281,11.859024,"missile; arrow, dart; hurled; thrown",lsj
βέλτερος,8,79,2,44,49,3.4717562,7.8077354,"better, more excellent; it is better",lsj
βένθος,11,167,11,23,126,4.364792,10.930496,depth,lsj
βία,96,210,16,31,7,3.385311,11.32463,"bodily strength, force; act of violence; against; will, in spite of",lsj
βίβημι,6,227,20,66,32,1.4964498,12.188061,to stride,lsj
βίοτος,37,-1,26,28,29,3.4683988,11.609131,"a set containing all and only the members of two or more given sets: ""let C be the union of the sets A and B""",agwn
βαίνω,391,-1,14,12,95,0.30248353,14.073071,"walk, step; on foot; on ground; he went to",lsj
βαθυδίνης,6,72,10,0,16,1.8164914,9.661923,deep-eddying,lsj
βαθύς,38,132,29,14,31,3.1600766,9.082869,deep; high; within a high fence; the deep,lsj
βαρύνω,6,186,20,66,32,1.7056538,13.450393,"weigh down, oppress, depress; he is heavy; weary; disabled",lsj
βαρύς,33,-1,0,50,1,3.150708,8.544472,"heavy in weight; strength and force; bushy; heavy with age, infirmity",lsj
βασίλεια,10,-1,23,13,56,4.814723,9.039558,"queen, princess",lsj
βασίλειος,6,94,2,44,49,3.492259,7.6930704,royal; the kingʼs; of the archon; basilica,lsj
βασιλεύς,99,55,23,13,56,4.748948,9.055406,"king, chief; captain; judge; hereditary king",lsj
βασιλεύω,10,55,23,13,56,4.649428,9.097118,"to be king, rule, reign; was king; reigned as queen; to have become king",lsj
βιάζω,6,230,13,48,12,0.32539225,12.275745,constrain; they used force; to be hard pressed; overpowered,lsj
βιάω,11,-1,13,48,12,0.8157077,12.2494135,constrain; to be forcibly driven; will; yield to force,lsj
βιός,16,-1,12,5,22,5.5123744,11.393369,bow; jiyā´; gijà,lsj
βλάπτω,26,198,14,29,68,1.57401,14.201638,"disable, hinder; disable; lame; entangled",lsj
βλέφαρον,27,-1,1,72,72,5.050851,12.145838,eyelids; eyes,lsj
βλεμεαίνω,6,201,10,7,4,1.6336807,11.7352,exult,lsj
βλώσκω,7,225,7,47,50,-0.0461688,14.011242,go or come; has passed,lsj
βοάω,27,227,20,66,32,1.4930075,11.924981,"cry aloud, shout; men ready to shout; roar, howl; resound, echo",lsj
βοή,66,-1,33,33,85,5.688273,8.843509,"loud cry, shout; battle-cry; of war; cry",lsj
βοείη,11,162,1,8,96,4.387421,11.540462,,none
βομβέω,5,228,20,66,32,1.3838515,12.044914,make a booming noise; fell with a loud noise; flew humming; roar,lsj
βουκολέω,5,157,14,16,59,2.122209,12.145376,tend cattle; graze; range through the sky; graze on,lsj
βουκόλος,14,57,6,46,10,5.4614773,9.874263,tending kine; worshipper of Dionysos in bull-form; devotee; qṷel,lsj
βουλή,88,136,9,9,99,2.0841038,10.66853,"will, determination; counsel, design; counsel, advice; ground of argument",lsj
βουλεύω,32,-1,9,9,99,0.8236529,11.209668,"take counsel, deliberate; determine; resolve after deliberation; in council",lsj
βουληφόρος,17,50,23,13,56,4.6262383,9.429347,"counselling, advising; like a counsellor",lsj
βούλομαι,32,206,4,43,43,-0.34505686,11.555239,"will, wish, be willing; wish is will; willed; that supports",lsj
βοῦς,164,56,6,46,10,5.608572,10.183308,"bullock, bull, ox; cow; cattle; buffalo",lsj
βοῶπις,14,25,5,15,48,5.7273445,8.943518,"ox-eyed; having large, full eyes",lsj
βρίθω,13,-1,20,66,32,1.6544636,12.477261,to be heavy; weighed down with; to be laden with; full of,lsj
βραχίων,6,216,1,72,72,5.015667,12.036479,arm; the shoulder; shoulder of beasts; force of arm,lsj
βραχεῖν,9,-1,20,66,32,1.6626651,12.490618,"rattle, clash, ring; roar; creak; shriek",lsj
βριαρός,7,-1,0,50,1,3.0879314,9.356411,strong,lsj
βριθύς,6,-1,20,66,32,3.02409,8.861079,heavy,lsj
βροντάω,6,227,20,66,32,1.4584639,12.367798,thunder; Jupiter Tonans; it thunders; if it thunders,lsj
βροτολοιγός,13,111,12,5,22,2.9555044,11.015955,"plague of man, bane of men",lsj
βροτόεις,9,99,10,7,4,1.2338438,9.5207815,gory,lsj
βροτός,101,32,15,20,114,5.3121443,8.384098,mortal man; dead; mṛtás; morior,lsj
βρυχάομαι,5,-1,20,66,32,1.6880176,12.385401,"roar, bellow; death-cry; wail; the roaring of waves",lsj
βρότος,5,215,16,26,41,3.5745575,11.51379,"blood that has run from a wound, gore",lsj
βρώμη,5,113,6,45,45,3.3779092,12.517041,any substance that can be metabolized by an organism to give energy and build tissue,agwn
βρῶσις,10,113,6,45,45,3.3887343,12.473921,"meat; pasture; eating; taste, flavour",lsj
βυσσοδομεύω,7,114,10,7,4,1.7673627,10.687526,"build in the deep; brood over; in the depth of oneʼs soul, ponder deeply; secret designs",lsj
βωμός,20,-1,12,5,22,5.390985,11.135034,"raised platform, stand; base; altar with a base; tomb, cairn",lsj
βόειος,7,-1,1,8,96,4.376592,11.34799,of an ox; oxen; of ox-hide; bull,lsj
βόθρος,7,172,11,23,44,5.117668,11.275111,"hole, trench; pit dug in the ground; trough; hollow",lsj
βόσκω,21,87,6,46,146,2.4252696,12.60094,"feed, tend; the feeder; feed, nourish; maintain, keep",lsj
βῆσσα,12,167,11,23,126,4.4564915,10.905167,"wooded combe, glen; glens; drinkingcup",lsj
γάλα,7,119,6,45,45,3.7956817,12.803102,lac; glact; milk; the breast,lsj
γάλοως,5,201,22,36,8,1.7182426,11.508824,"husbandʼs sister; brotherʼs wife, sister-in-law; glōs",lsj
γάμος,29,194,16,26,41,4.0497174,11.460702,"wedding; a wedding; marriage, wedlock; marriage",lsj
γέγωνα,18,227,20,66,32,1.4735321,11.877055,shout so as to make oneself heard; can make himself heard; make oneʼs voice carry; cry out to,lsj
γέλως,8,215,16,26,41,3.4943519,11.701673,laughter; ridiculous; joke; laugh,lsj
γένειον,7,216,1,72,72,4.867639,12.075532,"part covered by the beard, chin; chin; beard; mane",lsj
γένος,30,219,16,26,41,3.883457,11.790437,"race, stock, kin; by race; race; of kin",lsj
γέντο,5,185,14,16,59,1.3588513,13.087027,he grasped,lsj
γέρας,40,219,16,26,41,3.8927987,11.809234,"gift of honour; the last honours; privilege, prerogative; gift, present",lsj
γέρων,208,44,16,26,47,4.215252,7.736347,"old man; Elders, Chiefs; Senators; old",lsj
γέφυρα,7,166,11,52,144,4.604946,10.96394,"dyke, dam; open space; limits; causeway",lsj
γαιήοχος,15,43,10,63,63,1.9663311,9.769286,"earth-moving, earth-carrying; protecting the country; veho; váhati",lsj
γαλήνη,5,103,22,36,8,2.4706638,10.936778,"stillness of the sea, calm; calm sea; stillness; calmness, serenity",lsj
γαμέω,23,33,15,78,38,2.8006036,12.646882,marry; take to wife; marry a wife; take for a paramour,lsj
γαμβρός,15,45,15,78,38,5.1275296,8.911071,connexion by marriage; son-in-law; brother-in-law; sisterʼs husband,lsj
γαστήρ,27,217,1,72,72,5.114753,12.296436,"paunch, belly; the hollow; belly; wide part",lsj
γαῖα,272,78,5,24,112,4.657234,10.32437,"land, country; land; earth; the earth",lsj
γείνομαι,28,33,15,78,38,2.8155143,12.6604185,to be born; at oneʼs birth; beget; bring forth,lsj
γελάω,24,227,20,66,32,1.5252564,11.785332,laugh; laughed; a laugh being raised; laughs scornfully,lsj
γενεά,47,210,16,31,7,3.639054,11.644125,"race, family; by birth; blood; younger",lsj
γεραιός,34,44,16,26,47,4.213582,7.798144,"old; reverend sire; the elders, senators; eldest",lsj
γεύω,5,229,34,3,137,0.26088172,12.4592285,"give a taste; taste; they had tasted, eaten of; take food",lsj
γηθέω,38,228,20,66,32,1.1316371,11.896267,rejoice; will rejoice; rejoice in doing; impune,lsj
γηθόσυνος,6,1,12,5,5,1.1773157,10.163214,"joyful, glad",lsj
γηράσκω,10,86,17,70,142,2.5606186,12.564218,grow old; to be so; grew old; bring to old age,lsj
γιγνώσκω,113,214,9,9,99,0.8955045,11.371235,"come to know, perceive; know; know by reflection; know by observation",lsj
γλαυκῶπις,88,25,5,15,48,5.8398514,8.90495,with gleaming eyes,lsj
γλαφυρός,82,131,0,50,1,3.4106169,9.229287,"hollow, hollowed; a deep; arched; polished",lsj
γλυκύς,38,146,0,50,1,3.3407142,8.644191,"sweet to the taste; smell; pleasant, delightful; sweet, fresh",lsj
γλῶσσα,12,195,1,72,72,5.0282793,12.314227,tongue; larynx; of talking; frankness of speech,lsj
γναθμός,7,182,0,32,15,5.493224,11.513137,jaw,lsj
γναμπτός,10,132,0,32,15,3.1144223,8.828555,"curved, bent; supple, pliant; pliable",lsj
γνωτός,8,-1,0,32,15,2.9162507,8.411009,"perceived, understood, known; well-known",lsj
γνύξ,6,-1,0,32,15,2.7885118,8.15898,with bent knee; on the knee,lsj
γοάω,23,201,10,7,4,1.515337,11.587105,"groan, weep; bewail",lsj
γουνάζομαι,5,235,13,48,12,0.13749489,12.032414,"clasp; knees; implore, entreat; implore",lsj
γουνόομαι,8,235,13,48,12,0.1458617,12.005444,,none
γουνός,5,187,12,5,22,5.6268263,11.13174,high ground,lsj
γραῦς,22,-1,25,25,20,5.7125235,9.560385,old woman; old wives; an old man; scum,lsj
γυμνός,11,136,20,56,27,1.8330454,10.4382,"naked, unclad; unarmed; parts not covered by armour, exposed parts; right side",lsj
γυμνόω,8,191,20,56,27,1.7042557,12.209849,strip naked; strip; strip oneself; be stripped naked,lsj
γυνή,237,-1,15,78,38,5.3208528,9.059659,"woman; man; mistress, lady; the lasses",lsj
γυῖον,49,-1,10,0,16,1.949117,10.428352,limb; the feet; womb; hands,lsj
γόνος,16,33,15,78,38,2.979679,12.461865,"that which is begotten, child; offspring; son; roe",lsj
γόνυ,117,112,1,72,72,4.4405437,12.442312,knee; clasping the knees; on my knees; the knee,lsj
γόος,49,-1,12,5,5,3.2353425,11.671193,"weeping, wailing; louder signs of grief; grief for; for",lsj
γύαλον,6,158,1,8,96,4.6233597,11.798276,hollow; breast; back-piece; front-piece,lsj
γύψ,6,56,25,25,20,5.6566153,9.953525,vulture,lsj
γῆ,11,78,5,24,112,4.630943,10.226782,earth; heaven; land; sea,lsj
γῆρας,30,-1,16,31,7,3.268147,11.471341,"old age; cast skin, slough of a serpent",lsj
δάιος,43,38,36,17,37,4.084328,9.314189,"hostile, destructive; burning, consuming; enemies; fighting man",lsj (relaxed match)
δάκρυον,97,-1,13,48,6,1.5512667,11.774858,"tear; that which drops like tears, gum, sap",lsj
δάμαρ,5,45,15,78,38,5.2598743,8.98895,"wife, spouse",lsj
δάμνημι,12,176,14,29,33,1.7779945,12.694042,"forced, seduced",lsj
δάος,5,-1,16,26,41,3.8847194,11.675679,"firebrand, torch",lsj
δάπεδον,9,173,19,4,97,4.986438,11.387605,"level surface; floor of a chamber; ground, soil; ground",lsj
δάπτω,6,-1,10,0,16,1.6104237,10.831726,devour; rend; tear; corrode,lsj
δάω,21,214,9,9,99,0.7851542,11.285661,learn; teach; know; wilt learn,lsj
δέκα,20,117,31,79,79,2.6190963,5.618558,ten; the Ten; Attic Orators; decemviri,lsj
δέκατος,19,2,31,79,79,2.5831144,6.120056,"tenth; tenth part, tithe; of the tenth; the tenth day",lsj
δέμας,38,211,16,31,7,3.8014383,11.733431,bodily frame; the living body; in stature; shoot,lsj
δέμνιον,12,112,1,41,64,4.3380966,12.467306,"bedstead, mattress; bed",lsj
δέμω,14,-1,14,29,28,2.0725708,13.086574,"build; built him; construct, prepare; munire viam",lsj
δένδρεον,13,60,6,46,146,5.374882,10.586421,tree; fruit; mast-bearing trees; tall plants,lsj
δέος,24,215,16,26,41,3.5857582,11.768695,"fear, alarm; fear; fear of; to fear",lsj
δέπας,56,120,1,41,64,3.816191,12.678233,"beaker, goblet; bowl",lsj
δέρκομαι,13,61,13,48,6,0.54920024,12.272849,"see clearly, see; having sight; alive, living; since she lives",lsj
δέρμα,13,-1,1,41,64,4.3674493,12.341401,"skin, hide; skin; skins prepared for bags, bottles; a manʼs skin",lsj
δέρω,10,212,14,29,28,1.8788803,13.381621,"skin, flay; to have oneʼs; flayed off; will make",lsj
δέσποινα,9,46,15,78,38,5.207028,8.835778,"mistress, lady of the house; mistress; princess, queen; Empress",lsj
δέχομαι,75,-1,7,6,116,0.041838396,12.517814,"take, accept, receive; receive; at the hand of; accept",lsj
δέω,57,190,14,29,28,1.3522415,13.443328,"bind, tie, fetter; to bind; tie; bind, keep in bonds",lsj
δέω2,13,229,34,3,137,0.39647454,12.244293,"lack, miss, stand in need of; want; from; lacking",lsj (homograph 2)
δήμιος,7,37,2,2,69,4.4840894,8.503651,belonging to the people; elected by the people; public; at the public cost,lsj
δήν,37,58,0,50,2,2.958031,7.9154544,for a long while; long-lived; long ago; dudum,lsj
δήω,9,87,14,16,59,2.207729,12.703001,"find, meet with",lsj
δίδωμι,452,179,3,42,42,0.1609346,12.8576565,"give freely; to be ready to give, offer; things offered; grant, assign",lsj
δίζημαι,11,230,35,35,0,0.5270915,12.335782,"seek out, look for; seek for; devising means for; seeking to win her",lsj
δίκαιος,16,207,16,26,47,2.9056313,11.290607,"observant of custom; rule; of social rule, well-ordered, civilized; good",lsj
δίκη,15,207,16,26,47,3.1175654,11.45143,"custom, usage; way; the way; like",lsj
δίνη,7,167,10,0,16,4.173877,10.836372,"whirlpool, eddy; rotating heaven; whirlwind; circular motion, rotation",lsj
δίπλαξ,5,151,14,12,92,4.665779,11.695857,"in double folds; layers; twofold, double; double-folded mantle",lsj
δίπτυχος,5,151,14,12,92,4.941514,11.636539,"double-folded, doubled; a pair of; folding; having doubled",lsj
δίσκος,6,151,14,12,92,4.802385,11.578393,"quoit; quoitʼs; anything quoit-shaped; dish, trencher",lsj
δίφρος,88,151,14,12,92,4.876195,11.493838,chariot-board; two; chariot; travelling-car,lsj
δίχα,9,-1,31,34,113,2.8048668,5.895663,"in two, asunder; divided; divided against itself; apart, aloof",lsj
δίω,14,-1,14,12,92,1.7592659,12.578896,"put to flight; drive; pursuing; give chase, hunt",lsj
δαήμων,5,-1,9,9,99,4.2344666,9.138602,"knowing, experienced in; knowing best how to",lsj
δαήρ,6,71,15,78,38,4.2700734,7.15685,"Aus Lydien; husbandʼs brother, brother-in-law; devár; dieveȓs",lsj
δαίδαλος,7,126,1,41,66,3.8562205,12.569633,"cunningly; curiously wrought; cunning works; spotted, speckled",lsj
δαίζω,21,-1,36,17,138,0.93483716,12.298744,cleave asunder; slay; pierced through; torn,lsj (relaxed match)
δαίμων,57,-1,10,0,16,2.2348416,10.436141,"god, goddess; the Divine power; the Deity; chance",lsj
δαίνυμι,50,185,14,16,59,1.5971682,12.804107,give a banquet; feast; to give; thou shalt be,lsj
δαίς,54,113,6,45,45,3.465781,12.563161,"meal, banquet; duly shared; banquet; sacrificial feast",lsj
δαίς2,15,113,6,45,45,3.4857147,12.62752,"meal, banquet; duly shared; banquet; sacrificial feast",lsj (homographs merged)
δαίτη,12,113,6,45,45,3.3876486,12.545171,"feast, banquet",lsj
δαίφρων,56,-1,36,17,138,3.9759655,9.166458,"warlike, fiery; wise, prudent; craftsman; dasrás",lsj (relaxed match)
δαίω,20,199,14,16,59,1.801614,12.950891,"dunō óti; light up, kindle; she made; burn",lsj
δαίω2,9,199,14,16,59,1.9005687,13.054702,"divide; is torn, distracted; distribute; feast",lsj (homograph 2)
δαιδάλεος,17,53,29,14,124,3.253326,9.664567,"cunningly; curiously wrought; dappled, spotted; shot with light, sheeny",lsj
δαιμόνιος,20,71,31,34,131,4.168426,6.993544,"belonging to a; miraculous, marvellous; good sir; lady",lsj
δαιτυμών,9,32,15,20,114,5.160987,8.3297415,"one that is entertained, guest; those who bring each his portion",lsj
δακρυόεις,18,-1,10,7,4,1.2048986,9.57453,tearful; through tears; causing tears,lsj
δακρύω,13,228,20,66,32,1.1764668,11.986282,"weep, shed tears; with tears; to flood; to be in tears",lsj
δαμάζω,142,176,14,29,33,1.7043128,12.660293,"overpower; tame, break in; work; clear",lsj
δαμνάω,6,176,14,29,33,1.737032,12.625821,"overcome, as with emotions or perceptual stimuli",agwn
δατέομαι,29,-1,14,16,59,1.235534,12.3622465,divide among themselves; they share; are alike filled with; tear,lsj
δείδω,98,-1,13,11,19,1.1068587,12.015508,"fear; to be alarmed, anxious; fear to do; fear, dread",lsj
δείκνυμι,24,-1,9,22,26,0.39925903,11.310792,"bring to light, show forth; portray, represent; cause; render",lsj
δειδίσσομαι,8,-1,13,11,93,0.6121188,12.125883,"frighten, alarm; to scare; away; fear",lsj
δειλός,37,44,31,34,131,4.1361623,8.162513,"cowardly; vile, worthless; lowborn, mean; afraid of",lsj
δεινός,93,-1,0,50,1,3.3546176,8.634135,"fearful, terrible; fearful; awful; danger, suffering, horror",lsj
δειπνέω,10,-1,6,45,45,1.9437255,12.838241,"make a meal; take the chief meal, dine; make; serve as dinner",lsj
δειρή,13,195,1,72,72,4.908529,12.131883,"neck, throat; ornaments; collar; gully, glen",lsj
δεξιτερός,20,-1,1,72,72,5.197052,11.993334,right-hand of two; the right hand,lsj
δεξιός,31,-1,1,72,72,5.3141546,12.05481,on the right hand; side; the right; fortunate,lsj
δεσμός,28,-1,12,51,51,5.1886644,11.445002,"band, bond, anything for tying and fastening; halter; mooring-cable; door-latch",lsj
δεύτερος,33,-1,21,1,100,3.008088,6.518484,second; next; comes in second; hereafter,lsj
δεύω,17,199,14,16,59,1.7436221,13.016593,"wet, drench; to be flooded; steeped; wets his",lsj
δεύω2,15,229,34,3,137,0.41919732,12.1906,"miss, want; he missed, failed; feel the want; loss of, be without",lsj (homograph 2)
δεῖπνον,28,113,6,45,45,3.485223,12.6766815,meal; noonday meal; morning meal; evening meal,lsj
δεῖπνος,7,113,6,45,45,3.5095246,12.67544,,none
δεῦρο,65,90,21,71,17,4.6988316,6.7733474,hither; to [have come hither and] be here; here; sensible objects,lsj
δεῦτε,5,70,31,34,131,4.0324235,6.784502,come hither!,lsj
δηθά,15,58,0,50,2,2.8212326,7.632722,for a long time; long,lsj
δηθύνω,5,58,0,50,2,2.862745,7.804586,"tarry, delay; to be prolonged; to be slow",lsj
δηιοτής,30,-1,36,17,37,2.2649276,10.77222,"battle-strife, the battle; mortal struggle, death",lsj (relaxed match)
δηιόω,23,191,36,17,37,1.494872,12.020214,"cut down, slay; slaying; were slaying; were being slain",lsj (relaxed match)
δηλέομαι,14,191,36,17,37,1.3730981,11.43146,"hurt, do a mischief to; did; a mischief; slew",lsj
δημός,13,-1,12,5,22,5.626034,10.973598,fat; with fat; and fat,lsj
δηριάομαι,7,201,36,17,37,1.5298846,11.513091,contend; wrangle; contend with; contest a prize,lsj
δηρός,34,58,0,50,2,2.8981402,7.9050474,"long, too long; all too long; lingering",lsj
διάκτορος,15,25,25,25,105,5.8162594,8.909247,minister; messenger,lsj
διέκ,9,-1,7,47,36,1.6110117,7.081028,out through,lsj
διέρχομαι,10,208,7,47,50,0.24240473,13.929292,"go through, pass through; pass through, complete; went abroad, spread; shoot through",lsj
διίστημι,7,-1,7,47,36,0.3632743,13.870257,"set apart, separate; set; at variance with; divide",lsj (relaxed match)
διακρίνω,15,8,7,47,36,0.86622334,12.988618,separate one from another; part; to be parted; part and join different,lsj
διαλέγω,5,-1,4,27,108,0.052119035,11.418216,"pick out; glean; select, separate; examine, check",lsj
διαμπερές,30,77,0,19,54,2.1536388,8.229733,"through and through, right through; without break, continuously; in a piece; throughout, for ever",lsj
διαπέρθω,12,202,7,76,53,0.68408215,13.069959,"destroy utterly, sack, waste",lsj
διαπράσσω,8,4,11,52,107,1.8597175,12.611752,pass over; made their way over; may finish; went through,lsj
διαπρύσιος,7,-1,0,50,1,3.0455005,8.357821,"going through, piercing; piercing into, running out into; piercing, thrilling; piercing",lsj
διαρραίω,10,202,7,76,53,0.71012574,13.004531,"dash in pieces, destroy; to be destroyed, perish",lsj
διασεύομαι,6,-1,7,76,53,0.855972,13.768214,dart through,lsj
διατμήγω,10,95,14,29,33,2.1057103,13.394867,cut in twain; having cut; in twain; distinguish,lsj
διατρίβω,7,-1,17,75,75,2.016816,12.725885,"rub hard; wear away, consume; to fritter away; perish",lsj
διδάσκω,9,-1,9,9,99,2.4979076,12.834689,instruct; teach; taught; taught how,lsj
διείρομαι,5,233,9,22,125,0.23139675,11.126582,,none
διηνεκής,8,-1,0,50,1,2.480674,8.502959,"continuous, unbroken; cut the whole length; regularity; perpetual",lsj
δικάζω,8,-1,16,26,47,2.2672422,11.323468,"Bis Acc; judge, sit in judgement; sit as a juror; give judgement on, decide, determine",lsj
δινήεις,13,100,10,7,4,1.2726978,9.437893,"whirling, eddying; rounded",lsj
δινεύω,14,157,14,16,59,2.1267784,12.284842,"whirl, spin round; after whirling; driving; round a circle",lsj
διογενής,41,62,31,34,131,4.2746406,7.160449,sprung from Zeus; ordained and upheld by Zeus; divine,lsj
διοτρεφής,27,62,0,19,55,4.1960096,7.2819324,"fostered, cherished by Zeus; fed by rain",lsj
διώκω,31,169,10,0,16,1.7991008,10.515904,"cause to run, set in quick motion; pursue, chase; chase; follow",lsj
δμωή,50,34,15,78,38,5.0886474,8.455042,"female slave taken in war; female slave, serving-woman",lsj (relaxed match)
δμώς,22,34,15,78,38,4.954676,8.498233,slave taken in war; slave,lsj
δμῶος,5,34,15,78,38,4.977577,8.42594,,none
δοάσσατο,11,237,4,43,43,-0.04407897,11.593879,it seemed; appear,lsj
δοιοί,19,-1,31,79,79,2.5767415,5.7109256,"two, both; in two ways, in two points; twofold, double",lsj
δοιώ,7,-1,31,79,79,2.5074213,5.728356,a set of two similar things considered as a unit,agwn
δοκέω,25,206,4,43,43,-0.17468317,11.438397,"expect; think, suppose, imagine; thought; methought",lsj
δοκεύω,6,-1,30,61,14,1.0053769,11.702218,"keep an eye upon, watch narrowly; watches; having watched for; lie in wait for",lsj
δολιχήρετμος,5,104,29,14,9,2.4910932,9.455119,long-oared; using long oars,lsj
δολιχός,12,-1,1,8,96,3.3005183,8.967314,long; dīrghas,lsj
δολιχόσκιος,25,52,1,8,96,3.5579503,9.388478,casting a long shadow; long; far-reaching,lsj
δολομήτης,7,-1,24,49,60,5.8356543,9.261366,,none
δολοφρονέων,8,150,0,58,13,1.8943126,11.590068,"planning craft, wily-minded",lsj
δορπέω,5,-1,29,14,9,1.8344568,12.303516,take supper,lsj
δουπέω,24,228,20,66,32,1.4083315,12.098488,sound heavy; dead; the heavy thud of a corpse; falls with heavy sound,lsj
δουρικλειτός,17,3,27,55,111,4.4693937,9.090473,famed for the spear,lsj
δοῦπος,11,-1,12,5,5,3.1873667,11.741928,"any dead, heavy sound, thud; din; sound; the measured tread",lsj
δράκων,9,56,6,46,10,5.519396,10.116819,"dragon, serpent; water-snake; Draco; the great weever",lsj
δρόμος,11,194,16,26,41,4.1777062,11.565283,"course, race; course; speed; any quick movement",lsj
δρῦς,16,-1,6,46,146,5.4437647,10.506025,tree; Quercus Aegilops; Quercus Ilex; of oak leaves,lsj
δυοκαίδεκα,12,116,31,79,79,2.5994372,5.604992,twelve,lsj
δυσαής,5,-1,0,19,55,3.168269,9.454759,"ill-blowing, stormy; excessive; ill-smelling",lsj
δυσηχής,10,74,0,19,55,2.490345,8.783209,ill-sounding; giving a dull sound; bringer of great woe; of ill-repute,lsj
δυσμενής,29,31,15,20,122,4.99665,8.283513,hostile; enemies; an enemy of,lsj
δυώδεκα,8,-1,31,79,79,2.5846488,5.702149,twelve,lsj
δωδέκατος,11,2,31,79,79,2.5657506,6.099741,twelfth,lsj
δόλος,41,-1,16,26,41,3.7947958,11.450918,bait; any cunning contrivance for deceiving; catching; trap,lsj
δόμονδε,7,90,11,69,34,4.990717,6.917945,homeward; house,lsj
δόμος,125,171,11,69,34,5.098307,11.121343,"domus; house; part of a house, room, chamber; a house",lsj
δόρπον,31,-1,6,45,45,3.0691862,12.00749,"evening meal; meal, food",lsj
δόρπος,7,-1,6,45,45,3.0962636,12.028249,,none
δόρυ,270,158,1,8,96,4.8435464,11.887274,"stem, tree; plank; beam; mast",lsj
δόσις,5,207,16,31,7,3.081519,11.786189,"giving; licence, permission; ramming; gift",lsj
δύη,5,210,16,31,7,3.3446727,11.284453,"misery, anguish; of woe; two; Theol, Ar",lsj
δύναμαι,108,206,4,43,43,-0.37041077,11.536268,"to be able, strong enough; canst; powerful, mighty; multum valet",lsj
δύναμις,8,210,16,31,7,3.384508,11.487711,"power, might; bodily strength; strength, power, ability; strength",lsj
δύο,149,-1,31,79,79,2.5566516,5.6558084,two; two and two,lsj
δύσμορος,8,41,31,34,131,2.850068,9.838981,ill-fated; with ill fortune,lsj
δύστηνος,21,44,15,78,38,4.246324,8.269501,"wretched, unhappy, unfortunate, disastrous; unhappy are they; wretched",lsj
δύω,5,-1,14,29,28,0.9414361,13.210698,"cause to sink, sink, plunge in; get; go into; enter, make oneʼs way into",lsj
δύω2,120,196,7,76,53,0.8104514,13.572042,"cause to sink, sink, plunge in; get; go into; enter, make oneʼs way into",lsj (homographs merged)
δώδεκα,26,116,31,79,79,2.6366444,5.617352,the cardinal number that is the sum of eleven and one,agwn
δῆμος,110,171,23,13,56,5.0458,10.805039,"district, country, land; the land; people, inhabitants; the commons, common people",lsj
δῖος,385,25,5,15,48,5.991896,8.77725,heavenly; noble; noblest; excellent,lsj
δῶμα,243,171,11,69,34,5.0797772,11.025484,"house; chief room, hall; a single house; housetop",lsj
δῶρον,119,-1,3,42,42,3.9272256,12.292983,"gift, present, gift of honour; votive gift; offering; the gifts of",lsj
εἰκοστός,12,2,31,79,79,2.5407267,6.102279,twentieth; a tax of a twentieth; vicesima manumissionum,lsj
εἰκός,21,68,8,74,149,0.91319144,10.667475,"like truth; likely, probable, reasonable; likelihood, probability; likelihoods",lsj
εἰλίπους,9,30,39,39,80,4.2221375,10.00142,rolling in their gait; bring round their hind legs with a circling; rolling motion; oxen,lsj
εἰλαπίνη,5,30,39,39,80,4.138773,10.261815,a ceremonial dinner party for many people,agwn
εἰλύω,10,192,35,35,0,1.4711769,13.039487,"enfold, enwrap; to be wrapped, covered; crawl, wriggle along; rolled up, crouching",lsj
εἰναετής,5,2,31,79,79,2.5661995,6.09741,"of nine years, nine years old; nine years long",lsj
εἰσάγω,12,224,7,47,50,0.13095993,13.845804,"lead in; into; into oneʼs dwelling, introduce; he led",lsj
εἰσάντα,5,221,9,9,58,0.044778112,14.055879,right opposite; in the face,lsj
εἰσέρχομαι,31,225,7,47,50,0.03385111,14.0413,"go in; into, enter; invaded; come into",lsj
εἰσαναβαίνω,12,221,7,47,50,0.12220885,14.069711,go up to; into,lsj
εἰσαφικνέομαι,10,226,7,47,50,-0.10441017,14.157118,"come into; to, arrive at; go into; arrive",lsj
εἰσβαίνω,10,221,7,47,36,0.09810584,14.035188,go on board; embark; enter; come into,lsj
εἰσείδω,5,214,9,9,58,0.8595896,11.627385,,none
εἰσοράω,69,201,9,9,58,1.3622147,11.542645,"look into, look upon, behold; to discern; to behold; seest)",lsj
εἴβω,9,80,10,7,4,0.9968491,11.037038,"drop, let fall in drops; trickle down",lsj
εἴδομαι,50,68,8,74,149,0.6985358,10.962073,"to be seen, appear; are visible, appear; was visible; appear",lsj
εἴδω,42,214,9,9,99,0.8215037,11.226806,see; to be seen; seem; know,lsj
εἴδωλον,11,220,3,21,70,4.0383725,11.978496,phantom; any unsubstantial form; form; image reflected,lsj
εἴθε,19,51,21,71,17,3.6191547,6.7083783,,none
εἴκελος,15,68,8,74,149,0.81051683,10.632625,like,lsj
εἴκοσι,32,-1,31,79,79,2.6044004,5.6332655,twenty; vīginti; viṃśatis,lsj
εἴκω,18,68,8,74,149,0.7247599,10.829937,"to be like, seem likely",lsj
εἴκω2,16,68,8,74,149,0.7324615,10.811513,"give way, retire; make way for; yield; shrink",lsj (homograph 2)
εἴλω,36,152,34,3,86,0.9875123,13.196159,shut in; shut out; let them be shut out; ponded,lsj
εἴρω2,5,-1,9,22,125,0.5749938,10.9645,"say, speak, tell; is said; ask",lsj (homograph 2)
εἴσω,48,92,21,1,52,1.874294,6.9979057,"to within, into; into the house; to the inside; inside, within",lsj
εἶδαρ,14,118,1,41,66,4.000523,12.464269,food,lsj
εἶδον,407,214,9,9,58,0.8872594,11.515126,see; to be seen; seem; know,lsj
εἶδος,41,211,16,31,7,3.750199,11.701171,"that which is seen: form, shape; form; figure; appearance",lsj
εἶθαρ,9,-1,21,1,82,2.6008067,6.80325,"at once, forthwith",lsj
εἶλαρ,5,-1,26,28,11,3.9621105,11.892353,"covering, shelter, defence; shelter for; fence against",lsj
εἶμι,503,225,7,47,50,-0.008793249,14.068324,"ibo; shall go, shall come; come; go, depart",lsj
εἶπον,514,234,9,22,26,0.18409796,11.00068,"said; avocam; vac; speak, say",lsj
εἷμα,73,112,1,41,64,4.4297795,12.447523,"garment; over-garment; rug, carpet",lsj
εἷος,18,125,31,34,113,3.2488985,6.3239865,,none
εἷς,78,-1,31,79,79,2.6200645,5.63874,"sem; one, one; single man; single",lsj
εὐήρης,6,122,29,14,124,2.2145212,9.028981,"well-fitted; well-poised, easy to handle; of the well-poised oars; well-knit",lsj
εὐδείελος,6,88,29,14,31,2.0060642,9.303113,"clear, distinct; farseen; open to the sun, sunny",lsj
εὐεργής,18,-1,0,19,55,2.2337406,8.943197,"well-wrought, well-made; wrought; well-done; benefits, services",lsj
εὐνάζω,6,-1,28,60,24,1.1515015,12.706451,"lay; place in ambush; put to bed, put to sleep; in a form",lsj
εὐνάω,12,121,28,60,24,1.6267912,12.740713,"lay; place in ambush; lay asleep, lull to sleep; make oneʼs couch",lsj
εὐνή,75,-1,28,60,24,3.1112494,11.519353,bed; bedding; abode; lair,lsj
εὐπλόκαμος,25,122,29,14,124,2.0284417,9.31863,,none
εὐποίητος,5,122,29,14,124,2.189572,9.108951,"well-made, well-wrought",lsj
εὐρυάγυια,11,43,10,0,16,1.7460893,9.878992,with wide streets; public,lsj
εὐρυμέτωπος,7,-1,29,14,9,2.0806842,9.506467,broad-fronted,lsj
εὐρύοπα,18,25,5,15,48,5.9572864,8.802474,wide-eyed; vox; far-sounding; thundering,lsj
εὐρύς,149,-1,29,14,31,2.9594066,8.819176,"wide, broad; loose; far-reaching, far-spread; várīyān",lsj
εὐρύχορος,9,88,29,14,31,1.9259309,9.347997,"broad in scope or content: ""across-the-board pay increases""; ""an all-embracing definition""; ""blanket sanctions against h",agwn
εὐστέφανος,6,122,29,14,124,2.1152294,9.244084,"well-girdled; graced with beauteous garlands; crowned with flowers; crowned, circled with walls and towers",lsj
εὐσταθής,8,123,29,14,31,2.3069484,9.0321665,"well-based, well-built; steadfast, tranquil; sound, healthy; healthy, sound",lsj
εὐτείχεος,7,88,27,40,81,1.9614259,9.328181,well-walled,lsj
εὐφραίνω,7,156,28,59,120,1.1828185,12.131145,"cheer, gladden; make merry, enjoy oneself; was rejoiced at; enjoy a pleasure",lsj
εὐφρονέων,8,150,0,58,13,1.9222267,11.640652,with kind; prudent) mind,lsj
εὐφροσύνη,5,-1,28,59,120,2.9436934,11.359222,"mirth, merriment; good cheer, festivily; with glad thoughts; festivities",lsj
εὐχετάομαι,17,201,13,48,12,1.2180821,11.565536,"pray; boast, profess; brag; to glory",lsj
εὐχωλή,12,181,12,5,5,2.7247083,11.156037,"prayer, vow; votive offering; boast, vaunt; shout of triumph",lsj
εὑρίσκω,77,214,9,9,58,2.7376208,6.3231273,"find; find that; found; find means, be able",lsj
εὔδμητος,11,122,29,14,124,2.2067807,9.199872,well-built,lsj
εὔζωνος,7,122,29,14,124,2.1648855,9.156859,"well-girdled; girt up for exercise, active; well-equipped; well-girded",lsj
εὔθρονος,5,122,29,14,124,2.0557106,9.214316,with beautiful seat; throne,lsj
εὔκομος,20,-1,39,39,80,2.0611777,9.318173,lovely-haired; well-fleeced; with goodly foliage,lsj
εὔκυκλος,6,-1,29,14,124,2.349277,9.186972,"well-rounded, round; well-wheeled; in horizontal circles, orbicular; moving in a circle, circling",lsj
εὔξεστος,21,122,29,14,124,2.1940608,9.131297,"well-planed, well-polished",lsj
εὔξοος,15,122,29,14,124,2.128688,9.139462,of polished metal; haft; easy to polish,lsj
εὔπεπλος,7,122,29,14,124,2.0757887,9.315068,"with beautiful peplos, beautifully robed",lsj
εὔπηκτος,6,122,29,14,124,2.087593,9.228626,"well put together, well-built; well-moulded, compact; firm; easily congealed",lsj
εὔπωλος,5,88,29,14,31,2.031725,9.398338,abounding in foals; horses; their offspring,lsj
εὔσελμος,28,104,29,14,9,2.278108,9.386559,well-benched; decked,lsj
εὔσκοπος,5,122,29,14,124,2.1256344,9.144564,"keen-sighted, watchful; far-seen; commanding a wide view; shooting well, of unerring aim",lsj
εὔτροχος,8,122,29,14,124,2.1134975,9.136196,"well-wheeled; smoothlyrunning; running easily; ready, glib",lsj
εὔτυκτος,9,122,29,14,124,2.1250265,9.193792,"well-made, well-wrought; ready for eating",lsj
εὔχομαι,142,-1,13,48,12,0.065577775,11.676812,pray; to utter; in prayer; pray that,lsj
εὕδω,57,155,14,12,95,1.1281886,14.282732,"sleep; slumbering; sleep of death; rest, be still",lsj
εὕω,6,213,14,29,28,1.7590091,13.418454,singe; uro; eus-ō,lsj
εὖ,202,106,21,10,106,2.3824463,8.224316,"well; well, thoroughly, competently; cunning; morally well, kindly",lsj
εὖτε,27,124,31,34,113,3.2084181,6.2841544,"when; whenever, so often as; whenever; whenever, as often as",lsj
εὖχος,18,-1,26,28,11,3.883653,11.809326,"thing prayed for, object of prayer; boast, vaunt; vow, votive offering",lsj
ζάθεος,7,-1,29,14,31,2.7474751,9.290201,"very divine, sacred",lsj
ζείδωρος,9,-1,22,57,57,2.7820764,9.28898,zea-giving; life-giving; mamma,lsj
ζεύγνυμι,20,186,14,29,28,1.8664879,13.758031,"yoke, put to; put to oneʼs; harness, saddle and bridle; put to, get ready",lsj
ζεύς,12,28,5,15,48,6.041321,8.648706,dyaús; divás; diví; dyávi,lsj
ζυγόν,23,135,16,26,41,4.4711614,11.716516,yoke; the yoke; crossbar; thwarts,lsj
ζυγός,5,135,16,26,41,4.5186405,11.760414,,none
ζωστήρ,17,158,1,8,96,4.753854,11.690605,a warriorʼs belt; belt; a womanʼs girdle; anything that goes round like a girdle,lsj
ζωός,57,86,17,70,142,2.5045803,12.457737,"alive, living",lsj
ζόφος,11,18,32,65,65,3.8551364,10.455478,"nether darkness; the realms of gloom; gloom, darkness; the gloom",lsj
ζώνη,6,159,1,41,64,4.397754,12.020728,"belt, girdle; the lower girdle worn by women; above the hips; girdle",lsj
ζώννυμι,11,-1,20,56,27,1.6060301,13.057392,gird; gird round the loins; hug; gird oneself,lsj
ζώω,34,86,17,70,142,2.3630922,12.565908,,none
ζῶ,9,86,17,70,142,2.3706083,12.570828,"gṷiē-, gṷiō; live; of living men; living",lsj
θάλαμος,63,172,11,69,34,5.1525793,11.166327,"an inner room; chamber, surrounded by other buildings; womenʼs apartment, inner part of the house; a special chamber in this part of the house",lsj
θάλασσα,103,78,22,36,8,4.5393286,10.233469,sea; salt lake; maritime affairs; a sea,lsj
θάλλω,8,200,10,7,4,1.5909474,11.828484,"sprout, grow, thrive; luxuriant; grew; bloom",lsj
θάμβος,6,215,20,66,32,3.2496037,12.088471,amazement; terrors; object of wonder,lsj
θάμνος,8,-1,14,29,68,3.1226315,12.649614,"bush, shrub; copse; bushy",lsj
θάνατος,124,-1,26,28,29,3.592964,11.55497,death; the death threatened; to death; death-penalty,lsj
θάπτω,9,96,14,29,68,2.7121217,13.05468,honour with funeral rites; to carry out to burial; burial expenses,lsj
θάρσος,12,219,16,26,41,3.7325623,11.761935,courage; courage to do; courage against; courage!,lsj
θέλγω,23,186,10,0,39,1.3410321,13.431864,"enchant, be witch; spell-bound; cheat, cozen; charm, beguile",lsj
θέμις,33,207,16,26,47,3.045403,11.547143,"that which is laid down; established, law; as established by custom; meet and right",lsj
θέρος,5,13,32,65,65,3.7176583,10.227484,summer; during the summer; in the course of it; about,lsj
θέρω,5,114,10,0,16,1.7602891,11.00977,"heat, make hot; become hot; warm; warm your self",lsj
θέσφατος,9,105,0,19,54,3.376232,11.198694,"spoken by God, decreed; ordained; divine decrees, oracles; wonderful, mighty",lsj
θέω,81,-1,20,66,32,0.22361082,13.958092,dhávate; run; running; run and,lsj
θήν,15,109,31,34,113,3.4433002,6.528467,,none
θήρ,14,56,6,46,10,5.5654635,10.113774,beast of prey; beasts; living creature; vermin,lsj
θίς,34,167,11,23,126,4.3133445,10.716626,"heap; sand-banks; sandy deserts; beach, shore",lsj
θαλερός,29,130,0,50,1,3.2901883,8.628336,"stout, sturdy, buxom; blooming, fresh; of a youthful pair; stout, sturdy",lsj
θαμά,9,83,21,71,17,3.1251743,6.3347306,often,lsj
θαμέες,15,-1,0,50,1,3.1080322,8.856939,"crowded, close-set; frequent",lsj
θαμίζω,5,108,10,0,16,1.67885,10.546217,come often; plying; to haunt; to be accustomed,lsj
θαμβέω,16,228,20,66,32,1.2920681,11.944358,to be astounded; to be astonished at; alarm; PMag. Leid.W,lsj
θαρσέω,20,70,31,34,131,4.067393,6.8295727,to be of good courage; to be over-bold; fear not!; with good courage,lsj
θαρσαλέος,14,107,0,58,13,2.5154839,8.195717,daring; confident; confidence; of good courage,lsj
θαρσύνω,13,145,28,59,120,1.1539366,12.544259,"encourage, embolden",lsj
θαυμάζω,22,228,20,66,32,1.2576746,11.937774,"wonder, marvel; marvel at; wonder; honour, admire, worship",lsj
θαῦμα,18,220,16,26,41,3.7879827,11.923392,"wonder, marvel; a wonder; strange; wonder",lsj
θεά,192,27,5,15,48,6.0234857,8.798223,goddess,lsj
θεάομαι,22,-1,14,16,59,1.1294161,11.85814,"gaze at, behold; wonder; reconnoitred; do you see?",lsj
θείνω,63,96,14,29,33,2.4854765,13.116648,strike; dashed; slay; slain,lsj
θεοείκελος,5,68,8,74,149,0.81661046,10.593136,godlike,lsj
θεοειδής,43,10,10,0,16,6.3892255,8.811846,godlike,lsj
θεοπροπία,7,181,16,31,7,2.876751,11.107804,"prophecy, oracle",lsj
θεουδής,6,-1,10,0,148,2.2056084,10.6912565,fearing God,lsj
θεράπων,69,54,23,62,30,4.9511623,9.175335,"periodic maintenance on a car or machine: ""it was time for an overhaul on the tractor""",agwn
θερμός,16,147,0,50,1,3.5238378,8.858053,"hot; feverish; hot-headed, hasty; still warm, fresh",lsj
θεσπέσιος,36,-1,0,50,1,3.4872034,9.564561,"divinely sounding, divinely sweet; divinely uttered; decreed; oracular",lsj
θεσπιδαής,8,-1,0,19,55,2.1673625,8.765645,kindled by a god; portentous,lsj
θεός,707,-1,5,15,48,5.8840246,8.580712,"God, the Deity; against his will; bless you! good heavens! for heavenʼs sake!; weather",lsj
θεῖον,5,-1,36,17,37,5.685035,8.971852,brimstone; suffire,lsj
θεῖος,69,-1,36,17,37,6.096581,8.749814,"from the gods, divine; divine; appointed of God; given by God",lsj
θηρατήρ,8,48,23,13,84,3.3856754,10.50802,a watch with a hinged metal lid to protect the crystal,agwn
θνήσκω,125,86,17,70,142,2.680986,12.931577,Papers of the Amer. School; die; to be dead; dead,lsj (relaxed match)
θνητός,41,32,15,20,114,5.253257,8.343503,"liable to death, mortal; mortals; mortal women; mortal creatures",lsj
θοός,146,131,0,50,1,3.483336,9.32319,"quick, nimble; swift; hasty; in haste",lsj
θοῦρις,16,6,20,30,71,2.954651,10.089105,,none
θοῦρος,18,6,20,30,71,2.9827209,10.108047,"rushing, impetuous, furious; with which one rushes to the fight",lsj
θρίξ,13,195,1,72,72,4.8765473,12.20851,hair; hair of the head; wool; bristles,lsj
θρασύς,22,-1,0,50,1,3.0687392,8.590537,"bold; full of confidence; over-bold, rash; audacious, arrogant, insolent",lsj
θρόνον,7,172,16,26,41,5.094697,11.278194,flowers embroidered on cloth; herbs used as drugs and charms,lsj
θρόνος,47,172,16,26,41,5.1460857,11.293538,"seat, chair; throne, chair of state; kingʼs estate; dignity",lsj
θρῆνυς,10,-1,12,5,5,1.5382018,12.918344,footstool; bench; helmsmanʼs bench; bridge,lsj
θρῴσκω,25,-1,20,66,32,0.6635016,13.73671,"leap, spring; tossed; leap upon, assault; attack",lsj
θυγάτηρ,102,45,15,78,38,5.3443413,8.973869,"daughter; maidservant, slave; duhitár",lsj
θυμαλγής,12,74,0,19,55,2.5122159,8.77283,heart-grieving; inly grieving,lsj
θυμοβόρος,5,6,20,30,71,2.7516146,9.83395,eating the heart,lsj
θυμοραιστής,5,-1,20,30,71,2.3864417,10.530471,life-destroying,lsj (relaxed match)
θυμοφθόρος,5,6,20,30,71,2.7647364,9.808854,"destroying the soul, life-destroying; heart-breaking; troublesome, annoying",lsj
θυμός,711,-1,10,0,16,2.490257,10.477197,"soul, spirit; the principle of life, feeling and thought; of strong feeling and passion; breath, life",lsj
θυσανόεις,5,99,10,7,4,1.2788465,9.439026,"tasseled, fringed",lsj
θωρήσσω,43,4,10,0,16,1.8931867,12.50365,"arm with a; arm; arm oneself, put oneʼs harness on; to arm yourselves withal",lsj
θωρηκτής,5,42,10,0,16,2.5069396,10.078553,armed with; cuirass,lsj
θύελλα,20,21,10,0,148,3.812306,10.54612,"hurricane, squall; thunderstorms",lsj
θύνω,13,-1,20,30,71,1.4382052,12.77841,"rush, dart along; flitted; flits; raged",lsj
θύρα,64,160,11,52,144,4.664978,11.098813,door; double; folding doors; valve,lsj
θύραζε,27,-1,21,1,52,2.1058269,6.9206643,to the door; out of doors; out; out of,lsj
θύω2,13,-1,20,30,71,1.5345874,12.67367,"rage, seethe; seething; seethed; storm, rage",lsj (homograph 2)
θώραξ,35,158,1,8,96,4.626677,11.728313,"corslet; jerkin; coat of mail, scale armour; slough",lsj
θᾶκος,5,172,11,69,34,5.189939,11.167953,"seat, chair; seats; chair of office; privy",lsj
θῆλυς,18,56,6,46,10,5.3835535,9.704042,female; she; the female; woman,lsj
κάθημαι,37,155,14,12,95,0.82559365,14.292495,"to be seated, sit; as he sat there; sate; sit on",lsj
κάλη,8,51,21,71,17,3.6581101,6.7461777,,none
κάλλιμος,5,-1,2,44,49,3.575331,8.635785,beautiful,lsj
κάλλος,15,211,16,31,7,3.7632964,11.683798,beauty; show; pleasure; a beauty,lsj
κάματος,24,215,26,28,29,3.5740018,11.687412,"a consequence of someone's efforts or of a particular set of circumstances; ""skill is the product of hours of practice"";",agwn
κάμνω,47,95,14,29,33,2.1097114,13.132271,work; wrought; build; win by toil,lsj
κάμπτω,5,85,14,29,68,1.6965226,13.668694,"kaṁp-as; kuṁp-as; campus; bend, curve",lsj
κάνεον,14,-1,1,41,64,4.830403,11.618083,basket of reed; cane; bread-basket,lsj
κάπρος,12,-1,14,29,68,5.5731616,10.218795,"boar; wild boar; sow; sea-fish, Capros aper",lsj
κάρα,81,-1,1,72,72,4.7535863,12.024577,"head; the face; peak, top; edge, brim",lsj
κάρηνον,23,-1,37,37,136,4.4139338,12.252095,head; peaks,lsj
κάρτος,13,211,16,31,7,3.739918,11.7378435,"strength, vigour; violence, force",lsj
κάτειμι,8,225,7,47,50,0.027663922,14.018452,"ibo; go, come down; go down; sail down",lsj
κέλευθος,38,206,4,27,21,0.20762213,11.345221,"road, path; the streets; paths, orbits; path",lsj
κέλομαι,93,206,4,43,43,-0.2864898,11.622508,"urge, exhort, command; commands; advise; constrained",lsj
κέρας,16,158,1,8,96,4.467036,11.9584,the horn of an animal; horns; tusks; antennae,lsj
κέρδος,14,128,1,41,66,4.079605,12.420683,"gain, profit; some advantage; best; gains, profits",lsj
κήδω,39,229,13,11,19,0.4689673,11.99245,"trouble, distress; to be concerned, care for; mourn for; caring for",lsj
κήλεος,8,53,1,8,96,3.365493,9.623406,burning; dry,lsj
κήρ,75,-1,16,31,7,3.4525638,11.346185,"the act of killing: ""he had two deaths on his conscience""",agwn
κίθαρις,5,138,12,5,5,3.0877395,11.7550745,the act of playing a musical instrument,agwn
κίνυμαι,6,185,14,16,59,1.4814204,12.987911,"go, move; marched; as it was stirred",lsj
κίω,102,226,7,47,50,-0.034033723,14.06069,"stop and wait, as if awaiting further instructions or developments: ""Hold on a moment!""; ""We broke at noon""",agwn
κίων,11,173,11,69,34,5.111744,11.280627,pillar; pillars; the Pillars; columnar gravestone,lsj
καίνυμαι,18,193,14,16,59,1.4456542,13.219102,,none
καίω,69,199,14,16,59,1.7413247,13.184277,"kindle; they lighted them; to be lighted, burn; which blaze",lsj
καγχαλάω,5,201,10,7,4,1.540265,11.637575,"rejoice, exult; rejoice",lsj
καθάπτω,12,-1,13,48,12,0.3101193,11.427787,"fasten; fix on, put upon; having made; fast",lsj
καθέζομαι,24,155,14,12,95,0.90331304,14.322469,"sit down, take oneʼs seat; preside; taking their seats; sit down in, occupy",lsj
καθίζω,37,155,14,12,95,0.93047047,14.330437,"make to sit down, seat; set, place; encamp; post",lsj
καθαίρω,10,212,14,29,28,1.7191967,13.432838,"cleanse; clear; purify, refine; purge, clear",lsj
καθαιρέω,6,-1,7,6,83,0.85401195,13.455266,take down; take; down; take down oneʼs,lsj
καθαρός,8,147,1,41,147,3.543452,8.803996,"physically clean, spotless; cleanly; clear of admixture, clear, pure; white",lsj
καθεύδω,7,155,14,12,95,0.98950076,14.350268,"lie down to sleep, sleep; to sleep; pass the night; roost",lsj
καθύπερθε,21,141,21,1,52,1.8731283,6.682729,"from above, down from above; atop, above; atop; above",lsj
κακός,390,-1,16,26,41,3.698585,11.359896,"bad; ugly; ill-born, mean; craven, base",lsj
κακότης,21,210,16,31,7,3.327582,11.126207,"badness; baseness, cowardice; cowardice; wickedness, vice",lsj
κακόω,6,191,35,35,0,1.7925563,11.964304,"maltreat, distress; afflict; the afflicted; to be in ill plight, be distressed",lsj
καλέω,110,-1,30,61,14,-0.072470486,11.894038,"call, summon; they had been summoned; demand, require; call to oneself",lsj
καλλίθριξ,15,127,23,62,30,5.290005,11.649207,"with beautiful manes; with fine wool; with beautiful hair; waterwort, Asplenium trichomanes",lsj
καλλίσφυρος,5,115,29,14,124,2.009039,9.405876,beautifulankled,lsj
καλλιπάρηος,16,63,29,14,124,2.0507326,9.548897,beautiful-cheeked,lsj
καλλιπλόκαμος,6,115,29,14,124,2.0142567,9.456262,with beautiful locks,lsj
καλός,293,147,0,50,1,3.5333521,8.738433,"beautiful; beauteous; fair, shapely; beauty",lsj
καλύπτω,84,85,7,6,83,1.5413532,13.919214,"oc-culo, celo; cover; to kill; covered, grasped",lsj
καμπύλος,10,52,1,8,96,3.5862715,9.361523,"bent, curved; of varied metre",lsj
καπνός,19,-1,32,65,65,2.100932,10.44731,smoke; spray; trifles; on the smoking embers,lsj
καρδία,50,217,1,72,72,4.952278,12.22358,heart; feelings?; freely; kindly,lsj
καρπάλιμος,42,107,0,58,13,2.5194159,8.133188,"swift; swiftly; eager, ravenous",lsj
καρπός,13,60,6,46,146,5.423345,10.600025,"fruit; the fruits of the earth, corn; harvest; crops",lsj
καρπός2,11,216,1,72,72,5.21025,12.160045,wrist; huerfa,lsj (homograph 2)
καρτερός,25,-1,0,50,1,3.6797278,8.780544,"strong, staunch; the strongest; possessed of, in control of, master of; steadfast, patient",lsj
κασίγνητος,46,45,15,78,38,5.073562,8.90657,brother; born from the same mother; sister; sisters,lsj
κασιγνήτη,9,45,15,78,38,5.257448,8.885184,sister,lsj
κασσίτερος,10,-1,10,7,140,3.3231752,9.83369,tin; plates of tin; kassi-tira; kastīram,lsj
κατάγω,11,224,7,47,50,0.124138474,13.76723,lead down; into the nether world; bring down; draw down,lsj
κατέδω,11,8,10,0,39,1.2307454,11.295355,"eat up, devour; eat up; eating",lsj
κατέπεφνον,16,96,14,29,33,2.4952173,13.170213,"kill, slay",lsj
κατέρχομαι,17,225,7,47,50,-0.037898198,14.054641,go down; go down to the grave; down; descending,lsj
κατέχω,17,-1,7,6,83,0.92641336,13.779251,"hold fast; hold back, withhold; check, restrain, bridle; put",lsj
καταβάλλω,7,85,14,29,68,1.1707536,13.782383,"throw down, overthrow; to bring down; confound, defy; throw",lsj
καταβαίνω,27,221,7,47,36,0.13765578,14.043487,come down from; die; came down from; came down,lsj
καταδέω,10,190,14,29,28,1.158739,13.650152,"bind on; to, bind fast; bind to oneself; tie up for oneself",lsj
καταδύω,41,196,7,76,53,0.4915792,13.892901,"go down, sink, set; to be sunk; disabled; duck",lsj
καταθνήσκω,21,86,17,70,142,2.6158283,13.033907,"Nuova Silloge; die away, be dying; died; to be dead",lsj (relaxed match)
καταθνητός,7,32,17,70,142,2.724929,12.997605,mortal,lsj
κατακαίω,7,199,14,16,59,1.8083009,13.188873,burn completely; burn; alive; burnt,lsj
κατακείω,16,199,14,16,59,1.8536713,13.113612,,none
κατακρύπτω,5,198,14,29,68,1.5509952,14.129435,"hide, conceal; put away; use concealment, conceal oneself; oneʼs true nature",lsj
κατακτείνω,61,96,14,29,33,2.4986787,13.129604,"kill, slay",lsj
καταλέγω,57,233,9,22,125,0.19217235,11.212156,lay down,lsj
καταλείπω,26,142,38,38,74,-0.18364978,12.938908,"leave behind; leave behind one; to be left, remain behind; left behind",lsj
κατανεύω,19,-1,7,6,109,0.024575682,11.288343,"nod assent; grant, promise; consent to; make a signbynoddingthehead",lsj
καταπίπτω,21,85,14,29,68,1.4557967,13.712565,"fall, drop; fell; base, contemptible; accidents",lsj
καταπαύω,9,178,7,76,143,0.33603853,12.945485,"put an end to, stop; bring to a close; conclude; and proceed",lsj
καταπρηνής,6,203,11,52,107,0.89883506,12.888154,down-turned; with the flat of,lsj
καταρρέζω,8,186,14,29,28,1.7408614,13.752645,"pat, stroke, caress",lsj
κατατίθημι,47,190,14,29,28,1.2121496,13.682244,"place, put, lay down; set; down in; take down",lsj
καταφθίω,6,96,17,70,142,2.587356,13.174861,"ruin, destroy; waste away, perish; would; have been consumed, spent",lsj
καταχεύω,17,209,14,16,18,1.5433259,13.3040085,,none
κατείβω,6,-1,7,6,83,1.1769744,13.636257,"let flow down, shed; flow apace; downward flowing; was flowing, passing away",lsj
κατερύκω,20,-1,7,6,109,0.63178194,13.149455,"observe correctly: ""keep time, keep count, keep track of""",agwn
κατεσθίω,5,82,6,45,45,2.6953955,12.906148,"eat up, devour; corrode; to be gnawed; bite",lsj
κατόπισθεν,7,140,21,1,52,1.9368253,6.746594,"behind, after; hereafter, afterwards, henceforth",lsj
καυλός,5,-1,1,72,72,5.415188,11.787993,stem; spear-shaft; sword-hilt; quill part,lsj
κεάζω,10,193,14,16,59,1.439807,13.360916,"split, cleave; shiver; was cloven; pound, rub to pieces",lsj
κείρω,20,212,14,29,28,1.7961897,13.212869,kṛṇā´ti; caro; scieran; shear,lsj
κείω,7,199,14,16,59,1.9293795,13.031798,to lie down; to bed; will lie; that they will lie,lsj
κεδάννυμι,10,193,14,16,59,1.430722,13.293288,"break up, scatter; was broken up; was shed",lsj
κεδνός,15,-1,0,50,1,3.4162562,8.542843,"careful, diligent, trusty; noble; cared for, cherished, dear; true",lsj
κειμήλιον,15,128,1,41,66,4.156049,12.492425,"anything stored up as valuable, treasure, heirloom; relic",lsj
κελαινεφής,17,-1,0,19,55,2.255717,8.748976,"black with clouds; shrouded in dark clouds, cloud-wrapped; dark-coloured; black, rich",lsj
κελαινός,16,137,0,50,1,3.347775,9.099407,"black, dark; swarthy; black with blood-stains; dark, murky",lsj
κελεύω,178,206,4,43,43,-0.14908631,11.410917,"urge, drive on; exhort, bid; order; bade",lsj
κενεών,5,-1,1,72,72,5.357357,11.927996,"hollow between ribs and hip, flank; hollows; hollow; vacant space",lsj
κενός,7,139,0,50,1,3.5296664,8.787716,empty; pause; the void of space; cavity,lsj
κεράννυμι,7,212,14,29,28,1.623013,13.212046,"mix, mingle; let us mix a cup of wine; give to drink; mix their",lsj
κεράω,5,-1,14,16,59,1.661256,12.872814,make horned; take post on the wing; flank,lsj
κεραίζω,8,-1,13,11,93,0.8574309,12.337777,"ravage, plunder; sink, disable; slaughter; carry off as plunder",lsj (relaxed match)
κεραυνός,18,75,12,51,51,2.974966,10.396319,thunderbolt; thunderbolts; thunder and lightning; a thunderbolt,lsj
κερδίων,29,79,2,44,49,3.5074754,7.8206635,more profitable; most cunning; crafty; most profitable,lsj
κερτομέω,7,150,0,58,13,1.9230407,11.659001,"taunt, sneer at; sneer",lsj
κερτόμιος,6,-1,0,58,13,2.8276875,9.12413,"mocking, taunting",lsj
κεφαλή,132,217,1,72,72,4.918821,12.215064,head; in stature; down over the head; on the head,lsj
κεύθω,14,222,4,27,21,0.46598104,11.42333,"custos; hýdan; cover, hide; covered",lsj
κεῖμαι,184,155,14,12,95,0.9296042,14.3066,"śáyate; cunae; to be laid; lie, lie outstretched",lsj
κεῖνος,58,-1,31,34,113,3.2306066,6.5048842,,none
κηρόθι,8,89,21,1,52,2.4751713,6.9412513,"with all the heart, heartily",lsj
κηρύσσω,8,4,9,22,26,1.4250077,12.18823,"to be a herald, officiate as herald; to be an auctioneer; make proclamation as a herald; by voice of herald",lsj
κικλήσκω,14,-1,30,61,14,0.018754376,11.89838,"call, summon; invite; invoke, implore; accost, address",lsj
κινέω,22,121,28,60,24,1.3466599,12.861377,set in motion; move; rock; remove,lsj
κιρνάω,6,212,14,16,18,1.739904,13.125601,mix; to mix the cup; flavour by mixing; temper,lsj
κιχάνω,57,-1,38,38,141,-0.09244385,14.018003,"reach, hit; light upon, meet with; reach, overtake; shall reach",lsj
κλάζω,17,200,35,35,0,1.8136191,11.820541,"make a sharp piercing sound; scream; bark, bay; clash, rattle",lsj
κλέος,61,219,16,26,41,3.828318,11.752071,"rumour, report; news; the report; the news",lsj
κλέπτω,6,198,14,29,68,1.5905617,14.204983,clèpere; hlifan; hliftus; steal,lsj
κλίνω,42,-1,7,47,36,1.5806944,13.234182,"śráyati; clinare, clivus; cause to lean, make to slope; slant",lsj
κλαίω,80,228,20,66,32,1.072078,11.902415,"cry, wail, lament; crying; crying, howling; well beaten",lsj
κλαγγή,8,165,12,5,5,2.7797723,11.273316,any sharp sound; twang; scream; confused cries of a throng,lsj
κλαυθμός,7,138,12,5,5,2.8383694,11.677707,"the process of shedding tears (usually accompanied by sobs or other inarticulate sounds); ""I hate to hear a child crying",agwn
κλείς,32,149,11,52,89,4.677847,11.293808,"clavis, claudo; bar, bolt; catch; hook",lsj
κλείω,6,186,14,29,28,1.6659871,13.624258,"shut, close, bar; barred; shot; shut up, close, block up",lsj
κλειτός,16,132,0,32,15,3.7782805,9.040026,"renowned, famous; splendid, excellent",lsj
κλισία,118,160,11,52,89,4.642749,10.971401,"place for lying down; reclining; hut, shed, booth; cot, cabin",lsj
κλισίηθεν,7,160,11,52,89,5.0784426,7.147712,out of; from the hut,lsj
κλισμός,16,160,11,52,89,5.006983,11.199024,"couch; inclination, slope",lsj
κλονέω,20,157,14,16,59,2.034557,12.095763,"drive tumultuously; in confusion; harass, agitate; to be agitated",lsj
κλυτός,69,-1,0,32,15,3.9300427,9.047596,"renowned, glorious; glorious; by which one is called; noble, splendid",lsj
κλόνος,7,194,12,5,5,3.7797244,11.575649,"confused motion, turmoil; battle-rout; throng; throngs",lsj
κλύω,91,-1,4,27,21,0.43809435,11.477363,hear; from; hear of; have heard,lsj
κλῆρος,18,194,16,26,41,4.105041,11.499137,"lot; by lots; casting of lots, drawing of lots; sortitio provinciarum",lsj
κνέφας,16,18,32,65,65,3.8147047,10.471174,"darkness; evening dusk, twilight; morning twilight; dawn",lsj
κνήμη,16,195,1,72,72,4.9067936,12.10489,"part between knee and ankle, leg, shank; tibia; stem between two joints; spoke",lsj
κνημίς,8,-1,1,8,46,4.6998167,11.781227,"greave, legging; leggings; spoke of a wheel",lsj
κνημός,7,188,11,23,102,5.507207,11.231268,"projecting limb, shoulder; grove",lsj
κνῖσα,15,113,6,45,45,3.3751743,12.444272,steam and odour of fat; smell; savour of a burnt sacrifice; odour of savoury meat,lsj
κοίρανος,7,50,23,13,56,4.4681926,9.5193405,"king; ruler; leader, commander; lord, master",lsj
κοιμάω,39,-1,6,45,45,1.8985792,12.816796,"lull, put to sleep; put to bed; still, calm; soothe, assuage",lsj
κοιρανέω,10,42,23,13,56,2.3130605,11.716487,"to be lord; master, rule, command; to be lord of; lead, arrange",lsj
κολεόν,10,182,12,5,22,5.4906497,11.487479,"sheath, scabbard; sheath, wing-case",lsj
κολλητός,10,-1,29,14,124,2.8507621,9.2916355,"glued together, closely joined; with figures welded",lsj
κομάω,33,201,10,7,4,1.5280623,11.671003,"let the hair grow long; plume oneself, give oneself airs; aimed at; do you plume yourself",lsj
κομέω,7,157,14,16,59,1.9753463,12.050818,"take care of, tend",lsj
κομίζω,30,-1,14,29,28,0.5990886,13.272441,"take care of, provide for; receive, treat; attended to; attend, give heed to",lsj
κομιδή,7,207,16,31,7,3.0662448,11.312463,"attendance, care; care bestowed on horses; care bestowed on men; care bestowed on",lsj
κονία,66,149,20,66,32,4.050025,11.266332,"dust; sand; ashes; pearl-ash, lye, soap-powder",lsj
κονίω,6,192,20,66,32,1.646782,13.119732,"make dusty, cover with clouds of dust; cover with dust; all dusty; in haste",lsj
κοναβέω,5,227,20,66,32,1.5213274,12.015076,"resound, clash, ring; re-echo",lsj
κορέννυμι,21,-1,34,3,137,0.7376314,12.789088,"satiate, fill; with; satisfy oneself; might satisfy their",lsj
κορυθαίολος,39,22,24,49,139,5.930756,8.747981,,none
κορυφή,27,167,11,23,102,4.583366,10.712117,"head, top; crown, top of the head; top, peak; summit, top",lsj
κορωνίς,17,-1,11,52,89,3.5488312,9.517932,crook-beaked; curved; with crumpled horns; anything curved,lsj
κορύσσω,26,192,35,35,0,1.5376936,12.865629,"furnish with a helmet; fit out, equip, marshal; equip, arm oneself; headed with",lsj
κορώνη,9,162,1,8,46,4.1946383,11.852007,"shearwater, Puffinus Kuhlii; P. anglorum; crow; hooded crow, Corvus cornix",lsj
κοσμέω,12,121,28,60,24,1.3533416,12.915332,"order, arrange; set; in array, marshal; marshalled",lsj
κοτέω,19,201,10,53,117,1.3476712,11.847464,"bear; a grudge, be angry at; angry at; angry",lsj
κοτύλη,5,162,1,8,98,4.377376,11.421742,"anything hollow; small vessel, cup; cup; socket",lsj
κουρίδιος,15,46,0,58,13,5.3251314,8.948752,"wedded; lawful, wedded wife; wedded wife; lawful marriage",lsj
κοῖλος,55,131,1,8,98,3.5155315,9.30781,hollow; hold; vena cava; plate,lsj
κοῖτος,10,113,6,45,45,3.3472936,12.424399,"resting-place, bed; stall, fold; pen; sleep",lsj
κοῦρος,22,46,25,25,105,5.352674,8.937859,"loppings, twigs stripped from a tree",lsj
κράς,30,-1,1,72,72,5.0381765,11.98676,"head; top, peak; the head; far end",lsj
κράτιστος,11,93,2,44,49,3.3431892,7.634972,"having or showing or arising from a desire to promote the welfare or happiness of others: ""his benevolent smile""; ""a ben",agwn
κράτος,30,219,16,26,41,3.8370485,11.795688,"strength, might; bodily strength; strength; all oneʼs might",lsj
κρέας,40,119,6,45,45,3.8138256,12.739362,"flesh, meat; piece; dressed meat; carcass",lsj
κρήδεμνον,14,-1,1,41,64,4.3650866,12.40905,womanʼs head-dress; veil; mantilla; battlements,lsj
κρήνη,18,166,22,57,57,4.5168467,10.71626,"well, spring, fountain; water",lsj
κρίνω,33,8,7,47,36,1.1685402,12.873898,"separate, put asunder, distinguish; pick out, choose; to choose; to be chosen out, distinguished",lsj
κραίνω,10,-1,37,37,136,0.9722263,12.267445,"accomplish, fulfil; accomplish; give true; come true",lsj
κραιπνός,20,130,0,50,2,3.1028574,8.71099,"swift, rushing; hasty, rash",lsj
κραναός,6,65,0,50,1,3.1708548,9.254156,"rocky, rugged; the people of Attica; hard; stinging",lsj
κρατέω,12,-1,23,13,56,2.3894067,12.021472,"to be strong, powerful; rule, hold sway; sway; the ruler",lsj
κρατήρ,38,120,6,45,45,3.658337,12.798549,"mixing vessel; bowl, in which wine was mixed with water; bowls of wine; a bowl of wine",lsj
κραταιός,13,136,0,50,1,2.1144364,10.311117,"strong, mighty; of power; fierce; hard",lsj
κρατερός,157,-1,0,50,1,3.4617016,8.845936,"strong, stout, mighty; stern, harsh; mighty, fierce; hard",lsj
κρατερῶνυξ,7,127,23,62,30,5.2837176,11.642584,"strong-hoofed, solid-hoofed; strong-clawed; with strong nails",lsj
κρείσσων,14,94,2,44,49,3.4850585,7.6530933,"stronger, mightier; having the upper hand, superior; prevail; better",lsj
κρείων,63,28,5,15,48,6.0619736,8.461981,"ruler, lord, master; queen",lsj
κρεμάννυμι,6,81,14,29,28,1.4911304,13.346308,hramjan; hang up; hang them up; hang up oneʼs,lsj
κρημνός,6,188,11,23,44,5.5511894,11.258968,"overhanging bank; bank; edge; beetling cliff, crag",lsj
κρόταφος,11,148,1,41,64,5.0349393,11.818792,"side of the forehead; temples; side edge, profile; sideways, horizontally",lsj
κρύπτω,11,198,14,29,68,1.6107163,14.1948805,"hide, cover; hide; cover; having cloaked his",lsj
κρῖ,6,119,6,45,45,3.8672075,12.787802,barley,lsj
κτάομαι,5,179,4,27,108,0.3082641,12.9386015,"procure for oneself, get, acquire; win; to get oneʼs; bring upon oneself",lsj
κτέαρ,14,148,1,41,64,5.089942,11.67668,"any area set aside for a particular purpose: ""who owns this place?""",agwn
κτέρεα,5,118,14,29,33,4.055811,12.532178,"funeral gifts; funeral honours; wrappers for the dead, shroud",lsj
κτείνω,146,96,14,29,33,2.4694986,13.147277,"kill, slay; seeks to kill; the slayer, murderer; put to death",lsj
κτερίζω,5,96,14,29,33,2.4995944,13.127105,,none
κτυπέω,8,-1,38,38,74,1.7269934,12.163528,"crash; ring, resound; rang; stamp loudly",lsj
κτύπος,10,-1,12,5,5,3.2252269,11.694791,"the price charged for some article or service: ""the admission charge""",agwn
κτῆμα,55,128,1,41,66,4.1608844,12.487095,"anything gotten, piece of property, possession; possessions; heirlooms; property",lsj
κτῆσις,10,-1,6,45,45,3.6665556,12.417674,acquisition; success in; possession; your having,lsj
κυάνεος,17,53,1,8,96,3.3620455,9.507666,"dressed in black: ""a black knight""; ""black friars""",agwn
κυανοχαίτης,7,42,10,63,63,2.4706485,10.0135975,dark-haired; dark blue; dark-maned,lsj
κυανόπρῳρος,11,-1,22,36,8,2.5240507,9.661846,darkprowed,lsj
κυβερνήτης,9,78,22,36,8,4.7902904,9.800495,"steersman, pilot; skipper; guide, governor",lsj
κυδάλιμος,31,42,20,30,71,2.4626305,10.105515,"glorious, renowned; noble",lsj
κυδαίνω,7,-1,20,30,71,1.3157771,12.287236,give; do honour to; glorified; delight,lsj
κυδιάνειρα,9,42,20,30,71,2.2538247,10.163135,"bringing men glory; renown; glorified by men, famous for men",lsj
κυδοιμός,7,111,20,30,71,2.6858778,10.550168,"din of battle, uproar, hubbub; fights",lsj
κυκάω,11,227,35,35,0,1.7055162,12.142122,stir; mix; mix for oneself; stir up,lsj
κυλίνδω,22,155,13,48,6,1.0857044,13.713355,roll; trundle; rolls; revolve,lsj
κυνέη,26,162,1,8,96,4.4117794,11.549917,dogʼs skin; helmet; cap; caps,lsj
κυνέω,21,-1,20,66,32,1.3887854,13.028124,kiss; bill,lsj
κυνώπης,6,25,25,25,20,5.8461304,9.032088,dog-eyed; shameless one,lsj
κωκύω,11,228,20,66,32,1.2332754,12.058105,"shriek, wail; lament; shriek over; káuti",lsj
κόλπος,15,171,8,64,129,4.959482,10.726224,"bosom, lap; bosom; lap; vagina",lsj
κόμη,13,-1,1,72,72,4.723651,12.116844,"hair of the head; the hair; hair, wig; unkempt",lsj
κόνις,9,149,20,66,32,4.044988,11.195506,dust; ashes; lye; cinis,lsj
κόπρος,8,-1,14,29,68,5.4075637,10.509225,"excrement, ordure; dung, manure; filth, dirt; dunghill, byre",lsj
κόπτω,16,198,14,29,68,1.5761199,14.170253,"cut, strike; smite; smote; smite, slaughter",lsj
κόρη,99,46,25,25,105,5.3850946,8.965301,girl; maiden; nymphs; bride,lsj
κόρος2,22,46,25,25,105,5.388308,8.937194,"boy, lad; male infant; servants; son",lsj (homograph 2)
κόρυς,46,-1,1,8,96,4.628974,11.733542,helmet; scalp,lsj
κόσμος,18,-1,8,64,129,3.8444579,11.127908,"order; order, duly; shamefully; in order",lsj
κότος,7,215,16,26,41,3.5351677,11.627821,"grudge, rancour, ill-will; vengeance",lsj
κύδιστος,20,62,31,34,131,4.218732,7.27613,"most honoured, noblest; greatest; profits it",lsj
κύκλος,9,-1,8,64,129,4.919467,10.90108,"ring, circle; circle; circles; in a circle",lsj
κύντερος,5,79,2,44,49,3.501793,7.7892,more dog-like; more shameless; more horrible,lsj
κύπελλον,10,-1,1,41,64,3.8272955,12.511816,"big-bellied drinking-vessel, beaker, goblet; milk-vessel; fragments of bread left on table",lsj
κύρμα,5,105,26,28,29,3.5679817,11.262177,"that which one meets with; finds; booty, prey, spoil; one who gets booty, swindler",lsj
κύων,111,56,6,46,10,5.521782,10.107963,"dog, bitch; shepherds’ dogs; watch-dogs; hounds",lsj
κώπη,7,-1,38,38,74,4.338584,11.260231,handle; handle of an oar; the oar; oars,lsj
κῆδος,46,128,1,41,66,4.120555,12.459946,"care about; matter; anxiety, grief; troubles",lsj
κῆπος,6,171,11,69,34,5.1316423,10.882387,"garden, orchard; plantation; enclosure; garden",lsj
κῆρ,75,-1,10,0,16,2.047829,10.402669,"heart; with all the heart, heartily; exceedingly; throughout",lsj
κῆρυξ,85,-1,5,15,76,5.7821994,8.673258,"herald, pursuivant; public messenger, envoy; messengers between nations at war; crier",lsj
κῆτος,7,-1,6,46,146,5.1848407,10.298214,any sea-monster; huge fish; cetacea,lsj
κῦδος,76,219,16,26,41,3.8316324,11.801148,"glory, renown; glory",lsj
κῦμα,105,78,22,36,8,4.4955916,10.325467,"anything swollen; pregnant; wave, billow; swell",lsj
κῶας,11,-1,1,41,66,4.7342553,10.702802,fleece; Golden Fleece,lsj
λάβρος,5,-1,25,25,105,3.6121767,9.652517,"furious, boisterous; huge, mighty; boisterous, turbulent; hasty",lsj
λάζομαι,16,230,13,48,12,0.28442448,12.302611,"seize, grasp; take; may they bite; took",lsj
λάθρῃ,13,-1,16,31,7,3.4820068,11.0496235,"secretly, by stealth; treacherously; imperceptibly; unknown to",lsj
λάινος,9,143,26,67,67,4.2805834,10.12332,of stone; marble; stony-hearted,lsj (relaxed match)
λάμπω,23,5,32,65,65,1.92563,12.972603,"give light, shine; ring loud and clear; shine forth, be famous; conspicuous",lsj
λάξ,8,-1,0,32,15,2.8098862,8.241589,with the foot; under foot,lsj
λάσκω,5,199,35,35,0,1.6405088,12.80294,"ring, rattle, crash; ring; cracked, broke with a crash; crackled",lsj
λέβης,22,120,6,45,45,3.6700907,12.804091,"kettle, cauldron; brazier; coin stamped with a cauldron; basin",lsj
λέγω,21,233,9,22,125,0.2060031,11.183926,lay,lsj
λέγω2,17,233,9,22,125,0.1735107,11.239982,"pick up; gather, pick up; picking out stones for building; gather for oneself",lsj (homograph 2)
λέγω3,12,233,9,22,125,0.18495783,11.15354,"lay ; pick up; gather, pick up; picking out stones for building; gather for oneself",lsj (homographs merged)
λέκτρον,7,172,1,41,64,5.064043,11.418434,"couch, bed; to bed; marriage-bed; the fruit of marriage, a child",lsj
λέχος,46,172,1,41,64,5.0499954,11.402103,"couch, bed; bedstead; bier; marriage-bed",lsj
λέων,56,56,6,46,10,5.6127243,10.119625,lion; lionʼs skin; crab; serpent,lsj
λήγω,18,178,7,76,143,0.18490012,13.022616,"stay, abate; would stay; from; leave off, cease",lsj
λίθος,26,135,16,26,41,4.637121,11.293697,"stone; stones; stonequoit; stone, petrified",lsj
λίμνη,10,78,22,36,8,4.6301804,10.312997,"pool of standing water; marshy lake, mere; artificial pool; basin",lsj
λίνον,6,-1,0,32,15,5.3067503,10.93551,"anything made of flax; cord, fishingline; thread; ligature",lsj
λίπα,8,51,21,71,17,3.6618373,6.744911,richly,lsj
λίς,7,143,0,32,15,5.0754285,10.372242,lion,lsj
λίς2,5,143,0,32,15,4.4227586,10.47701,smooth,lsj (homograph 2)
λίσσομαι,72,235,13,48,12,0.14092636,11.976722,"beg, pray; pray; prays; that",lsj
λαγχάνω,29,-1,3,42,42,0.5086142,13.28816,obtain by lot; obtain as oneʼs portion; had; for my portion,lsj
λαιμός,5,-1,1,72,72,5.362819,11.977968,"throat, gullet; neck",lsj
λαιψηρός,10,130,0,50,2,2.9502835,8.602374,"light, nimble, swift; light-footed, swift; swiftly",lsj
λαμβάνω,126,-1,3,42,42,0.6187442,13.365017,"take; receive; take hold of, grasp, seize; caught",lsj
λαμπρός,12,147,0,50,1,3.4697824,8.785666,"bright, radiant; bright; toga candida; clear, limpid",lsj
λανθάνω,85,231,4,27,21,0.41716027,12.048044,escape notice; escape; notice; donʼt know,lsj
λαοσσόος,6,-1,16,26,103,4.8145037,9.513819,rousing; stirring the nations; to which the people flock,lsj
λαπάρα,7,85,14,29,28,1.4489323,13.686294,the soft part of the body; flank; flanks; side,lsj
λαός,285,-1,23,13,56,5.247203,8.875663,men; foot and horse; foot; a land army,lsj
λαῖλαψ,13,143,26,67,67,4.040913,10.438552,"furious storm, hurricane; whirlwind sweeping upwards",lsj
λαῖτμα,9,143,26,67,67,4.236708,10.530629,depth; gulf,lsj
λείβω,20,212,10,7,4,1.7638103,13.289356,"pour, pour forth; make a libation of; let flow, shed; liquefy",lsj
λείπω,158,142,38,38,74,-0.18032336,13.028281,"leave, quit; is gone; leave behind, leave at home; leave",lsj
λειμών,12,171,11,23,102,5.182129,10.786923,"any moist, grassy place, meadow; flowers; pudenda muliebria; any bright, flowery surface",lsj
λεπτός,20,147,0,50,1,3.4263408,8.849245,"peeled, husked; threshed out; fine, small; light",lsj
λευγαλέος,14,130,0,50,1,3.1959155,8.783236,"in sad; sorry plight, wretched; in ill plight; sore, baneful",lsj
λευκός,59,147,0,50,1,3.4990466,8.791055,"light, bright, clear; glassy; clear, limpid; clear, distinct",lsj
λευκώλενος,38,25,5,15,48,5.83527,8.865437,white-armed,lsj
λεύσσω,12,4,11,52,107,1.4721034,12.212538,"look; gaze upon, see; look, gaze; lives",lsj
λεῖος,8,132,29,14,31,3.206181,8.882225,"smooth; smooth, plain, not embroidered; unsculptured; unembossed",lsj
ληίς,11,-1,5,24,112,5.701103,7.502129,"booty, spoil; booty; cattle, stock",lsj (relaxed match)
λιάζομαι,13,230,13,48,12,0.39557976,12.1807375,"bend, incline; go aside, recoil, shrink; shrank; hast",lsj
λιαρός,8,-1,0,50,1,3.2657986,8.9826765,"warm, lukewarm; warm, soft; gentle, balmy",lsj
λιγυρός,7,130,0,50,1,3.1337745,8.787778,"clear, shrill; which vent themselves in shrill wailings; clear, sweet; shrilly",lsj
λιγύς,26,-1,0,50,1,3.0776358,8.525327,"clear, shrill; clear, sweet; clear-toned; clear-voiced",lsj
λιγύφθογγος,5,-1,12,5,5,2.9170911,11.213082,clear-voiced,lsj
λιλαίομαι,22,235,13,48,12,0.10253079,11.988984,long; desire earnestly; long to be; longing,lsj
λιμήν,33,78,22,36,8,4.5721254,10.317615,"harbour; havens of refuge from; haven, retreat, refuge; a haven of",lsj
λιμός,8,168,10,0,16,1.8813918,10.452391,"Fr.anon; hunger, famine; a hungry wretch",lsj
λιπαρός,23,139,0,50,1,3.3527856,8.949163,"oily, shiny with oil; anointed; shiny; fatty, greasy",lsj
λιτανεύω,6,235,13,48,12,0.13260731,12.015243,"pray, entreat",lsj
λοιγός,22,111,12,5,22,3.1850321,11.1706915,"ruin, havoc; destruction; pa-liegti",lsj
λουτρόν,8,-1,1,41,64,2.95611,12.220584,"bath, bathing-place; bath; washing; bathing-establishment",lsj
λοχάω,10,191,10,7,4,1.5318675,11.514802,"lie in wait for, waylay; lie in wait, ambush; in ambush; occupy with an ambuscade",lsj
λούω,43,213,14,29,28,1.7814908,13.464493,lǎvo; *lovo; wash; wash the body,lsj
λυγρός,59,130,0,50,1,3.336107,8.753307,"baneful, mournful; bane, misery; ruin; in banes",lsj
λωίων,7,79,2,44,49,3.4553995,7.793038,"more desirable, more agreeable, better; my good friend",lsj (relaxed match)
λωτός,8,-1,0,32,15,5.559743,10.906272,"clover, trefoil, Trifolium fragiferum; fellbloom, Lotus corniculatus; fenugreek, Trigonella Foenum-graecum; wild fenugreek, T. gladiata",lsj
λόφος,15,135,16,26,41,4.8194494,11.397959,back of the neck; withers; nape of the neck; the neck,lsj
λόχος,18,170,16,26,41,4.7669554,11.227346,ambush; place for lying in wait; ambuscade; an ambush,lsj
λύκος,10,56,6,46,10,5.6209335,10.147969,wolf; grisly; jackals; a wolf,lsj
λύω,133,152,7,76,53,0.8888538,13.2205515,"luo; re-luo, solvo; se-luo), solūtus; loosen",lsj
λώβη,11,207,16,31,7,3.1697812,11.085908,"outrage, dishonour; outrage; an outrage; ruin",lsj
λᾶας,22,143,1,41,64,4.5811667,10.517693,stone,lsj
μάκαρ,34,32,15,20,114,5.340136,8.361964,"blessed, happy; the blessed ones; gods; blest, fortunate",lsj
μάλιστα,82,69,2,44,49,3.235158,7.312192,"used to form the superlative: ""the king cobra is the most dangerous snake""",agwn
μάντις,17,-1,5,15,76,5.4523253,9.535269,"diviner, seer, prophet; prophet; presager, foreboder; prophetic",lsj
μάρναμαι,54,176,20,30,130,1.82403,12.670106,"fight, do battle; with, against; together with; on his side",lsj
μάρπτω,15,198,14,29,68,1.5956507,14.177,"take hold of; catch by; lay hold of, seize; overtake, catch",lsj
μάρτυρος,8,1,23,13,84,1.2381492,10.108591,a person who attests to the genuineness of a document or signature by adding their own signature,agwn
μάστιξ,22,162,1,8,96,4.111808,11.561045,"whip, scourge; whip; scourge; the lash",lsj
μάχη,134,-1,19,4,78,3.4778812,11.351388,"an energetic attempt to achieve something: ""getting through the crowd was a real struggle""; ""he fought a battle for reco",agwn
μάχομαι,240,136,10,0,16,2.1214576,10.565532,fight; fight with; against; with thy help,lsj
μάψ,8,-1,0,50,2,2.7485638,8.008005,"in vain, without result; without aim or object; vainly, falsely; thoughtlessly, recklessly",lsj
μέγαρον,262,172,11,69,34,5.1369333,11.275701,"large room, hall; the chief room; womenʼs apartment; bedchamber",lsj
μέγας,707,-1,0,50,1,3.2281184,8.21655,"big; full-grown; elder; vast, high",lsj
μέγεθος,8,211,16,31,7,3.7276523,11.717041,"greatness, magnitude; stature; size; loudness",lsj
μέδομαι,15,-1,10,0,16,1.8094002,11.163158,,none
μέδων,24,-1,10,0,16,1.9747236,11.289907,a person who rules or commands,agwn
μέθυ,13,120,6,45,45,3.6277354,12.84297,wine; mádhu; medu; medǔ,lsj
μέλαθρον,7,-1,10,0,16,2.021615,11.36371,"roof-tree, ridgepole; beam; roof; house",lsj
μέλας,171,137,0,50,1,3.3683875,9.126441,"black, dark; dark; pitched over; dark, swarthy",lsj
μέλεος,5,-1,16,26,41,3.5209873,11.569938,"idle, useless; unearned; in vain; unhappy, miserable",lsj
μέλι,7,119,6,45,45,3.742688,12.814238,honey; sweet gum; manna; milip,lsj
μέλινος,14,52,1,8,96,3.6919868,9.542524,ashen,lsj
μέλλω,83,206,4,43,43,-0.35782057,11.522483,to be destined; likely to; belike; doubtless,lsj
μέλος,23,-1,1,41,64,4.994521,11.971348,limb; bodily frame; limb by limb; dismember,lsj
μέλπω,5,-1,10,0,39,-0.052775104,12.130811,celebrate with song and dance; sing; let; sound,lsj
μέλω,60,-1,10,0,16,1.7389339,11.137569,"to be an object of care; thought; care for, take an interest in; am I in",lsj
μέμαα,110,200,10,7,4,1.3687233,11.616417,"an inclination to want things: ""a man of many desires""",agwn
μέμονα,13,206,4,43,43,-0.35642147,11.533188,to be furiously; very eager; would fain; rage,lsj
μένος,179,219,1,8,96,3.888343,11.768659,"might, force; strength, fierceness; spirit; force, might",lsj
μένω,175,-1,17,75,75,1.9701036,12.872183,"stay, wait; stand fast; stay at home, stay where one is; lodge, stay",lsj
μέρμερος,6,-1,1,41,66,4.002872,12.317568,baneful; mischief; warlike deeds; ills,lsj
μέροψ,10,32,15,20,114,5.2936177,8.371762,"dividing the voice; articulate; bee-eater, Merops apiaster",lsj
μέσαυλος,5,0,11,23,44,1.9989685,7.7443967,"the inner court, inside the; the door between the; and the inner part of the house; mesauloe",lsj
μέσος,143,0,11,23,44,2.016812,7.4678473,"middle, in the middle; middle; zenith; mid",lsj
μέτειμι,16,114,38,38,141,1.5887771,10.918263,sum; to be among; interval; will be mine,lsj
μέτρον,14,129,26,28,11,4.0236654,12.291448,"that by which anything is measured; measure, rule; a measure; measure, divisor",lsj
μέτωπον,12,216,1,72,72,4.7660913,12.237735,"the space between the eyes; brow, forehead; front, face; face",lsj
μήδομαι,31,236,4,27,108,0.151969,11.591339,"to be minded, intend; resolve; counsels I should take; plan and do cunningly",lsj
μήστωρ,17,48,23,13,84,3.829125,10.442324,"adviser, counsellor; authors; skilled assistant",lsj
μήτηρ,191,45,15,78,38,5.288135,8.927456,mother; dam; mother-bird; queen,lsj
μίγνυμι,75,-1,37,37,133,1.6431711,12.711361,,none
μίμνω,45,-1,17,75,75,1.9792011,12.800445,"stay, stand fast; tarry; remain; remain, be left",lsj
μίνυνθα,14,58,0,50,2,2.6169991,7.407253,a short time; short-lived,lsj
μαίνομαι,22,-1,37,37,133,1.3619816,12.327783,"rage, be furious; rage with anger; the madman; to be mad",lsj
μαιμάω,6,191,20,56,27,1.7291477,12.15101,"to be very eager, quiver with eagerness; rages; eager for; rushed into, were suddenly changed into",lsj
μακρός,123,146,0,50,1,3.2817738,8.750725,long; ships of war; the longer sides; length-wise,lsj
μαλακός,29,139,0,50,1,3.397045,8.935223,soft; fresh-ploughed; soft grassy; soft-fleeced,lsj
μαντεύομαι,13,236,4,27,108,0.142431,11.512389,"divine, prophesy; draw divinations from; by means of; presage, forebode, surmise",lsj
μαρμαίρω,9,176,20,30,130,1.8768142,12.625073,"flash, sparkle, gleam; darting, quivering; sparkling",lsj
μαστίζω,11,186,14,29,28,1.885946,13.789425,"whip, flog; whipped; stimulate",lsj
μαστός,17,-1,1,72,72,5.4007363,11.9047985,the manʼs breast; the womanʼs; breast; a womanʼs breast,lsj
μαχητής,6,136,10,0,16,2.1469593,10.530552,"fighter, warrior; warrior",lsj
μαψίδιος,8,-1,0,50,2,2.5341406,8.137404,"vain, false; useless, worthless; thoughtlessly, at random; without reason",lsj
μαῖα,8,71,31,34,131,4.345651,7.178977,good mother; foster-mother; mother; midwife,lsj
μείρομαι,6,-1,26,28,11,0.37330636,12.733896,receive as oneʼs portion; oneʼs due; take; as thy due,lsj
μείς,12,19,31,79,79,2.7580802,5.9298587,month; from; the month; the lunar month,lsj
μεγάθυμος,76,-1,24,49,139,3.1088374,8.360153,great-hearted,lsj
μεγαίρω,7,-1,10,0,16,1.8426272,10.620868,regard as too great; grudge; as too great; complain,lsj
μεγακήτης,5,3,27,55,111,4.262624,9.045295,"yawning, with mighty hollows; with mighty maw; capacious; teeming with monsters",lsj
μεγαλήτωρ,63,-1,23,13,84,4.3582196,9.128952,greathearted,lsj
μεδέων,5,-1,23,13,56,2.3253906,11.5716,"guardian, ruler; ruling; ruler; guardian goddess",lsj
μεθάλλομαι,6,-1,35,35,0,0.5583941,14.029055,"leap, rush upon; rush after; leap from; to another",lsj
μεθέπω,6,-1,38,38,141,-0.118233085,13.615206,"pursue, follow after; pursuing; go in search of; drove in search of",lsj
μεθίημι,37,161,7,47,35,0.006968843,13.372011,"set loose, let go; release; let; depart",lsj
μειδάω,15,228,20,66,32,1.1894408,11.942188,smile; laugh aloud; grinning; smáyati,lsj
μειλίχιος,27,-1,0,58,13,2.8375208,9.117198,"gentle, soothing; with gentle words; mild, gracious; of those who invoked him with propitiatory offerings",lsj
μελάνυδρος,5,-1,11,23,126,2.0508165,9.390319,with black water; which looks black,lsj
μελέδημα,5,128,1,41,66,4.168851,12.508996,"care, anxiety; anxieties about; the care; object of care",lsj
μελία,15,162,1,8,96,4.3710837,11.351282,"manna ash, Fraxinus Ornus; ashen spear",lsj
μελίφρων,10,120,6,45,45,3.6177084,12.794442,"sweet to the mind, delicious; whose care is honey",lsj
μελιηδής,21,74,6,45,45,2.4953244,8.7741375,honey-sweet,lsj
μενεαίνω,36,201,10,7,4,1.5080739,11.520474,desire earnestly; eagerly; long for; purpose,lsj
μενεπτόλεμος,10,-1,5,15,76,7.3795457,8.499153,"staunch in battle, steadfast",lsj
μενεχάρμης,7,42,24,49,139,2.5185306,10.181287,,none
μενοεικής,15,73,0,19,55,2.3444963,8.813652,"suited to the desires, satisfying, agreeable, to oneʼs taste; plentiful; great store of",lsj
μενοινάω,23,-1,10,0,16,1.6511488,11.095436,desire eagerly; were eager to see; eager; design,lsj
μερμηρίζω,35,-1,20,30,130,1.2925673,12.597816,"to be anxious; thoughtful, to be in doubt; was debating; debated anxiously",lsj
μεσηγύ,24,-1,21,1,52,1.967617,7.2155485,"in the middle, between; in mid-voyage; between; meanwhile",lsj
μετάφημι,14,218,9,22,26,0.10881887,10.785453,speak among,lsj
μετάφρενον,17,216,1,72,72,4.984123,12.125102,part behind the midriff; broad of the back; back,lsj
μετέπειτα,5,-1,21,77,3,2.9749079,6.675286,"afterwards, thereafter",lsj
μετέρχομαι,17,-1,38,38,141,-0.07279557,13.916553,come; go among; if he came among them; having gone between,lsj
μετακιάθω,6,-1,38,38,141,-0.121585384,13.644866,follow after; chase; visit; go to seek,lsj
μεταλλάω,24,-1,10,7,4,1.6543719,11.081965,"search carefully, inquire diligently; inquire of, question; sought; out",lsj
μεταμώνιος,5,35,2,2,25,3.9575334,8.263967,"vain, idle; vainly-woven; idly; to the winds",lsj
μεταπρέπω,14,142,38,38,141,-0.17313294,13.029598,distinguish oneself; be distinguished among; am distinguished among,lsj
μεταστρέφω,11,197,7,47,35,0.6902646,14.046263,"turn about, turn round; turn oneself about, turn about; turn round; turn about",lsj
μεταυδάω,24,218,10,0,16,0.26811978,10.730902,"speak among; address; accost, address",lsj
μεταφωνέω,6,218,9,22,26,0.12777671,10.776184,speak among; accost,lsj
μετεῖπον,64,218,9,22,26,0.12306449,10.774828,"speak among, address",lsj
μετοίχομαι,5,-1,38,38,141,-0.10784243,13.910491,"go after, go in quest of; rush upon, pursue; go among; through",lsj
μετόπισθε,26,140,21,1,52,1.963226,6.741234,"behind, in the rear; behind; in the second rank; after, afterwards",lsj
μηκάομαι,6,227,20,66,32,1.4452028,12.394552,"bleat; scream, shriek; shrieking",lsj
μηκάς,5,56,6,46,10,5.57427,10.202891,bleating one,lsj
μηκέτι,20,-1,31,34,131,3.8433058,6.6566916,"no more, no longer, no further",lsj
μηνίω,8,136,36,17,37,2.261114,10.588177,"cherish wrath, be wroth against; because of",lsj
μηρία,13,128,21,71,17,4.147274,12.514592,thigh-bones; thigh-bones in their fat; thighs,lsj
μηρός,34,216,1,72,72,5.2391953,12.126014,thigh; his thigh; beside; thigh-bone,lsj
μητίετα,19,-1,10,53,117,1.3349497,11.462959,counsellor; all-wise,lsj
μητίομαι,7,-1,10,53,117,1.1274469,11.5932,"devise, contrive",lsj
μητιάω,11,201,10,53,117,1.3942375,11.595636,"meditate, deliberate; consider among you; plan, devise",lsj
μηχανάομαι,9,201,10,7,4,1.5080439,11.576032,"make by art, construct, build; prepare; prepare, make ready; contrive, devise",lsj
μιαίνω,6,-1,37,37,133,1.4982548,12.751497,"stain, dye; stain, sully; taint, defile; dishonour",lsj
μιμνήσκω,101,229,34,3,137,0.33718455,12.21795,"remind, put in mind; recalled; to memory, made; famous",lsj
μινυνθάδιος,7,58,0,50,2,2.566414,7.538704,short-lived; small,lsj
μινύθω,9,-1,17,70,91,1.9789674,12.247454,"be born, used chiefly of lambs: ""The lambs fell in the afternoon""",agwn
μισθός,8,-1,16,31,7,3.3882828,11.60781,hire; wages; of our hired service; for hire,lsj
μιστύλλω,10,213,14,29,28,1.8943657,13.513965,cut up,lsj
μνάομαι,23,-1,34,3,137,1.0708984,12.274008,"to be mindful of; when I remember him; turn oneʼs mind; woo for oneʼs bride, court",lsj
μνηστήρ,197,-1,11,52,89,5.4391527,8.342897,"wooer, suitor",lsj
μνηστός,6,-1,15,78,38,5.066558,8.697119,"wooed and won, wedded; memorable, to be remembered",lsj
μογέω,32,-1,2,68,61,1.3961647,11.627386,"toil, suffer; suffers; tired; with pain",lsj
μολπή,9,138,12,5,5,2.9053133,11.653675,dance; rhythmic movement with song; song; the note,lsj
μοχλός,8,188,12,5,22,5.522727,11.395155,"bar, lever, crowbar; any bar; stake; bar",lsj
μοῖρα,97,207,16,31,7,3.2936878,11.278233,part; portion; division; party,lsj
μυθέομαι,58,-1,4,27,108,0.20669818,11.318136,speak; converse; say that; order,lsj
μυκάομαι,8,199,35,35,0,1.6706827,12.943834,"low, bellow; rang; bellowed",lsj
μυρίος,30,69,31,79,79,3.2471666,7.1971393,"numberless, countless, infinite; measureless, immense, in finite; boundless; all kinds of",lsj
μυχός,19,187,11,69,34,5.4419055,11.191466,"innermost part, nook, corner; a recess; the farthest nook; in darkness",lsj
μυῖα,6,56,6,46,10,5.6291466,10.128605,"fly; carrion-fly, bluebottle; gall-insect; a fly",lsj
μω~νυξ,8,127,23,62,30,5.2988634,11.651361,,none
μόγις,5,-1,16,26,41,2.9374857,6.941449,"with toil and pain; hardly, scarcely",lsj
μόθος,5,194,16,26,41,3.8032546,11.484026,battle-din; fight,lsj
μόνος,30,84,21,77,3,2.7554772,7.281291,"alone, solitary; bereft of; without; only",lsj
μόρος,16,194,16,26,41,3.8955173,11.458688,"fate, destiny; doom; destiny; doom, death",lsj
μόρσιμος,5,105,26,28,29,3.4128938,11.01092,"appointed by fate, destined; destiny, doom; foredoomed to die; of doom",lsj
μύρω,15,232,13,48,6,0.7433258,11.751726,"flow, trickle; trickled; melt into tears, shed tears; flow",lsj
μᾶλλον,63,69,2,44,49,3.2758274,7.344733,"comparative of much; to a greater degree or extent: ""he works more now""; ""they eat more than they should""",agwn
μῆδος,19,128,1,41,66,4.0967855,12.437914,"counsels, plans, arts; prudence; cunning; plans",lsj
μῆλον,65,56,6,46,10,5.4814754,10.258,"sheep; goat; rams, wethers; goats",lsj
μῆλον2,10,56,6,46,10,5.4583077,10.266293,"apple; treefruit; crab, Pyrus acerba; apricot, Prunus armeniaca",lsj (homograph 2)
μῆνις,14,207,16,31,7,3.170613,11.283905,wrath; revengeful temper,lsj
μῆρα,6,128,21,71,17,4.062676,12.50262,to kill as a sacrifice by fire,agwn
μῆτις,35,-1,16,31,7,3.3363001,11.238078,"wisdom, skill, craft; for craft; craft; counsel, plan, undertaking",lsj
μῦθος,287,218,9,22,26,0.14760217,10.702695,"word, speech; mere word; public speech; plea",lsj
μῶλος,7,-1,25,25,105,3.514498,11.280916,toil and moil; struggle between,lsj
μῶνυξ,25,127,23,62,30,5.2802386,11.636189,"with a single; uncloven, hoof; sem",lsj
νέατος,15,66,14,16,59,1.5100787,8.715735,"uttermost, lowest; the lowest part of; extreme, outermost; lowest",lsj
νέκταρ,7,120,6,45,45,3.6433992,12.844552,nectar; wine; perfumed unguent,lsj
νέκυς,75,-1,14,29,68,3.0552273,12.798304,corpse; dead person; spirits of the dead; dead,lsj
νέμεσις,9,207,13,11,19,2.9407418,11.757363,distribution of what is due; retribution; righteous anger; cause for anger,lsj
νέμω,41,-1,14,16,59,2.240844,13.033878,"deal out, dispense; distribute; leave; pay",lsj
νέομαι,80,-1,10,0,16,-0.16133435,14.100491,come; go back; return; násate,lsj
νέος,100,44,16,26,47,3.9822772,7.647763,"young, youthful; youths; youth upwards; youth",lsj
νέρθε,5,141,21,1,52,1.8507652,6.633294,,none
νέφος,45,21,32,65,65,4.0126786,10.95532,"cloud, mass of clouds; a cloud upon; a cloud of men; the cloud",lsj
νήδυμος,12,35,2,2,25,3.7674742,8.1903925,"sweet, delightful",lsj
νήιος,7,38,36,17,37,4.1495304,9.361019,,none
νήπιος,66,35,2,2,25,3.958148,8.195097,"infant, child; a child; infancy; infant",lsj
νήποινος,6,35,26,28,29,3.723985,8.233285,"unavenged, without compensation; without share of, unblest with",lsj
νήχω,8,61,13,48,6,0.34497407,12.531263,swim,lsj
νίζω,25,213,14,29,28,1.7870665,13.579783,wash the hands; feet; to wash oneʼs hands; from,lsj
νίκη,39,136,10,0,16,2.1761029,10.591081,"victory; victory in the games; victory over; mastery, ascendancy",lsj
νίσσομαι,8,-1,14,16,59,1.6507778,12.857113,"go, come; coming down; ni-ns",lsj
ναίω,76,87,14,16,59,2.2909572,12.6394205,"dwell, abide; dwell in, inhabit; to be inhabited; lie, be situated",lsj
ναίω2,20,87,14,16,59,2.277723,12.622497,"dwell, abide; dwell in, inhabit; to be inhabited; lie, be situated",lsj (homographs merged)
ναιετάω,35,87,14,16,59,2.3550696,12.380607,"dwell; dwell in, inhabit; to be situated, lie; exist",lsj
ναυσικλυτός,6,3,27,55,111,4.4653325,9.099201,,none
ναός,14,187,12,5,22,5.5397983,11.179527,"temple; inmost part of a temple, shrine; portable shrine",lsj
ναύτης,12,78,22,36,8,4.7442484,9.820011,"seaman, sailor; by sea; passenger by sea; mates",lsj
ναῦς,948,78,22,36,8,4.6983857,9.963452,ship; the ships; ships; naús,lsj
νεβρός,10,56,6,46,10,5.6384764,10.11186,"young of the deer, fawn; fawn",lsj
νεικέω,41,-1,30,61,14,0.9753777,11.677525,"quarrel, wrangle with; quarrel; with; strove with him",lsj
νειός,7,187,12,5,22,5.6597505,11.083555,fallow-land; fallow; rejuvenate; ploughing and sowing,lsj
νεκρός,64,-1,14,29,68,3.0371418,12.812928,corpse; dying person; the dead; dead,lsj
νεμεσάω,36,153,13,11,19,0.9325518,11.663517,"feel just resentment, to be wroth at undeserved good; bad fortune; to be wroth with; grudge",lsj
νεμεσίζομαι,9,153,13,11,19,0.73770016,11.758824,feel righteous indignation; to be angry; amazed; stand in awe of,lsj
νεμεσητός,6,153,13,11,19,0.9945202,11.520864,"causing indignation; wrath, worthy of it; it is matter for indignation; retributive",lsj
νευρά,11,163,1,8,121,4.279722,11.212084,string; cord of sinew; bowstring; harpstring,lsj
νευρή,10,163,1,8,121,4.3154607,11.228649,,none
νεφέλη,20,21,32,65,65,4.073158,10.7929535,"cloud, mass of clouds; mist; fog; a cloud",lsj
νεφεληγερέτα,35,63,10,63,63,2.0817454,9.504848,cloud-gatherer,lsj
νεύω,18,-1,20,54,87,1.4214798,12.733255,"incline in any direction; nod, beckon; beckon; nod",lsj
νεώτερος,7,94,2,44,49,3.6433551,7.590168,younger; too young; a minor; men of military age,lsj
νεῖκος,36,219,16,26,41,3.7084,11.698525,"quarrel, strife, feud; quarrel; strife of words, railing, abuse; strife at law, dispute before a judge",lsj
νηέω,8,199,36,17,37,1.6787893,13.24661,"heap, pile up; heaped; piled; pile, load",lsj
νηλής,33,74,0,19,55,2.2843263,8.595178,"pitiless, ruthless; ruthless; resolute; dogged",lsj
νημερτής,26,-1,0,58,13,2.4850082,8.087111,"unerring, infallible; sure; that will infallibly be put in force; sure truths",lsj
νηπύτιος,9,35,2,2,25,3.9189973,7.914473,"a small amount or duration: ""he accepted the little they gave him""",agwn
νικάω,41,-1,19,4,78,2.2856803,11.228957,"conquer, prevail; conqueror; conquered; won the first prize",lsj
νιφάς,5,21,32,65,65,3.9851978,10.612043,snowflake; snowstorm; snow; shower,lsj
νιφόεις,5,100,10,7,4,1.2772038,9.448853,"snowy, snowclad; snow-white",lsj
νοέω,131,214,9,9,58,0.9166767,11.607983,"Excerpta e libris Herodiani; perceive by the eyes, observe; perceive by the mind, apprehend; take notice",lsj
νομεύς,13,56,12,5,22,5.633018,10.111746,"herdsman; dealer out, distributor; ribs",lsj
νομός,7,187,12,5,22,5.637848,11.088767,"place of pasturage; pasture; herbage, pasture; food",lsj
νοστέω,47,197,7,47,35,0.4063747,13.754081,"come home, return; return safe; return; come",lsj
νοσφίζομαι,9,-1,13,11,93,0.78466326,12.319114,,none
νοῦσος,5,207,16,31,7,3.2027748,11.259175,an impairment of health or a condition of abnormal functioning,agwn
νωλεμές,17,77,0,19,54,2.2179003,8.303819,"without pause, unceasingly; firmly; persevere; without pause",lsj
νωμάω,24,212,14,16,18,1.5757788,13.231161,"deal out, distribute; pour; the several; direct, guide",lsj
νόημα,18,169,10,0,16,1.8137285,10.519399,"that which is perceived, perception, thought; lightning; thought, purpose, idea, design; thought, concept",lsj
νόθος,11,-1,16,26,103,2.8253727,7.7752776,"bastard, baseborn; child of a citizen father and an alien mother; temple-attendants; cross-bred",lsj
νόος,99,215,16,26,41,3.7885933,11.61439,"mind; sense, wit; prudently; senselessly",lsj
νόστιμος,13,105,26,28,29,3.5105736,11.121938,belonging to a return; of return; the return; able,lsj
νόστος,58,105,26,28,29,3.427681,11.303011,"return home; chance of returning to; return; travel, journey",lsj
νόσφι,46,-1,21,1,52,1.8801475,6.728598,"aloof, apart, aside; aside; aloof from; besides, except",lsj
νύμφη,37,-1,15,78,38,5.665104,8.979061,"young wife, bride; marriageable maiden; daughter-in-law; young girl",lsj
νύξ,129,19,31,79,79,3.706343,10.365741,night; mght-season; a night; by night,lsj
νύσσα,5,4,11,52,107,3.6750762,10.810208,turning-post; turning-point; starting; winning-post,lsj
νύσσω,26,186,14,29,28,1.798965,13.836736,"touch with a sharp point, prick, stab, pierce; dinting; having nudged; prick",lsj
νῆσος,62,78,22,36,8,4.5930934,10.175852,island; the islands; land flooded; alluvial land,lsj
νῶροψ,8,144,26,67,67,4.047638,10.113704,flashing; bright,lsj
νῶτον,28,-1,8,64,129,5.190184,12.186489,back; chine; the back; rear,lsj
ξένιος,16,37,15,78,38,4.5416284,8.529534,"belonging to friendship and hospitality, hospitable; protector of the rights of hospitality; the guests’; guestʼs",lsj
ξένος,168,44,15,78,38,4.597966,8.417708,guest-friend; guest; visitor; guests,lsj
ξένος2,6,44,15,78,38,4.662611,8.41471,guest-friend; guest; visitor; guests,lsj (homographs merged)
ξέω,5,-1,14,29,28,1.3345104,13.58357,shave; plane; carve; shape by carving,lsj
ξίφος,61,158,1,8,96,4.555712,11.860938,sword; power of life and death; jus gladii; sword-shaped bone,lsj
ξανθός,42,-1,0,50,1,3.840431,8.764554,"yellow; brown, auburn; fair, golden; golden",lsj
ξεινήιον,8,37,2,2,69,4.4696326,8.618388,hostʼs gift; provision made for a guest; gifts of (guest-) friendship,lsj (relaxed match)
ξενίζω,12,37,15,78,38,4.51463,8.523527,receive; entertain as a guest; to present with; with,lsj
ξεστός,22,131,0,50,1,3.3507702,9.139568,"hewn, shaved, planed; carved; hewn; built of hewn stone",lsj
ξυστόν,5,158,1,8,96,5.111894,11.704966,"shaved; shaft, pole; shaft; spear",lsj
ξύλον,12,112,1,41,66,4.1406956,12.616217,"Abh. Berl. Akad; wood; firewood, timber; timber",lsj
ξύλοχος,6,0,11,23,44,4.875515,11.266588,"the act of brushing your teeth: ""the dentist recommended two brushes a day""",agwn
οἰκέω,7,87,14,16,59,2.257976,12.743589,"inhabit; have, enjoy; to be inhabited; the inhabited country",lsj
οἰκίον,20,128,1,41,66,4.2313232,12.484523,"house, palace; abode; palaces; private houses",lsj
οἰκεύς,7,34,15,78,38,4.8982215,8.723031,"inmate of oneʼs house; menial, servant; serf",lsj
οἰκτείρω,5,228,20,30,130,1.163702,11.980436,,none
οἰκτρός,7,51,21,71,17,3.6115131,6.727032,"pitiable; to be pitied for; pitiable, lamentable; sorry",lsj
οἰμωγή,6,165,12,5,5,2.7647052,11.299229,"wailing, lamentation",lsj
οἰμώζω,21,228,20,66,32,1.2446084,11.950665,"wail aloud, lament; plague take you !; pity, bewail; bewailed",lsj
οἰνοχοέω,6,209,14,16,18,1.711363,13.156665,,none
οἰνοχόος,5,-1,14,16,18,4.9308143,9.4383545,the attendant (usually an officer of a nobleman's household) whose duty is to fill and serve cups of wine,agwn
οἰωνός,28,56,6,46,10,5.456519,9.931092,"a large bird, bird of prey; birds; a bird of omen; augury",lsj
οἴγω,14,186,14,29,28,1.8391999,13.844206,open; opened the door; opened; véga,lsj
οἴκαδε,70,90,21,71,17,4.889965,6.835262,"to oneʼs house, home; country, homewards; to peopleʼs houses; at home",lsj
οἴκοθεν,5,-1,21,1,100,2.2197635,7.1189513,"from oneʼs house, from home; from home; domestic affairs; at home, within",lsj
οἴκοι,6,91,21,1,52,1.9677906,7.115457,"at home, in the house; domestic affairs; home products; oneʼs own country",lsj
οἴκτιστος,5,93,2,44,49,3.3574736,7.764517,"most pitiable, lamentable",lsj
οἴομαι,107,206,4,43,43,-0.2862541,11.486661,"forebode, presage; expect; suspect; fear",lsj
οἴχομαι,79,226,7,47,50,-0.018037437,14.029255,"come; go, go away, go off; he has gone, departed; he had gone",lsj
οἶδα,268,214,9,9,99,0.81939995,11.236369,know; knew; Stadtrecht von Gortyn; Koische Forschungen,lsj
οἶκος,133,171,11,69,34,5.129499,10.887828,house; built houses; any dwelling-place; cave,lsj
οἶκόνδε,19,90,21,71,17,4.9775906,6.8745255,home; to the womenʼs chamber,lsj
οἶνος,122,120,6,45,45,3.5970552,12.807056,wine; cups; wines; in vino veritas,lsj
οἶνοψ,17,144,26,67,67,4.28793,10.062966,"wine-coloured; wine-dark; wine-red, deep-red",lsj
οἶος,151,84,21,77,3,2.7695198,6.999154,"alone, lonely; alone; naught but; only",lsj
οἶτος,11,-1,26,28,29,3.36212,11.46086,"fate, doom; lot; ibo",lsj
οὐδείς,18,109,21,10,101,3.3349988,6.5915914,"not one; no one, none; no set; every one",lsj
οὐδός,45,187,12,5,22,5.578834,11.215781,"threshold; threshold of a house; threshold, entrance; lintel",lsj
οὐκέτι,69,109,21,10,101,3.4132495,6.561937,"no more, no longer, no further; not now",lsj
οὐλή,7,163,1,8,121,4.0285516,11.025827,"wound scarred over, scar",lsj
οὐλοχύται,7,30,6,46,10,5.098021,10.27725,barley-groats; coarsely-ground barley sprinkled,lsj
οὐλόμενος,11,-1,31,34,131,3.0149407,9.8738165,"accursed; ruined, lost; unhappy, wretched",lsj
οὐρανόθεν,19,89,21,1,52,2.4951599,6.909023,"from heaven, down from heaven",lsj
οὐρανός,84,18,32,65,65,4.0233707,10.297747,"heaven; vault; firmament of heaven, sky; Heaven",lsj
οὐτάζω,34,81,1,72,72,1.583409,13.616903,,none
οὐτάω,47,81,1,72,72,1.7980484,13.789044,"wound, hurt, hit; wound by striking; thrusting; pierced",lsj
οὐτιδανός,6,77,0,50,2,2.1662705,8.377002,"of no account, worthless; reckless; quid; cid",lsj
οὔπως,6,109,31,34,113,3.4293802,6.469751,"no-how, in no wise, not at all",lsj
οὔτι,31,109,21,10,101,3.3878014,6.5220513,"having or prompted by wisdom or discernment: ""a wise leader""; ""a wise and perceptive comment""",agwn
οὕνεκα,58,125,31,34,113,3.3206313,6.23371,"on account of which, wherefore; because; that; the fact that",lsj
οὖδας,27,154,1,72,72,4.884781,12.592511,"surface of the earth, ground; surface; the dust; on the ground",lsj
οὖλος2,9,143,1,8,98,4.1390896,10.50618,"woolly, of thick, fleecy wool; crisp, close-curling; crisp, woolly; twisted, twined, curly, crinkled",lsj (homograph 2)
οὖλος3,8,-1,25,25,105,4.013289,10.178349,"destructive, baneful, cruel; cruel; death-cry",lsj (homograph 3)
οὖρος,23,-1,25,25,105,4.0375957,10.206465,fair wind; rough breeze; storm; the wind,lsj
οὖρος2,6,-1,25,25,105,4.000352,10.138722,"watcher, guardian; sorwos; pasu(š)-haurva; haurvaiti",lsj (homograph 2)
οὖς,27,-1,1,72,72,4.9474626,12.497759,Cultes Egyptiens; ear; the ear; ears,lsj
πάγχυ,24,58,2,44,49,2.6819794,7.5997696,"wholly, entirely; fully",lsj
πάλαι,17,44,16,26,47,3.9875803,7.6328397,long ago; once upon a time; long; of old,lsj
πάλλω,25,186,14,29,28,1.8289511,13.491504,"poise, sway; sway, brandish; toss; drove",lsj
πάμπαν,36,69,21,77,3,3.1257567,7.0449295,"wholly, altogether; not at all, by no means",lsj
πάμπρωτος,8,69,2,44,49,2.7627277,7.4877667,"the very first, first of all",lsj
πάννυχος,5,-1,21,1,52,2.2310417,7.907254,lasting all the night; the livelong night,lsj
πάντοθεν,9,-1,21,77,3,2.1700494,7.1137924,"from all quarters, from every side",lsj
πάντοσε,29,89,21,77,3,2.5165339,6.825897,"every way, in all directions",lsj
πάντῃ,33,84,21,77,3,2.8678467,6.9070997,"every way, on every side; on every side; in every way, altogether; quite",lsj
πάρειμι,45,108,10,0,16,1.6633711,10.563191,sum; to be by; present; near,lsj
πάρημαι,13,-1,35,35,0,0.5907433,14.123605,to be seated beside; seated by; seated at; dwell beside,lsj
πάροιθε,26,-1,21,1,52,2.0168936,6.782358,"before; in the presence of; before, in front; formerly",lsj
πάρος,95,44,16,26,47,3.919006,7.568237,"aforetime, formerly; up to now, hitherto; before; not until",lsj
πάσσαλος,6,0,11,23,44,4.7236295,11.4049225,peg; stakes; pale; a pin,lsj
πάσσω,9,212,14,29,28,1.699904,13.3958845,sprinkle; laying; upon; sprinkle some,lsj
πάσσων,5,94,2,44,49,3.4227488,7.59918,"thicker, stouter",lsj
πάσχω,110,-1,2,68,61,1.3929585,11.389142,"have; done to one, suffer; to be treated; suffer",lsj
πάτηρ,46,62,31,34,131,4.2662354,7.19879,,none
πάτρα,7,78,5,24,112,4.5733705,10.460914,"fatherland, native land; fatherhood, descent from a common father; hereditary descent; body of persons claiming descent from a",lsj
πάτρη,11,78,5,24,112,4.681766,10.4171915,,none
πάτροκλος,11,62,5,15,76,4.285786,7.2108583,Patroclus,lsj
πέδιλον,16,151,1,41,64,4.421267,12.291667,"sandals; any covering for the feet, shoes; boots; rhythm",lsj
πέλαγος,7,78,22,36,8,4.529951,10.332288,"the sea; high sea, open sea; sea; flooded plain",lsj
πέλεια,9,-1,14,29,33,4.2633834,11.886699,"dove; pigeon; wild rock-pigeon, Columba livia; prophetic priestesses",lsj
πέλεκυς,18,158,1,8,96,4.761902,11.894549,axe; battle-axe; sacrificial axe; executionerʼs axe,lsj
πέλω,105,76,10,53,88,1.9931695,11.888296,"come into existence, become, be; was; when once in being; become",lsj
πέμπτος,7,2,31,79,79,2.5865188,6.1255627,fifth : with four others; the fifth; a fifth; for the fifth time,lsj
πέμπω,81,-1,7,47,50,-0.0011638325,13.365554,send; over; send for; send to,lsj
πένθος,33,219,16,26,41,3.671097,11.857411,"grief, sorrow; for; mourning; a public mourning",lsj
πένομαι,12,114,10,0,16,1.7436393,10.905393,"toil, work; were busy; to have to work for oneʼs living; to be poor",lsj
πέντε,7,-1,31,34,113,2.6935985,5.7250533,five; penqṷe; páñca; penki,lsj
πέπλος,16,151,1,41,64,4.5646453,12.148411,"any woven cloth; sheet, carpet, curtain, veil; upper garment; mantle",lsj
πέπνυμαι,77,218,33,33,85,0.13438566,10.623524,"to be conscious, in full possession of oneʼs faculties; to be wise; experts; understand",lsj
πέπων,17,-1,31,34,131,4.2171392,7.065446,"cooked by the sun, ripe; mellow; ripe, ready to suppurate; gourd",lsj
πέρ,503,-1,21,10,101,3.0733104,6.6674047,,none
πέρθω,21,202,7,76,53,0.7036231,13.038321,"waste, ravage, sack; destroy, slay; get by plunder, take",lsj
πέσσω,7,76,10,0,16,1.6145359,11.244347,"soften, ripen; change; ripen; bring to maturity",lsj
πέτομαι,50,85,14,29,33,1.8885894,13.299624,"fly; fell suddenly; dart, rush; fly!",lsj
πέτρα,56,-1,14,29,33,4.420918,10.892289,"rock; cliffs, ledges; rocks; rocky peak",lsj
πήγνυμι,35,186,14,29,28,1.8479677,13.768996,"stick; fix in; fix in the earth, plant; pitch",lsj
πήληξ,10,162,1,8,96,4.466024,11.485419,helmet; crest,lsj
πήρα,6,162,1,8,96,4.386229,11.463639,leathern pouch; wallet,lsj
πίμπλημι,36,-1,7,76,53,1.5118314,13.170808,fill; fill full of; filled; full,lsj
πίναξ,5,151,14,12,92,4.6704326,11.73641,"board, plank; drawing; writing-tablet; votive tablet",lsj
πίνω,83,120,6,45,45,3.3828437,12.886879,drink; drink of; whereof; to drink,lsj
πίπτω,173,81,20,66,32,1.1912414,13.465531,Exc. ex libris Herodiani; fall down; cast oneself down; fall,lsj
πίσυνος,7,1,12,5,5,1.1498225,10.167911,"trusting on, relying on; obedient",lsj
πίων,46,-1,11,69,34,4.8825054,8.474178,"fat; rich; wealthy, abounding; plenteous",lsj
πα~ς,5,69,21,77,3,3.1692624,7.202685,,none
παίζω,5,-1,14,29,28,1.3319615,12.034436,"play like a child, sport; dance; play; dance and sing",lsj
παιπαλόεις,14,-1,10,7,4,1.28883,9.43953,rugged,lsj
παλάμη,21,149,11,52,89,4.4259887,11.432911,"the activity of writing by hand: ""handwriting can be slow and painful for one with arthritis""",agwn
παλάσσω,16,192,35,35,0,1.5724041,12.9972725,"besprinkle, defile; he bespattered his; to be scattered abroad; was smitten",lsj
παλίντονος,5,52,1,8,96,3.537902,9.452341,bent backward; back-stretched; caused by opposite tensions; military engines for throwing stones,lsj
παλαιός,18,44,16,26,47,4.0188875,7.6656804,"old in years; aged; a dotard; of old date, ancient",lsj
παλύνω,7,212,14,29,28,1.7128094,13.192635,"strew, sprinkle; sprinkled; bestrew, besprinkle; besmear",lsj
παμφαίνω,8,5,32,65,65,1.968873,12.758866,shine; beam brightly; white-gleaming,lsj
παμφανόων,18,201,10,7,4,1.5703913,11.5267105,"bright-shining, radiant",lsj
παναίολος,6,-1,24,49,139,2.7142484,8.611982,"shot with many colours, glancing; star-spangled; manifold",lsj
πανημέριος,12,58,21,1,52,2.476686,7.620413,all day long; in a whole dayʼs sail; of the whole day,lsj
παννύχιος,16,58,21,1,52,2.520084,7.6000147,"completely given to or absorbed by: ""became all attention""",agwn
πανσυδίῃ,5,58,21,1,52,2.4644678,7.908589,,none
παντοῖος,27,69,0,50,1,3.2856808,7.223384,"of all sorts; kinds, manifold; all possible shapes; tries every shift",lsj
παπταίνω,25,95,14,29,28,1.9840927,13.105796,"look about one with a sharp, searching glance; looked about; look wistfully; look round for, look after",lsj
παράκοιτις,15,-1,10,0,115,5.123133,9.167687,wife,lsj
παράφημι,6,-1,7,47,36,-0.075293064,11.841177,"speak gently to, advise; persuade, appease; speak deceitfully; insincerely",lsj
παρέξ,21,-1,7,47,36,1.597403,7.0845,the region that is outside of something,agwn
παρέρχομαι,6,208,7,47,50,0.1396629,13.995819,"ibo; go by, beside; past, pass by; passed away",lsj
παρέχω,15,179,3,42,42,0.18743512,12.918768,"hand over; furnish, supply; will provide; finds",lsj
παρήιον,5,38,35,35,0,4.194907,9.573358,cheek; jaw; cheek-ornament,lsj (relaxed match)
παρίστημι,88,204,14,12,95,0.4725862,14.201173,"cause to stand, place beside; having brought; into view; set",lsj
παραλέγω,7,142,4,27,108,-0.16606697,12.4464445,pluck out superfluous hair; you have had your eyebrows plucked; sail; coast along,lsj
παραπείθω,7,-1,7,47,36,-0.20114212,11.861606,"win by persuasive arts, prevail upon; beguile, cajole; may cajole; to be beguiled",lsj
παρατίθημι,27,190,14,29,28,0.98580956,13.569927,"place beside; set before, serve up; the serving-men; meats set before one",lsj
παρειά,19,195,1,72,72,4.9505906,12.203988,cheek; cheekpiece; earth-flush; beside the ear,lsj
παρελαύνω,6,-1,14,29,33,0.46295193,13.824316,"drive by; past; drive; drive past, overtake",lsj
παρεῖπον,6,108,9,22,125,0.962227,10.818237,"talk over, win over; by thy persuasions; give; advice",lsj
παρθένος,7,-1,15,78,38,5.6858077,8.99754,"maiden, girl; girls; virgin; the Virgin Goddess",lsj
πατέομαι,15,-1,34,3,137,0.73680913,12.728021,"eat; drink; eat of, partake of; eat, taste food",lsj
πατήρ,331,45,15,78,38,5.1833277,8.899351,pitṛṣu; father; grandfather; by the fatherʼs side,lsj
πατρίς,113,-1,5,24,112,5.635668,7.213112,"of oneʼs fathers; oneʼs fatherland, country; of oneʼs sires; the nether world",lsj
πατρώιος,22,37,2,2,69,4.4406652,8.474504,,none
παχύς,25,137,1,8,96,3.2666063,9.14196,"thick, stout; thick; fat; rich, fertile",lsj
παύω,90,178,7,76,143,0.3029936,13.0489855,"make to end; bring to an end, check; stop; silence",lsj
παῖς,275,45,15,78,38,5.22052,8.94287,child; son; daughter; adopted son,lsj
παῦρος,21,94,2,44,49,3.4978375,7.6758976,"little, small; short; speedy; for a short time",lsj
πείθω,197,-1,4,27,21,0.25681788,11.547799,"persuade; obey; trust; prevail upon, persuade",lsj
πείρω,22,212,14,29,28,1.7512385,13.36848,"pierce, run through; spitted; they stuck; ran",lsj
πεδάω,12,-1,14,29,33,0.9509285,13.512011,"bind with fetters; bind, make fast; shackle, trammel; constrained",lsj
πεδίον,114,-1,11,23,102,4.7649508,10.516911,plain; a fertile plain; Campus; the plain of Attica,lsj
πεζός,30,54,23,62,30,4.952456,9.120334,"on foot, walking; fighters on foot; on land, going by land; infantry",lsj
πειράω,69,229,34,3,137,0.29914868,12.179368,"attempt, endeavour, try; make trial of; make an attempt on; make an attempt",lsj
πειρητίζω,11,229,34,3,137,0.39826876,12.112504,"attempt, try, prove; touched the strings; make trial of; attempt",lsj
πελάζω,32,-1,14,29,33,0.868162,13.515677,"approach, draw near; draws to; come near; will",lsj
πελεμίζω,11,186,14,29,135,1.4034343,13.428971,"shake, cause to quiver; tremble; struggle at; to be shaken, tremble, quake",lsj
πελώριος,19,35,38,38,141,4.054159,8.176811,the mighty things; mighty ones; a harvest-festival,lsj
πεντήκοντα,24,117,31,79,79,2.6170692,5.62059,fifty,lsj
περάω,24,202,7,76,53,0.7677938,13.119812,drive right through; pass right across; through; traverse,lsj
περάω2,6,202,7,76,53,0.66193664,13.207203,drive right through; pass right across; through; traverse,lsj (homographs merged)
περίφρων,52,-1,24,49,60,5.545785,8.981318,"very thoughtful, very careful; artful, crafty; haughty, overweening; despising",lsj
περιίστημι,7,204,7,47,36,0.4470307,14.004558,place round; bring round; convert; transfer,lsj
περιβαίνω,6,204,7,47,36,0.34234637,14.029247,go round; bestride; those mounted on; come round,lsj
περιδείδω,8,-1,13,11,19,0.8847989,11.996899,,none
περικαλλής,51,73,0,19,55,2.2799015,8.745157,very beautiful,lsj
περικλυτός,24,3,27,55,111,4.483384,9.02314,"famous, renowned; excellent, noble",lsj
περικτίονες,6,32,15,20,114,5.2857547,8.2348,"dwellers around, neighbours",lsj
περιμήκης,8,123,29,14,124,2.3158581,9.058569,"very tall; long; very high; very large, huge",lsj
περιτέλλομαι,5,19,17,70,142,3.4852285,10.299389,come round; came round; go round; rise above the horizon,lsj
περιφραδής,6,107,0,58,13,2.4686692,8.100851,"very thoughtful, very skilful",lsj
περιχέω,9,205,7,6,83,1.4113082,13.835363,"pour, spread; scatter round; over; having spread",lsj
πετάννυμι,22,95,14,29,33,2.004277,13.3024645,fly; spread out; opening his doors; flutter,lsj
πετεινός,10,-1,14,29,33,2.3303287,13.23893,"able to fly, full-fledged; able to fly, winged; winged fowl; a bird",lsj
πετρήεις,5,100,10,7,4,1.2891159,9.409125,rocky; haunting rocks,lsj
πεύθομαι,16,231,4,27,21,0.28976983,11.582595,lay information against; bódhati; budēti,lsj
πεῖραρ,18,129,21,71,17,4.081989,12.400613,"end, limit; completion; end; achievement, execution, mode",lsj
πεῖσμα,7,129,21,71,17,4.1986184,12.332259,shipʼs cable; stern-cable; tie; reins,lsj
πηγή,6,166,22,57,57,4.5302577,10.694735,"running water; streams; water; fount, source",lsj
πηδάλιον,5,78,22,36,8,4.475126,10.442931,"steering-paddle, rudder; the oars; the long hind legs",lsj
πημαίνω,5,-1,37,37,136,0.983784,12.2393265,"plunge into ruin, undo; grieve, distress; damage; do harm",lsj
πιέζω,6,114,10,0,16,1.7531213,10.83875,"press tight, squeeze; compress; squeezing; to be pressed tight",lsj
πικρός,18,146,0,50,1,3.3497443,8.739841,"pointed, sharp, keen; sharp; pungent; sharp, keen",lsj
πινυτός,6,-1,15,78,38,3.77183,8.396286,"prudent, discreet",lsj
πιστός2,24,147,8,64,129,3.553911,8.784875,"to be trusted; believed; faithful, trusty; trusted friend",lsj (homograph 2)
πιφαύσκω,19,-1,13,48,12,0.20317677,11.926135,"make manifest, tell of; proclaim; showing forth; exhibiting",lsj
πλάζω,21,4,13,48,12,1.7323328,11.284084,"turn aside; away from; glanced off; balked, baffled",lsj
πλέω,22,208,7,47,50,-0.06917999,13.77629,"sail, go by sea; sail; be at sea; swim, float",lsj
πλέως,13,69,2,44,49,3.3365803,7.420843,"full, filled; infected with; full; full, complete",lsj
πλήθω,9,23,7,76,53,2.3311036,12.532068,to be full; having; full of; swollen with,lsj
πλήσσω,45,186,14,29,28,1.830167,13.846592,"struck with terror; amazement; strike, smite; strike",lsj
πλατύς,9,123,29,14,31,2.6647463,8.931974,"wide, broad; broad; large; spread over a wide space",lsj
πλείων,36,94,2,44,49,3.4361796,7.532834,more; the majority; greater; further,lsj
πλευρά,5,195,1,72,72,4.9718394,12.281632,rib; ribs; side; both sides,lsj
πλεῖστος,24,69,31,79,79,3.266994,7.358905,"most, greatest, largest; most in vogue; the greatest number; the greatest part",lsj
πληγή,9,-1,11,52,89,3.9215984,11.303037,"blow, stroke; blow; stroke by lightning; strokes",lsj
πληθύς,16,170,23,13,56,4.7876215,10.903339,"throng, crowd; majority; plebs",lsj
πλησίος,26,29,21,1,100,1.9561918,7.448205,"near, close to; near, neighbouring; neighbour; near, hard by",lsj
πλοῦτος,7,211,16,31,7,3.6123397,11.722619,"wealth, riches; treasures; treasure; Plutus",lsj
πλύνω,5,213,14,29,28,1.854856,13.489114,"Acut.(Sp; wash, clean; bathe; wash the hands",lsj
πνέω,17,13,32,65,65,3.4728425,10.119197,"blow; are sounding; breathe, send forth an odour; breathe out, send forth",lsj
πνοή,22,13,32,65,65,3.4387581,10.25766,"blowing, blast; blast, breeze; breeze; blasts",lsj
ποδήνεμος,10,25,24,49,60,5.7584023,8.992739,wind-swift,lsj
ποδαρκής,19,22,24,49,60,5.867697,8.870102,"succouring with the feet, running to the rescue; swift-footed; of swift feet; swift",lsj
ποδώκης,28,22,24,49,60,5.8444853,8.972118,"swiftfooted; swift, quick; hasty, impetuous, rash",lsj
ποθέω,22,157,16,26,103,2.0368047,12.027107,"long for, yearn after; miss; regret; will miss",lsj
ποθή,10,207,16,31,7,2.9997191,11.230923,"longing, desire for; from longing after; want",lsj
ποθεν,11,-1,21,1,100,2.2729106,7.0248976,,none
ποθι,22,-1,21,1,52,3.2081568,6.4677396,,none
ποιέω,74,190,14,29,28,1.339443,13.552078,"make; make, produce; made; to be made with",lsj
ποιήεις,8,100,10,7,4,1.3252275,9.455857,grassy,lsj
ποιητός,15,131,29,14,124,3.28664,9.17894,made; well made; cultivated; self-inflicted,lsj
ποικίλος,30,147,0,50,1,3.5366585,8.830794,"many-coloured, spotted, pied, dappled; tattooed; wrought in various colours; a broidered robe",lsj
ποικιλομήτης,7,-1,10,0,115,5.8793454,9.18517,full of various wiles,lsj
ποιμήν,68,57,23,13,56,5.2675257,9.780525,"herdsman; shepherd; captain, chief; master, lord",lsj
ποινή,11,207,16,31,7,3.0304341,11.292216,"bloodmoney, were-gild, fine; price paid, satisfaction, requital, penalty; in return for; satisfaction for",lsj
ποιπνύω,7,-1,29,14,9,1.922004,12.459321,bustle about; make haste and; labouring,lsj
πολίτης,5,169,10,0,16,1.8207533,10.405375,"people living in a large densely populated municipality: ""the city voted for Republicans in 1994""",agwn
πολεμήιος,8,38,2,2,69,4.1064353,9.331072,warlike; war,lsj (relaxed match)
πολεμίζω,58,136,10,0,16,2.1376915,10.584754,"wage war, fight; with; jointly with; war",lsj
πολεμιστής,15,136,10,0,16,2.3071864,10.43244,warrior; war; charger; trapped as chargers,lsj
πολιός,41,131,0,50,1,3.375919,9.184669,"grey, grizzled, grisly; grey; greyhaired men; grey hairs",lsj
πολλάκις,13,83,31,34,113,2.9777405,6.270044,"many times, often; many; mostly, for the most part; very much, altogether",lsj
πολυβενθής,5,123,29,14,31,2.4763048,8.96651,very deep,lsj
πολυβότειρα,8,72,10,0,16,1.7703984,9.683247,much; all-nourishing,lsj
πολυδαίδαλος,10,-1,29,14,124,2.4031622,9.206251,"highly, richly wrought; working with great art; skill, very skilful",lsj
πολυκλήις,10,-1,11,52,89,3.4319606,9.737161,with many benches,lsj (relaxed match)
πολυμήχανος,21,62,2,2,40,4.2149315,7.264034,"resourceful, inventive",lsj
πολυπῖδαξ,8,-1,29,14,31,1.9003668,9.608251,"with many springs, many-fountained",lsj
πολύδακρυς,6,-1,26,28,29,3.2807288,8.749151,"the process of shedding tears (usually accompanied by sobs or other inarticulate sounds); ""I hate to hear a child crying",agwn
πολύκμητος,6,122,29,14,124,2.2582111,9.20046,"requiring or showing effort: ""heavy breathing""; ""the subject made for labored reading""",agwn
πολύμητις,74,22,24,49,60,5.9292364,9.05377,of many counsels,lsj
πολύπυρος,6,-1,29,14,31,1.8008089,10.029885,rich in corn,lsj
πολύς,822,69,31,79,79,3.2399442,7.260994,"many; often; frequent; much, mighty",lsj
πολύτλας,35,22,24,49,60,5.9121633,8.88537,much-enduring,lsj
πολύφλοισβος,8,-1,11,23,126,2.189378,9.493906,loud-roaring; confused,lsj
πολύφρων,9,-1,24,49,60,3.815727,9.015193,"ingenious, inventive; embodying much thought",lsj
πολύχαλκος,5,104,29,14,31,2.2163866,9.298252,"disposed to venture or take risks: ""audacious visions of the total conquest of space""; ""an audacious interpretation of t",agwn
πολύχρυσος,5,104,29,14,31,2.2553284,9.266606,rich in gold,lsj
πομπή,24,181,16,31,7,3.0125313,11.265157,"conduct, escort; an escort; sending away, sending home; mission",lsj
πομπός,12,-1,16,31,7,3.7159088,10.782234,"conductor, escort, guide; attendants, guards; conductress; conveyor, carrier of",lsj
πονέω,29,157,14,16,59,1.8892864,11.803253,work hard; to suffer toil; he did his work; were busied,lsj
ποντοπόρος,6,-1,22,36,8,4.1004386,10.05062,seafaring,lsj
ποντόπορος,13,-1,22,36,8,2.565752,9.680374,"relating to or characteristic of or occurring on the sea or ships: ""sea stories""; ""sea smells""; ""sea traffic""",agwn
πορφύρεος,28,53,1,8,96,3.3894145,9.580853,"heaving, surging; gushing; onrushing; lurid",lsj
πορφύρω,5,145,20,30,130,0.9690312,12.869581,"heaves, surges, swirls; gently heaving; was; troubled",lsj
ποτής,9,113,6,45,45,3.3738222,12.479459,drink,lsj
ποταμός,110,78,22,57,57,4.6784935,10.230751,"river, stream; rivers; rivers of fire; lava",lsj
ποτιπτύσσω,6,235,13,48,12,0.09218947,12.03981,,none
ποτός,9,120,6,45,45,3.5648873,12.841509,"drunk, for drinking; that which one drinks, drink; drink; drinking water",lsj
πουλυβότειρα,8,72,10,0,16,1.770276,9.764042,,none
πούς,278,135,16,26,41,4.4502506,11.709829,foot; talons; arms; feelers,lsj
ποῖος,19,110,31,34,113,3.6155725,6.36636,of what kind?; what manner of; what sort; every,lsj
ποῦ,14,110,31,34,113,3.6123505,6.3650727,where?; where; in what part of; at what point,lsj
πράσσω,14,4,11,52,107,2.0194247,12.310007,"pass through, pass over; experience certain for; tunes, fare; achieve, effect, accomplish",lsj
πρέσβα,6,-1,25,25,20,6.1418567,9.23927,"august, honoured; aged",lsj
πρέσβυς,8,-1,2,44,49,3.4655402,7.5699344,old man; the elder; elders; elder,lsj
πραπίδες,11,149,11,52,107,4.3689995,11.484989,"midriff, diaphragm; understanding, mind; heart",lsj
πρηνής,19,-1,0,19,54,2.0361586,7.60374,a position on a basketball team,agwn
προέχω,9,23,7,6,83,2.4774432,12.273162,hold before; hold before oneself; hold out before one; held,lsj
προίημι,59,161,7,47,35,-0.06732491,13.504601,"send forth, send forward; send; forward; will allow",lsj (relaxed match)
προβάλλω,7,205,7,6,83,1.01393,13.898597,"throw; lay before, throw to; put forward; present",lsj
προβλής,6,23,7,6,83,2.4688103,12.334172,"thrown forward, jutting out; forelands, headlands",lsj
προβλώσκω,7,161,7,47,36,-0.09310234,13.771528,"come forth, go out of the house",lsj
προγενής,9,94,2,44,49,3.5369768,7.6487064,"born before, primeval; earlier in birth; older; those who have gone before us, our predecessors",lsj
προεῖδον,6,214,9,9,58,0.8558949,11.631013,"look forward; see beforehand, catch sight of; foresee, portend; take thought for",lsj
προκαλέω,6,180,30,61,14,-0.09938044,12.143091,"call forth; to be evoked; call out to fight, challenge; challenge",lsj
προκαλίζομαι,6,180,14,29,135,0.11020993,12.295237,"call forth, challenge, defy; challenge",lsj
προλείπω,5,161,7,47,36,-0.16723494,13.116123,"forsake, abandon; abandon; leave; omit to do",lsj
προπάροιθε,48,-1,21,1,52,1.8881348,6.7878795,"before, in front of; before; feet; along",lsj
προρέω,7,23,22,57,57,2.4453962,12.401006,"flow forward; forth, flow amain; pour forth",lsj
προσαυδάω,174,108,10,0,16,0.7618301,10.660191,"speak to, address, accost; speak; to one; speak of",lsj
προσβαίνω,9,221,7,47,36,0.21516447,14.061693,"put oneʼs foot against; approach; mount, ascend; climb up",lsj
προσδέχομαι,12,230,35,35,0,0.43620846,12.278597,"receive favourably, accept; receive hospitably; admit; admit into oneʼs presence",lsj
προσεῖπον,166,218,9,22,26,0.08645701,10.783109,"speak to; address, accost; address; addressed",lsj
προσφωνέω,39,218,9,22,26,0.108828984,10.780047,"call; speak to, address; address; call by name",lsj
προτέρω,17,-1,21,1,52,2.0861068,6.6662874,"further, forwards; further; further away?; more",lsj
προτιόσσομαι,5,235,4,27,108,0.13648222,11.965819,look at; upon; forebode; I divine,lsj
προφέρω,10,179,37,37,136,0.08676051,13.100518,bring before; present; cast; teeth,lsj
προφαίνω,9,5,7,6,83,2.3350217,12.520473,"bring to light, show forth, manifest; let; be seen; display",lsj
προφεύγω,5,183,7,47,35,-0.062594205,13.197832,"flee forwards, flee away; flee from, shun, avoid; avoid",lsj
πρυλέες,5,54,23,13,56,4.8364635,9.005241,"men-at-arms, soldiers; close, in masses",lsj
πρυμνήσιος,11,112,1,41,66,4.384191,12.452106,of a stern; stern-cables,lsj
πρυμνός,26,131,0,50,1,3.4416766,9.247943,"hindmost, undermost, end-most; the end of; the end; next the body",lsj
πρόδομος,8,172,11,69,34,5.1872973,11.229986,chamber entered immediately from the fore-court,lsj
πρόθυρον,23,172,11,69,34,5.0868216,11.205839,"front-door, door-way; porch, portico; space before a door; porch",lsj
πρόκειμαι,14,-1,33,33,85,3.708031,8.676467,to be set before one; laid; shew; lie exposed,lsj
πρόμαχος,40,170,7,47,36,4.860612,11.1380625,fighting before; in front; champions; champion,lsj
πρόμος,8,69,2,44,49,2.9690208,7.406979,foremost man; opposed to; in the front rank; chief,lsj
πρόπας,9,69,2,44,49,2.9065392,7.2325573,all; long; together; utterly,lsj
πρόσειμι2,7,225,7,47,50,0.014737012,14.071184,"ibo; go to; towards, approach; approach",lsj (homograph 2)
πρόσθεν,86,-1,21,1,52,2.2320755,6.785904,before; outside; in front of; head,lsj
πρόσφημι,221,218,9,22,26,0.104111135,10.770196,"speak to, address",lsj
πρόσω,18,-1,2,44,49,2.096223,6.8250003,"forwards, onwards; further; far off; at a distance",lsj
πρόσωπον,10,-1,10,0,16,4.489471,12.263789,"face, countenance; in front, facing; facing, fronting; in person",lsj
πρότερος,122,69,2,44,49,2.9370015,7.102948,"before, in front; fore; in front; former, earlier",lsj
πρόφρων,29,69,2,44,49,2.908269,7.263973,"with forward mind; of oneʼs free will; fain; kindly, gracious, willing",lsj
πρόχοος,8,-1,14,16,18,5.006441,9.477014,"vessel for pouring out, jug; ewer for pouring water upon the hands; wine-jug",lsj
πρύμνα,12,167,11,23,126,4.3842053,10.740602,"stern, poop; retire, draw back; the Acropolis; the vessel",lsj
πρώτιστος,19,69,2,44,49,2.9898212,7.1951165,"the very first; principal, primal; first of all; now that",lsj
πρᾶξις,6,4,11,52,107,2.5993147,11.961769,"doing, transaction, business; on a trading voyage; affair; transaction",lsj
πρῶτος,231,69,2,44,49,3.0190442,7.075281,"(music) highest in pitch or chief among parts or voices or instruments or orchestra sections; ""first soprano""; ""the firs",agwn
πτερόεις,125,-1,10,7,4,0.9978294,9.767385,"feathered, winged; fluttering; winged",lsj
πτερόν,9,112,1,41,66,4.4096584,12.584445,feathers; feather; quill; plumage,lsj
πτολίεθρον,31,-1,29,14,9,1.9581962,9.518588,"an incorporated administrative district established by state charter: ""the city raised the tax rate""",agwn
πτολίπορθος,15,72,29,14,9,2.0118012,9.7896385,sacking; wasting cities,lsj
πτωχεύω,5,114,10,0,16,1.7904239,10.852299,"to be a beggar, go begging; to be as poor as a beggar; to be badly off for; beg",lsj
πτωχός,17,44,15,78,38,4.586762,8.625217,"beggar; beggar-woman; beggarly; beggared of, poor in",lsj
πτύξ,7,-1,11,23,126,4.770867,11.178312,"layer, plate; plates; fold; folded piece",lsj
πτύσσω,5,186,14,29,28,1.7949452,13.841709,"fold, double up; fold up; fold; fold, close",lsj
πτώσσω,8,4,11,52,107,1.5289999,12.2650585,"shrink from, shrink; flee; skulk, slink; flee cowering",lsj
πυκάζω,12,193,14,16,59,1.4776602,13.208834,cover closely; protection; surround; so as to protect,lsj
πυκινός,18,139,0,50,1,3.403756,8.853716,abstaining from food,agwn
πυκνός,87,139,0,50,1,3.397966,8.810075,"close, compact; close, firm, solid; well-stuffed, firm; overgrown",lsj
πυνθάνομαι,60,222,4,27,21,0.61392576,11.30726,learn; by hearsay; by inquiry; from,lsj
πυρά,7,21,32,65,65,3.99965,10.997257,watch-fires; beacon-fires; fires,lsj
πυρή,23,-1,1,8,121,4.3329215,11.080152,wood heaped for burning a dead body as a funeral rite,agwn
πυρκαιά,9,-1,1,8,121,4.259332,11.034249,funeral pyre; the burning pyre; conflagration; arson,lsj (relaxed match)
πυρός,10,-1,12,5,22,5.3587003,10.857314,"wheat, Triticum vulgare; a grain of wheat; pūraĩ",lsj
πω,118,109,31,34,113,3.395106,6.516448,"up to this time, yet; at all; ever",lsj
πωλέομαι,9,180,34,3,86,0.28704798,12.702983,go up and down; to and fro; come frequently; she goes,lsj
πως,75,109,31,34,113,3.381483,6.5135183,"in any way, at all, by any means; somehow; in some; way",lsj
πόα,5,-1,6,46,146,5.434216,10.654434,grass; herb; herbaceous plants; herbs,lsj
πόθεν,13,110,31,34,113,3.6185994,6.350823,whence?; from what stock; whence? wherefore?; how can it be? impossible! nonsense!,lsj
πόθι,6,-1,21,1,52,3.1926713,6.290996,"where?; whither?; anywhere, somewhere; ever",lsj
πόλεμος,275,-1,19,4,78,3.4163957,11.309231,"war; battle, fight; single combat; War, Battle",lsj
πόλινδε,10,90,21,71,17,4.961211,6.861777,into; to the city,lsj
πόλις,220,-1,5,24,94,5.6645555,7.235337,city; the citadel; the city of; oneʼs city,lsj
πόνος,55,-1,16,26,41,3.8295648,11.555888,"work; hard work, toil; the toil of war; toil",lsj
πόντος,119,78,22,36,8,4.598864,10.261311,sea; open sea; wide waters; the sea,lsj
πόποι,49,71,31,34,131,4.161263,6.96766,"make angry: ""The news angered him""",agwn
πόρος,5,170,16,26,41,4.269951,11.264048,"means of passing a river, ford, ferry; the ford; narrow part of the sea, strait; passage-way",lsj
πόρω,59,179,3,42,42,0.33924133,12.921671,"break a piece from a whole: ""break a branch from a tree""",agwn
πόσις,66,194,16,26,41,4.0053573,11.4447775,"husband, spouse; lawful husband; potis; pátis",lsj
πόσις2,27,113,6,45,45,3.3629189,12.412277,"drinking, drink, beverage; carousal; over their cups; draught",lsj (homograph 2)
πότμος,32,-1,26,28,29,3.421794,11.402011,"that which befalls one, lot, destiny; evil destiny; death; gifts",lsj
πότνια,65,25,5,15,48,5.760451,8.958193,"mistress, queen; queen; revered, august",lsj
πύκα,15,-1,21,10,106,2.2131734,7.301253,"taking care or paying attention: ""they watched carefully""",agwn
πύλη,63,166,11,52,144,4.709685,11.112011,one wing of a pair of double gates; gates of a town; gates; the gates,lsj
πύματος,16,-1,2,44,49,2.9463787,7.4167604,"hindmost, last; outmost; the root of; nethermost",lsj
πύξ,6,-1,0,32,15,2.8386204,8.068246,with the fist; at boxing; by boxing; clenched,lsj
πύργος,44,-1,11,52,144,4.878212,11.054737,tower; city walls; ramparts with their towers; movable tower,lsj
πᾶς,1020,69,21,77,3,3.142702,7.1848183,all; the whole; every; all the,lsj
πῆ,19,110,31,34,113,3.6231122,6.378835,,none
πῆμα,40,220,16,26,41,3.763395,11.887978,"misery, calamity; pains; labours; bane, calamity",lsj
πῆχυς,8,158,1,72,72,4.759033,11.953277,"forearm; arm; ulna; centrepiece, which joined the two horns of the bow",lsj
πῦρ,160,21,32,65,65,4.0027966,11.000466,fire; funeral-fire; burn; sacrificial fire,lsj
πῶμα,5,129,21,71,17,4.083168,12.399871,"lid, cover; that closed; operculum",lsj
πῶς2,48,110,31,34,113,3.5596912,6.4111924,how?; how so; how; how? at what price?,lsj (homographs merged)
πῶυ,11,-1,1,41,66,5.2898564,10.378196,flock,lsj
σάκος,78,158,1,8,96,4.6006446,11.912094,"shield; shield, defence; tvác",lsj
σάρξ,6,195,1,72,72,5.005829,12.241908,flesh; body; portions of meat; pieces of flesh,lsj
σάφα,19,106,21,10,106,2.3616762,8.145216,"clearly, plainly, assuredly; assuredly, of a surety; clearly; with certainty",lsj
σέβας,5,-1,16,26,41,3.3375978,6.8589916,"reverential awe; awe; wonder; reverence, worship, honour",lsj
σέλας,12,21,32,65,65,3.9795864,10.9031,"light, brightness, flame; light; lightning, flash of lightning; meteor",lsj
σήμερον,9,168,10,0,16,1.8043354,10.363516,to-day; kyo; ci-tra,lsj
σίαλος,8,143,1,8,98,4.5825887,10.712977,"fat hog; fat, grease",lsj
σίδηρος,29,169,10,0,16,1.905722,10.454612,"iron; hardness; stubborn force; firmness, steadfastness",lsj
σίνομαι,5,-1,37,37,133,1.3165555,12.309878,"harm, hurt, do; harm; mischief; used to plunder",lsj
σανίς,12,149,1,8,46,4.6463976,11.3137245,"board, plank, timber; anything made thereof; door; folding doors",lsj
σβέννυμι,8,-1,32,65,65,1.0054986,13.103857,"quench, put out; dry up; quench, quell, check; cooling",lsj
σείω,13,192,14,16,59,1.5781214,13.188014,"shake, move to and fro; shake the poised; shake; there was an earthquake",lsj
σελήνη,7,18,32,65,65,3.7695653,10.340761,the moon; moon; a moonʼs breadth; lunar,lsj
σεύω,50,-1,14,16,59,1.3455567,13.187534,"put in quick motion, drive; hunt, chase; drive away; set on, let loose at",lsj
σηκός,5,187,12,5,22,5.6367197,11.10042,"pen, fold; den; nests; sacred enclosure, precinct",lsj
σημάντωρ,5,-1,23,13,84,2.2030592,10.370521,"one who gives a signal, leader, commander; driver; herdsman; subordinate officers",lsj
σημαίνω,15,-1,9,22,26,0.45872208,11.291312,"show by a sign, indicate, point out; after indicating; you have; shown you",lsj
σθένος,40,211,16,31,7,3.826265,11.713099,"strength, might; bodily strength; strength; force",lsj
σιγάω,5,70,31,34,131,4.054665,6.822391,"keep silence; hush! be still!; secret, mystical; was kept",lsj
σιγή,12,84,33,33,85,2.835564,6.8690314,"silence; in silence; be silent now!; in an undertone, in a whisper, secretly",lsj
σιγαλόεις,21,-1,10,7,4,1.112231,9.677121,"glossy, glittering; glittering; fatty, oily",lsj
σιδήρεος,14,53,1,8,96,3.3935537,9.611269,made of iron; steel; grappling-iron; of arms,lsj
σιωπή,28,169,10,0,16,1.7955472,10.438428,silence; a hush; calm; the habit of silence,lsj
σκέπας,5,21,38,38,74,4.213735,10.926784,"covering, shelter; shelter; pretext, pretence",lsj
σκίδνημι,10,176,14,16,18,1.6525795,12.902062,"disperse; to be spread; scattered, disperse; began to spread his light",lsj
σκεδάννυμι,9,193,14,16,59,1.3679391,13.329299,"scatter, disperse; shed; all round; will shiver",lsj
σκηπτοῦχος,8,-1,23,13,56,4.730193,9.05963,"bearing a staff, baton; sceptre; sceptred; wand-bearer",lsj
σκιάω,6,191,14,16,59,1.5458949,12.59254,"overshadow, make shady; to be shaded; dark",lsj
σκιόεις,15,-1,10,7,4,1.2289984,9.495077,"shady, shadowy; shady; thickly wooded; dark",lsj
σκοπιά,13,167,11,23,102,4.4550805,10.730781,"lookout-place; hill-top; watch-tower; peak, height",lsj
σκοπός,13,194,16,26,41,4.1479816,11.456756,"one that watches, one that looks about; after; guardian, protector; one who watches",lsj
σκόλοψ,9,148,11,23,44,4.8533335,11.487625,"anything pointed; pale, stake; palisade; thorn",lsj
σκόπελος,9,173,11,23,44,5.06846,11.281726,"lookoutplace; peak, headland, promontory; watch-tower",lsj
σκότος,16,215,16,26,41,3.6801472,11.722164,"darkness, gloom; darkness; dizziness, vertigo; darkness, obscurity",lsj
σκύζομαι,7,232,13,11,93,0.6113204,11.903388,to be angry with; to be wroth,lsj
σκῆπτρον,34,158,16,26,41,4.4346137,11.796048,staff; stick; staffs; supports,lsj
σμερδαλέος,36,-1,0,50,2,3.1915994,8.669004,"terrible to look on, fearful; dire-gleaming; terrible to hear; márdati",lsj
σπάω,14,152,7,76,53,0.86667556,13.378012,draw; having their; drawn; drew,lsj
σπένδω,31,213,14,29,28,1.8651481,13.374289,make a drink-offering; let; dedicate; by pouring an offering from,lsj
σπέος,40,173,11,69,34,4.958376,11.404735,"cavern, grotto",lsj
σπέρχω,11,61,13,48,6,0.36124995,12.368414,"set in rapid motion; to haste, be in haste; rage; in haste, hurriedly",lsj
σπεύδω,20,155,14,12,95,1.1731406,14.287058,"set going, urge on, hasten; procure quickly, get ready; seek eagerly, strive after; promote",lsj
σπεῖρον,6,118,1,41,66,3.9991941,12.489531,piece of cloth; cloth; wraps; cerecloth,lsj
σπλάγχνον,9,119,1,41,147,3.9598615,12.705244,inward parts; sacrificial feast; any part of the inwards; womb,lsj
σπουδή,11,84,33,33,85,2.906243,6.4990454,"haste, speed; haste; I am hastening; in haste",lsj
σπόγγος,5,-1,12,5,5,4.8605967,11.513838,sponge; any spongy substance; glands; tonsils,lsj
στάθμη,6,167,11,23,126,4.442726,10.918833,carpenterʼs line; rule; level; the line rubbed with chalk,lsj
στέλλω,10,-1,7,47,50,0.13738902,13.491958,make ready; rig; fit; out,lsj
στένω,6,-1,20,66,32,1.5691792,12.169873,"moan, sigh, groan; groaning aloud; moan; sigh for",lsj
στέρνον,19,-1,1,72,72,5.0410967,12.113073,"breast, chest; breast; heart; breastbone",lsj
στήλη,7,-1,1,8,98,4.359905,10.895539,block of stone; prop; buttress; block,lsj
στίξ,43,170,11,52,144,4.7740498,10.979786,"row, line, rank; file; in ranks; lines",lsj
σταθμός,40,187,11,69,34,5.5139704,11.216222,"standing-place; farmstead, steading; stable; lair",lsj
στείχω,11,-1,7,47,50,0.04046286,13.687137,"walk, march, go; come; towards; go to, approach",lsj
στενάχω,40,227,20,66,32,1.4689993,11.838897,"groan, sigh, wail; groaning; bewail, lament",lsj
στεναχίζω,12,227,20,66,32,1.6338791,11.829822,"groan, sigh, wail; bewail, lament",lsj
στερεός,8,139,0,50,1,3.3654976,8.929453,"firm, solid; solid; costive; firmly, fast",lsj
στεροπή,6,103,10,0,148,3.0400326,10.693057,"flash of lightning; dazzling light, gieam",lsj
στεφάνη,5,-1,1,8,96,4.466645,11.0509615,anything that surrounds; encircles; brim; helmet,lsj
στεφανόω,5,-1,10,7,4,1.5952412,13.659949,to be put round in a circle; as a rim; border; to be put round,lsj
στεῖνος,5,-1,27,40,81,4.97523,11.543055,"narrow, close; confined space; straits, distress; by suffering, Eu",lsj
στεῦμαι,8,185,14,16,59,1.3625237,13.079658,"make as if one would.., promise; threaten that one will; declares; boasts",lsj
στηρίζω,5,186,14,29,135,1.5982722,13.575574,"make fast, prop, fix; sets; set; fast",lsj
στιβαρός,33,137,0,50,1,3.3869672,9.134208,"strong, stout, sturdy; more massy; bulkier; more",lsj
στιχάομαι,9,201,14,16,59,1.539073,11.6835985,march in rows; ranks; marching; stand in rows,lsj
στοναχή,11,165,12,5,5,2.6594763,11.32015,"groaning, wailing; groans, sighs",lsj
στονόεις,10,-1,10,7,4,1.1328143,9.613767,causing groans; sighs; full of moaning; moaning,lsj
στορέννυμι,12,186,14,29,28,1.6637967,13.592212,,none
στρέφω,26,198,7,47,35,1.3901379,14.181107,turn about; aside; turn; wheel,lsj
στρατός,63,170,16,26,41,4.699889,10.979869,"army, host; the commons, people; band; body",lsj
στρεπτός,5,132,0,32,15,3.1403856,8.788969,"easily twisted, pliant; of chainarmour; mail; pliant",lsj
στρωφάω,7,-1,10,7,4,1.9874614,12.486867,"turn constantly; keep turning; steer; turn oneself about, keep turning",lsj
στυγέω,10,156,30,61,14,1.773122,12.104115,"hate, abhor; to show hatred; hate; fear",lsj
στυγερός,36,130,0,50,1,3.3082993,8.668965,"hated, abominated, loathed; hateful, abominable, loathsome; hateful; hateful, wretched",lsj
στυφελίζω,12,186,14,29,135,1.3741574,13.364187,"strike hard; drives away; thrust; treat roughly, maltreat",lsj
στόμα,28,217,1,72,72,5.069924,12.376931,"mouth; the very jaws; the mouth as the organ of speech; mouthpiece, organ",lsj
στόνος,7,-1,12,5,5,3.2796357,11.76802,sighing; groaning,lsj
στόρνυμι,6,186,14,29,28,1.6230348,13.577789,"spread; make up; make a bed; spread, strew",lsj
στῆθος,184,-1,1,72,72,5.056944,12.191082,breast; chest; breasts; the breast as the seat of feeling and thought,lsj
συβώτης,66,24,10,0,16,6.616364,8.698181,swineherd,lsj
συγχέω,6,209,14,16,18,1.5575883,13.264596,"pour together, commingle, confound; mix; in confusion; obliterate, demolish",lsj
συλάω,22,-1,7,76,143,0.7942477,13.145888,"strip off; strip off from; strip; to be stripped, robbed, deprived of",lsj
συμβάλλω,17,204,7,47,36,0.52182966,14.053857,"throw together, dash together; bring together, unite; have; reaching",lsj
συμμαχέω,6,136,10,0,16,2.157386,10.634476,"to be an ally, to be in alliance; join; in war; help, succour",lsj
συμφράζομαι,5,236,4,27,108,0.03937369,11.635358,"join in considering, take counsel with; imparted; contrive; mention at the same time",lsj
συνάγω,9,177,7,47,36,0.22292323,13.660589,"bring together, gather together; crowd; bring together; hold a club dinner",lsj
συνάντομαι,6,-1,18,18,23,1.0474219,12.649598,"fall in with, meet; meet; that accompanies; approach",lsj
συνίημι,17,-1,7,47,36,0.09084022,13.392557,bring; set together; shot; together,lsj
συναγείρω,6,177,7,47,50,0.3312989,13.779833,"gather together, assemble; collect; gather together, come together, assemble; collect for oneself",lsj
συντίθημι,13,-1,4,27,21,0.17409928,11.598708,place; put together; fold; together,lsj
συφορβός,8,-1,12,5,22,5.6990037,9.786944,swineherd,lsj
σφάζω,15,96,14,29,28,2.6210184,13.066925,"slay, slaughter; by cutting the throat; slaughter; cut",lsj
σφέτερος,10,31,15,20,122,4.7179317,7.955336,"their own, their; their own property; their own; their own people",lsj
σφυρόν,5,216,1,72,72,5.2100005,12.0874,"ankle; put out; the lower part; edge, foothills",lsj
σφός,14,31,15,20,122,4.702602,7.9535985,"their, their own, belonging to them; his; her, his own; her own",lsj
σχέτλιος,29,44,31,34,131,4.0233808,7.8763824,"able to hold out, unwearying, unflinching; flinching from no cruelty; wickedness, merciless, headstrong; wicked",lsj
σχεδία,12,160,0,58,13,4.4357285,10.727323,"raft, float; rafts; boat, ship; bridge of boats",lsj
σχεδόθεν,8,89,21,1,52,2.540603,6.9254394,"from nigh at hand; nigh at hand, near",lsj
σχεδόν,67,29,21,1,100,1.9504883,7.423091,"near, hard by; at close quarters; similar to; near",lsj
σός,201,31,15,20,122,4.7208924,7.937107,"thy, thine; of yours; thy; thine",lsj
σύμπας,8,69,21,77,3,3.119987,7.181231,"all together, all at once; the whole; as a whole; general",lsj
σύνειμι2,9,-1,7,47,36,0.31534496,13.891251,"ibo; come together, assemble; meet in battle; engage in war",lsj (homograph 2)
σώζω,54,8,7,76,143,1.225341,12.454694,"save, keep; save from death, keep alive; spare; to be saved, kept alive, preserved",lsj (relaxed match)
σῆμα,48,220,16,26,41,3.9240603,12.031802,"sign, mark, token; sign from heaven, omen, portent; sign to do; begin something",lsj
σῖτος,64,120,6,45,45,3.58533,12.689015,grain; the corn; its; corn,lsj
σῶμα,8,112,1,41,64,4.2346616,12.531796,"body; dead body, corpse; living body; life",lsj
σῶς,17,31,16,26,103,4.625196,8.036651,"safe and sound, alive and well; safe, whole; preserved, extant; intact",lsj
τάλαντον,16,-1,3,42,42,3.87333,12.341126,a person who possesses unusual innate ability in some field or activity,agwn
τάπης,10,95,1,8,46,2.280295,13.393175,"carpet, rug",lsj
τάφος,9,194,16,26,41,4.134458,11.425207,funeral-rites; funeral-feast; the funeral-rites; the rites of burial,lsj
τάφρος,38,-1,11,52,144,4.835036,11.092714,"ditch, trench; trench; trenches; irrigation-ditch",lsj
τάχα,77,83,31,34,113,3.078777,6.2280025,"quickly, presently, forthwith; soon; as soon as; perhaps",lsj
τέγος,7,-1,27,40,81,4.9913282,11.757172,roof; roof!; covered hall; chamber,lsj
τέθηπα,15,227,35,35,0,1.3813084,12.106836,"to be astonished, astounded, amazed; amazed, astonished; wonder; be amazed at",lsj
τέκμαρ,7,105,26,28,29,3.5029817,11.608741,"fixed mark; boundary, goal, end; goal; an end",lsj
τέκνον,70,45,15,78,38,5.240694,8.960925,"child; my son, my child; young",lsj
τέκος,52,33,15,78,38,3.0012574,12.440089,the young,lsj
τέκτων,12,57,6,46,10,5.311442,9.802329,"worker in wood, carpenter, joiner; craftsman; workman; a worker",lsj
τέλλω,10,108,10,0,16,0.6911515,10.823273,accomplish; perform; come into being; turns,lsj
τέλος,29,219,16,26,41,3.862184,11.804728,"coming to pass, performance, consummation; fulfilment, execution; result; coming to pass (outbreak",lsj
τέμενος,13,-1,3,21,70,4.8502545,11.11936,"a piece of land cut off and assigned as an official domain; a piece of land marked off from common uses and dedicated to a god, precinct; sacred valley; grove",lsj
τέμνω,48,95,14,29,33,2.1495826,13.279307,"cut; cutting; cut, wound, maim; wound",lsj
τένων,9,-1,27,40,81,5.0019975,11.875392,"sinew, tendon; foot; ridge",lsj
τέρας,16,219,16,26,41,3.9043767,11.831161,"sign, wonder, marvel, portent; a sign; signs; monster",lsj
τέρην,10,-1,0,50,1,3.113899,8.707547,"soft, delicate; tender; that causes tender feelings; tereno",lsj
τέρμα,9,129,21,71,17,4.0654616,12.35303,"end, boundary; goal round which horses and chariots had to turn; mark set to show how far a quoit was thrown; issue, event",lsj
τέρπω,91,-1,0,50,1,0.938142,12.508894,"delight, gladden, cheer; will give; pleasure; give delight",lsj
τέρσομαι,6,-1,0,50,1,1.3990428,12.933596,"to be; become dry, dry up; dried up; is baked",lsj
τέσσαρες,17,-1,31,79,79,2.5820897,5.631821,four; the fourth; the four simple bodies; the four kinds of quality,lsj
τέταρτος,16,2,31,79,79,2.6026218,6.1489553,fourth; the fourth time; fourthly; fourfold,lsj
τέτμον,9,96,14,29,33,2.298519,13.086536,"overtake, reach, find; partake of, have allotted one",lsj
τέτρατος,6,2,31,79,79,2.5934079,6.1334944,fourth; the fourth time,lsj
τέχνη,9,136,9,9,99,2.0076425,10.6213045,"art, skill, cunning of hand; craft, cunning; arts, wiles; arts",lsj
τέως,10,-1,31,34,113,3.196422,6.3940053,"so long, in the meantime; until then, during that time; for that number of days; for a time, a while",lsj
τήκω,7,199,17,70,91,1.7535182,12.79833,"melt, melt down; bring; down in rain; dissolve",lsj
τί,23,109,21,10,101,3.388766,6.522976,the category of nouns serving as the direct object of a verb,agwn
τίη,11,110,31,34,113,3.6937315,6.386445,"why? wherefore?; why so, tell me?",lsj
τίθημι,362,190,14,29,28,1.1989706,13.664062,"l), Alc; set, put, place; set; set for oneself",lsj
τίκτω,123,33,15,78,38,2.780382,12.690672,"bring into the world, engender; beget; bring forth; parents",lsj
τίνω,44,156,10,53,117,0.67914635,12.463363,pay a price; pay; acquit oneself of; render,lsj
τίπτε,36,110,31,34,113,3.6395876,6.3880954,,none
τίω,51,156,10,53,117,2.2011206,12.649662,"Erster Bericht; honour, revere; honour; honoured",lsj
ταλαεργός,5,64,0,50,1,3.1772752,9.242403,bearing; enduring labour; laborious,lsj
ταλασίφρων,12,-1,36,17,138,3.8506389,9.148191,"patient of mind, stout-hearted",lsj
ταμία,21,46,1,8,46,5.269922,8.86637,"housekeeper, housewife",lsj
τανηλεγής,7,74,0,19,55,2.4505055,8.715813,bringing long woe,lsj
τανύπεπλος,7,115,29,14,124,1.9463657,9.45623,with flowing robe,lsj
τανύω,49,186,14,29,28,1.3386714,13.179825,"stretch, strain; string; having strung his; pull",lsj
ταράσσω,6,186,20,66,32,1.7856121,13.654101,"stir, trouble; troubling; mix; to wag",lsj
ταρβέω,23,228,20,66,32,1.304121,11.967258,"to be frightened, alarmed; feels fear; a state of fear; from fear",lsj
ταρφύς,8,-1,0,19,55,2.748237,8.653688,"thick, close; ofttimes, often",lsj
ταχύπωλος,11,42,23,62,30,2.6245687,9.944475,,none
ταχύς,126,69,0,50,1,3.0844738,7.2780704,"swift, fleet; quick; quick, hasty; speed, haste",lsj
ταῦρος,23,56,6,46,10,5.5759697,10.107534,bull; priest of Poseidon Taureios; the bull as a sign of the Zodiac; the pudenda muliebria,lsj
τείνω,25,95,14,29,33,2.0854657,13.282849,stretch; pull tight; having tied; tight,lsj
τείρω,43,176,17,70,91,1.940379,12.582439,"oppress, distress, weaken; she was; distressed",lsj
τεκμαίρομαι,6,236,4,27,108,0.07426182,11.6769705,"assign, ordain; appoint; am arranging; settle with oneself",lsj
τελέθω,11,76,10,53,88,1.8778044,11.689054,come into being; to be; become,lsj
τελέω,129,76,10,53,88,1.7892731,11.3017235,"fulfil, accomplish, execute, perform; did it; perform; fulfil",lsj
τελήεις,6,-1,3,21,119,1.3362938,9.498176,"perfect, complete; of full tale; number; of full-grown beasts",lsj
τελαμών,15,158,1,8,96,4.8700304,11.915856,broad strap; band for bearing; supporting; leathern strap,lsj
τελεσφόρος,5,6,3,21,119,2.65967,9.8615465,bringing fulfilment; fulfilment-bringing; complete; destined to be accomplished,lsj
τελευτάω,27,76,10,53,88,1.8342541,11.270328,"bring to pass, accomplish; fulfil; bring about; end",lsj
τελευτή,5,207,16,26,47,2.9369283,11.286803,"completion, accomplishment; event, issue; termination, end; the end of life, death",lsj
τερπικέραυνος,13,63,10,63,63,2.0688589,9.589779,delighting in thunder,lsj
τεσσαράκοντα,10,117,31,79,79,2.6128478,5.6176095,forty; the Forty; Forty,lsj
τετίημαι,14,200,35,35,0,1.5187857,11.860852,to be sorrowful; sorrowing; from grief; quies,lsj
τεός,38,31,15,20,122,4.678518,7.975171,,none
τεύχω,165,76,10,53,88,1.9862792,11.839313,"make ready, make; produce by work; art; make, build",lsj
τεῖχος,114,-1,11,52,144,4.8218436,11.047629,wall; city-wall; embankment; earthworks,lsj
τεῦχος,189,112,1,41,64,4.502072,12.477466,"tool, implement; implements of war, armour, arms; whole armour, harness; the gear",lsj
τηλεδαπός,8,31,15,20,122,5.0109057,8.179628,"from a far country; far off, distant",lsj
τηλεθάω,9,-1,10,7,4,1.416531,9.849216,"luxuriant, flourishing; blooming; luxuriant; blooming with",lsj
τηλεκλειτός,6,3,27,55,111,4.234493,9.077356,far-famed,lsj
τηλοῦ,6,89,21,1,52,2.490045,6.991225,"afar, far away, in a far country; in a far-away corner; long ago, of old; olden times",lsj
τηλόθεν,13,89,21,1,52,2.4291856,6.9689245,from after; far from,lsj
τηλόθι,14,89,21,1,52,2.4023418,6.954488,"afar, at a distance",lsj
τηλύγετος,8,89,21,1,52,2.5044422,7.1478643,"a darling son, petted child; only; of oneʼs old age; the only",lsj
τιμάω,29,156,30,61,14,1.6535506,12.132219,"honour, revere, reverence; bestow honours; reward; will honour",lsj
τιμή,36,-1,16,31,7,2.4116106,10.82968,"worship, esteem, honour; honours; due regard; paid to them by",lsj
τιμήεις,7,-1,2,44,49,3.1138449,8.049696,"honoured, esteemed; prized, costly",lsj
τινάσσω,14,186,14,29,28,1.7719691,13.795918,shake; brandish; shook; upset,lsj
τιταίνω,16,95,14,29,33,2.016166,13.198447,stretch; bending; having tuned my; plays,lsj
τιτρώσκω,5,82,6,45,45,2.4154453,12.820578,wound; is wounded; inflict; kill,lsj
τιτύσκομαι,17,-1,13,48,12,0.7421941,12.348515,"make, make ready, prepare; he put; try to hit; aim, shoot",lsj
τλάω,80,206,4,43,43,-0.4137175,11.536766,"suffer, undergo; hold out, endure, be patient, submit; I submitted; bore up under",lsj
τοιγάρ,14,125,31,34,113,3.3724155,6.33641,"therefore, accordingly, well then; for that very reason, therefore",lsj
τοιοῦτος,47,102,21,71,17,3.2406576,6.6934977,"such as this; so good, so noble, so bad; so great a thing; such a wretch",lsj
τοιόσδε,26,102,21,71,17,3.270808,6.6095867,"such as this; such as you see; so great, so bad; such",lsj
τοκεύς,38,34,15,78,38,4.9705205,8.823996,"one who begets, father; begetter; parents",lsj
τολμάω,9,206,4,43,43,-0.37726724,11.569122,"Bodl. Quarterly Record; undertake, take heart; to do; bear",lsj
τολυπεύω,6,72,29,14,9,1.8346521,10.094979,"wind off; into a clew; wind off, achieve, accomplish; work",lsj
τοξάζομαι,5,136,13,48,12,2.1457121,10.58556,shoot with a bow; shoot at,lsj
τοσοῦτος,6,102,21,71,17,3.2417805,6.6992645,"so large, so tall; so great; so many; of the same height",lsj
τοσόσδε,13,102,21,71,17,3.272031,6.6677594,"sufficient; so many only; so few; so very, so much",lsj
τοτέ,5,83,31,34,113,2.9522374,6.1431537,"at times, now and then; at one time.., at another",lsj
τοὔνεκα,23,125,31,34,113,3.3751142,6.261181,"for that reason, therefore; wherefore?",lsj
τοῖχος,18,172,11,69,34,5.1231313,11.215314,wall of a house; enclosure; wall of a temple; walls,lsj
τράπεζα,36,-1,1,8,46,3.6877058,12.401492,"table; dining-table, eating-table; board; a table",lsj
τρέπω,62,142,38,38,74,-0.10894804,13.297283,Studien zum griech. Perf; turn; direct; show,lsj
τρέφω,66,82,15,78,38,2.652877,12.806632,"thicken; congeal; curdle; curdle, congeal",lsj
τρέχω,9,-1,20,66,32,0.45141178,13.867482,run; run and; move quickly; trippingly,lsj
τρέω,16,-1,20,66,32,1.2652081,12.561794,"flee from fear, flee away; fleeing; fear; runaway, coward",lsj
τρήρων,7,-1,17,70,91,2.156529,12.199352,"timorous, shy; trembler",lsj
τρίζω,6,200,35,35,0,1.7078437,11.920367,utter a shrill cry; creaked; crepitates; grinds,lsj
τρίπους,27,151,6,45,45,4.616082,11.88226,"three-footed, of; with three feet; measuring three feet; the side of a square three feet in area",lsj
τρίς,47,83,31,34,113,2.9693468,6.214653,"thrice, three times; thrice; tris; ter",lsj
τρίτατος,12,2,31,79,79,2.6498342,6.2339115,in the third place,lsj
τρίτος,21,2,31,79,79,2.63314,6.1639113,third; the third; with two others; two drachmae and a half,lsj
τρίχα,5,-1,31,34,113,2.7865484,5.813954,in three parts; ways; in the third watch,lsj
τραχύς,11,132,29,14,31,3.1371126,8.959563,jagged; prickly; rugged; rough,lsj
τρεῖς,31,-1,31,79,79,2.608595,5.63178,three; thrice; utterly; by threes,lsj
τρητός,7,132,29,14,31,3.1759045,8.852393,"perforated, with a hole in it; inlaid; holes; mortised",lsj
τρομέω,9,-1,17,70,91,2.0361526,12.251968,"tremble, quake, quiver; fear; quiver; tremble before",lsj
τροφός,15,25,15,78,38,5.641479,8.955352,"feeder, rearer; nurse; that which nourishes; nursling",lsj
τροχός,6,188,12,5,22,5.5676565,11.328006,wheel; wheels; potterʼs wheel; wheel of a stage-machine,lsj
τρυφάλεια,15,-1,1,8,98,4.425672,11.378711,helmet; ‘three’,lsj
τρωπάω,5,-1,17,70,91,2.0244389,12.278779,"turn, change; turn oneself, turn about",lsj
τρόμος,15,215,16,26,41,3.425633,11.792953,"trembling, quaking, quivering; shiverings",lsj
τρόπις,7,21,38,38,74,4.318249,10.926057,shipʼs keel; ship; keels,lsj
τρύχω,7,-1,17,70,91,2.0240467,12.332298,"wear out, waste, consume; to eat; out of house and home; get the better of, cure",lsj
τρώς,9,15,5,24,94,5.7154813,7.879937,Tros; Trojans; Trojan men,lsj
τυγχάνω,33,81,10,0,16,1.2978234,12.817281,happen to be at; she be; mayʼst; has been made,lsj
τυκτός,5,132,0,32,15,3.0959795,8.81771,"finished, wrought out; complete; made by manʼs hand; well-made, well-wrought",lsj
τυρός,6,-1,12,5,22,5.5606513,10.891048,cheese; the cheese-market,lsj
τυτθός,31,58,0,50,2,2.7473125,7.520045,"little, small, young; a little one; a little, a bit; little",lsj
τόθι,5,-1,21,71,17,3.1826422,6.4605093,"there, in that place; where",lsj
τόκος,5,33,15,78,38,2.9684868,12.474969,"childbirth, parturition; the time of parturition; period of gestation; foetal stage",lsj
τόξον,104,158,1,8,96,4.566933,11.888035,"bow; the bow; by guess; bowmanship, archery",lsj
τόφρα,59,124,31,34,113,3.0523438,6.3754015,"up to; during that time, so long; in (the course of) that time, so long; meanwhile",lsj
τύμβος,19,-1,14,29,68,3.0391462,12.817788,"sepulchral mound, cairn, barrow; tomb, grave; grave; tombstone",lsj
τύπτω,40,198,14,29,68,1.6300122,14.149542,"beat, strike, smite; beat; strike; beating",lsj
τώς,5,109,31,34,113,3.4960854,6.4693737,"so, in this wise; as, S.Ichn",lsj
τῆ,5,110,31,34,113,3.5838244,6.4659276,there!,lsj
τῆλε,26,-1,21,1,52,3.0262685,6.4602785,"at a distance, far off; to a distance, afar; far from",lsj
τῆμος,8,124,31,34,113,3.1189892,6.336848,"then, thereupon; to-day",lsj
τῇ,34,125,31,34,113,3.3737676,6.2682967,"here, there",lsj
τῇδε,5,102,31,34,113,3.2366843,6.5424285,here,lsj (relaxed match)
τῷ,111,110,31,34,113,3.5228128,6.4094963,"therefore, in this wise, then; who?; some one",lsj
υἱός,588,45,15,78,38,5.2440853,8.94828,Vasen mit Meister-signaturen; pitṛṣu; son; a son,lsj
φάλαγξ,33,166,11,52,144,4.589158,11.01597,"line of battle, battle-array; the ranks of an army in battle; heavy infantry; in battle-order",lsj
φάλος,7,158,1,8,96,4.6326075,11.791811,horn; boss; ornament,lsj
φάος,37,21,32,65,65,3.9246078,11.00027,light; daylight; day; the light,lsj
φάρμακον,24,126,1,41,66,4.06218,12.446054,"drug; healing remedy, medicine; medicines; a medicine for",lsj
φάσγανον,24,158,1,8,96,4.567775,11.891961,"sword; corn-flag, Gladiolus segetum",lsj
φάσκω,15,206,4,43,43,-0.3235219,11.468152,"say, affirm, assert; saying; would; think, deem, expect",lsj
φάτνη,7,167,11,23,126,4.4261584,10.840086,"manger, crib; manger; haunts; socket of tooth",lsj
φέβομαι,12,114,10,0,16,1.8209093,10.893708,"to be put to flight, flee in terror; flee from; bègti",lsj
φέριστος,6,-1,31,34,131,4.146272,7.4290757,,none
φέρτατος,41,94,2,44,49,3.4871912,7.701503,"bravest, best; the best; least bad; best",lsj
φέρω,357,179,3,42,42,0.2765169,13.12614,fero; beran; bhárati; náśati,lsj
φίλος,617,-1,16,26,41,4.4862194,7.9651227,"beloved, dear; dear; friend; friends, kith and kin",lsj
φίλτατος,26,94,2,44,49,3.4431067,7.671062,oneʼs nearest and dearest,lsj
φίλτερος,6,79,2,44,49,3.5201306,7.7774835,,none
φαέθω,5,5,32,65,65,2.0723953,12.622783,shine; radiant; the sun; days,lsj
φαίδιμος,68,22,24,49,60,5.9286685,8.817136,"shining, radiant, glistening; sleek, glossy; famous, glorious",lsj
φαίνω,145,5,32,65,65,1.9825822,12.573245,"bring to light, cause to appear; make; appear; show by baring",lsj
φαγεῖν,17,82,6,45,45,2.855942,12.919417,"eat, devour; eat of; eat up, devour, squander; bhájati",lsj
φαεινός,83,137,0,50,1,3.3292768,9.160831,"shining, radiant; bright; bright, glossy; bright as the day",lsj
φαρέτρα,13,-1,1,41,64,4.297259,11.672657,quiver; quiver-full of,lsj
φείδομαι,9,229,13,11,19,0.41990083,12.155927,"spare; not destroy; spare, be merciful; use sparingly",lsj
φεύγω,155,183,7,47,35,-0.040792674,13.141502,"flee, take flight; ran; flee; the purpose",lsj
φηγός,8,-1,11,23,102,5.693542,10.88225,"Valonia oak, Quercus Aegilops; the oak; acorn of the same tree; fāgus",lsj
φημί,704,-1,9,22,26,0.006064272,10.956768,"say, affirm, assert; shall we say of; speak; think, deem, suppose",lsj
φθάνω,19,96,7,47,35,1.5104991,13.924993,"come; do first; before; to be beforehand with, overtake, outstrip",lsj
φθέγγομαι,16,-1,9,22,26,0.15400478,11.305071,utter a sound; voice; speak loud and clear; utter a syllable,lsj
φθίω,35,96,17,70,142,2.571266,13.189109,"kṣiṇā´ti, kṣiṇóti; Kṣīyante; ákṣitas; kṣeṣya",lsj
φθινύθω,11,-1,17,70,91,2.0787218,12.276468,"waste; cause; to pine away; waste away, decay, perish",lsj
φθισήνωρ,5,96,17,70,142,2.6313436,13.162295,destroying; killing men,lsj
φθογγή,5,165,12,5,5,2.7310593,11.26194,voice,lsj
φθονέω,6,-1,0,58,13,0.6793244,11.397062,"bear ill-will; malice, grudge, be envious; jealous; envy",lsj
φθόγγος,5,-1,12,5,5,2.9809573,11.568339,"any clear, distinct sound; voice; voice, telling; speech",lsj
φιλέω,71,156,30,61,14,1.9498004,12.135204,"love, regard with affection; sexual love; friends; to be beloved",lsj
φιλήρετμος,7,104,29,14,9,2.4407885,9.543741,fond of the oar,lsj
φιλομμειδής,6,-1,24,49,60,5.821957,9.19809,laughter-loving,lsj
φιλοπόλεμος,10,72,29,14,9,2.4327736,9.692051,"fond of war, warlike",lsj
φιλότης,53,210,16,31,7,3.319613,11.316869,"friendship, love, affection; in, with, from friendship; affection; in affection",lsj
φλόξ,20,21,32,65,65,3.9837022,10.89704,"flame; flames, meteors; fire; heat",lsj
φοβέω,39,-1,20,66,32,1.5515821,12.120019,"put to flight; terrify, alarm; to frighten; by terror",lsj
φοιτάω,18,-1,14,16,18,0.38139227,14.105945,"go to and fro, backwards and forwards; stalk; keep going; on the wing",lsj
φορέω,44,157,14,16,59,2.01693,12.101494,"repeated; habitual; bear to and fro, bear along; conveyed",lsj
φοῖνιξ,8,144,1,8,96,5.093228,10.134757,a document that states some contractual relationship or grants some right,agwn
φράζω,95,236,4,27,108,0.10790536,11.689194,"point out, show; say, tell; show the way to, show where to find; showed",lsj
φράσσω,5,186,14,29,28,1.8577228,13.841446,"fence in, hedge round; secure, fortify; having fenced; fenced",lsj
φρήν,318,217,1,72,72,5.016587,12.248039,midriff; heart; very heart; sincere,lsj
φρίσσω,8,-1,35,35,0,1.6476215,12.406969,"to be rough; uneven on the surface, bristle; bristle up, stand on end; having set up his bristly",lsj
φρονέω,90,150,0,58,13,1.8880666,11.68593,"to be minded; have understanding, be wise, prudent; counsel; to be",lsj
φυή,9,211,16,31,7,3.7539656,11.721088,"growth, stature; fine growth, noble stature; in size; growth",lsj
φυλάσσω,38,4,11,52,107,1.532065,12.200919,"keep watch and ward, keep guard; keep watch; watch; wait",lsj
φυλακή,7,-1,11,52,89,4.2444034,10.97298,watching; guarding; watch and ward; to watch,lsj
φυτεύω,10,-1,10,0,16,1.60714,11.049637,"of the thing planted, plant; plant for oneself; beget, engender; father",lsj
φυτόν,8,60,6,46,146,5.4517107,10.506544,"plant; garden plant; tree; sucker, slip",lsj
φωνέω,159,-1,9,22,26,0.5510566,11.235844,produce a sound; tone; speak loud; clearly,lsj
φωνή,24,168,10,0,16,1.8660792,10.458268,"sound, tone; the sound of the voice; speech, voice, utterance; cry",lsj
φόβος,39,215,16,26,41,3.5007334,11.685444,"panic flight; to flight; panic fear; fear, terror",lsj
φόνος,42,-1,16,26,41,3.8543384,11.452864,"murder, slaughter; killing; murder; slaughter",lsj
φόρμιγξ,19,138,12,5,5,3.0250447,11.726106,lyre; bow,lsj
φόως,16,215,16,26,41,3.5687156,11.570762,"to the light, to the light of day",lsj
φύγαδε,5,90,21,71,17,4.8438663,6.7965617,to flight,lsj
φύζα,7,-1,26,67,67,3.4026518,11.1411495,"headlong flight, rout",lsj
φύλαξ,8,-1,11,52,89,4.7494864,11.0638275,"watcher, guard, sentinel; garrison; guards; of reserve",lsj
φύλλον,20,60,6,46,146,5.4225783,10.613737,leaf; leaves; foliage; voting-papers,lsj
φύλοπις,22,-1,26,67,67,3.527361,11.065785,"battle-cry, din of battle",lsj
φύρω,5,192,35,35,0,1.5811998,12.8851795,mix; dry with; wet; mixing so as to spoil,lsj
φύω,34,76,6,46,146,2.1545582,11.839532,"bring forth, produce, put forth; made; grow; beget, engender",lsj
φώκη,6,56,25,25,20,5.6527686,10.165634,seal; Phoca monachus,lsj
φώς,92,32,10,0,16,5.2771606,8.616054,man; his; mortal,lsj
φᾶρος,27,159,1,41,64,4.49878,12.1552725,"a large piece of cloth, web; a wide cloak; mantle; shroud",lsj
φῆμις,6,-1,24,49,60,5.7245135,10.756804,"speech, talk; place of talk; common opinion; judgement expressed in talk",lsj
φῦλον,16,170,23,13,56,4.9238033,10.819397,"race, tribe; class; swarm; people",lsj
φῦσα,5,-1,25,25,20,5.6577573,10.220508,pair of bellows; smithies; bladder; Gloss,lsj
χάζω,34,230,13,48,12,0.27164423,12.321862,"cause to retire; force to retire from, bereave; deprive of; give way, draw",lsj
χάλκειος,30,53,1,8,96,3.3992202,9.59647,"of copper; bronze, brazen; of brass; yellow fish thistle, Carlina corymbosa",lsj
χάλκεος,66,52,1,8,96,3.6117,9.519113,"of copper; bronze, brazen; bronze; for a shield of brass",lsj
χάρις,23,207,35,35,0,3.0719342,11.527239,"grace; outward grace; fauour, beauty; graces",lsj
χάρμα,8,-1,16,26,41,3.6225224,11.582815,"source of joy, delight; source of malignant joy; joy, delight",lsj
χάρμη,24,136,10,0,16,2.3107991,10.487816,"joy of battle, lust of battle; battle-joys; victories; successes",lsj
χάσκω,8,-1,10,7,4,1.4332339,12.7142315,"yawn, gape; may; yawn; opening the mouth wide",lsj
χέρνιψ,8,-1,25,25,20,6.1315064,9.346997,water for washing the hands; purifications with holy water; the use of holy water; therein,lsj
χέρσος,16,78,22,36,8,4.547627,10.342069,"dry land; by land; barren soils; dry, firm",lsj
χέω,147,209,14,16,18,1.619032,13.201612,"pour; pour out, let flow; snows; gush forth",lsj
χήν,8,-1,6,46,10,5.620912,10.114419,"wild goose, Anser cinereus; tame goose; haṃsás; gans",lsj
χήρα,5,46,15,78,38,5.315594,8.931828,widow; widowed; without sauce; widower,lsj
χαίρω,93,228,20,30,130,1.1251601,12.0145445,"rejoice, be glad; to rejoice; rejoice at, take pleasure in; express oneʼs joy",lsj
χαίτη,16,-1,10,63,63,4.811701,12.068726,"loose, flowing hair; back hair; mane; crest",lsj
χαλεπαίνω,17,-1,10,0,16,1.9546183,10.525145,"to be severe, sore, grievous; to be violent, angry; display; portray anger",lsj
χαλεπός,49,-1,0,50,1,3.312401,8.510226,"difficult; hard to bear, painful, grievous; severity; hardships",lsj
χαλκήρης,25,-1,1,8,96,3.2584188,9.659115,furnished; fitted with bronze; tipped; armed with bronze,lsj
χαλκεύς,6,-1,5,15,118,3.818171,9.623428,coppersmith; worker in metal; goldsmith; worker in iron,lsj
χαλκοβαρής,7,42,1,8,96,2.5649245,9.9744,heavy; loaded with bronze,lsj
χαλκοβατής,6,-1,0,19,55,2.1132987,9.045554,"standing on bronze, with brazen base; with floor of bronze",lsj
χαλκοκορυστής,9,42,10,0,16,2.500366,10.054343,"bronze-armed, equipped with bronze",lsj
χαλκοχίτων,32,42,10,0,16,2.5199645,10.009355,bronze-clad,lsj
χαλκοῦς,21,-1,10,0,16,2.4899275,10.345671,copper coin; money,lsj
χαλκός,193,-1,10,0,16,2.6719463,10.256213,copper; bronze; anything made of metal; the spear of bronze,lsj
χαμάδις,13,89,21,1,52,2.4087079,6.9074235,"to the ground, on the ground",lsj
χαμαί,24,-1,33,33,85,2.5502007,7.085925,on the ground; underground; earth; to earth,lsj
χαμᾶζε,29,89,21,1,52,2.2211044,6.9279203,"to the ground, on the ground; to the ground",lsj
χανδάνω,10,-1,10,7,4,1.4271706,12.737924,"take in, hold, contain; could; contain; could hold",lsj
χαρίεις,19,-1,2,44,49,2.7834573,8.547223,"graceful, beautiful; gracious; acceptable; elegant, accomplished",lsj
χαρίζομαι,33,153,35,35,0,0.6350662,11.9005785,,none
χατέω,5,201,10,7,4,1.6802185,11.64843,"crave, need; want, have need of",lsj
χατίζω,5,201,10,7,4,1.4398441,11.739504,"have need of, crave; in want; in want, needy; lack, be without",lsj
χείρ,611,217,1,72,72,5.1325903,12.215335,"the hand; closed; open, flat; a single hand",lsj
χείρων,16,94,2,44,49,3.4596884,7.6224985,"meaner, inferior; worse than others; knave; worse",lsj
χειμέριος,5,-1,0,50,1,3.4473312,9.584489,"wintry, stormy; wintry; stormy; most wintry",lsj
χειμών,5,13,32,65,65,3.7467892,10.173247,winter; in winter; in winter-time; in the course of the winter,lsj
χερείων,11,94,2,44,49,3.4817913,7.6503263,"meaner, inferior; the worse part; amiss; of meaner rank",lsj
χερμάδιον,16,158,0,58,13,4.810343,11.735346,"large stone, boulder; of the shape; size of a; for arm-exercises",lsj
χεῖλος,9,217,1,72,72,4.971867,12.474898,lip; with the lips only; the lips; on the surface only,lsj
χηλός,9,187,12,5,22,5.6141353,11.181779,"large chest, coffer; coffin",lsj
χθαμαλός,5,131,11,23,102,3.4902143,9.220073,"near the ground, on the ground, low; of humble station; sitting in a lower place; pedestrian",lsj
χθιζός,9,58,0,50,2,2.7486176,7.5734587,of yesterday; yesterdayʼs; yesterday; yesterday!,lsj
χθών,77,78,5,24,112,4.562776,10.206797,earth; the surface of it; soil; the earth,lsj
χιτών,65,159,1,41,64,4.5298038,12.262306,"garment worn next the skin, tunic; a manʼs tunic; coat of mail; coats",lsj
χιών,7,13,32,65,65,3.8424993,10.376083,"snow; fallen snow; falling snow; snow-water, ‘ice-coldwater",lsj
χλαῖνα,49,159,1,41,64,4.525529,12.147346,"upper-garment, cloak, wrapper; blanket; covering; like a cloak",lsj
χλωρός,16,147,0,50,1,3.43009,8.734433,"greenish-yellow, pale green; green plaster; green paint; yellow",lsj
χολόω,67,191,35,35,0,1.5204514,12.000102,"anger, provoke; to anger; to be angered; provoked to anger",lsj
χορός,14,170,16,26,41,4.591204,11.329742,"dance; chorus; choir, band of dancers and singers, h. Ven; choir, troop",lsj
χράω2,17,229,35,35,0,0.4191918,12.145034,proclaim; proclaimed; warn; direct by oracle,lsj (homograph 2)
χρέος,10,207,16,31,7,3.1237688,11.381825,"that which one needs must pay, obligation, debt; the obligation to restore or pay for ‘lified’ cattle and plunder; debt; the debt demanded by",lsj
χρή,51,206,4,43,43,-0.15774947,11.302421,"sum; it is necessary; it must needs, one must; ought",lsj
χρίω,17,213,14,29,28,1.8132418,13.47149,"touch the surface of a body slightly; graze; rub, anoint with scented unguents; oil",lsj
χραισμέω,19,202,7,76,53,0.8003812,12.692733,ward off; from one; keep; off,lsj
χρεώ,24,207,4,43,43,3.0035596,11.330553,"want, need; need; necessity; need of",lsj
χρυσόθρονος,12,115,29,14,124,1.942348,9.333115,with throne of gold,lsj
χρυσός,69,-1,10,7,140,3.343433,9.984992,gold; golden; anything dear; precious,lsj
χρόνος,26,194,16,26,41,4.0626225,11.3273,"time; a definite time, period; chronological; dates",lsj
χρύσεος,120,53,1,8,96,3.4134266,9.651206,golden; enriched; adorned with gold; gold,lsj
χρώς,107,112,1,41,64,4.5232687,12.483101,"skin; flesh; oneʼs body, frame; close to the skin",lsj
χρῆμα,13,128,1,41,66,4.1634474,12.501255,"need; a thing that one needs; uses; goods, property",lsj
χωρέω,12,-1,28,60,24,0.6209294,13.796229,"make room for another, give way, withdraw; gave way; put back, retire; begone!",lsj
χωρίς,6,83,31,34,113,2.83694,5.987274,"separately, apart; set; apart, in reserve; apart",lsj
χόλος,56,215,16,26,41,3.5358021,11.689339,"gall, bile; gall, bitter anger, wrath; rage; anger towards",lsj
χώομαι,46,232,13,48,6,0.62498623,11.774396,to be angry; to be angry at; about; because of,lsj
χώρα,9,78,11,69,34,4.8137517,10.446271,space; room in which a thing is; partly occupied space; country,lsj
χῶρος,32,171,11,69,34,5.120273,10.790081,"a definite space, piece of ground, place; space; region; space, compass",lsj
ψάμαθος,17,-1,11,23,126,4.475115,11.135033,"(informal) fortitude; ""he didn't have the guts to try it""",agwn
ψεύδω,8,-1,0,58,13,2.5742352,8.4330435,"cheat by lies, beguile; to be cheated, deceived; I am; deceived",lsj
ψεῦδος,11,-1,0,58,13,2.5867803,8.361077,"falsehood, lie; lie; deceit; false conclusion, fallacy",lsj
ψυχή,68,217,1,72,72,4.9096284,12.287721,"life; lives; dear as life; departed spirit, ghost",lsj
ψυχρός,9,-1,0,50,1,3.4252722,9.180639,"cold; in the cold; ineffectual, vain; a cold business",lsj
ἀάω,18,-1,10,0,16,1.880532,10.982959,"hurt, damage; mislead, infatuate; to be infatuated, act foolishly",lsj
ἀέκητι,15,-1,2,68,127,0.84538275,10.545179,against oneʼs will,lsj
ἀέκων,43,-1,2,68,127,0.89471275,10.684303,"involuntary, constrained; invito Jove; unwillingly; involuntary",lsj
ἀέξω,19,134,10,0,16,1.5303441,11.005818,"augeo; vakṣáyati; increase, foster; cherish",lsj
ἀήρ,28,18,32,65,65,3.8292542,10.282033,"mist, haze; lower air; air; the open air",lsj
ἀίδηλος,8,66,0,19,54,1.7489347,8.764123,"making unseen, annihilating, destructive; unseen, unknown, obscure; unforeseen; formless",lsj (relaxed match)
ἀίσσω,61,186,14,29,28,1.8452016,13.854833,"shoot, dart, glance; darting upon; rapid flight; gliding about",lsj (relaxed match)
ἀίω,21,214,10,0,62,0.7753189,11.394976,"perceive; hear; see; listen to, give ear to",lsj (relaxed match)
ἀγάλλω,7,61,13,48,6,0.59494597,12.36311,"glorify, exalt; pay honour to; adorn; glory, exult in",lsj
ἀγέλη,12,-1,6,46,10,4.8673396,10.770098,herd; any herd; company; shoal,lsj
ἀγέρωχος,8,42,10,0,16,2.525042,10.05209,"high-minded, lordly; noble; lordly; high-spirited",lsj
ἀγήνωρ,33,-1,10,0,90,2.0711672,10.04044,"manly, heroic; headstrong, arrogant; stately, magnificent; lavish",lsj
ἀγήραος,9,66,10,0,90,1.809861,8.923252,"ageless, undecaying",lsj
ἀγαθός,116,-1,2,2,40,3.8002708,8.779017,"good; well-born, gentle; aristocrats; brave, valiant",lsj
ἀγακλεής,5,3,27,55,111,4.376211,9.02916,"very glorious, famous",lsj
ἀγακλειτός,11,3,27,55,111,4.3603635,9.051425,,none
ἀγακλυτός,8,3,27,55,111,4.3639345,9.046486,,none
ἀγανός,16,-1,0,58,13,3.3682928,8.869292,"mild, gentle; bringing an easy death",lsj
ἀγαπάζω,6,232,13,48,6,0.57670283,12.098381,"treat with affection, receive with outward signs of love; show signs of love, caress; welcome, receive gratefully",lsj
ἀγαπήνωρ,6,-1,24,49,139,7.624471,8.294337,"loving manliness, manly",lsj
ἀγαπητός,5,44,0,50,2,4.248591,8.35474,that wherewith one must be content; to be acquiesced in; one must be content; desirable,lsj
ἀγαυός,42,3,10,0,90,4.331828,9.072231,"illustrious, noble; noble; brilliant, glorious",lsj
ἀγγέλλω,26,-1,9,22,26,0.26597285,11.225832,"bear a message; may bring; word; announce, report",lsj
ἀγγελία,33,181,9,22,26,2.7263823,11.040369,"message, tidings; a report of; concerning; a message about",lsj
ἀγείρω,59,177,7,47,50,0.42939076,13.733422,"gather together; gather, assemble; herded; collect, gather",lsj
ἀγελαῖος,6,-1,0,50,1,3.3437254,9.296041,"belonging to a herd; in herds; shoals, gregarious; gregarious animals",lsj
ἀγελείη,6,10,5,15,48,6.354982,8.936475,"driver of spoil, the forager; Seven",lsj
ἀγητός,5,-1,10,0,90,2.0439496,10.187585,"admirable, wonderful; wonderful",lsj
ἀγινέω,5,177,7,47,50,0.38306323,13.758906,"lead, bring; lead captive; keep, observe; cause to be brought",lsj
ἀγκάς,6,217,28,60,110,5.1750336,12.166946,into or in the arms,lsj
ἀγκυλομήτης,7,42,10,0,115,2.3186963,9.858073,crooked of counsel,lsj
ἀγκών,8,216,1,72,72,5.131212,12.222673,bend of the arm; elbow; arm; bend,lsj
ἀγλαία,6,210,16,31,7,3.3021624,11.160173,"splendour, beauty; splendour, magnificence; pomp, show; vanities",lsj (relaxed match)
ἀγλαός,69,-1,0,50,1,3.986371,8.877739,"splendid, shining, bright; splendid, beautiful; noble, glorious; beautiful",lsj
ἀγνοέω,6,228,20,66,32,1.0730361,11.781975,not to perceive; recognize; he perceived; knew well,lsj
ἀγορά,67,165,9,22,26,2.8321939,11.277429,assembly; of the People; Amphictyonic Council; conventus agere,lsj
ἀγοράομαι,27,-1,9,22,26,0.2598373,10.920345,"meet in assembly, sit in debate; speak in the assembly, harangue; speak, utter; speak, talk with",lsj
ἀγορεύω,143,233,10,0,62,0.36249474,11.100111,"speak in the assembly, harangue; address; to address the house?; counsel",lsj
ἀγορητής,6,-1,10,0,16,2.3540301,10.511479,speaker; public auctioneer,lsj
ἀγοστός,5,-1,10,0,16,1.7730314,10.430403,"flat of the hand; arm; dirt, filth; haástas",lsj
ἀγρέω,5,70,31,34,131,4.050849,6.803171,"take, seize; captures; take!; take it!",lsj
ἀγρός,28,171,11,69,34,5.1311507,10.872544,"field; fields, lands; farm; tilled land",lsj
ἀγρότερος,8,56,6,46,10,5.4258375,9.722918,"wild; countrymen; fond of the chase, huntress; the huntress",lsj
ἀγυιά,10,-1,10,0,16,1.8240327,10.359594,,none
ἀγχίμολος,15,58,21,1,52,2.4793677,7.3185863,"coming near; near, close at hand; close",lsj
ἀγχιμαχητής,6,136,10,0,16,2.245537,10.526739,,none
ἀγχοῦ,28,83,31,34,113,2.9400988,6.3693924,near,lsj
ἀγός,22,50,23,13,56,4.589494,9.322868,"leader, chief",lsj
ἀγών,29,-1,23,13,56,3.0086718,10.927996,"gathering, assembly; assembly met to see games; place of contest, lists, course; lists",lsj
ἀδέω,5,192,35,35,0,1.2931792,12.60407,to be sated with; should be sated with; feel loathing at; sated with,lsj
ἀδελφός,20,-1,15,78,38,5.0262513,8.905911,son of the same mother; brother; brother and sister; kinsman,lsj
ἀδινός,11,-1,0,50,2,3.2943296,8.506437,,none
ἀεί,217,84,21,77,3,2.7464423,6.93409,"ever, always; until now; from of old; eternity",lsj
ἀείδω,38,-1,10,0,62,2.25508,11.570039,Il.Parv; sing; crow; hoot,lsj
ἀείρω,67,-1,14,29,28,1.1292859,13.3916645,"attach; lift, raise up; brailing them up; hoist",lsj
ἀεικής,51,73,0,19,55,2.193241,8.671418,"unseemly, shameful; inconvenience; meagre; strange",lsj
ἀεικίζω,8,156,13,11,93,0.9017802,12.1658,"treat unseemly, injure; I will do; dishonour",lsj
ἀετός,15,57,12,5,22,5.203203,9.918866,eagle; eagle as a standard; Aquila; omen,lsj
ἀζηχής,5,77,0,19,54,2.1288145,8.388725,"continuous; unceasing; hard, seasoned",lsj
ἀθάνατος,185,32,15,20,114,5.341377,8.347631,"concerned with theory and data rather than practice; opposed to applied: ""pure science""",agwn
ἀθέσφατος,8,66,0,19,54,1.6103117,8.602426,"beyond even a godʼs power to express, unutterable; not according to a godʼs utterance, unblest, portentous, awful; vast",lsj
ἀθλοφόρος,5,41,2,68,61,2.864759,9.915369,"bearing away the prize, victorious; prizegiving",lsj
ἀθρέω,5,214,9,9,58,0.9496467,11.54363,"gaze at, observe; inspect; look earnestly, gaze; observe, watch",lsj
ἀθρόος,22,-1,0,19,54,2.1276457,7.823448,"in crowds, heaps; masses, crowded together; in close order; in column",lsj
ἀκάματος,10,66,0,19,54,1.7576859,8.644914,"without sense of toil; untiring, unresting; that never rests; inexhaustible",lsj
ἀκέομαι,9,150,28,60,110,1.9673481,11.642409,"heal, cure; stanch, quench; mend, repair; mending",lsj
ἀκέων,17,150,28,60,110,2.0447233,11.564018,"softly, silently",lsj
ἀκήν,20,-1,28,60,110,2.5801623,11.195673,"softly, silently",lsj
ἀκήριος,8,66,0,19,54,1.8979181,8.534697,unharmed by the; unharmed; free from power of the Fates; having no,lsj
ἀκαχμένος,11,-1,35,35,0,0.9348788,12.345218,sharp-edged; armed,lsj
ἀκηδής,8,77,0,19,54,2.0177536,8.480226,uncared for; unburied; without care; sorrow,lsj
ἀκλεής,6,77,0,19,54,1.9586802,8.422394,"without fame, inglorious; ignominious",lsj
ἀκοντίζω,34,81,1,72,72,1.3845463,13.598654,hurl a javelin; use the javelin; hit; strike with javelin,lsj
ἀκούω,171,222,10,0,62,0.7029225,11.173778,"hear; hear of, hear tell of; hear of; from",lsj
ἀκτή,23,78,22,36,8,4.4813232,10.258688,"headland, foreland, promontory; rugged banks; strand; tract of land running out into the sea",lsj
ἀκωκή,15,103,10,0,148,2.7729797,10.819272,point; sting; fangs,lsj
ἀκόρητος,6,66,0,19,54,1.7063619,8.610161,"insatiate, unsated; undisturbed by bugs; unswept",lsj
ἀλάλημαι,14,180,34,3,86,0.45106348,12.721446,"wander, roam about",lsj
ἀλάομαι,25,180,34,3,86,0.59956187,12.42948,"wander, roam; to be outcast, banished; wander over; wander away from, miss",lsj
ἀλέγω,9,214,10,0,62,0.6569103,11.48083,"have a care, mind, heed; have; care; with good heed",lsj
ἀλέξω,19,-1,28,59,120,1.4755331,10.765879,"raákṣati; ward off, turn aside; will ward; off from",lsj
ἀλέομαι,33,180,34,3,86,0.4681981,12.547166,"avoid, shun; avoid; flee for oneʼs life",lsj
ἀλέω,6,180,34,3,86,0.51548743,12.548314,"grind, bruise; civilized; ground; grind",lsj
ἀλήθεια,7,106,0,58,13,2.4769354,8.301213,truth; lie; mere appearance; a lie,lsj
ἀλήτης,10,-1,10,0,115,4.892856,8.89167,"wanderer, vagabond; one who has wandered; vagrant, roving",lsj
ἀλίαστος,7,66,0,19,54,1.8058599,8.622731,"not to be turned aside, unabating; undaunted",lsj
ἀλαλητός,8,165,12,5,22,2.7469587,11.212587,"shout of victory; war-cry, battle-shout; loud shouting; halloo",lsj
ἀλαπάζω,10,202,7,76,53,0.65877193,12.917288,"empty, drain, exhaust; sack, plunder; overpower, destroy",lsj
ἀλαπαδνός,7,-1,0,50,1,2.8777142,9.897928,"easily exhausted; powerless, feeble",lsj
ἀλγίων,6,-1,2,2,25,3.5895302,7.988699,"more; most painful, grievous; distressing; so much the worse",lsj
ἀλείφω,10,213,14,29,28,1.8725184,13.602679,anoint the skin with oil; anointing for gymnastic exercises; anointing; supply oil,lsj
ἀλεγίζω,6,214,10,0,62,0.6075777,11.515811,"trouble oneself about; care for, mind, heed",lsj
ἀλεγεινός,30,65,0,50,1,3.177134,9.247299,"causing pain, grievous; troublesome",lsj
ἀλεγύνω,5,214,10,0,62,0.7168876,11.434331,"heed, care for; find; prepare; for guests",lsj
ἀλεείνω,26,-1,10,0,62,0.43236297,11.151196,"avoid, shun; evaded; shrink",lsj
ἀληθής,8,106,0,58,13,2.4094262,8.195091,"unconcealed; true, real; false, apparent; truthful, honest",lsj
ἀλιταίνω,7,180,34,3,86,0.48866498,12.479697,sin; offend against; transgress; stray from,lsj
ἀλκή,67,136,10,0,16,2.1786008,10.571195,"strength; prowess, courage; force, might; feats of strength, bold deeds",lsj
ἀλκί,6,210,16,31,7,3.3484116,10.986768,"might, strength",lsj
ἀλκτήρ,5,48,23,13,84,3.4143393,10.580144,"one who wards off, protector from",lsj
ἀλλοδαπός,11,31,15,20,122,4.918048,8.134929,"aliud; long-inquus) belonging to another people; land, foreign; in foreign parts",lsj
ἀλλότριος,13,31,15,20,122,4.8696527,8.082262,belonging to another; another manʼs; of what is anotherʼs; unlike their own,lsj
ἀλοιφή,9,103,10,0,148,2.734769,10.835371,"anything with which one can smear; anoint; hogʼs-lard, grease; unguent",lsj
ἀλωή,21,-1,6,46,146,5.4906816,10.750001,"threshing-floor; any prepared ground; garden, orchard, vineyard; halo",lsj
ἀλύσκω,25,-1,10,0,16,1.448683,11.1093,"flee from, shun; escape; he escaped; wander restlessly",lsj
ἀλύω,5,-1,13,48,6,0.85735476,11.68039,"to be deeply stirred, excited; to be distraught, beside oneself; in mad passion; to be at a loss, perplexed",lsj
ἀμέγαρτος,5,66,26,28,11,1.6584196,8.636889,"unenviable; sad, melancholy; undesirable; unhappy, miserable",lsj
ἀμέρδω,6,-1,26,28,11,0.34715092,12.796468,"deprive, bereave; to be bereft of; bereave of natural rights; blinded",lsj
ἀμήχανος,10,-1,2,2,40,2.095261,8.515356,"without means; resources, helpless; incapable, awkward; awkward at",lsj
ἀμβροσίη,12,-1,0,50,1,3.481441,9.873469,,none
ἀμβρόσιος,25,-1,0,50,1,3.4856458,9.626102,"immortal, divine; belonging to gods; divine; divinely excellent",lsj
ἀμείβω,132,218,9,22,26,0.1001682,10.787517,"change, exchange; changing; give in exchange; take in exchange",lsj
ἀμείνων,45,-1,2,44,49,1.6561453,10.27754,"better; stouter, stronger, braver; the better sort; ʼtis better",lsj
ἀμενηνός,6,77,0,50,1,2.0097694,8.453114,"fleeting; fleeting, feeble; feeble, weak; faint, shadowy",lsj
ἀμολγός,5,111,12,5,22,2.856893,11.044102,dead; milking-time,lsj
ἀμφίγυος,9,43,10,0,16,1.7516975,9.876766,"with a limb at each end, double-pointed; bending both ways, elastic; stout rivals",lsj
ἀμφίπολος,66,-1,15,78,38,5.2588563,9.0837345,"busied about, busy; handmaid, waiting-woman; handmaid of gods, priestess; attendant, follower",lsj
ἀμφίς,39,91,21,1,52,1.9357452,7.067106,"on both sides; on either hand, to either party; from both hands; round about",lsj
ἀμφαδόν,7,106,21,10,106,2.3640747,8.136872,"publicly, openly, without disguise; discovered, known",lsj
ἀμφιάζω,5,205,7,6,83,1.2717601,13.935665,clothe; put on,lsj
ἀμφιέλισσα,18,205,7,6,83,1.3280388,13.899115,"curved at both ends; on both sides); wheeling either way, handy; twisting, doubling",lsj
ἀμφιέπω,11,205,7,6,83,1.285373,13.989566,"go about, be all round; crowns; beset, press hard; to be busy about, look after",lsj
ἀμφιβάλλω,6,205,7,6,83,1.0139704,13.89938,throw; put round; put them on; put round oneself,lsj
ἀμφιβαίνω,10,205,7,6,83,1.0497425,13.930747,go about; around; in his course had reached; bestride,lsj
ἀμφιγύεις,11,43,10,0,16,1.7857494,9.840999,,none
ἀμφικαλύπτω,23,205,7,6,83,1.3377502,13.931974,"enwrap, enfold; received within; love enfolded; overwhelm",lsj
ἀμφικύπελλος,15,-1,1,41,64,1.7992201,9.739488,double cup; two-handled,lsj
ἀμφιμάχομαι,8,205,7,6,83,1.3429128,13.98732,"fight round; assail, besiege; fight for",lsj
ἀμφινέμομαι,10,205,14,16,59,1.3371524,13.984269,dwell round; encompasses,lsj
ἀμφιπένομαι,8,205,7,6,83,1.3233315,13.992429,"to be busied about, take charge of; tending; made; a meal of",lsj
ἀμφιφορεύς,8,205,7,6,83,1.3057538,13.954887,large jar; pitcher with two handles; cinerary urn,lsj
ἀμφιχέω,7,205,7,6,83,1.3695006,13.929355,"pour around, pour; spread over; to be poured; shed around",lsj
ἀμφοτέρωθεν,17,-1,21,1,52,2.1459053,6.9056783,from; on both sides; from both ends,lsj
ἀμφότερος,113,-1,31,79,79,2.218594,6.181005,either; both of two; each one; partaking of both,lsj
ἀμύμων,106,-1,2,68,127,4.1564875,8.986152,"blameless, noble, excellent; a physician",lsj
ἀμύντωρ,5,-1,23,13,84,1.4861372,10.861717,"defender, helper; repeller; avenger",lsj
ἀμύνω,93,-1,28,59,120,1.4442928,10.881706,"keep off, ward off; to be kept off; for; from whom",lsj
ἀνάγκη,41,168,10,0,16,1.7300559,10.348073,"force, constraint, necessity; perforce, of necessity; forcibly, by force; it must be that.., is necessary that",lsj
ἀνάγω,13,224,7,47,50,0.14630684,13.6611395,"lead up; lead up to the high sea, carry by sea; conduct, carry to; put",lsj
ἀνάπτω,6,134,10,0,16,1.4335421,10.955971,make fast on; moor; form a close connexion; confer,lsj
ἀνάρσιος,6,35,2,2,25,3.8483157,8.160305,"incongruous; hostile, implacable; enemies; untoward, strange",lsj
ἀνάσσω,63,133,10,0,16,1.4461426,10.841961,"to be lord, master; to be lord, hold sway in; to be lord of; to be master of",lsj
ἀνέλκω,6,223,7,76,53,0.72228754,13.561416,draw up; holds; haul; up high and dry,lsj
ἀνέρομαι,11,234,9,22,26,0.16484948,11.123085,,none
ἀνέρχομαι,9,225,7,47,50,-0.010120042,14.03263,go up; mount the tribune; go up from; come up from,lsj
ἀνέχω,64,175,7,6,83,0.49106547,13.480166,"hold up, lift up; held up; in fight; hold up",lsj
ἀνήρ,988,32,15,20,114,5.3114142,8.48536,"nar; ner-, nṛ; man; woman",lsj
ἀνίημι,34,-1,10,0,16,1.5024223,10.79117,"send up; forth; spew up, vomit; make",lsj
ἀνίστημι,80,-1,7,47,50,0.17404121,13.9846525,"make to stand up, raise up; raised; raisefrom sleep, wake up; raise from the dead",lsj
ἀναίνομαι,16,-1,4,27,108,0.40128136,11.8847475,"refuse; reject with contempt, spurn; do I turn my back; refused, declined to do",lsj
ἀναίσσω,22,186,14,29,28,1.7687725,13.826825,start up; he rose to speak; gush forth; springing fresh,lsj (relaxed match)
ἀναίτιος,5,35,2,2,25,3.3111773,8.031312,not being the fault; cause of; guiltless; guiltless of,lsj
ἀναβαίνω,39,221,7,47,36,0.13115135,14.0727,"go up, mount; go up to; goes up among; to trample on",lsj
ἀναγιγνώσκω,8,-1,9,9,58,1.5544748,10.461841,"know well, know certainly; perceive; know again, recognize; acknowledge, own",lsj
ἀναγκαῖος,6,-1,10,0,16,1.7377762,10.365881,"of, with; by force; constraining, applying force; of force",lsj
ἀναδύνω,7,196,7,76,53,0.6214453,13.729874,come to the top of the water; emerge,lsj
ἀναείρω,6,177,7,47,50,0.25830507,13.689128,lift up; took; carried; off,lsj
ἀναιδής,9,73,0,19,55,2.259957,8.756268,"shameless; ruthless; the reckless, ruthless; greedy",lsj
ἀναιρέω,15,189,7,76,143,0.3107951,13.102544,"take up; having raised; take up and carry off, bear away; make away with, destroy",lsj
ἀνακαίω,5,190,14,16,59,0.8168838,13.5949545,"kindle, light up; light oneself; kindle; fire up",lsj
ἀνακλίνω,8,-1,7,47,36,1.4029657,13.323205,lean; upon; having laid; cause to recline,lsj
ἀναλύω,6,176,17,70,91,1.9402343,12.422011,"cause to wander, unsettle",lsj
ἀνανεύω,5,-1,7,6,109,0.0032158787,11.05221,"throw the head back; make signs of refusal; deny, refuse; rejected",lsj
ἀναπάλλω,13,-1,14,29,28,0.90925646,13.890919,swing to and fro; dance; urged; agitate,lsj
ἀναπίμπλημι,8,203,7,76,53,0.6787908,12.89888,fill up; accomplish; having filled up the full measure; fill full of,lsj
ἀναπνέω,14,-1,7,76,53,0.74157614,13.189678,"take breath; enjoy a respite, recover from; recovered; revive",lsj
ἀναρπάζω,8,202,7,76,53,0.6211402,13.054009,"snatch up; causing; to evaporate; snatch away, carry off",lsj
ἀνατρέχω,8,208,7,76,53,0.45760304,13.74792,run back; return; revert; recur,lsj
ἀναφαίνω,8,5,32,65,65,1.6727074,12.521039,"cause to give light, make to blaze up; bring to light, produce; show forth, make known, display; send forth a loud",lsj
ἀναχάζω,14,230,13,48,12,0.3550406,12.459305,"make to recoil, force back; draw back; giving way to; draw back from",lsj
ἀναχωρέω,14,197,7,47,35,0.43966958,13.870979,"go back; walk backwards; retire, withdraw; they had retired",lsj
ἀνδροκτασία,6,111,16,31,7,3.105391,11.041806,slaughter of men; homicide,lsj
ἀνδροφόνος,17,-1,10,7,77,2.9926033,9.710192,man-slaying; homicide; murderous; slaughter in battle,lsj
ἀνδρόμεος,7,-1,10,7,77,2.995801,9.798299,human; of manʼs flesh; of men; máya,lsj
ἀνεγείρω,6,177,7,47,50,0.2561372,13.825038,"wake up, rouse; wake up, raise; rouse, encourage; stir, rouse the spirit of",lsj
ἀνεκτός,6,-1,10,0,62,1.6614591,10.617824,"bearable, sufferable, tolerable; that can be endured; tolerable; more tolerable",lsj
ἀνεμώλιος,6,35,2,2,25,3.9002845,8.251396,windy; words of wind; like the winds; empty boasters,lsj
ἀνεψιός,5,-1,15,78,38,4.9925685,8.893889,first cousin; cousin; nepos,lsj
ἀνθεμόεις,5,-1,10,7,4,1.2446258,9.446913,flowery; adorned with flowers; embroidered,lsj
ἀνιάζω,7,-1,13,48,6,1.0497768,11.793578,"grieve, distress; to be grieved; distressed; grieving",lsj
ἀνιάω,7,-1,13,48,6,0.9534599,11.723901,"grieve, distress; to be grieved, distressed; is vexed; have",lsj
ἀνορούω,18,164,20,54,87,0.9355554,13.157062,"start up, leap up; went swiftly up",lsj
ἀντάω,11,-1,18,18,23,1.1179599,12.658295,"come opposite to, meet face to face, meet with; meet; she reached, went up to; meet with, take part in, partake in",lsj
ἀντίβιος,9,16,19,4,145,2.4735663,7.755399,opposing force to force; wrangling; hostile; enemy,lsj
ἀντίθεος,56,16,19,4,145,2.5733619,7.8575244,"equal to the gods, godlike; contrary to God; hostile deity; disguised as a god",lsj
ἀντίον,47,218,21,1,100,0.12943104,10.621924,loom,lsj
ἀντίος,84,29,21,1,100,1.9390953,7.443736,"set against; face to face, opposite; to meet them; though she faced him",lsj
ἀντιάζω,10,201,10,7,4,1.5535452,11.472499,meet face to face; encounter; shall answer to; approach as suppliants,lsj
ἀντιάω,15,201,10,7,4,1.5440229,11.499648,go for the purpose of meeting; receiving; go in quest of; hit,lsj
ἀντιβολέω,23,-1,10,7,4,1.5012896,11.302905,"meet; to be present at; partake of, have oneʼs share of; fall to oneʼs lot",lsj
ἀντικρύ,29,83,31,34,113,2.8606167,6.3880343,"over against, right opposite; straight on, right on; right; outright, utterly, quite",lsj
ἀνύω,5,-1,7,76,53,0.7809804,12.93603,"effect, accomplish; did; good; to forward the work",lsj
ἀοιδή,20,138,12,5,5,2.857432,11.708588,"song; art of song; act of singing, song; thing sung, song",lsj
ἀοιδός,31,138,12,5,5,2.849146,11.706245,"singer, minstrel, bard; songstress; enchanter; tuneful, musical",lsj
ἀολλής,29,77,0,19,54,1.9445982,8.456144,"all together, in throngs; crowds; all together; together",lsj
ἀορτήρ,5,-1,10,0,16,1.8190653,10.36001,"strap to hang; to, sword-belt; knapsack-strap",lsj
ἀπάγω,7,-1,7,47,50,0.077420056,13.502247,"lead away, carry off; hold far off; remove; stop",lsj
ἀπάνευθε,46,140,21,1,52,1.9229882,6.7355227,"afar off, far away; far from, aloof from; without; knowledge",lsj
ἀπάτη,5,210,16,31,7,3.233715,11.146288,the act of deceiving,agwn
ἀπέρχομαι,5,178,7,76,143,0.042706948,13.410798,"go away, depart from; cease from; departure from; and arrival at",lsj
ἀπέχω,17,178,7,76,143,0.10824698,13.108246,keep off or away from; parts; from; keep off,lsj
ἀπήμων,17,66,2,68,127,1.9851035,8.534123,"unharmed, unhurt; without sorrow; care; doing no harm",lsj
ἀπήνη,14,-1,10,0,16,1.9123034,10.57824,four-wheeled wagon; racing-car; car; chariot,lsj
ἀπαίνυμαι,6,-1,7,76,53,1.1441423,12.8954935,,none
ἀπαγγέλλω,8,-1,9,22,26,0.25102964,11.238331,"bring tidings, report; bring back tidings, report in answer; he was reported; was reported",lsj
ἀπαμείβομαι,115,218,9,22,26,0.1047684,10.847563,"reply, answer",lsj
ἀπαμύνω,6,-1,28,59,120,0.97809774,12.090051,"keep off, ward off; for; from; repulse",lsj
ἀπατάω,6,-1,30,61,14,0.58143437,12.50447,"cheat, deceive; cheat; hopes; to be deceptive",lsj
ἀπαυράω,37,-1,10,0,16,1.4589767,10.876099,,none
ἀπείρων2,14,66,29,14,31,1.8299786,8.954859,"boundless, endless; countless; seeming endless; profound",lsj (homograph 2)
ἀπειλέω2,22,206,4,27,108,-0.10967203,11.632022,hold out; promise; threat; boast,lsj (homograph 2)
ἀπειλή,6,181,4,27,108,2.7751486,11.101574,"boastful promises, boasts; threats",lsj
ἀπερείσιος,13,128,1,41,66,4.1369843,12.54043,countless,lsj
ἀπεχθάνομαι,10,231,4,27,21,0.39459705,11.707297,"to be hated, incur hatred; to be or become hateful to; incur; hate",lsj
ἀπεῖπον,12,178,7,76,143,0.009961004,12.954695,"speak out, tell out, declare; to give; full notice; to deliver",lsj
ἀπηνής,10,73,0,19,55,2.1545346,8.751295,"ungentle, rough, hard; cruel; cruel thoughts; hard",lsj
ἀπιθέω,34,231,4,27,21,0.5014481,11.62847,disobeyed; fail to persuade,lsj
ἀποίχομαι,11,-1,17,70,142,2.4079778,13.195829,"to be gone away, to be far from, keep aloof from; hast forsaken; to be gone, to have departed; he has been gone",lsj
ἀποβαίνω,39,-1,7,47,36,0.15237728,14.14352,"step off from; alight, disembark from; disembark; dismount",lsj
ἀποδίδωμι,11,179,3,42,42,0.15079686,12.965569,"give up; back, restore, return; render what is due, pay; give",lsj
ἀποκτείνω,20,96,14,29,33,2.4712775,13.170186,"kill, slay; condemn to death; put to death",lsj
ἀποκόπτω,6,-1,7,76,53,0.27120864,13.235032,"cut off, hew off; amputate; cut loose; will be cut off",lsj
ἀπολάμπω,6,5,32,65,65,1.8839395,13.010075,shine; beam from; beamed from; gleams with,lsj
ἀπολήγω,12,178,7,76,143,0.040553633,13.019043,"leave off, desist from; leave off; cease, desist; fall",lsj
ἀπολύω,7,178,7,76,143,0.027338691,13.152144,"loose from; from; undo; set free, release, relieve from",lsj
ἀπομόργνυμι,6,186,20,56,27,1.273819,13.26905,wipe off; away from; wipe off from oneself; wiped away his,lsj
ἀπονέομαι,17,226,10,0,16,-0.14128374,14.09853,"go away, depart",lsj
ἀπονίζω,7,213,14,29,28,1.6539465,13.634362,wash off; wash off from oneself; wash clean; was washing his feet,lsj
ἀπονίναμαι,6,180,34,3,137,0.15141688,12.689352,have the use; enjoyment of; mayest; have joy of,lsj
ἀπονοστέω,6,197,7,47,35,0.29747298,13.805964,"return, come home; when he returns from",lsj
ἀπονόσφι,6,-1,21,1,52,1.9067711,6.777757,"far apart, aloof; far away from",lsj
ἀποπέμπω,18,178,7,76,143,-0.038509086,13.256124,"send off; away, dispatch, dismiss; dismiss; send away from oneself",lsj
ἀποπαύω,12,178,7,76,143,0.045415655,13.135537,"stop; hinder from, make to cease from; hinder; leave off, cease from",lsj
ἀποπλάζω,7,186,14,29,28,1.6545978,13.811083,lead away from; stray away from; glancing off; wander,lsj
ἀποπλέω,5,197,7,47,50,0.046595063,13.731454,"sail away, sail off",lsj
ἀπορούω,7,164,20,54,87,0.93580353,13.319493,dart away; start back; spring up from,lsj
ἀποσεύω,5,-1,7,76,53,0.9327589,13.622447,"chase away; run away, flee; haemorrhage",lsj
ἀποστείχω,5,197,7,47,50,0.033258483,13.770918,"go away, go home",lsj
ἀποστρέφω,6,198,7,47,35,1.2128904,14.187877,turn back; turn to flight; turn back from flight; send home again,lsj
ἀποτίνω,25,179,10,53,117,0.20276996,12.958865,repay; pay for; may atone for; made atonement,lsj
ἀποτρέπω,9,142,38,38,74,-0.13511567,13.182081,turn away from; deter; dissuade from; Supp,lsj
ἀποφέρω,6,178,7,76,143,0.05274777,13.135197,"carry off; away; to be carried from oneʼs course; exhale, evaporate",lsj
ἀποφθίνω,15,96,17,70,142,2.4947846,13.25405,"perish utterly, die away; make to perish, waste away, destroy; had; taken",lsj
ἀπωθέω,21,-1,7,76,143,0.3620968,13.194207,"thrust away, push back; pushed; off; thrust away from oneself",lsj
ἀπόλλυμι,61,189,7,76,143,0.28618422,13.046952,"destroy utterly, kill; demolish, lay waste; will waste; sought to destroy",lsj
ἀπόπροθεν,5,140,21,1,52,1.9576626,6.777754,,none
ἀπόπροθι,6,-1,21,1,52,1.9352586,6.730211,far away; extending far and wide,lsj
ἀρά,5,181,16,31,7,2.7345638,11.057352,"prayer; prayers; vow; curse, imprecation",lsj
ἀράομαι,35,-1,14,16,18,0.21767333,11.925081,pray to; invoke; pray; prayed,lsj
ἀράσσω,9,186,14,29,28,1.8226345,13.631978,"smite, dash in pieces; rattling, clanging; knock at; open with a crash",lsj
ἀράω2,7,133,35,35,0,1.4661175,10.737958,plough; arare,lsj (homographs merged)
ἀρέσκω,8,-1,13,48,12,0.093816854,11.896737,"make good, make amends; make full; appease, conciliate; sated their",lsj
ἀρή,8,207,16,31,7,2.967981,11.203493,"bane, ruin",lsj
ἀρήγω,18,133,10,0,16,1.4444294,10.817241,"aid, succour; succour in war; help, succour; to be good for",lsj
ἀρίγνωτος,7,-1,0,32,15,2.5156293,8.299047,easy to be known; infamous,lsj
ἀρίζηλος,7,77,29,14,124,2.0568917,8.481942,conspicuous; plain,lsj
ἀραβέω,10,228,20,66,32,1.4001341,12.076944,"rattle, ring; gnash; gnash, grind",lsj
ἀραιός,5,137,0,50,1,3.2596383,9.214759,"thin, slender; narrow; meagre; of loose texture",lsj
ἀραρίσκω,69,186,14,29,28,1.5868611,13.186721,"join, fit together; join together, fasten; knitted; pack up",lsj
ἀργής,8,64,10,7,4,3.004567,9.257266,"bright, glancing; vivid; fire; shining, white",lsj
ἀργαλέος,55,130,0,50,1,3.1578853,8.756897,"painful, troublous; difficult; troublesome, vexatious; hard",lsj
ἀργεννός,6,64,10,7,4,3.0325358,9.254376,white,lsj
ἀργιόδους,11,64,10,7,4,2.9542701,9.251675,"white-toothed, white-tusked",lsj
ἀργυρόηλος,17,-1,10,7,4,1.6599143,9.422738,silver-studded,lsj
ἀργυρόπεζα,11,-1,10,7,4,1.7825288,9.434398,silver-footed; sandalled,lsj
ἀργυρότοξος,13,-1,10,7,4,1.781895,9.369356,with silver bow; bearer of the silver bow,lsj
ἀργός,7,64,0,50,1,3.0697606,9.210328,"shining, glistening; swift-footed; white; Swift-foot",lsj
ἀργύρεος,38,53,1,8,96,3.365992,9.615559,of silver; silver-plated; silver coin,lsj
ἀρείων,16,79,2,44,49,3.3086305,7.782142,"better, stouter, braver; snail; slug",lsj
ἀρετή,33,210,16,31,7,3.373536,11.316832,"goodness, excellence; manly; valour; brave deeds",lsj
ἀρηίφιλος,26,-1,36,17,138,6.599391,8.160681,dear to Ares,lsj (relaxed match)
ἀριπρεπής,9,-1,2,44,49,2.4851124,8.320285,very distinguished; very bright; conspicuous; famous,lsj
ἀριστερός,24,-1,1,72,72,5.2411346,12.14743,"left, on the left; the left; left hand; the left hand",lsj
ἀριστεύς,28,54,23,13,56,4.7164288,9.12358,those who excel in valour; chiefs,lsj
ἀριστεύω,13,-1,23,13,56,2.412593,11.978102,to be best; bravest; gain the prize for valour; gain the highest distinction,lsj
ἀριφραδής,5,106,2,44,49,2.4384193,8.1436825,"clear, manifest; plainly; clear to the sight, bright; very thoughtful, wise",lsj
ἀρκέω,9,174,18,18,23,0.69433767,13.062131,"ward off, keep off; would; keep off; defend",lsj
ἀρνέομαι,9,-1,4,27,108,0.22493953,11.647378,"deny, disown; negative; refuse; decline, renounce",lsj
ἀρνειός,10,56,6,46,10,5.649709,10.28902,"ram, wether; Aries",lsj
ἀρνός,23,56,6,46,10,5.6270556,10.142149,the case expressing ownership,agwn
ἀρτύνω,14,145,14,16,18,1.0640656,12.777635,"putting; in order, dressing; prepared his; fitted",lsj
ἀρτύω,5,145,14,16,18,0.94637877,12.74511,"arrange, prepare, make ready; dress savoury; season; administer",lsj
ἀρχή,11,168,10,0,16,1.8260312,10.362586,"beginning, origin; a foundation; source; the beginning",lsj
ἀρχός,27,50,23,13,56,4.6370125,9.242843,"leader, chief; ruler; dux Orientis; the rectum",lsj
ἀρωγός,6,-1,10,0,16,1.5805492,10.697162,"aiding, succouring, propitious; beneficial; serviceable, useful towards; serviceable",lsj
ἀσάμινθος,11,-1,11,23,126,4.532014,11.2248,bathing-tub; as large as a bath,lsj
ἀσθμαίνω,6,4,14,29,28,1.8554801,12.512669,breathe hard; panting; gasping for breath; an effort,lsj
ἀσκέω,10,121,28,60,24,1.4223869,12.938329,"work; work curiously, form by art; smoothed; elaborately",lsj
ἀσκηθής,6,77,0,19,54,2.0325136,8.421744,"unhurt, unscathed; sound, healthy; unblemished; safe",lsj
ἀσκός,8,187,12,5,22,5.624422,11.223034,"skin, hide; skin made into a bag; wineskin; bag",lsj
ἀσπάσιος,21,-1,0,50,2,2.8306937,8.009861,"welcome, gladly welcomed; well-pleased, glad; to his joy; gladly",lsj
ἀσπίς,96,158,1,8,96,4.55281,11.850622,shield; body of men-at-arms; deep; in file,lsj
ἀσπαίρω,12,176,20,30,130,1.8940896,12.590157,"pant, gasp, struggle; made a struggle, resisted",lsj
ἀσπαστός,7,-1,0,50,2,3.108605,8.286887,welcome; to be welcomed,lsj
ἀσπερχές,6,77,0,19,54,2.024184,8.383259,"hotly, unceasingly",lsj
ἀσπιστής,11,42,10,0,16,2.530134,10.10156,"one armed with a shield, warrior; shield",lsj
ἀστήρ,13,18,32,65,65,3.8370748,10.32682,star; the chief star; shooting star; meteor,lsj
ἀστερόεις,11,99,10,7,4,1.306155,9.445561,"like a star, sparkling; a half-moon",lsj
ἀσφαλής,8,77,0,19,54,2.257555,8.163782,"not liable to fall, immovable, steadfast; unshaken; unfailing, trusty; safe",lsj
ἀσχαλάω,7,201,10,7,4,1.549315,11.629963,"to be distressed, grieved; is vexed because of",lsj
ἀτάλαντος,28,-1,2,68,61,2.48458,11.023697,"equal in weight, equivalent to, like; equal to; like; in equipoise",lsj
ἀτάσθαλος,15,-1,2,68,61,2.9361527,10.760983,"reckless, presumptuous, wicked",lsj
ἀτέλεστος,6,-1,10,0,62,1.8465781,10.889602,"without end, issue; effect, unaccomplished; not deserving of accomplishment; truncated",lsj
ἀτέμβω,8,231,13,11,19,0.4838726,11.789198,"maltreat; afflict, perplex; to be bereft; cheated of",lsj
ἀτασθαλία,11,-1,2,68,61,3.4267743,11.068697,"presumptuous sin, recklessness, wickedness",lsj
ἀτειρής,13,73,0,19,55,2.1408756,8.665866,"not to be rubbed; worn away, indestructible; stubborn, unyielding; stubborn",lsj
ἀτερπής,5,73,0,19,55,2.2720296,8.678907,"unpleasing, joyless; less attractive; without enjoyment",lsj
ἀτιμάζω,13,156,30,61,14,1.4835182,12.140277,"hold in no honour, esteem lightly; bring dishonour upon; speakest in dishonour of; suffer dishonour, insult",lsj
ἀτιμάω,12,156,30,61,14,1.6083028,12.149043,"dishonour, disdain",lsj
ἀτιτάλλω,11,95,14,29,33,2.160892,13.1692095,"rear, tend; cherish; beguile, cajole",lsj
ἀτρέμας,9,-1,0,19,54,2.0693533,7.996647,"without trembling, without motion; still!; quiet; gently, softly",lsj
ἀτραπός,5,-1,12,5,22,4.3540916,10.163892,short cut; path; walk of life,lsj
ἀτρεκής,30,106,0,58,13,2.3796096,8.157511,"strict, precise, exact; over-nice, precise; more precise details; exact, strict",lsj
ἀτρύγετος,15,-1,10,7,4,1.4787325,9.502501,"unharvested, barren; never worn out, unresting",lsj
ἀτύζω,11,232,13,48,6,0.73409104,12.161745,,none
ἀυτή,29,103,10,0,148,2.6848505,10.852506,"cry, shout; battle-shout, war-cry; blast; creaking",lsj (relaxed match)
ἀυτμή,13,103,10,0,148,2.80933,10.818083,"breath; the fiery breath; heat; scent, fragrance",lsj (relaxed match)
ἀφίημι,22,161,7,47,35,0.0005759429,13.468641,"send forth, discharge; throw oneself; give oneself up; let loose",lsj
ἀφίστημι,13,161,7,47,35,0.055901937,13.561969,"put away, remove, keep out of the way; hinder from; frustrate; depose",lsj
ἀφαιρέω,20,189,7,76,143,0.24583706,13.114007,take away from; took; from; relieve,lsj
ἀφαμαρτάνω,13,180,34,3,137,0.19372377,12.728154,"miss; lose, be deprived of",lsj
ἀφαυρός,5,94,2,44,49,3.5349271,7.7695775,"feeble, powerless; dim; too weak to resist; less nutritious",lsj
ἀφικάνω,8,226,7,47,50,-0.16799966,14.127621,arrive at,lsj
ἀφικνέομαι,47,226,7,47,50,-0.14654037,14.11238,"arrive at, come to, reach; came up to; came to; come up to",lsj
ἀφνειός,27,44,15,78,38,4.1112766,8.619191,"rich, wealthy; abundant",lsj
ἀφραδής,6,107,0,58,13,2.4821596,8.101023,"insensate, reckless; without sense, senseless; senselessly, recklessly",lsj
ἀφραδία,11,-1,0,58,13,3.5519373,11.071548,"folly, thoughtlessness",lsj
ἀφύσσω,17,212,14,29,28,1.4494871,13.201913,draw; was drawn from; draw full draughts of; heap it up,lsj
ἀχαιός,6,-1,10,0,16,1.8122269,10.350422,Achaean; the Achaeans; Greeks; Achaia,lsj
ἀχεύω,92,232,13,48,6,0.82795346,11.861227,"grieving, mourning; grieving in; sorrowing for; vex, annoy",lsj
ἀχλύς,9,103,10,0,148,3.0721838,10.740108,mist; a mist over the eyes; Sorrow,lsj
ἁδινός,10,-1,0,50,2,3.2676587,8.505356,"close, thick; crowded, thronging; vehement, loud; loud-voiced",lsj
ἁλίσκομαι,16,8,7,76,143,1.2322553,12.206439,"to be taken, conquered, fall into an enemyʼs hand; to fall into the hands of; to be caught, seized; to be seized",lsj
ἁλμυρός,8,-1,22,57,57,3.9036353,9.696259,"salt, briny; salt sea; salt; Acut.(Sp.)",lsj
ἁμαρτάνω,24,180,34,3,137,0.19054909,12.686476,"Acut. (Sp.); miss the mark; miss; fail of oneʼs purpose, go wrong",lsj
ἁμός,7,31,15,20,122,4.673735,7.9179087,"sums (some one), suman (sometime, once)",lsj
ἁνδάνω,26,145,18,18,23,1.0138303,12.630743,"please, delight, gratify; pleased; with; the opinion",lsj
ἁπαλός,12,137,0,50,1,3.400574,9.02809,"soft to the touch, tender; young; delicate; raw",lsj
ἁρπάζω,15,223,7,76,53,0.60850954,13.371881,"snatch away, carry off; to be a robber; thievish; have",lsj
ἄαπτος,14,-1,10,0,16,1.9846587,10.800613,"not to be touched, resistless, invincible",lsj
ἄατος,7,66,5,73,73,1.5722344,8.632962,insatiate,lsj
ἄγαλμα,8,168,3,42,42,1.7660575,10.404873,"glory, delight, honour; mere ornaments; pleasing gift; statue in honour of a god",lsj
ἄγαμαι,27,235,13,48,12,0.28634158,11.944623,wonder; admire; for; wonder at,lsj
ἄγγελος,33,29,21,1,100,2.0270662,7.577687,"messenger, envoy; one that announces; tells; angel",lsj
ἄγγος,6,112,1,41,66,4.5104957,12.504289,"vessel; vat; pitcher; bucket, pail",lsj
ἄγε,170,70,31,34,131,4.050504,6.812942,come on!,lsj
ἄγκος,5,112,1,41,66,4.483453,12.480148,"bend, hollow; mountain glen; áñcati; ancus, uncus",lsj
ἄγνυμι,26,186,14,29,28,1.8527976,13.890449,"break, shiver; broke; crashed through; to be broken, shivered",lsj
ἄγραυλος,9,41,10,0,90,2.6862242,9.898362,dwelling in the field; a boor; rustic,lsj
ἄγριος,30,-1,2,2,40,3.836871,8.971968,"living in the fields, wild, savage; wild; living in a wild state; wild, uncultivated",lsj
ἄγχι,59,91,21,1,52,1.9488182,7.1297727,near; like,lsj
ἄγχιστος,6,91,21,1,52,1.9165964,7.131446,nearest; ever nigh; most nearly; next to,lsj
ἄγω,292,224,7,47,50,0.1441207,13.631482,"lead, carry, fetch, bring; taking; take with one; carry off",lsj
ἄελλα,14,103,10,0,148,2.8241796,10.609809,"stormy wind, whirlwind; whirling motion",lsj
ἄημι,12,-1,10,0,16,1.9973601,10.861218,vā´ti; vējas; breathe hard; blow,lsj
ἄκοιτις,22,-1,10,0,115,2.0710435,10.18113,,none
ἄκρα,9,-1,29,14,31,4.455566,10.52998,"highest; farthest point; headland, cape; hill-top, height",lsj
ἄκρατος,5,66,0,19,54,1.7311217,8.61562,"unmixed, neat; of pure wine; strong; without water",lsj
ἄκρις,6,-1,29,14,31,4.5342603,10.543761,"hill-top, mountain peak; mountain tops; hill-country",lsj
ἄκριτος,10,66,0,19,54,1.680732,8.585428,"undistinguishable, confused; common undistinguished; confused; continual, unceasing",lsj
ἄκρον,7,0,29,14,31,2.0668871,7.3796363,"highest; farthest point; mountain top, peak; heights",lsj
ἄκρος,49,0,29,14,31,2.2274363,7.662811,"at the farthest point; end; topmost, outermost; inmost",lsj
ἄκων,21,-1,10,0,16,1.9419475,10.557465,"javelin, dart",lsj
ἄλαλκε,12,8,10,0,16,0.704453,12.727414,"ward, keep off",lsj
ἄλαστος,6,66,0,19,54,1.7955853,8.618122,not to be forgotten. insufferable; inconsolably; thou whom I will never forget nor forgive!; accursed wretch,lsj
ἄλγος,85,126,1,41,66,4.0516486,12.302568,pain; sufferings; grief; grief for,lsj
ἄλεισον,7,120,6,45,45,3.6280975,12.853775,"cup, goblet; hip-socket",lsj
ἄλειφαρ,6,120,6,45,45,3.4735916,12.946811,"unguent, anointing-oil, oil, fat; oil; pitch; resin",lsj
ἄλκιμος,48,-1,1,8,96,3.6534324,8.890669,"stout, brave; fortifying; giving succour",lsj
ἄλλοθεν,20,-1,21,1,100,2.2587361,7.090266,from another place; from one place; from another; from abroad,lsj
ἄλλοτε,43,83,31,34,113,2.9286394,6.229843,at another time; at one time.. at another; now and then; sometimes,lsj
ἄλλυδις,12,89,21,1,100,2.2848344,6.9429803,"elsewhither; hither; thither; now one way, now another",lsj
ἄλλως,17,84,21,77,3,2.7338934,7.0105057,otherwise; other way; other wise; besides,lsj
ἄλλῃ,13,-1,21,77,3,2.4420881,6.960167,elsewhere; in one part of; in another; here,lsj
ἄλοχος,101,-1,15,78,38,5.1861815,9.0452795,"partner of oneʼs bed, wife; leman, concubine; unwedded",lsj
ἄλσος,9,171,3,21,70,5.006256,10.969848,grove; sacred grove; any hallowed precinct; plain,lsj
ἄλφιτον,15,119,6,45,45,3.9977393,12.769024,barley-groats; barley-water; poultices; hair-powder,lsj
ἄμαξα,16,186,6,46,10,1.9834566,13.935561,"frame-work, ‘châssis’; wagon; wagons; draught",lsj
ἄμβροτος,20,66,0,19,54,1.5852966,8.602147,"immortal, divine; belonging to the gods; five",lsj
ἄμοτον,9,66,0,19,54,1.6191074,8.581629,"insatiably, incessantly; insatiate; continually; implacably",lsj
ἄμυδις,15,89,21,1,52,2.3469324,6.9416146,"together, at the same time; all together; together",lsj
ἄμφω,59,-1,31,79,79,2.343413,5.936197,both,lsj
ἄναλκις,17,66,0,19,54,1.9323175,8.822405,"without strength, impotent, feeble",lsj
ἄναξ,222,-1,23,13,56,5.012583,8.724485,"lord, master; sons; brothers of kings; lord",lsj
ἄνδιχα,5,-1,21,10,106,2.1957173,7.3524914,"asunder, in twain; far away; apart from; to be divided in opinion",lsj
ἄνειμι,18,225,7,47,50,-0.066995144,14.079409,go up; rise; I went up a hill; came up,lsj
ἄνεμος,102,13,32,65,65,3.7536755,10.121469,wind; a gale; the wind; to the winds,lsj
ἄνευθε,22,140,21,1,52,1.9431484,6.738217,"without; away from; far away, distant; far away",lsj
ἄνεω,7,58,2,2,69,2.3799562,7.746246,"without a sound, in silence",lsj
ἄνθος,11,60,6,46,146,5.3087797,10.618554,"blossom, flower; the chaplets of flowers; anything thrown out upon the surface, eruption; froth",lsj
ἄνθρωπος,172,32,15,20,114,5.2770886,8.402447,"man; gods; the men; the ideal man, humanity",lsj
ἄντα,41,91,21,1,52,1.9509698,7.1555386,"over against, face to face; man to man; before one; to look at",lsj
ἄντην,20,-1,10,0,115,1.9005792,10.247222,"against, over against; confront; openly against; straightforwards",lsj
ἄντομαι,8,-1,18,18,23,1.3686513,12.865741,"meet; opposed; stopped; meet with favour, greet",lsj
ἄντρον,9,172,11,69,34,5.0479927,11.076247,"cave; inner chamber, closet",lsj
ἄντυξ,13,-1,11,23,126,4.722638,11.186062,edge; rim of anything round; curved; rim,lsj
ἄνωγα,135,206,4,43,43,-0.21245642,11.46935,"command, order; advise, urge; bade; bids, prompts",lsj
ἄξιος,10,-1,2,2,25,3.4074702,7.937316,"counterbalancing; weighing as much, of like value, worth as much as; worth; worthy, goodly",lsj
ἄξων,6,54,12,51,51,2.807881,10.47302,"axle; axis; axis of the celestial sphere; course, path",lsj
ἄορ,21,103,5,73,73,2.3970895,10.914464,hanger; sword hung in a belt; women; any weapon,lsj
ἄπειμι,18,178,7,76,143,-0.017501537,13.3145075,sum; to be away; far from; absent,lsj
ἄπειμι2,9,225,7,47,50,-0.022465099,14.077855,"ibo; go away, depart; begone; will retreat",lsj (homograph 2)
ἄπιστος,5,-1,10,0,16,1.6531248,10.405114,"not to be trusted; not trusty, faithless; mistrusted; untrustworthy, groundless",lsj
ἄποινα,26,-1,3,42,42,3.9456666,12.389535,ransom; price paid; to recover oneʼs freedom; to save oneʼs life,lsj
ἄπρακτος,5,66,0,19,54,1.766778,8.551066,"unavailing, unprofitable; when no business is done, holidays; restful; of inaction",lsj
ἄργυρος,12,-1,10,7,140,3.3671079,9.882908,white metal; silver; silver plate; quicksilver,lsj
ἄρειος,34,38,2,2,69,4.1324525,9.372091,"devoted to Ares, warlike, martial; in real war; warrior; Campus Martius",lsj
ἄριστον,6,93,2,2,40,3.296253,7.6394796,"morning meal, breakfast; breakfast; luncheon; air",lsj
ἄριστος,212,93,2,2,40,3.4390476,7.7045026,best; noblest; a chief; bravest,lsj
ἄρνυμαι,5,-1,20,56,27,0.9364281,12.31118,"win, gain; striving; maintaining; trying to win, striving to secure",lsj
ἄρουρα,40,-1,10,0,16,1.8118223,10.347353,"tilled; arable land; corn-lands, fields; earth, ground",lsj
ἄρρηκτος,10,66,0,19,54,1.7804796,8.705843,"unbroken, not to be broken; invulnerable; unploughed; with unbroken courage",lsj
ἄρσην,10,56,6,46,10,5.390014,9.953362,male; the male; the male sex; masculine,lsj
ἄρχω,124,55,23,13,56,4.6065526,9.197259,"to be first; begin, make a beginning; to be the aggressor; to begin oneʼs",lsj
ἄσβεστος,13,66,32,65,65,1.7460501,8.6243,"unquenchable, inextinguishable; not quenched; ceaseless; unslaked lime",lsj
ἄσπετος,32,66,0,19,54,1.6113681,8.59087,"unspeakable, unutterable; unspeakably great; countless; unspeakably",lsj
ἄστρον,5,18,1,41,66,3.880571,10.398838,the stars; dog-days; any common star; the stars’,lsj
ἄστυ,128,171,5,24,94,5.043053,10.851213,town; lower town; acropolis; Athens,lsj
ἄστυδε,7,90,21,71,17,4.866245,6.8209205,"into, to; towards the city",lsj
ἄσχετος,5,66,0,19,54,1.612281,8.568707,"not to be checked, ungovernable; resistless; ungovernable, unmanageable; not held together",lsj
ἄτερ,12,-1,33,33,123,1.9098388,6.7779765,"without, apart from; without; sine; aloof, apart from",lsj
ἄτη,24,103,5,73,73,2.66528,10.954399,"bewilderment, infatuation; blindness; delusion; the goddess of mischief",lsj
ἄττα,8,70,31,34,131,4.147074,6.9119906,father,lsj
ἄυπνος,5,-1,21,1,52,2.083063,8.210017,"sleepless, wakeful; sleepless, never-resting; sleepless; that is no sleep, from which one easily awakes",lsj (relaxed match)
ἄφαρ,34,89,21,1,82,2.6051402,6.8138356,"straightway, forthwith; thereupon, after that; suddenly, quickly; very",lsj
ἄφθιτος,9,66,0,19,54,1.6419377,8.604441,"not liable to perish, undecaying, imperishable; immortal; unceasing; unchanging, unchangeable",lsj
ἄφρων,14,-1,2,2,40,3.7597182,8.978754,"senseless; crazed, frantic; silly, foolish; senselessly",lsj
ἄχθομαι,5,231,4,27,21,0.47857332,11.720435,"to be loaded; to be vexed, grieved; with; had",lsj
ἄχθος,6,220,26,28,11,3.9372985,12.033469,"burden, load; cumberers; plague; pests",lsj
ἄχνη,7,103,10,0,148,2.644532,10.888951,"anything that comes off the surface; foam, froth; exudation; froth",lsj
ἄχος,60,215,16,26,41,3.671904,11.863108,"pain, distress",lsj
ἄψ,107,84,21,77,3,2.8097184,6.623875,"abs) backwards, back again; again, in return; yet",lsj
ἄψορρος,10,-1,25,25,105,2.6917136,6.877027,"going back, backwards; backward, back again",lsj
ἄω3,14,180,5,73,73,0.50464857,12.641064,satiate; to give; his fill of; take oneʼs fill of,lsj (homograph 3)
ἅζομαι,8,-1,13,11,93,0.45356563,12.198341,"stand in awe of, esp. gods and oneʼs parents; respects; I fear; reverently, in holy fear",lsj
ἅλιος,21,-1,2,68,127,4.671555,8.476608,of the sea; sea,lsj
ἅλιος2,20,35,2,68,127,3.970201,8.368808,"fruitless, idle; in vain",lsj (homograph 2)
ἅλις,28,-1,33,33,123,3.0278304,7.3993297,"in crowds, in plenty; sufficiently, enough; just enough, in moderation; in abundance",lsj
ἅλλομαι,28,-1,7,76,53,0.9519902,13.486779,"sal; sal-io; spring, leap; leap upon",lsj
ἅλμη,5,103,10,0,148,2.768415,10.802379,"sea-water, brine; spray that has dried on the skin; salt incrustation; brine",lsj
ἅλς,119,78,22,36,8,4.5703654,10.182324,salt; rock-salt; brine; sugar,lsj
ἅμα,250,83,33,33,123,2.9303427,6.291222,"at once, at the same time; partly.. partly; no sooner.. than; as soon as",lsj
ἅπας,108,-1,10,0,16,1.7835068,10.312983,"quite all, the whole; all together; in all things; all",lsj
ἅπτω,36,229,34,3,137,0.1443046,12.486218,fasten; bind to; having fastened; join,lsj
ἅρμα,66,112,1,41,66,4.430911,12.477078,chariot; war-chariot; racing-chariot; travelling-chariot,lsj
ἆ,14,70,31,34,131,4.065003,6.8209553,feel envious towards; admire enviously,agwn
ἆθλον,31,-1,2,68,61,2.8359725,10.8738985,prize of contest; prizes; as the prize; contest,lsj
ἆθλος,33,-1,2,68,61,2.779343,10.821771,contest; contest for a prize; a task; toil,lsj
ἆρα,76,51,21,71,17,3.63584,6.6924615,anxiety; impatience; negative; affirmative,lsj
ἆσσον,27,-1,21,1,52,1.9316055,6.875133,nearer,lsj
Ἀΐδης,12,7,5,73,73,6.838716,7.586651,,none
Ἀίδης,12,7,5,73,73,6.7847586,7.5727763,,none
Ἀγέλαος,8,-1,5,15,76,7.416062,8.2059965,,none
Ἀγήνωρ,13,-1,5,15,76,7.5786667,8.26302,,none
Ἀγαμέμνων,183,24,10,0,16,6.470975,8.605491,Agamemnon; Agamemnonʼs son,lsj
Ἀγχίσης,12,39,5,15,76,7.222048,8.044836,,none
Ἀθήνη,303,10,10,0,16,6.3444996,8.832954,Athene; casting vote,lsj
Ἀθηναῖος,6,15,5,24,94,5.7384677,7.877381,Athenian,lsj
Ἀθῆναι,7,-1,10,0,16,1.9259398,10.545982,the city of Athens; to Athens; from Athens; at Athens,lsj
Ἀκάμας,10,49,5,15,76,7.3946347,7.881349,,none
Ἀλέξανδρος,43,24,5,15,76,6.6856174,8.438064,,none
Ἀλκίνοος,65,-1,5,15,76,7.518665,8.2940645,,none
Ἀλκιμέδων,6,47,5,15,76,7.3767195,7.9250445,,none
Ἀλφειός,7,78,22,57,57,4.803784,10.084508,,none
Ἀμφίμαχος,6,-1,5,15,76,7.509797,8.247421,,none
Ἀμφίνομος,12,-1,5,15,76,7.5528555,8.271518,,none
Ἀμφιμέδων,6,47,5,15,76,7.4979377,8.056893,,none
Ἀνδρομάχη,5,20,5,15,48,6.707127,8.419179,,none
Ἀντήνωρ,17,-1,5,15,76,7.601464,8.275134,,none
Ἀντίλοχος,61,98,5,15,76,7.486733,8.355711,,none
Ἀντίνοος,48,-1,5,15,76,7.529639,8.257087,,none
Ἀντηνορίδης,7,47,5,15,76,7.567107,7.978603,,none
Ἀντιφάτης,5,98,5,15,76,7.471568,8.389468,,none
Ἀξιός,6,78,22,57,57,4.933901,10.087733,,none
Ἀπόλλων,149,10,10,0,16,6.3224406,8.732978,Apollo,lsj
Ἀρήτη,13,-1,5,15,48,6.299146,8.680217,,none
Ἀρίσβη,5,11,11,23,126,5.9695735,7.2259765,,none
Ἀργειφόντης,25,63,10,63,63,6.331494,8.850606,slayer of Argus; serpent-slayer,lsj
Ἀργεῖος,218,15,5,24,94,5.7010007,7.8550725,"from Argos, Argive; the Greeks; Argolis; womenʼs shoes",lsj
Ἀσιάδης,5,40,5,15,76,7.1354527,7.94575,,none
Ἀσκάλαφος,7,49,5,15,76,7.444825,7.9446926,,none
Ἀστεροπαῖος,9,-1,5,15,76,6.8875246,8.39215,,none
Ἀτρείδης,198,40,5,15,76,6.9675093,7.7533197,son of Atreus,lsj
Ἀτρεύς,17,7,5,15,76,6.852417,7.604826,,none
Ἀτρυτώνη,5,24,10,0,16,6.673769,8.647693,the Unwearied,lsj
Ἀφροδίτη,37,10,10,0,16,6.3888464,8.847219,"Aphrodite; sexual love, pleasure; vehement longing; desire",lsj
Ἀχαιίς,19,-1,5,24,94,5.744691,7.703913,the Achaian land; Achaian woman,lsj (relaxed match)
Ἀχαιικός,7,-1,5,24,94,5.7206125,7.7256994,"for the Achaians, Achaian",lsj
Ἀχαιός,698,-1,10,0,16,5.5349197,8.5265,Achaean; the Achaeans; Greeks; Achaia,lsj
Ἀχιλλεύς,381,24,10,0,16,6.6031513,8.532993,Achilles; ‘Achilles and the Tortoise’,lsj
Ἄβας,5,-1,10,0,16,5.901486,7.9136076,,none
Ἄδμητος,5,49,5,15,76,7.3177743,7.9226203,,none
Ἄδρηστος,6,7,5,73,73,7.038972,7.682766,,none
Ἄντιφος,8,98,5,15,76,7.5663714,8.317446,,none
Ἄργος,47,-1,5,24,94,6.39472,7.4032865,,none
Ἄρης,161,24,10,0,16,6.472593,8.743555,Ares; the god of destruction; of Ares; Mars,lsj
Ἄρητος,5,7,5,73,73,7.030095,7.726828,,none
Ἄρτεμις,26,27,5,15,48,6.1053,8.874722,Artemis,lsj
Ἄσιος,13,7,5,73,73,6.9945736,7.7160535,,none
ἐάω,150,206,4,43,43,-0.3060729,11.501875,"suffer, permit; leave; alone; should be given up",lsj
ἐίσκω,13,67,10,0,39,0.9705792,10.832443,only; make like; made; like,lsj (relaxed match)
ἐαρινός,6,-1,0,50,1,3.4020357,9.485873,of spring; springtime; apricots; in spring-time,lsj
ἐγγυαλίζω,13,134,14,29,135,1.2552872,11.085299,"put into the palm of the hand, put into the hand; will put; into; hands",lsj
ἐγγύθεν,41,29,21,1,100,1.9556842,7.42902,from nigh at hand; approach; hard by,lsj
ἐγγύθι,11,-1,21,1,52,1.9867911,6.7978415,"hard by, near; nigh at hand",lsj
ἐγγύς,44,91,21,1,52,1.9260231,7.1816387,"near, nigh, at hand; hard by, near to; nearer to; nigh at hand",lsj
ἐγείρω,49,177,7,47,50,0.4415989,13.722074,"awaken, rouse; rouse, stir up; stir; wake up",lsj
ἐγκέφαλος,10,-1,12,51,51,4.9504647,12.278659,within the head; brain; the heart; cabbage,lsj
ἐγχείη,23,158,1,8,96,4.5525913,11.570047,"spear, lance; in the spear",lsj
ἐγχρίμπτω,7,85,14,29,68,1.4683207,13.966995,bring near to; strike; dash against; so as almost to touch,lsj
ἐδητύς,29,113,6,45,45,3.3416595,12.407129,"meat, food",lsj
ἐδωδή,11,113,12,5,5,3.343883,12.401845,"food, meat, victuals; forage, fodder; bait; act of eating",lsj
ἐθέλω,272,206,4,43,43,-0.36634725,11.5437565,to be willing; wish; wish to; wish that,lsj
ἐκβάλλω,11,224,7,76,53,0.30298972,13.411406,throw; cast out of; throw out; threw,lsj
ἐκβαίνω,9,221,7,47,36,0.108563416,13.935196,"step out of; off from; disembark, dismount; debouch from",lsj
ἐκγίγνομαι,15,33,10,53,88,2.7761068,12.613388,to be born of; to be born to; come into being; to be gone away,lsj
ἐκδύω,5,196,7,76,53,0.8367301,13.719446,"take off, strip off; stripped; strip; to be stripped of",lsj
ἐκεῖθεν,11,101,21,1,52,2.8915005,6.5429597,"from that place, thence; on his part; on yon side of; thence, from that fact",lsj
ἐκεῖθι,13,101,21,1,52,2.8806973,6.5440483,"to or toward that place; away from the speaker: ""go there around noon!""",agwn
ἐκεῖσε,18,101,21,1,52,2.986882,6.548823,"thither, to that place; hither and thither; to the other world; to the other",lsj
ἐκπέρθω,16,202,7,76,53,0.5895927,12.998322,"destroy utterly, sack; take as booty from",lsj
ἐκπίπτω,16,224,7,76,53,0.35501412,13.400754,fall out of; fell from; fall out; fall down,lsj
ἐκπεράω,6,223,7,76,53,0.7127061,13.318468,"go out over, pass beyond; go through; pass through, pierce; go forth",lsj
ἐκτέμνω,12,95,14,29,33,2.122106,13.326655,cut out; cut; from; out,lsj
ἐκτελέω,26,76,10,53,88,1.8042653,11.283411,"bring to an end, accomplish, achieve; fulfil; PMag. Osl; will be accomplished",lsj
ἐκτός,20,92,21,1,52,1.8686244,7.053259,"without, outside; out of, far from; beyond; outside of, free from",lsj
ἐκφέρω,17,224,7,76,53,0.27591848,13.449691,carry out of; carry out; cause death; carry away,lsj
ἐκφαίνω,9,5,10,53,88,2.3273156,12.566869,"bring to light, reveal; produce; showed himself, came forth to view; came up from out",lsj
ἐκφεύγω,17,-1,7,76,53,0.069438025,13.290524,"flee out; away, escape; to be acquitted; escape out of",lsj
ἐκχέω,9,209,14,16,18,1.5302081,13.267645,"pour out; is spilt, Ev. Matt; poured forth his; pour away",lsj
ἐλάτη,6,59,6,46,146,5.3345485,10.578973,"silver fir, Abies cephalonica; Abies pectinata; oar; made of pine-wood",lsj
ἐλάτινος,5,30,39,39,80,4.233039,10.0579405,of the fir; made of fir; pine-wood; of the date inflorescence,lsj
ἐλέφας,9,-1,10,7,140,3.345986,9.9230385,"elephant; elephantʼs tusk, ivory; precious stone; cup",lsj
ἐλαία,11,59,6,46,146,5.416212,10.549113,olive-tree; the olives; Olea cuspidata; olive,lsj
ἐλαφρός,14,94,2,44,49,3.4703748,7.705577,"light in weight; sit tibi terra levis’; light to bear, easy; light, easy",lsj
ἐλαύνω,166,223,7,76,53,0.7829547,13.502196,"drive, set in motion; drive; ride; row",lsj
ἐλεέω,35,214,30,61,14,0.92917854,11.718119,"to have pity on, show mercy to; feel pity",lsj
ἐλεαίρω,24,-1,30,61,14,0.87357575,11.577093,take pity on,lsj
ἐλεγχής,6,93,2,2,40,3.4436452,7.6545196,worthy of reproof; cowardly; reproachful,lsj
ἐλεεινός,12,44,0,50,2,4.0470686,8.294186,"finding pity, pitied; moving pity, piteous; piteous; having received mercy",lsj
ἐλελίζω,15,186,14,29,135,1.4665354,13.626843,whirl round; move in coils; spires; cause,lsj
ἐλύω,9,-1,10,0,16,1.5029523,10.7495,"roll round; rolled; rolled up, crouching; coiled",lsj
ἐμβάλλω,37,175,18,18,23,0.7661237,13.564592,throw in; let; fall into; throw,lsj
ἐμβαίνω,8,204,7,47,36,0.46215734,14.047176,"step in; go on, go quickly; advance!; embark",lsj
ἐμμεμαώς,11,200,10,7,4,1.5161909,11.8169775,"in eager haste, eager",lsj
ἐμμενής,5,77,0,19,54,2.121137,8.304888,abiding in; steadfastness; unceasing,lsj
ἐμπάζομαι,11,229,34,3,137,0.262374,12.148724,"busy oneself about, take heed of, care for",lsj
ἐμπίμπρημι,5,203,7,76,53,0.773607,12.951209,"kindle, set on fire; burn; to be set on fire; to be inflamed",lsj
ἐμπίπλημι,19,203,7,76,53,0.75261205,12.841214,,none
ἐμπίπτω,17,174,18,18,23,0.70044786,13.233258,fall in; fell upon; meet; meeting,lsj
ἐμπνέω,12,175,7,76,53,0.8726579,13.444114,"blow; breathe upon; to breathe upon; breathe into, play",lsj
ἐμπρήθω,8,203,7,76,53,0.8070469,12.9611225,"blow up, inflate; to be bloated; swollen; burn",lsj
ἐμός,312,31,15,20,122,4.69598,7.939329,"mine; mine, of me; possessive; favourable to me",lsj
ἐνέπω,32,134,10,0,16,1.0604014,10.90411,tell; tell of; couldst tell; the tale of,lsj
ἐνίημι,18,174,10,0,16,0.80933934,13.318057,"send in; into; will send into the battle; implant, inspire",lsj
ἐνίπτω,23,218,38,38,74,0.12443059,10.799825,"reprove, upbraid; reproved; to attack; tell, announce",lsj
ἐνίσσω,5,133,10,0,16,1.3656871,10.637269,"attack, reproach; maltreal",lsj
ἐναίρω,18,-1,14,29,28,0.7881421,13.414779,"slay; to kill; to make away with, destroy; destroy, disfigure",lsj
ἐναίσιμος,12,35,2,2,25,3.4989512,8.176212,"ominous, fateful; seasonable; favourable, boding good; righteous",lsj
ἐναλίγκιος,18,68,8,74,149,0.83664715,10.573416,"like, resembling",lsj
ἐναντίβιος,12,16,19,4,145,2.340438,7.713121,"being below the horizon: ""the moon is set""",agwn
ἐναντίον,15,29,21,1,100,1.9434956,7.627136,,none
ἐναντίος,20,29,21,1,100,1.9987001,7.592229,"opposite; on the opposite side, opposite; fronting, face to face; before",lsj
ἐναρίζω,13,-1,14,29,135,1.0145615,13.248305,strip a slain foe of his arms; slay in fight; slay; when dying,lsj
ἐνδυκέως,18,107,0,58,13,2.4488845,8.076652,"sedulously, kindly; steadfastly; greedily, ravenously",lsj
ἐνδύω,5,-1,7,76,53,1.1114112,13.751144,go into; put on; wear; assume,lsj
ἐνηής,5,73,0,19,55,2.2400444,8.710669,"kind, gentle; propitious",lsj
ἐνιαυτός,26,19,31,79,79,3.6286788,10.356176,"anniversary; lapse of a year; on the expiry of a year; any long period of time, cycle, period",lsj
ἐνιπή,5,103,10,0,148,2.666561,10.87781,"rebuke, reproof; abuse, contumely; angry threats; reproach",lsj
ἐννέα,16,116,31,79,79,2.626611,5.6217713,nine; many; novem; náva,lsj
ἐννῆμαρ,9,-1,31,34,113,2.6961472,6.417696,for nine days,lsj
ἐνοπή,8,165,12,5,5,2.7698798,11.302114,"crying, shouting; war-cry, battle-shout; battle; cry",lsj
ἐντίθημι,14,175,18,18,23,0.91913384,13.554145,put in; put on board; into; inspire,lsj
ἐντανύω,13,-1,14,29,28,1.0111613,13.2347555,stretch tight; stretch; tight; bend,lsj
ἐντός,21,92,21,1,52,1.9132302,7.0530925,"within, inside; senses, under; control; hearts",lsj
ἐντύνω,10,145,14,16,18,1.2478373,12.721431,"equip, deck out, get ready; was harnessing; were getting; ready",lsj
ἐνόρνυμι,5,164,10,0,16,0.92391914,13.224079,"arouse, stir up in; arise in; among",lsj
ἐξάγω,15,224,7,47,50,0.20247558,13.581236,"lead out, lead away; having brought; out from; bring out of",lsj
ἐξάρχω,10,224,23,13,56,0.23402072,13.44031,"begin, take the lead in, initiate; teach; dictate; hold office",lsj
ἐξέρομαι,12,234,9,22,26,0.14089793,11.178274,inquire into; will inquire concerning; inquire of,lsj
ἐξέρχομαι,15,221,7,47,36,0.08852632,13.910322,"come out of; come out; come forth; march out, go forth",lsj
ἐξαιρέω,25,224,7,76,53,0.33374578,13.26961,take out; take out for oneself; his; their,lsj
ἐξαλαπάζω,12,202,7,76,53,0.6956139,12.917485,"sack, storm; empty; of its inhabitants, clear; out",lsj
ἐξαπίνης,11,58,21,1,52,2.4035182,7.330325,"happening or coming quickly and without warning: ""a sudden unexpected development""",agwn
ἐξαῦτις,14,-1,21,1,52,2.6121328,6.7148814,"once more, anew; back again, backwards",lsj
ἐξελαύνω,17,223,7,76,53,0.4280375,13.443523,"drive out; drive afield; drive out, expel from; banish",lsj
ἐξεναρίζω,35,-1,14,29,135,0.869604,13.150223,"strip; spoil; strip off; kill, slay",lsj
ἐξερέω,14,234,9,22,26,0.1915331,11.213263,"will speak; out, tell out, utter aloud",lsj
ἐξερεείνω,10,234,9,22,26,0.21334417,11.200539,inquire into; inquire after; inquire of; make inquiry,lsj
ἐξερύω,12,223,7,76,53,0.6243156,13.415784,draw out of; snatch out of; draw out; tear out,lsj
ἐξικνέομαι,6,226,7,47,50,-0.15193777,14.11738,"reach, arrive at; come to; arrive at, reach; complete, accomplish",lsj
ἐξοπίσω,9,89,21,1,52,1.9697297,6.769059,"backwards, back again; behind; hereafter",lsj
ἐπάρχω,7,-1,13,48,12,0.07055944,11.838607,"rule over; to be governor, commandant of; rule besides; pour the first drops",lsj
ἐπέοικε,12,-1,4,43,43,0.4379072,13.335509,,none
ἐπέρχομαι,53,225,18,18,104,0.08220426,13.985269,come upon; approach; come suddenly upon; come to for advice,lsj
ἐπέχω,14,-1,7,6,83,0.4495582,13.580538,have; hold upon; hold; for,lsj
ἐπήν,39,125,31,34,113,3.2758405,6.2154026,,none
ἐπήρατος,7,66,0,19,54,1.8594164,8.719788,"lovely, delightsome",lsj
ἐπίκλησις,6,-1,33,33,123,3.3041904,7.458123,"surname, additional name; by surname; call also; named",lsj
ἐπίκουρος,33,50,23,62,30,4.5880694,9.261058,"helper, ally; allies; mercenary troops; guards",lsj
ἐπίσκοπος,5,-1,2,2,40,1.613529,10.110847,"one who watches over, overseer, guardian; watchers; over; tutor",lsj
ἐπίσταμαι,26,214,9,9,99,0.8110485,11.2262125,know; be able; capable; can,lsj
ἐπίσωτρον,6,0,11,23,44,2.1002572,7.9738584,metal hoop upon the felloe; tire,lsj
ἐπαίσσω,28,186,14,29,28,1.804559,13.817945,"rush at; upon; rush upon; assail, assault",lsj (relaxed match)
ἐπαινέω,15,-1,28,59,120,0.9075908,11.781984,"approve, applaud, commend; agree with, side with; assent, agree; assent",lsj
ἐπαινός,6,65,15,78,38,3.5366063,9.214947,awesome,lsj
ἐπακούω,11,222,10,0,62,0.67251587,11.246657,hear; wilt; be answered; overhear,lsj
ἐπαμύνω,11,-1,28,59,120,0.9119497,11.590407,"come to aid, succour; apologetic; to prove; ward off",lsj
ἐπασσύτερος,7,-1,21,1,52,2.277719,7.884254,"one upon another, one after another; one after another; upon; frequent, repeated",lsj
ἐπαυρέω,11,180,34,3,137,0.39354357,12.565231,"partake of, share; enjoys; share; have had enjoyment of",lsj
ἐπείγω,38,61,13,48,6,0.44440404,12.451056,press by weight; presses; to be weighed down; overpowered,lsj
ἐπελαύνω,9,-1,14,29,33,0.59173447,13.541131,drive upon; upon; drive to; lay,lsj
ἐπεύχομαι,29,-1,13,48,12,0.06226858,11.75331,pray; make a vow to; give thanks to; pray to,lsj
ἐπηετανός,8,65,0,50,1,3.1990867,9.303943,"abundant, ample, sufficient; always full; great store; thick, full",lsj
ἐπιάχω,5,164,18,18,104,1.046048,13.620868,"shout out, shout applause; shout",lsj
ἐπιέννυμι,9,-1,35,35,0,1.0258323,12.452516,put on besides; over; threw; clad in,lsj
ἐπιβαίνω,57,221,7,47,36,0.07780813,13.942834,"go upon; set foot on, tread, walk upon; set foot on; placed upon",lsj
ἐπιβουκόλος,6,-1,6,46,10,4.965895,9.628075,,none
ἐπιγνάμπτω,6,85,14,29,68,1.542015,13.933591,"curve; bend; bow, bend to oneʼs purpose",lsj
ἐπιγράφω,5,198,7,47,35,1.4854878,14.179403,of accounts and tax returns; with the intent to verify,agwn
ἐπιδίδωμι,5,179,3,42,42,0.20552893,12.999727,give besides; administer; give afterwards; give in dowry,lsj
ἐπιδευής,9,229,34,3,137,0.3699088,12.1943245,"in need; want of, lacking; lacking; in want",lsj
ἐπιδινέω,6,121,28,60,24,1.264075,12.968068,"whirl for; swing round; turn over in oneʼs mind, resolve; wheel about",lsj
ἐπιείκελος,12,68,8,74,149,0.8058125,10.597683,like,lsj
ἐπιεικής,10,206,4,43,43,-0.10946113,11.236032,"fitting, meet, suitable; meet; a fair; reasonable",lsj
ἐπικεύθω,12,222,10,0,62,0.5385262,11.420999,"conceal, hide; will; hide; from",lsj
ἐπικλώθω,6,237,4,27,108,-0.0314026,11.782793,spin upon; spin to; assign; its destiny,lsj
ἐπικραίνω,6,-1,37,37,136,0.8194789,12.226674,"bring to pass, accomplish; may; fulfil; fulfilled",lsj
ἐπικρατέω,7,-1,23,13,56,2.3843696,12.002965,"rule over; have; hold power; prevail in battle, be victorious",lsj
ἐπιλήθω,5,229,34,3,137,0.28599572,12.129982,cause to forget; laps one in forgetfulness; to be forgotten; let,lsj
ἐπιμέμφομαι,5,231,13,11,19,0.3767437,11.745859,cast blame upon; find fault for; because of; complain of,lsj
ἐπιμένω,6,-1,17,75,75,0.065658055,13.222347,"stay on, tarry; wait; remain in; remain in place, continue as they are",lsj
ἐπιμίξ,5,225,18,18,104,0.26067656,13.927437,"mixedly, confusedly, pell-mell; without; respect of persons",lsj
ἐπιμαίομαι,14,-1,34,3,137,0.13604647,12.294514,"strive after, seek to obtain, aim at; make for; steer for; strive after",lsj
ἐπιπείθομαι,19,-1,4,27,21,0.09621598,11.701946,"to be persuaded; trust; to, put faith in; comply with, obey",lsj
ἐπιπλέω,9,208,7,47,50,0.03504073,13.798299,"sail upon; over; sail against, attack by sea; sail on",lsj
ἐπιπροίημι,6,161,7,47,36,-0.11148359,13.555255,send forth; on board; sent; forth,lsj (relaxed match)
ἐπιπωλέομαι,5,180,34,3,86,-0.016857093,12.472145,"go about, go through; inspecting; reconnoitring; visit",lsj
ἐπισεύω,37,-1,7,76,53,0.8274734,13.7409935,"put in motion; against, set on; hurry; hasten to",lsj
ἐπιστέφω,5,213,14,29,28,1.6831267,13.587786,filled; to be full; covered with; pour,lsj
ἐπισταμένως,14,107,0,58,13,2.4486082,8.071622,,none
ἐπισφύρια,5,148,1,41,64,5.062219,11.663333,"leg-guards; above the ankle-joint, ankle",lsj
ἐπιτάρροθος,8,1,26,28,11,1.2490187,9.944695,"helper, defender; master, lord",lsj
ἐπιτέλλω,54,-1,4,43,43,-0.037105095,11.598712,"enjoin, prescribe, command; spake; command; enjoined, prescribed",lsj
ἐπιτίθημι,31,175,14,29,28,0.7242209,13.506285,"lay, put; place upon; laid on; set",lsj
ἐπιτρέπω,16,142,38,38,74,-0.20226789,13.009424,to turn to; towards; inclined itself; to overturn upon,lsj
ἐπιτρέχω,12,208,18,18,104,0.3970127,13.798873,"run upon; make an assault upon; approach; run after, be eager",lsj
ἐπιφράζω,9,-1,4,27,108,0.094745226,11.775496,"say besides; think of; take into oneʼs head to; devise, contrive",lsj
ἐπιχέω,11,209,14,16,18,1.5301414,13.304116,pour over; pour; over; heap up,lsj
ἐπιχθόνιος,12,32,15,20,114,5.249121,8.297582,"upon the earth, earthly; earthly ones, men on earth; who haunt the earth; natives",lsj
ἐποίχομαι,39,61,13,48,6,0.4505857,12.383691,"go towards, approach; draw near to; approach with hostile purpose, attack; go over, traverse",lsj
ἐπορούω,24,164,18,18,104,0.9558422,13.466246,spring at; sprang to; came suddenly upon; spring upon,lsj
ἐποτρύνω,46,145,28,59,120,0.9970262,12.553385,"stir up, excite, urge on; to urge; stirs up; against",lsj
ἐπόρνυμι,10,164,20,54,87,0.95916307,13.180673,"stir up, arouse, excite; called up; rouse and send against; sent",lsj
ἐρέπτομαι,5,61,13,48,6,0.8113161,12.37628,feed on; feeding on; eat,lsj
ἐρέσσω,5,-1,9,22,125,1.3916931,11.052931,row; speed by rowing; ply; the measured,lsj
ἐρέτης,7,78,22,36,8,4.6886997,9.81778,rowers; oars; era; aritár,lsj
ἐρίγδουπος,11,-1,29,14,9,1.9462295,9.583996,"loud-sounding, thundering",lsj
ἐρίδουπος,10,-1,29,14,9,1.8524451,9.789819,resounding,lsj
ἐρίζω,24,-1,19,4,78,1.3678819,10.626876,"strive, wrangle, quarrel; contend; sophistical disputations; discord",lsj
ἐρίηρος,21,-1,23,13,84,3.768542,11.264582,"faithful, trusty; loyal",lsj
ἐρατεινός,22,65,0,50,1,3.224345,9.266152,"lovely; welcome, glad",lsj
ἐργάζομαι,9,169,10,0,16,1.7578596,10.465618,"work, labour; working; works; goes on",lsj
ἐρείδω,33,186,14,29,28,1.534575,13.297936,"cause to lean, prop; piling; against; fix firmly, plant",lsj
ἐρείπω,36,-1,38,38,74,1.5831769,12.093166,"throw; dash down, tear down; casts; down",lsj
ἐρεβεννός,8,65,13,48,6,3.1202278,9.365674,"dark, gloomy",lsj
ἐρεείνω,18,234,9,22,26,0.17776746,11.120339,"ask, inquire; ask of; question; ask about",lsj
ἐρεθίζω,8,-1,14,29,135,1.049577,12.897352,"rouse to anger, rouse to fight; challenge to; provoke to curiosity; excite, chafe",lsj
ἐρεμνός,5,65,13,48,6,3.173628,9.227424,"murky, black, dark; dark, obscure",lsj
ἐρετμόν,27,103,29,14,9,2.9320261,10.636334,oar,lsj
ἐρεύγομαι,8,61,13,48,6,0.8412077,12.455151,"belch out, disgorge; belch; discharge itself; blurt out",lsj
ἐρητύω,21,145,14,16,18,1.100486,12.700839,"restrain, check; parts; to keep away from; prevent",lsj
ἐριαύχην,5,127,23,62,30,5.2886276,11.646563,with arched neck,lsj
ἐριβῶλαξ,20,-1,29,14,31,1.9045415,9.48653,with large clods; very fertile,lsj
ἐριδαίνω,6,-1,19,4,78,1.4145919,10.533478,"wrangle, quarrel; strive; compete in",lsj
ἐρικυδής,10,73,0,19,55,2.318633,8.791617,"very famous, glorious; a splendid",lsj
ἐρινεός,6,188,12,5,22,5.5558105,11.308459,"wild fig-tree, Ficus Caprificus; of the wild fig-tree",lsj
ἐριούνιος,5,28,2,2,69,5.5631385,8.387003,,none
ἐρυθρός,9,137,0,50,1,3.3385162,9.217503,"red; red pimples, eruption; yolk; Red Sea",lsj
ἐρωέω,11,-1,28,60,24,1.1259087,11.606022,"rush, rush forth; started back; escape harm; draw back",lsj
ἐρωή,11,103,10,0,148,2.7664418,10.791277,"quick motion, rush, force; throw; the force; swing",lsj
ἐρύκω,56,-1,7,6,109,0.648797,13.115001,"keep in, curb, restrain; keep; back; kept",lsj
ἐρύω,146,152,7,76,53,0.9719537,13.226532,"drag, draw; drag; away, rescue; off for plunder, ransom",lsj
ἐρῶ,91,234,9,22,26,0.2095957,11.203589,verbum; word; will say; speak,lsj
ἐσθής,15,159,1,41,64,4.476851,12.293243,"clothing, raiment; the dress; dress; toga pura",lsj
ἐσθίω,15,82,6,45,45,2.9521484,12.90948,eat; ration-strength; eat of; devour,lsj
ἐσθλός,148,-1,0,50,1,3.77721,8.677943,"good; brave, stout; noble; wellbred",lsj
ἐσσύμενος,16,-1,0,58,13,2.3694575,7.966553,"hurrying, eager, impetuous; eager, yearning for; furiously, eagerly",lsj
ἐσχάρα,11,167,11,23,126,4.517388,10.870197,"hearth, fire-place; pan of coals, brazier; watch-fires; sacrificial hearth",lsj
ἐσχατιά,14,167,11,23,102,4.528684,10.711303,"farthest part, edge, border; the edge; shore; the mouth",lsj
ἐτήτυμος,12,35,2,2,25,3.7246258,8.159652,"true; the truth; truthful; genuine, real",lsj
ἐτεός,18,58,0,50,2,2.805113,7.600847,"true, genuine; true; in truth, verily; rightly",lsj
ἐτώσιος,9,35,2,2,25,3.9031396,8.179154,"to no purpose, fruitless; fruitless; useless, unprofitable; undone",lsj
ἐυ,6,104,29,14,9,2.3938396,9.4901285,,none
ἐυκνήμις,29,104,29,14,9,2.3867893,9.505986,well-greaved; with goodly spokes,lsj (relaxed match)
ἐυκτίμενος,31,88,29,14,31,2.1451561,9.34482,good to dwell in; so as to be good to dwell in; well-made; well-wrought,lsj (relaxed match)
ἐυμμελίης,6,104,29,14,9,2.284869,9.445261,armed with good ashen spear,lsj (relaxed match)
ἐυρρεής,5,122,29,14,31,2.2672575,9.136525,fair-flowing,lsj (relaxed match)
ἐυστρεφής,7,122,29,14,124,2.2151077,9.104568,well-twisted; shapely,lsj (relaxed match)
ἐφάλλομαι,12,-1,35,35,0,0.6470136,14.081,spring upon; attack; having leaped upon,lsj
ἐφάπτω,8,134,10,0,16,1.4085678,10.866672,bind on; having fixed; by making fast; had made fast,lsj
ἐφέζομαι,7,155,14,12,95,0.87835246,14.300127,sit upon; sit by; near,lsj
ἐφέπω,46,134,10,0,16,1.2882526,10.965658,"ply, wield; apply, direct towards; against; ply, belabour, lay on to",lsj
ἐφίζω,7,155,14,12,95,0.87749815,14.25693,set upon; set; ashore; having set,lsj
ἐφίημι,32,-1,10,0,16,0.3403701,13.005715,"send to; sent; set on, incite; throw",lsj
ἐφίστημι,20,204,14,12,95,0.5092891,14.202047,"set, place upon; set over; to be appointed, instituted; bring in",lsj
ἐφανδάνω,9,145,18,18,23,0.81598943,12.377622,"please, be grateful to",lsj
ἐφετμή,10,103,10,0,148,2.7262537,10.941057,"command, behest; behests; demands, prayers",lsj
ἐφευρίσκω,9,177,9,9,58,0.40586033,13.719054,"find; discover, find anywhere; discovered; discover besides",lsj
ἐφοπλίζω,9,-1,14,29,135,1.095999,13.289279,"get ready; we will get ready our; fit out, equip, make ready; arm against",lsj
ἐφοράω,12,214,9,9,58,0.79479146,11.4291115,"oversee, observe; watch over, visit; visit; attend",lsj
ἐφορμάω,15,164,28,60,24,0.8206529,13.274581,"stir up, rouse against; set; having urged; rush upon, attack",lsj
ἐφύπερθε,9,141,21,1,52,1.8826886,6.6737027,"above, atop; from above; above",lsj
ἐχέφρων,6,-1,36,17,138,3.8980043,9.061297,"sensible, prudent",lsj
ἐχθαίρω,10,-1,20,30,130,1.6873744,12.443845,"hate, detest; bear; hatred; to be hateful",lsj
ἐχθρός,7,110,31,34,113,3.5460908,6.548812,"hated, hateful; hateful; hating, hostile; averse from",lsj
ἐύς,34,-1,39,39,80,2.1835146,9.112949,"good, brave, noble; good things, good fortune; thy",lsj (relaxed match)
ἐύτμητος,5,122,29,14,124,2.2209156,9.184985,,none
ἑανός,9,155,14,12,95,1.1301439,14.140852,fine; beaten out fine; fine robe; sail,lsj
ἑδριάω,6,155,14,16,59,0.9838501,14.2591,seat; set; sit,lsj
ἑκάς,20,-1,28,60,110,1.7321851,6.9479175,"afar, far off; far from, far away from; farther; farthest",lsj
ἑκάτερθε,17,141,21,1,52,1.9205258,6.6879396,"after a negative statement used as an intensive meaning something like ""likewise"" or ""also""; ""he isn't stupid, but he is",agwn
ἑκατηβόλος,6,6,3,21,119,2.2419074,9.75797,far-darting; shooting a hundred; hitting the mark at will,lsj
ἑκατόμβη,35,6,3,21,119,2.166408,9.866171,an offering of a hundred oxen; sacrifice; eye-salve,lsj
ἑκατόν,9,117,31,79,79,2.6318953,5.5832396,a hundred; very many; sém kṃtóm; centum,lsj
ἑκηβόλος,9,6,3,21,119,2.289361,9.71097,attaining his aim; far-shooting,lsj
ἑκών,16,-1,2,68,127,2.880867,7.3645625,"váśmi; readily; wittingly, purposely; as far as depends on oneʼs will, as far as concerns one",lsj
ἑλίσσω,17,155,13,48,6,0.9752055,14.163954,Acut.(Sp; turn round; about; turning,lsj
ἑλκέω,6,223,7,76,53,0.60486686,13.393346,"drag about, tear asunder; did; violence to",lsj
ἑνδέκατος,6,2,31,79,79,2.566704,6.151222,eleventh; eleventh day,lsj
ἑξῆς,25,-1,21,1,52,2.7308462,6.504551,"one after another, in order, in a row; continued; successive; in order",lsj
ἑπτά,18,-1,31,34,113,2.7366521,5.77798,seven; Seven; septemviri epulones; septṃ,lsj
ἑπταβόειος,5,-1,10,7,77,1.7015841,9.360627,of seven bullsʼ-hides,lsj
ἑσπέριος,9,58,21,1,52,2.5862372,7.32213,towards evening; at eventide; at even; western,lsj
ἑτέρωθεν,32,-1,21,1,52,2.0177228,6.6194506,"from the other side; on the other side, opposite; from another quarter, from outside",lsj
ἑτέρωσε,11,-1,21,1,52,1.994784,6.6387076,"to the other side; on one side; on the other side; elsewhither, aside",lsj
ἑταῖρος,397,-1,23,62,30,4.9477286,8.836569,"comrade, companion; comrades-in-arms; messmate; fellowslave",lsj
ἑτεραλκής,6,73,19,4,78,2.311368,8.775293,giving strength to the other side; inclining to the other side; was changing sides; inclining to their side,lsj
ἑτοῖμος,18,-1,26,28,29,3.6025484,10.702588,"at hand, ready, prepared; in hand; in ready money; ready",lsj
ἑός,296,31,15,20,122,4.7023377,7.9546056,"his, her own; his own; his own inmost; their",lsj
ἔγκατα,6,112,1,41,66,4.56158,12.5277195,"inwards, entrails",lsj
ἔγχος,239,158,1,8,96,4.6204896,11.877986,"spear, lance; weapon; sword; weapons",lsj
ἔδω,57,67,10,0,39,1.1589303,10.955395,"eat; eat up, devour",lsj
ἔθειρα,5,149,14,29,28,4.48605,11.479703,hair; a horseʼs mane; horsehair crest; hair of the head,lsj
ἔθνος,29,170,23,13,56,4.883429,10.890366,"number of people living together, company, body of men; band; host; swarms, flocks",lsj
ἔθω,9,-1,4,43,43,1.0458541,11.2372,"to be accustomed, to be wont; after his wont",lsj
ἔισος,24,67,10,0,39,1.0761242,10.814522,"alike, equal; equal in height; equal; equally shared, of which each partakes alike",lsj (relaxed match)
ἔκπαγλος,25,16,2,44,134,2.4423947,8.085074,"terrible, violent; terribly, vehemently, exceedingly; beyond all measure; marvellous, wondrous",lsj
ἔκτοσθε,9,141,21,1,52,1.9350303,6.7228956,outside; out of the number of; delirious,lsj
ἔλαιον,23,120,6,45,45,3.5847468,12.907927,olive-oil; anointing-oil; oil; any oily substance,lsj
ἔλαφος,16,56,6,46,10,5.5897436,10.218108,"deer, Cervus elaphus; hart; stag; hind",lsj
ἔλδομαι,17,-1,10,0,39,0.21050528,11.950921,"wish, long; long for; eager to reach; desire",lsj
ἔλδωρ,8,67,10,0,39,1.127345,10.959623,"wish, longing, desire",lsj
ἔλεγχος,5,-1,2,2,40,4.477492,12.472014,"reproach, disgrace, dishonour; reproaches",lsj
ἔλπω,60,206,10,0,39,-0.32584953,11.577811,cause to hope; feeds; with hope; cause to expect,lsj
ἔμπας,35,84,21,77,3,2.7392502,7.0499725,"alike; in any case; anyhow, as things are; as it is",lsj
ἔμπεδος,51,-1,0,19,54,2.0725038,8.012316,"in the ground, firm-set; steadfast; sure and certain; cleaving",lsj
ἔμπλεος,6,203,1,8,98,0.7516943,12.84427,"quite full of; in full measure, complete",lsj
ἔναρα,12,118,1,41,66,4.037457,12.459418,"arms and trappings of a slain foe, spoils; taken from; spoil, booty",lsj
ἔνδοθεν,6,91,21,1,52,1.9507978,7.0683746,"from within; from inside; of oneself, by oneʼs own doing; of oneself",lsj
ἔνδοθι,13,-1,21,1,52,1.997759,6.8371024,"within, at home",lsj
ἔνδον,42,92,21,1,52,1.8912219,7.068159,within; in oneʼs heart; at home; of the house,lsj
ἔνειμι,11,174,18,18,23,0.5744413,13.303104,sum; to be in; to be among; is in,lsj
ἔνερθε,11,141,21,1,52,1.8702712,6.670819,"from beneath, up from below; beneath, below; below; from below",lsj
ἔνθεν,38,-1,31,34,113,3.129299,6.3410487,thence; on the one side; on this side; on that,lsj
ἔντεα,32,112,1,41,64,4.467673,12.545669,"fighting gear, arms, armour; coat of mail, corslet; furniture, appliances, tackle; rigging",lsj
ἔντερον,6,112,1,41,66,4.3973694,12.615757,"piece of the guts; intestines; gut; guts, bowels",lsj
ἔντοσθε,18,-1,21,1,52,1.8424755,6.7004204,from within,lsj
ἔντοσθεν,6,-1,21,1,52,1.8754717,6.721865,,none
ἔξειμι2,5,-1,4,27,21,1.9240876,6.863554,sum; issue,lsj (homograph 2)
ἔξοχος,33,94,2,44,134,3.3852355,7.6808763,"standing out, jutting; prominent above; eminent, excellent; eminentissimus",lsj
ἔξω,9,92,21,1,52,1.846142,6.97557,out; out of; outside; prominency,lsj
ἔοικα,120,68,8,74,149,0.9705882,10.580006,"to be like; it was opportune; will be like; to be like, look like",lsj
ἔπαλξις,10,166,11,52,144,4.6066594,11.048022,"means of defence; battlements; line of battlements, parapet; crenellations",lsj
ἔπειμι,7,174,18,18,23,0.5454672,13.436796,"sum; to be upon; to be upon, be set upon; to be attached",lsj
ἔπειμι2,16,225,18,18,104,0.05118662,14.0213785,"ibo; come upon; come upon, approach; come against, attack",lsj (homograph 2)
ἔπειτα,479,-1,21,77,3,2.9855487,6.766684,"thereupon, thereafter, then; thereafter, afterwards; hereafter; just then, at the time",lsj
ἔπος,414,218,9,22,26,0.1592824,10.688714,"vácas; word; utterance; that which is uttered in words, speech, tale",lsj
ἔραζε,9,67,10,0,39,1.1655263,10.883434,,none
ἔραμαι,7,229,34,3,137,0.34190384,12.263131,"love; desire passionately, lust after; desire eagerly",lsj
ἔργνυμι,9,-1,7,47,50,0.518712,14.158233,,none
ἔργον,210,-1,9,9,99,1.9665949,10.859879,weorc; varəza; work; tasks,lsj
ἔργω,22,67,10,0,39,1.1282471,10.9664,shut in; shut out; vrajás; urgeo,lsj
ἔρδω,48,-1,9,22,125,1.3477228,11.0743475,to do; harm; let; practise,lsj
ἔριον,5,118,1,41,66,3.9708986,12.504927,wool; flocks of wool; cotton; web,lsj
ἔρις,52,-1,19,4,78,3.428662,11.378119,"strife, quarrel, contention; battle-strife; quarrel, strife; discord",lsj
ἔριφος,6,56,6,46,10,5.5715528,10.19637,kid; Haedi,lsj
ἔρνος,5,-1,6,46,146,5.415703,10.452042,"young sprout, shoot; a young plant; wreaths; scion, offspring",lsj
ἔρομαι,40,234,9,22,26,0.15238647,11.129659,"ask, inquire; learn by inquiry; ask after; for",lsj
ἔρος,26,67,10,0,39,1.1681306,10.990242,"love, desire; Eros",lsj
ἔρρω,13,70,31,34,131,4.0316505,6.8070188,go slowly; limping; wandering; come to oneʼs own harm,lsj
ἔρσα,5,67,10,0,39,1.0977901,10.907945,,none
ἔρχομαι,715,226,7,47,50,-0.053433105,14.067081,"ibo; start, set out; was setting out; was",lsj
ἔσθω,15,82,6,45,45,2.9300647,12.926616,"eat; eat up; feed on, devour",lsj
ἔσχατος,6,-1,2,2,40,3.3787873,7.9391704,"farthest, uttermost, extreme; hindmost; at the end of the lines; farthest part of",lsj
ἔσω,6,92,21,1,52,1.8018698,7.022047,,none
ἔτης,9,-1,10,0,115,4.86783,8.936445,clansmen; kinsmen and dependents of a great house; citizen; a private citizen,lsj
ἔτος,22,19,31,79,79,3.609063,10.316891,year; years; annually; yearly,lsj
ἔτυμος,6,35,2,2,25,3.7317557,8.110705,true; natural; the true sense; according to its origin,lsj
ἔχθω,5,231,4,27,21,0.40910104,11.71183,hate,lsj
ἔχω,718,-1,3,42,42,0.5289019,13.224683,check; seĝh; sáhate; sigis,lsj
ἕδνον,12,67,10,0,39,1.1723475,10.936198,bride-price; wedding-gifts; portion; by those of her own household,lsj
ἕδος,14,170,14,12,95,4.812912,11.088601,"sitting-place; seat, stool; straight-backed chair; seat, abode, dwelling-place",lsj
ἕδρα,12,-1,14,12,95,4.647876,11.017701,"sitting-place; seat, chair, stool, bench; seat of honour; throne",lsj
ἕζομαι,93,155,14,12,95,0.93681914,14.304191,"seat oneself, sit; sank; crouch; sink",lsj
ἕκαστος,220,168,10,0,16,1.7698548,10.36392,each; every one; every single; all and each severally,lsj
ἕκηλος,16,84,21,77,3,2.6195502,7.07724,"at rest, at oneʼs ease; at your ease; without let; hindrance",lsj
ἕκτωρ,8,24,5,15,76,3.386906,6.4329004,"holding fast; hair-net; Hector, the prop; stay",lsj
ἕλιξ,14,30,6,46,10,4.338136,10.220215,"twisted, curved; twisted, crumpled horns; rolling; tangled",lsj
ἕλκος,22,126,1,41,66,4.259433,12.246587,"wound; festering wound, sore, ulcer; the festering bite; plague-ulcer",lsj
ἕλκω,65,223,7,76,53,0.65489113,13.563545,"sulcus; velkù; draw, drag; began to drag",lsj
ἕλωρ,8,105,26,28,29,3.5378,11.493323,"spoil, prey; penalty for the slaughter",lsj
ἕνδεκα,5,117,31,79,79,2.6178238,5.6134353,"eleven; the Eleven, the Police-Commissioners",lsj
ἕννυμι,60,155,14,29,28,1.0772507,14.055158,ves; vestis; váste; put clothes on,lsj
ἕξ,16,116,31,79,79,2.6281333,5.6102676,six; the six; xšvaš; sex,lsj
ἕπομαι,183,-1,10,0,16,1.7179971,10.389832,sacate; sequor; sèkti; saśc(a)-),lsj
ἕπω,6,155,14,12,95,1.1166315,14.120723,"to be about, busy oneself with; sapati; saparyati; sepelio",lsj
ἕρκος,31,-1,26,28,11,4.2486653,12.179155,"fence, enclosure; the place enclosed, court-yard; enclosure; wall for defence",lsj
ἕρμα,5,129,26,28,11,4.2131267,12.352988,"prop, support; props; prop; stay",lsj
ἕσπερος,7,18,32,65,65,3.758357,10.411172,at evening; evening; of darkness; eventide,lsj
ἕωθεν,7,101,21,1,52,2.7901618,6.514793,from morn; at earliest dawn; early,lsj
Ἐννοσίγαιος,23,43,10,0,16,1.7904909,9.808827,Earth-shaker,lsj
Ἐνοσίχθων,40,43,10,0,16,1.703624,9.872402,Earth-shaker; earth-stirring,lsj
Ἐνυάλιος,9,-1,19,4,78,6.756595,8.535754,the Warlike; temple of; battle; battle-cry,lsj
Ἐπειός,22,-1,5,24,94,5.6901298,8.063303,,none
Ἐρινύς,10,27,6,46,10,6.162632,8.937258,"the Erinys; guilt, punishment invoked; curses from; frenzy",lsj
Ἐφύρα,7,-1,5,24,94,5.986191,7.256929,Ephyra,lsj
Ἑκάβη,8,20,5,15,48,6.6967225,8.469138,,none
Ἑκάεργος,11,-1,5,15,48,6.301373,8.735182,nine,lsj
Ἑλένη,57,20,5,15,48,6.6439204,8.46248,,none
Ἑλλάς,10,9,5,24,94,5.8094807,7.1996427,Hellas; part of Phthiotis; Northern Greece; Greece,lsj
Ἑλλήσποντος,11,78,22,36,8,4.5401926,10.120584,Hellespont; sea of Helle; the Dardanelles; the adjacent country,lsj
Ἑρμῆς,34,-1,5,15,76,7.243149,8.192188,Hermes; pillar surmounted by bust; Dritter Bericht; Mercury,lsj
Ἔρεβος,6,12,5,24,94,6.108831,7.3228593,Erebos; the darkness; rájas; riqis,lsj
Ἕκτωρ,441,24,5,15,76,6.5105853,8.433957,,none
Ἕλενος,10,17,5,15,76,7.02923,8.39862,,none
ἠέ,54,-1,39,39,80,3.052638,6.2294874,"or, whether",lsj
ἠέλιος,116,18,32,65,65,3.8097904,10.310934,,none
ἠίθεος,9,30,39,39,80,4.109339,9.752174,unmarried youth; unmated; ghosts of those who die unmarried,lsj
ἠβαιός,8,58,0,50,2,2.6598449,7.670485,small; the least; a few; in the least,lsj
ἠγάθεος,10,-1,29,14,31,2.7485442,9.291053,most holy,lsj
ἠγερέθομαι,15,177,7,47,50,0.5644484,13.843004,"gather together, assemble",lsj
ἠεροειδής,14,-1,10,7,4,1.4402978,9.358828,"misty, cloudy, dark; in the far distance, dimly",lsj
ἠερόεις,8,-1,10,7,4,1.3762075,9.427878,"cloudy, murky; the murky; livid",lsj
ἠθεῖος,6,71,31,34,131,4.2151184,7.027676,"trusty, honoured; trusty friends",lsj
ἠιών,12,78,22,36,8,4.5352917,10.24479,"shore, beach; banks; lower part of the face",lsj (relaxed match)
ἠλάκατα,5,30,39,39,80,4.154132,9.874792,wool on the distaff,lsj
ἠλίβατος,6,30,39,39,80,4.18027,9.894315,"high, steep; deep, abysmal; huge, enormous",lsj
ἠλακάτη,5,30,39,39,80,4.1839404,9.91031,distaff; the stalk; the fate; distaffshaped,lsj
ἠμί,86,110,31,34,113,3.3978672,6.3372545,"say; spake; said; aio, ad-agium",lsj
ἠμαθόεις,11,-1,10,7,4,1.4734542,9.490987,sandy,lsj
ἠμύω,5,-1,7,76,53,0.76089853,12.989815,"bow down, sink; totter, fall; fall, perish; cause to fall, ruin",lsj
ἠνεμόεις,13,-1,10,7,4,1.3561676,9.434772,"windy, airy; rapid, rushing; high-soaring, airy; stirred, waved by the wind",lsj
ἠνορέη,5,210,16,31,7,3.3415945,11.289463,"manhood, prowess; manly beauty; strength; force",lsj
ἠπεροπεύω,5,-1,39,39,80,1.5473942,10.748329,"cheat, cajole; seduction",lsj
ἠριγένεια,22,18,32,65,65,3.7319322,10.27929,"early-born, child of morn; morn; morning; a day",lsj
ἠχή,11,165,12,5,5,2.7551217,11.299607,"sound, noise; cry; wail; rumour, talk",lsj
ἠύτε,36,124,39,39,80,3.0739436,6.342966,"as, like as; even as; like; than",lsj (relaxed match)
ἠώς,106,18,32,65,65,3.733021,10.276154,"dawn; light of day; morning; at morn, early",lsj
ἠῶθεν,12,101,21,1,52,2.6934762,6.6033993,"from morn; at dawn, at break of day; to-morrow morning; in the morning",lsj
ἡβάω,15,86,17,70,142,2.3701017,12.451964,attain; have attained puberty; past puberty; adults,lsj
ἡγέομαι,44,55,23,13,56,4.614748,9.224839,"go before, lead the way; precede; to go before; might guide",lsj
ἡγήτωρ,40,50,23,13,56,4.5840855,9.293158,"leader, commander, chief; chiefs in war",lsj
ἡγεμονεύω,33,55,23,13,56,4.659307,9.180555,lead the way; to lead; make; lead,lsj
ἡγεμών,26,55,23,13,56,4.675037,9.161933,"one who leads; guide; one who does a thing first, shows the way; leaders, Mnemos",lsj
ἡδύς,42,146,0,50,1,3.3108463,8.636362,pleasant; rather; pleasures; merrily,lsj
ἡμέρα,6,19,31,79,79,3.6677883,10.257994,day; at daybreak; in the day; a state,lsj
ἡμέτερος,84,31,15,20,122,4.7439103,7.963948,our; our case; our part; in our power,lsj
ἡμίονος,38,56,6,46,10,5.3553233,9.814537,"half-ass; mule; a team of racing-mules; wild ass, onager",lsj
ἡνία,27,112,1,41,66,4.446758,12.560862,reins; bit; ṇsiyo; nāsyam,lsj
ἡνίοχος,30,54,23,62,30,4.9146004,9.270679,"one who holds the reins, driver, charioteer; chariot-driver; rider; the helmsman",lsj
ἤια,7,30,2,2,69,4.102803,9.751068,provisions for a journey; food; husks; chaff,lsj (relaxed match)
ἤλιθα,5,30,39,39,80,4.1542344,9.8520975,"very much, exceedingly; in vain, to no purpose",lsj
ἤπειρος,18,78,22,36,8,4.5415015,10.20267,"terra firma, land; the sea; land; the mainland of Western Greece",lsj
ἤπειρόνδε,8,90,21,71,17,4.9868803,6.8706408,,none
ἤπιος,24,35,2,2,25,3.9152598,8.247603,"gentle, kind; appeased; kindly feeling; mild, less intense",lsj
ἤτοι,105,110,31,34,113,3.2994637,6.35827,,none
ἥβη,18,-1,16,31,7,3.2093153,11.056584,"youthful prime, youth; manhood; strength and vigour of youth; the time before manhood",lsj
ἥλιος,8,18,32,65,65,3.8002696,10.313999,"sun; the light of life, live; East; eastern",lsj
ἥμισυς,14,116,31,79,79,2.6541536,5.647331,half; half of; half-and-half; mid,lsj
ἥρως,110,24,5,15,76,6.509979,8.492361,"hero; the Fourth Age of men; heroes, as objects of worship; local deities",lsj
ἦκα,9,-1,21,10,106,2.933476,6.471739,"slightly, a little; a little; softly, gently; softly, low",lsj
ἦμαρ,178,19,31,79,79,3.650434,10.340184,day; by day; on that day; the day,lsj
ἦμος,32,124,31,34,113,3.122355,6.305567,"at which time, when; while, so long as",lsj
ἦνις,5,56,21,1,82,5.561493,10.041368,,none
ἦνοψ,5,144,26,67,67,4.5690947,9.969695,"gleaming; Fr.anon; not to be looked at, dazzling",lsj
ἦτορ,79,-1,10,0,16,2.284375,10.491454,"heart; my heart; the seat of life, life; the seat of feeling, passion, desire",lsj
ἧμαι,118,155,14,12,95,0.875598,14.338975,"āste; to be seated, sit; sit still, sit idle; encamp",lsj
ἧπαρ,9,112,22,57,57,4.320033,12.309817,liver; pregnant; fruitful land; yēqṷṛt,lsj
ἧχι,8,125,31,34,113,3.273837,6.1755,where,lsj
Ἠετίων,12,26,5,15,76,6.525386,8.20646,,none
Ἡράκλειος,6,10,5,15,48,6.4117136,8.903543,of Heracles; Heracles himself; like Heracles; temple of Heracles,lsj
Ἡρακλέης,7,40,5,15,76,6.9293265,7.7737823,Heracles; like Heracles,lsj
Ἥρα,127,10,10,0,16,6.31812,8.881265,Hera; nine; servo; inhabitants of Heraea,lsj
Ἥφαιστος,59,-1,5,15,48,6.447636,8.586409,Hephaestus; Volcanus; Plah; nine,lsj
Ἦλις,10,9,5,24,94,5.8694463,7.153395,,none
ἰάλλω,21,80,20,54,87,1.2724136,11.059835,send forth; they put forth; laid; threw,lsj
ἰάομαι,5,80,13,48,12,1.4678872,11.127073,"heal, cure; attempt to cure, treat; cure. treat; remedy",lsj
ἰάχω,36,227,20,66,32,1.6031252,11.937023,"cry, shout; shriek; ring, resound; roar",lsj
ἰαίνω,18,80,10,0,16,1.5635861,10.87699,"heat; melt; relax by warmth; warm, cheer",lsj
ἰατήρ,6,48,23,13,84,3.3571815,10.474931,surgeon; healer; deliverer,lsj
ἰατρός,5,44,31,34,113,4.4374433,8.718192,"one who heals, physician; surgeon; midwife",lsj
ἰαχή,10,165,12,5,5,2.7089684,11.290096,"cry, shout; wail, shriek; a joyous sound; shouts of joy",lsj
ἰαύω,11,80,20,54,87,1.3513957,11.056611,"Graffītes Grecs du Memnonion d’ Abydos; sleep, pass the night; enjoy; sleeping",lsj
ἰδνόομαι,5,191,20,56,27,1.6592064,12.326641,"bend oneself, double oneself up",lsj
ἰθύνω,25,145,20,54,87,1.1878471,12.699956,"make straight, straighten; guide in a straight line; let us drive; straight",lsj
ἰθύς,21,-1,21,1,52,1.9504473,7.228057,"straight; straightway, forthwith; straight on; outright, openly",lsj
ἰθύς2,30,-1,21,1,52,1.9502435,7.178642,"against; straight upwards; enterprise; mood, designs",lsj (homograph 2)
ἰθύω,13,-1,20,54,87,1.3047427,12.848669,"go straight, press right on; set straight; dashed straight at; to be eager, strive",lsj
ἰοχέαιρα,12,42,10,63,63,2.439622,10.024354,"arrow-pourer, shooter of arrows; poison-shedding",lsj
ἰσχανάω,8,201,10,7,4,1.5634118,11.581526,"hold back, stay; hold back, wait; to be stayed; cling to",lsj
ἰσόθεος,14,16,19,4,145,2.3463423,7.6818695,"equal to the gods, godlike",lsj
ἰχθυόεις,15,-1,10,7,4,1.4135485,9.498371,"full of fish, fishy; fish-like; consisting of fish",lsj
ἰχθύς,18,56,6,46,10,5.4428577,9.953192,any of various mostly cold-blooded aquatic vertebrates usually having scales and breathing through gills,agwn
ἰωή,5,103,10,0,148,2.7142558,10.749303,any loud sound: shout; cry; sound; the roaring blast,lsj
ἰός,35,75,12,51,51,2.8660748,10.417758,arrow,lsj
ἰότης,11,210,16,31,7,3.2867017,11.134055,"will, desire; by the will; will; for the sake of",lsj
ἱέραξ,8,56,25,25,20,5.6203914,10.1467,"hawk, falcon; fish; bandage",lsj
ἱδρόω,8,191,20,56,27,1.7209852,12.112506,"sweat, perspire; shall reek with sweat",lsj
ἱδρύω,6,155,14,29,28,0.9663554,14.210984,"make to sit down, seat; encamped; to be seated, sit still; lie encamped",lsj
ἱδρώς,19,-1,12,51,51,3.6101902,12.177234,"sweat; exudation; gum, resin; anything earned by the sweat of oneʼs brow",lsj
ἱερεύς,9,-1,3,21,70,3.831114,9.555444,"priest, sacrificer, diviner; pontifex; pont. maximus; a minister",lsj
ἱερεύω,30,-1,3,21,70,1.9712312,12.775924,sacrifice; offer sacrifice; slaughter; to slaughter for themselves,lsj
ἱερόν,14,-1,3,21,70,3.7341337,9.68022,"a job in an organization or hierarchy: ""he ocupied a post in the treasury""",agwn
ἱερός,76,-1,3,21,70,3.6414719,9.552731,"filled with; manifesting divine power, supernatural; great; holy",lsj
ἱκάνω,110,226,7,47,50,-0.15899009,14.121142,"come; to come to; reach, attain to; are fulfilled",lsj
ἱκέτης,12,-1,10,0,115,4.7628255,8.909626,"one who comes to seek aid; protection, suppliant; one who comes to seek for purification after homicide; protector of suppliants",lsj
ἱκνέομαι,265,226,7,47,50,-0.17278552,14.134004,"come; came; arrive at; reach, attain to",lsj
ἱλάσκομαι,6,-1,3,21,70,0.22426674,12.112691,"fix firmly: ""He ensconced himself in the chair""",agwn
ἱμάς,21,-1,12,51,51,5.1037335,11.594319,leathern strap; thong; traces; reins,lsj
ἱμάσθλη,5,-1,10,0,148,2.9013948,10.827346,thong; whip; rudder; any thong,lsj
ἱμάσσω,8,81,14,29,28,1.3767109,13.40341,flog; smote; smites; with lightnings,lsj
ἱμείρω,6,-1,26,28,29,0.22691008,12.115072,"long for, desire; long; wish",lsj
ἱμερόεις,10,-1,10,7,4,1.2051479,9.518634,"exciting desire, lovely, charming",lsj
ἱππεύς,26,54,23,62,30,4.9020743,9.164832,one who fights from a chariot; the driver; the hero who fights; one who drives in a chariot-race,lsj
ἱππηλάτης,11,-1,23,13,56,4.6911974,9.344278,"the smallest whole number or a numeral representing this number: ""he has the one but will need a two and three to go wit",agwn
ἱπποδάσεια,9,42,10,7,77,2.2867827,9.841378,bushy with horsehair,lsj
ἱπποκορυστής,5,42,10,0,16,2.498851,10.051198,"marshaller, arranger of chariots",lsj
ἱπποσύνη,6,42,10,7,77,2.239194,10.0584345,"the art of driving the war-chariot; driving, horsemanship; horse, cavalry",lsj
ἱππόβοτος,15,-1,10,7,77,1.6031289,9.7181015,grazed by horses,lsj
ἱππόδαμος,48,42,29,14,9,2.4260821,9.769375,tamer of horses; Hippodamia,lsj
ἱππόκομος,5,41,23,62,30,2.969126,9.688028,,none
ἱππότης,37,-1,23,13,56,4.7803597,9.468209,"driver; rider of horses, horseman, knight; horseback; the horse",lsj
ἱρός,21,65,3,21,70,3.331513,9.439131,,none
ἱστίον,24,112,1,41,66,4.509847,12.413603,"web, cloth, sheet; hangings; piece; sail",lsj
ἱστός,46,187,22,36,8,5.4845247,11.293392,"anything set upright; mast; the mast; rod, pole",lsj
ἴκελος,17,68,8,74,149,0.83505017,10.600662,"like, resembling; like; in the same way as",lsj
ἴκμενος,5,-1,0,19,54,4.195512,10.187674,a fair; moist,lsj
ἴκρια,11,112,1,41,66,4.532591,12.384251,"halfdeck; platform, stage; scaffolding; benches",lsj
ἴς,24,-1,25,25,20,5.7740335,9.328641,"sinew, tendon; sinews; the fibrous vessels in the muscles; fibrine",lsj
ἴσος,101,1,19,4,145,1.014512,10.341848,equal; like; copy; the same,lsj
ἴσχω,32,-1,17,75,75,0.5299898,13.213508,"keep back, restrain; keep; back; to keep",lsj
ἴφθιμος,43,-1,0,58,13,2.5483942,8.486638,"stout, strong; comely, stately; strong, powerful",lsj
ἴφιος,13,-1,1,41,66,5.394605,10.311407,"fat, goodly",lsj
ἴχνιον,8,-1,1,41,66,4.6001115,12.339557,"track, footprint; track; step; trace, remnant",lsj
ἵζω,68,155,14,12,95,0.91643786,14.341666,"si-sd-ō; e-sed-s; make to sit, seat, place, set; set",lsj
ἵημι,178,-1,7,47,35,0.07380844,13.841398,Ja-c-io; sēmen; véti; vyánti,lsj
ἵκω,39,226,7,47,50,-0.16389592,14.101001,"come; come to; are brought to; attain to, reach",lsj
ἵμερος,18,215,26,28,29,3.4979398,11.881363,"longing, yearning after; a yearning; for; impulses",lsj
ἵππειος,7,-1,23,62,30,3.3800504,9.513178,of a horse; horses; horse-hair,lsj
ἵππος,457,54,23,62,30,4.8365326,9.311776,horse; mare; team of chariot-horses; the chariot,lsj
ἵππουρις,6,168,10,0,16,1.7645812,10.321982,"horse-tailed, decked with a horse-tail; horse-tail; Satyrʼs tail; horse-tail, Equisetum silvaticum",lsj
ἵστημι,442,155,14,12,95,0.8712048,14.351882,make to stand; stand; sthā; á-sthā-t,lsj
ἶφι,15,1,19,4,145,1.1539357,10.034411,by force; might,lsj
Ἰδαῖος,24,-1,5,15,76,6.079353,7.9903913,of Ida,lsj
Ἰδομενεύς,76,-1,5,15,76,6.8837347,8.120466,,none
Ἰθάκη,72,11,5,24,94,5.913194,7.2143626,Ithaca; Ithacan; to Ithaca; from it,lsj
Ἰθακήσιος,6,14,5,15,76,5.951056,7.918536,,none
Ἰκάριος,17,36,5,15,76,7.0115566,8.358727,Icarian,lsj
Ἱππόθοος,7,-1,5,15,76,7.5400295,8.209334,,none
Ἱππόλοχος,10,98,5,15,76,7.514789,8.3819685,,none
Ἴδη,35,11,5,24,94,5.948976,7.2207737,,none
Ἴλιος,113,-1,5,24,94,5.743653,7.22257,"Ilios; Ilium, the city of Ilus, Troy; from Troy; before Troy",lsj
Ἴφιτος,5,97,5,15,76,7.459236,8.434918,,none
Ἶλος,7,17,5,15,76,6.9677362,8.406595,,none
Ἶρις,40,-1,25,25,105,6.136349,8.958976,Iris; rainbow; bright-coloured circle; the,lsj
Ἶρος,8,-1,25,25,105,6.929802,8.536763,Irus; an Irus; a beggar,lsj
ὀβελός,14,-1,1,41,64,5.270917,11.548133,"spit; pointed square pillar, obelisk; horizontal line",lsj
ὀδάξ,8,-1,0,32,15,2.7669747,8.272841,by biting with the teeth; biting the lips; tooth; bite,lsj
ὀδούς,23,-1,10,0,16,1.7905849,10.403269,tooth; incisors; molars; anything pointed,lsj
ὀδύνη,25,103,6,46,10,2.9917166,10.967741,"a bothersome annoying person: ""that kid is a terrible pain""",agwn
ὀδύρομαι,51,232,13,48,6,0.7138042,11.762193,"lament, bewail; mourned for; mourn for, for the sake of; wail",lsj
ὀδύσσομαι,8,235,4,27,108,0.36184,11.901052,"to be wroth against, hate; hated",lsj
ὀδών,11,75,12,51,51,2.8239274,10.476322,"an ability to perform well: ""he was at the top of his form""; ""the team was off form last night""",agwn
ὀιζυρός,12,75,20,54,132,2.9020221,10.3229885,"woeful, miserable; wretch!; toilsome, dreary; sorry, wretched, poor",lsj (relaxed match)
ὀιζύς,16,75,20,54,132,2.9193923,10.554785,"woe, misery",lsj (relaxed match)
ὀιστεύω,7,75,20,54,132,2.8898036,10.463174,shoot arrows; with an arrow; shoot with an arrow,lsj (relaxed match)
ὀιστός,53,75,12,51,51,2.940747,10.432705,"arrow; arrow-head, Sagitta sagittifolia; Sagitta",lsj (relaxed match)
ὀκριόεις,5,99,10,7,4,1.276824,9.439453,"having many points; roughnesses, rugged, jagged",lsj
ὀκτώ,5,-1,31,79,79,2.6230597,5.624586,"eight; aṣṭấ, aṣṭáu; octo; ahtau",lsj
ὀλέκω,15,189,7,76,143,0.41237557,13.088296,"ruin, destroy, kill; prey; perish, die",lsj
ὀλίγος,39,58,0,50,1,3.1757562,7.5527697,"little, small; small, low; not copious; slight",lsj
ὀλοφύρομαι,37,232,13,48,6,0.6444859,11.777672,"lament, wail, moan; lament; mourn for the ills of others; feel pity",lsj
ὀλοός,39,130,0,50,1,3.3953986,8.850711,"destructive, deadly; ill; destroyed, lost",lsj
ὀλοόφρων,5,-1,0,50,1,3.741844,9.044441,"meaning mischief, baleful; crafty, sagacious",lsj
ὀμφαλόεις,13,-1,10,7,4,1.2995677,9.440896,having a navel; boss; with a central boss; with a knob on the top,lsj
ὀμφαλός,8,-1,1,72,72,5.2182364,11.77995,navel; umbilical cord; anything; like a navel,lsj
ὀμόργνυμι,5,186,20,56,27,1.3044984,13.224257,wipe; were drying their; mrjáti,lsj
ὀνίνημι,15,-1,30,61,14,0.6944049,12.090327,"profit, benefit, help; gratify, delight; benefit; will",lsj
ὀνείδειος,8,-1,0,58,13,2.8164802,9.011562,reproachful; of reproach; dishonourable,lsj
ὀνειδίζω,5,153,13,11,93,0.74696654,11.754059,"cast in; teeth, make a reproach; make a reproach; to be made a reproach",lsj
ὀνομάζω,51,108,10,0,16,0.6185183,10.68691,"speak of by name, call; address by name; naming; name, specify",lsj
ὀνομαίνω,13,-1,30,61,14,0.16368762,11.324069,"name; call by name; name, recount; utter, speak",lsj
ὀξυόεις,11,100,10,7,4,1.3307598,9.402683,"with beechen shaft, beechen",lsj
ὀξύς,117,146,0,50,1,3.0890474,8.829397,"wood sorrel, Oxalis Acetosella; great sea-rush, Juncus acutus; sorrel, Rumex acetosa",lsj
ὀξύς2,25,146,0,50,1,3.2390935,8.687322,"sharp, keen; sharpened; point; apex",lsj (homograph 2)
ὀπάζω,46,134,10,0,16,1.3944161,10.969996,"make to follow, send with; give as a companion; follower; bid",lsj
ὀπάων,6,-1,20,54,132,3.0322778,10.440433,"comrade; esquire; follower, attendant; following",lsj
ὀπίσσω,6,-1,10,0,62,1.8306355,6.9414244,,none
ὀπίσω,52,-1,10,0,62,1.8754802,6.861545,"backwards; hinder parts; back; back, back again",lsj
ὀπαδέω,8,133,10,0,16,1.4618056,10.857807,,none
ὀπτάω,16,213,14,29,28,1.8742636,13.415162,"roast, broil; roast; broil; fry",lsj
ὀπυίω,12,133,20,54,132,1.430924,10.843456,"marry, take to wife; marry; wedded; to be married",lsj
ὀρέγω,34,134,10,0,16,1.3069477,11.210542,"reach, stretch, stretch out; reach out, hold out, hand, give; extend; stretch oneself out, stretch forth oneʼs hand",lsj
ὀρίνω,46,164,20,54,87,1.0139792,12.875342,"stir, raise; stir, move, excite; driving; wild",lsj
ὀρεύς,5,56,6,46,10,5.414041,10.234226,mule,lsj
ὀρθόκραιρος,5,42,10,63,63,2.4222853,10.011121,with straight; upright horns,lsj
ὀρθός,15,91,21,1,52,2.0550945,7.1810865,"straight; upright, standing; erect; standing with their walls entire",lsj
ὀρθόω,6,191,20,56,27,1.5839942,12.24119,"set straight; set upright, set up; raise up; raise up, rebuild",lsj
ὀροθύνω,7,164,20,54,87,1.1050134,12.729682,"stir up, rouse, urge on; urge",lsj
ὀρούω,20,164,20,54,87,1.0096982,12.894608,"dart, rush forward; move; rush at, strive after; to be eager",lsj
ὀρυκτός,7,132,29,14,31,3.1227953,9.03488,"dug, formed by digging; dug out, quarried; taken by digging",lsj
ὀρυμαγδός,16,111,12,5,22,2.8583,11.127981,"loud noise, din; the sound; rattling; roar",lsj
ὀρχηθμός,5,138,12,5,5,2.872659,11.6993065,dance,lsj
ὀρχηστύς,6,138,12,5,5,2.9188087,11.659981,the dance,lsj
ὀρύσσω,6,186,14,29,28,1.8929921,13.857469,dig; trench; dig up; had,lsj
ὀσμή,6,103,10,0,148,2.8292804,10.833888,"smell, odour; foul smells; fragrant odours; scent, perfume",lsj
ὀστέον,45,112,1,41,64,4.531526,12.558098,d)Fr; bone; the bleached bones of the dead; of bones,lsj
ὀτρηρός,7,-1,28,59,120,2.9319377,8.988825,"quick, nimble, busy, ready; sharp, cutting",lsj
ὀτρύνω,126,145,28,59,120,1.0444931,12.602138,"stir up, egg on, encourage; rouse oneself, bestir oneself, hasten; urge on, cheer on; urge forward, quicken, speed",lsj
ὀφέλλω,28,206,4,43,43,-0.33423832,11.587327,"increase, enlarge, strengthen; raises high; multiply; add to",lsj
ὀφείλω,26,206,4,43,43,-0.39273345,11.527248,"owe, have to pay; account for; do I owe?; to be debtor",lsj
ὀφθαλμός,112,154,1,72,72,4.953926,12.550179,eye; eyes; to the eye; sight,lsj
ὀφρύς,20,-1,1,72,72,5.048881,12.300765,the arch of hair above each eye,agwn
ὀχέω,8,157,28,60,110,2.1886315,11.927313,"hold fast; endure, suffer; bear; continue, keep doing",lsj
ὀχεύς,13,-1,28,60,110,5.046932,11.6893215,anything used for holding; fastening; band; strap for fastening the helmet,lsj
ὀχθέω,29,228,20,66,32,1.2191849,11.964373,"to be sorely angered, vexed in spirit",lsj
ὀψέ,19,83,31,34,113,2.930424,6.213188,"after a long time, at length, late; late; too late; it is not long",lsj
ὀψίγονος,5,32,15,20,114,5.16673,8.286091,"after the expected or usual time; delayed: ""a belated birthday card""; ""I'm late for the plane""; ""the train is late""; ""ta",agwn
ὁδίτης,5,-1,5,15,118,6.4162006,9.091139,"wayfarer, traveller",lsj
ὁδός,10,-1,7,47,128,2.4247859,10.652197,"way, road; course, channel; to truth; further on the way, forwards",lsj
ὁδός2,67,-1,7,47,128,3.1574192,10.901962,"way, road; course, channel; to truth; further on the way, forwards",lsj (homographs merged)
ὁμαδέω,5,227,19,4,97,1.688829,11.8486,make a noise; din,lsj
ὁμηγερής,10,1,19,4,97,1.07547,10.16013,assembled; all assembled,lsj
ὁμηλικία,9,1,19,4,97,1.0736147,10.25831,sameness of age; those of the same age; of the same age with,lsj
ὁμιλέω,23,1,19,4,78,1.2727647,10.54269,"to be in company with, consort with; consortest; joining in company; throng",lsj
ὁμοίιος,10,38,36,17,37,4.040983,9.355115,distressing; common to all; impartial,lsj
ὁμοκλέω,21,1,19,4,97,1.1178842,10.403123,,none
ὁμοκλή,6,103,19,4,97,2.5589437,10.881984,"threat, reproof, rebuke; reproaches; threatening shouts; shouts",lsj
ὁμοῦ,20,-1,33,33,123,2.8500538,7.2167964,"at the same place, together; together, at once; likewise; both",lsj
ὁμός,9,1,19,4,97,1.0810342,10.145693,"one and the same, common, joint; one; unite; samá",lsj
ὁμῆλιξ,5,1,19,4,97,1.0962024,10.229022,"of the same age; equal in age, comrade; of like stature",lsj
ὁμῶς,26,-1,33,33,123,2.8104763,7.204494,"equally, likewise, alike; in equal parts; both; alike",lsj
ὁπλίζω,19,-1,14,29,135,1.1106608,13.118253,make; get ready; make oneself; ready,lsj
ὁπλότερος,7,94,2,44,49,3.5438144,7.64326,the younger; younger; youngest; capable of bearing arms,lsj
ὁποῖος,5,125,31,34,113,3.3658974,6.163561,of what sort; quality; of what kind soever; none,lsj
ὁπόσος,5,125,31,34,113,3.340947,6.1544027,"as many, as many as; as much as; as great as; as far as",lsj
ὁπότε,79,125,31,34,113,3.3152218,6.1838613,"when; by what time; at any time whatever; because, since",lsj
ὁπότερος,13,125,31,34,113,3.3057458,6.14655,which of two; whichsoever; which of; two,lsj
ὁράω,97,214,9,9,58,0.8986324,11.482933,"Inscr. des tombeaux des rois; I know; a)ware; see, look",lsj
ὁρμάω,38,-1,28,60,24,0.62904745,13.527861,"set in motion, urge on, cheer on; tear; inspired; urged on",lsj
ὁρμή,8,168,10,0,16,1.7666618,10.360936,"rapid motion forwards, onrush, onset, assault; attack, invasion; impulse; rage",lsj
ὁρμίζω,5,223,14,29,28,1.1008651,13.351917,"bring to a safe anchorage, bring into harbour, moor, anchor; moored; bring; safe",lsj
ὁρμαίνω,29,-1,20,30,130,1.4897175,12.520878,"turn over; revolve anxiously in the mind, debate, ponder; ponder over, meditate; think, muse",lsj
ὄβριμος,28,164,20,54,87,3.0577683,10.559556,"strong, mighty; mightily; of might",lsj
ὄγχνη,6,59,10,0,148,5.416536,10.5119,"pear-tree, Pirus communis; pear",lsj
ὄζος,19,75,20,54,132,2.9325085,10.520871,"bough, branch, twig; knot; eye; eyes, mere knots",lsj
ὄθομαι,5,231,4,27,21,0.40244544,11.885555,take heed; regard,lsj
ὄις,52,56,6,46,10,5.5720434,10.189014,sheep; ram; ewe; avis,lsj (relaxed match)
ὄλβιος,14,37,2,2,69,4.4134088,8.418062,"happy, blest; happy, blessed; rich gifts; prosperous",lsj
ὄλβος,10,211,16,31,7,3.5734258,11.573059,"happiness, bliss; worldly happiness, weal; algà; olgṷā",lsj
ὄλεθρος,73,-1,10,0,16,1.7359128,10.425371,"ruin, destruction, death; of death; plague take thee!; destruction",lsj
ὄλλυμι,151,189,7,76,143,0.42562807,13.052854,"destroy, make an end of; kill; doing away with; lose",lsj
ὄμβρος,15,13,32,65,65,3.731394,10.111975,"storm of rain, thunder-storm; heavy rain; rains; water",lsj
ὄμμα,14,154,1,72,72,4.9781284,12.541597,eye; straight; look; expression,lsj
ὄμνυμι,35,237,4,27,108,-0.018077128,11.625794,swear; swear to; affirm; confirm by oath,lsj
ὄνειαρ,21,129,21,71,17,4.0980544,12.430394,"that which brings profit, advantage; boon; means of strengthening, refreshment; food, victuals",lsj
ὄνειδος,8,128,1,41,66,4.111929,12.442259,"reproach, rebuke, censure, blame; in disgrace; reproach; with censures",lsj
ὄνειρος,20,-1,9,9,58,4.1422606,11.953733,Les graffites grecs du Memnonion dʼAbydos; dream; a dream; faint and shadowy traces,lsj
ὄνομα,20,51,21,71,17,3.6774235,6.7391467,"name; by name; a name; name, fame",lsj
ὄνομαι,13,-1,30,61,14,0.2518101,11.667285,"blame, find fault with, treat scornfully; do ye think it a light thing; is it to your profit; thou wilt",lsj
ὄνυξ,5,148,1,41,64,5.119148,11.681897,"talons, claws; nail; hoof, X.Eq; claw",lsj
ὄπις,5,-1,21,10,106,2.8598914,11.404507,the vengeance; visitation; divine vengeance; the care,lsj
ὄπισθεν,56,-1,21,1,52,1.8844383,6.741152,"behind, at the back; back; those who are left behind; those who are in the rear",lsj
ὄρνις,32,56,6,46,10,5.4651904,9.993852,ara; arins; bird; bird of omen,lsj
ὄρνυμι,232,164,20,54,87,0.9499235,13.191132,"ārta; orior; stir, stir up; urge on, incite",lsj
ὄρος,90,171,11,23,102,5.0945635,10.705876,"mountain, hill; canton, parish; desert",lsj
ὄρχαμος,22,50,23,13,56,4.7131734,9.461267,"leader, chief",lsj
ὄρχατος,6,50,23,13,56,4.6478367,9.500973,"row of trees; orchard, garden",lsj
ὄσσα,29,154,1,72,72,5.001784,12.575663,a rumour; voice; sound; din,lsj
ὄσσε,31,154,1,72,72,5.030578,12.554612,the two eyes; oqṷ-ye,lsj
ὄσσομαι,9,235,4,27,108,0.20718858,11.777103,"oqṷ-yo; see, look; Fr.anon; see in spirit",lsj
ὄχα,19,51,21,71,17,3.6588447,6.72837,far; fest,lsj
ὄχθη,16,166,22,57,57,4.5105042,10.665166,"any height; rising ground; bank, dyke; raised banks of a river",lsj
ὄχος,61,-1,28,60,110,4.9978824,11.761656,carriage; chariot; bearers; anything which holds,lsj
ὄψ,25,-1,21,10,106,2.808915,11.522709,voice; word,lsj
ὅθεν,13,125,31,34,113,3.2834766,6.15336,"whence; from whom; which; from whatever source, in what manner soever",lsj
ὅθι,99,125,31,34,113,3.3026662,6.1532893,where,lsj
ὅμαδος,13,-1,19,4,97,3.0314507,11.3854685,"noise, din; noisy throng; mob of warriors; din of battle",lsj
ὅμιλος,87,170,23,13,56,4.7972846,10.908478,"any assembled crowd, throng of people; the mass of the people, the crowd; crowd; mob",lsj
ὅμοιος,22,1,19,4,97,1.021453,10.242588,"like, resembling; similar; more like; most like",lsj
ὅπη,16,125,31,34,113,3.3565247,6.103343,"by which; what way, in which; what direction; part",lsj
ὅπλον,19,112,1,41,66,4.4701176,12.551568,"tool, implement; tackle, tackling; ropes, halyards; rope",lsj
ὅρκιον,30,126,4,27,108,4.2357087,12.65606,oath; oaths; the offerings and other things used at a solemn oath; treaty,lsj
ὅρκος,33,237,4,27,108,0.00666834,11.615801,the object by which one swears; oath; an oath by; an oath,lsj
ὅρμος,6,78,22,36,8,4.5429325,10.295372,"cord, chain; necklace, collar; anything strung like a necklace, wreath, chaplet; a string",lsj
Ὀδυσσεύς,665,24,10,0,16,6.704213,8.601952,Odysseus; games in honour of Odysseus; temple of Odysseus,lsj
Ὀιλεύς,14,40,5,15,76,6.9247756,7.7637224,Oïleus,lsj (relaxed match)
Ὀλύμπιος,41,28,2,2,69,5.8530054,8.413218,"Olympian, of Olympus, dwelling on Olympus; of Olympus",lsj
Ὀρέστης,11,17,5,15,76,6.932771,8.437474,,none
Ὀρτίλοχος,5,98,5,15,76,7.532638,8.340039,,none
Ὄλυμπος,96,-1,32,65,65,6.3010125,7.6088357,"Olympus; sky; to, towards Olympus; from O",lsj
ὑβρίζω,5,153,13,11,93,0.8963672,11.902867,"wax wanton, run riot; neigh; bray and prance about; run riot, grow rank and luxuriant",lsj
ὑβριστής,5,44,13,11,93,4.1563506,8.372699,"violent, wanton, licentious, insolent man; sarcastic; lustful, lewd; insolent",lsj
ὑγρός,19,-1,22,57,57,3.37776,9.03628,"wet, moist, fluid; raw; liquid; moist",lsj
ὑλήεις,15,-1,10,7,4,1.2953129,9.428505,"woody, wooded; through the wood; dense growth; dwelling in the woods",lsj
ὑμέτερος,18,31,15,20,122,4.73276,7.946012,"your, yours; you; your; to your house",lsj
ὑμός,7,31,15,20,122,4.7051005,7.9240947,your,lsj
ὑπάγω,5,223,23,13,56,0.6911796,13.554777,lead; bring under; brought; under,lsj
ὑπέκ,8,-1,7,47,36,1.5531085,7.134056,"out from under, from beneath, away from",lsj
ὑπένερθε,11,141,21,1,52,1.850177,6.6567287,"underneath; under the earth, in the nether world; under, beneath",lsj
ὑπέρβιος,8,16,2,44,134,2.7960925,7.763695,"of overwhelming strength; might; overweening, lawless, wanton",lsj
ὑπέρθυμος,27,16,2,44,134,2.8287797,7.908078,"high-spirited, high-minded, daring; overweening; over-spirited; vehemently angry",lsj
ὑπέρτερος,7,-1,2,44,134,3.3759573,7.7505684,"over; above, upper; from the outer parts of a victim, outside; higher",lsj
ὑπέχω,5,-1,4,27,108,-0.1194163,11.791638,hold under; put; under; holding out,lsj
ὑπαλύσκω,5,183,7,6,116,-0.08063064,12.980801,"flee from, escape; having got quit of",lsj
ὑπείκω,10,184,8,74,149,0.14906228,11.447727,"retire, withdraw, depart; from; retire from; for",lsj
ὑπεκφεύγω,14,183,7,76,53,-0.12502828,13.103453,flee away; escape; escape from,lsj
ὑπερέχω,9,-1,7,6,83,0.39546788,13.587999,hold over; held; over; holding,lsj
ὑπερβαίνω,7,208,7,6,83,0.37941882,13.753589,"step over, mount, scale; cross; step over; overflow",lsj
ὑπερβασία,6,210,16,31,7,3.2479513,11.156174,"passover; transgression, trespass",lsj
ὑπερηνορέων,12,16,2,44,134,2.5483408,8.220916,"exceedingly manly; manliness, courage), overbearing, overweening; thinking oneself more than man",lsj
ὑπερμενής,14,16,2,44,134,2.4488204,8.258226,exceedingly mighty,lsj
ὑπερφίαλος,32,16,2,44,134,2.545698,8.175489,"overbearing, overweening, arrogant; arrogant; puissant; huge",lsj
ὑπερῷον,19,-1,11,69,34,4.5690894,8.642995,the upper part of the house; from her chamber; upper chamber; story,lsj
ὑπηοῖος,5,58,21,1,52,2.452377,7.6150146,"towards dawn, early; early; morning",lsj
ὑπισχνέομαι,25,237,4,27,108,-0.07792912,11.742005,take upon oneself; undertake to do; promise; she makes promises,lsj
ὑποδέχομαι,15,184,7,6,116,-0.13843831,12.555988,"receive into oneʼs house, welcome; received; who had received him; harbour",lsj
ὑποδείδω,13,-1,13,11,19,0.96908903,12.0181675,"shrink in fear under, cower before; cower beneath; fear",lsj
ὑποδύομαι,5,196,7,76,53,0.66854215,13.825876,,none
ὑποκρίνομαι,6,-1,4,27,108,0.17306216,11.752438,"reply or respond to: ""She didn't want to answer""; ""answer the question""; ""We answered that we would accept the invitatio",agwn
ὑπολείπω,7,142,38,38,74,-0.23320758,12.744962,"leave remaining; leave; fail; fail, fall short",lsj
ὑπολύω,6,183,7,6,116,0.031996664,13.123629,loosen beneath; below; made; give way under him,lsj
ὑπομένω,9,184,7,6,116,-0.2131524,12.673717,"stay behind; remain alive; to be left behind, remain; to be permanent",lsj
ὑποστρέφω,6,197,7,47,35,0.62649053,14.073472,turn round about; back; bringing back; roll up,lsj
ὑποτίθημι,8,-1,4,27,108,0.064427294,11.693825,place under; puts; under; putting,lsj
ὑπόδρα,26,184,7,6,116,1.5232315,7.262409,"from under; looking askance, grimly",lsj
ὑπότροπος,5,184,7,6,116,1.573482,7.2885976,"turning back, returning; rallying",lsj
ὑσμίνη,48,103,10,0,16,2.776153,10.792803,"fight, battle, combat; of the fight; the fight; yúdh",lsj
ὑφίστημι,19,-1,4,27,108,-0.24681625,11.878303,place; set under; having set; under,lsj
ὑφαίνω,24,5,37,37,136,1.4517932,12.612273,"weave; weave, ply the loom; contrive, plan; the plot they laid",lsj
ὑφορβός,21,-1,12,5,22,6.009038,9.361845,a herder or swine,agwn
ὑψίκομος,6,-1,21,1,52,1.8658596,9.18591,,none
ὑψερεφής,12,-1,0,19,55,2.0283644,8.921262,"high-roofed, high-vaulted",lsj
ὑψηλός,56,131,0,50,1,3.2889688,9.166663,"high, lofty; highland; high, lofty, stately, proud; high",lsj
ὑψιβρεμέτης,6,63,10,63,63,1.9057373,9.225931,high-thundering,lsj
ὑψοῦ,9,83,31,34,113,2.8683012,6.3587923,high; out; to a great height; highly,lsj
ὑψόθεν,7,89,21,1,52,2.4670537,6.8893976,"from on high, from above; aloft, on high; above, over",lsj
ὑψόροφος,6,-1,21,1,52,1.9694126,8.988935,"high-roofed, high-ceiled",lsj
ὑψόσε,23,89,21,1,52,2.534057,6.839526,"aloft, on high; high",lsj
ὕβρις,15,207,16,31,7,3.1720452,11.346639,"wanton violence; insolence; in wantonness; lust, lewdness",lsj
ὕδωρ,101,120,22,57,57,3.6653252,12.863876,"water; the waters; spring-water, drinking-water; a water",lsj
ὕλη,46,-1,10,0,16,1.7954929,10.366575,"forest, woodland; forest; forest-trees; copse, brushwood, undergrowth",lsj
ὕπαιθα,6,141,21,1,52,1.8479625,6.6661477,"out under, under and away; before; under",lsj
ὕπατος,10,-1,23,13,56,3.4058204,7.568493,"highest, uppermost; above; the very top; lowest",lsj
ὕπερθεν,27,-1,21,1,52,1.9197614,6.756391,"from above; above; above, in the upper parts; from heaven above",lsj
ὕπνος,93,-1,12,51,51,3.46137,12.161385,"sleep, slumber; the sleep of death; sleep; a dream",lsj
ὕπτιος,15,-1,0,19,54,2.0064516,7.5739503,laid on oneʼs back; backwards; lying on oneʼs back; lying on its back,lsj
ὕστερον,6,-1,21,1,100,3.1035464,6.499431,the afterbirth,lsj
ὕστερος,27,-1,21,1,100,2.8632934,6.736381,"latter, last; úttaras, uttamás; latter; coming after, behind",lsj
ὕψι,9,89,21,1,52,2.5873797,6.745981,"on high, aloft; high on; out at sea",lsj
ὗς,70,56,6,46,10,5.6030846,10.121946,the wild swine; boar; sow; sus foeta,lsj
Ὑπερίων,8,-1,5,15,76,6.0539045,8.430184,Hyperion,lsj
Ὑρτακίδης,5,47,5,15,76,7.4970164,8.135739,,none
ὠθέω,43,223,7,76,53,0.93235654,13.405428,"thrust, push; he kept pushing; pushed; rush",lsj
ὠκύμορος,9,41,23,62,30,2.8666086,9.831891,,none
ὠκύπορος,12,41,23,62,30,2.7956557,9.810177,,none
ὠκύπους,13,41,23,62,30,2.8210824,9.768103,,none
ὠκύς,119,-1,0,50,1,2.9583592,8.651475,"quick, swift, fleet; quickness, sharpness; shrill",lsj
ὠμοθετέω,5,-1,10,7,77,1.4397207,9.8732395,place the raw pieces; sacrifice; raw; shoulder,lsj
ὠμός,6,146,1,41,147,3.4876552,8.837,"raw, crude; raw, uncooked; raw; crude",lsj
ὠτειλή,14,163,1,8,121,4.042934,11.164815,"wound; a fresh, open wound; wound inflicted hand to hand; the mark of a wound, scar",lsj
ὤψ,6,154,1,72,72,4.947278,12.573394,"eye, face, countenance; the face; face",lsj
ὥρα,24,18,31,79,79,3.6453748,10.238435,sūra,lsj
ὦ,230,70,31,34,131,4.1165504,6.8675942,O! oh!,lsj
ὦκα,71,84,21,77,3,2.8162348,6.809573,"quickly, swiftly; immediately",lsj
ὦμος,150,216,1,72,72,5.137131,12.170435,the shoulder with the upper arm; the lower; arms; the shoulder,lsj
ὦνος,5,-1,26,28,29,3.2996738,11.895218,price paid; for; purchase; articles of traffic,lsj
Ὠκεανός,30,78,22,57,57,4.7761993,9.96722,Oceanus; great River; the great Outward Sea; oceans,lsj
Ὠρίων,5,-1,5,15,76,6.117266,8.314088,Orion; constellation,lsj
ᾍδης,41,7,5,73,73,6.7934055,7.5810103,"the act of killing: ""he had two deaths on his conscience""",agwn
ᾗ,19,125,31,34,113,3.3274028,6.1845574,"which way, where, whither; how, as; wherefore; in so far as",lsj
ῥάβδος,11,162,1,8,96,4.287748,11.504001,"rod, wand; magic wand; divining-rod; fishing-rod",lsj
ῥάκος,10,159,1,41,64,4.6095963,12.041447,"ragged, tattered garment; rags, tatters; strip of cloth; strip",lsj
ῥάπτω,5,198,14,29,68,1.6267859,14.20766,"sew together, stitch; having made himself; having got; stitched",lsj
ῥέα,10,-1,0,50,2,2.767329,8.191148,"easily, lightly",lsj
ῥέζω,96,-1,9,22,125,1.3772068,11.191451,"do, act, deal; do, accomplish, make; if once done; wronged",lsj
ῥέω,49,23,22,57,57,2.4013102,12.439904,"flow, run, stream, gush; runs with; a full stream; derive its stream",lsj
ῥήγνυμι,49,186,14,29,28,1.8708456,13.851507,"break asunder, rend, shatter; rend; make grievous; break for oneself, get broken",lsj
ῥίζα,8,59,6,46,146,5.413478,10.6168785,root; roots; roots of the eye; streaks,lsj
ῥίμφα,20,-1,0,50,2,2.740958,7.8898544,"lightly, swiftly",lsj
ῥίον,6,173,11,69,34,4.6648703,11.238389,any jutting part; peak; headland; bay formed by a foreland,lsj
ῥίπτω,17,198,14,29,68,1.5238044,14.211119,"throw, cast, hurl; throw; prostrate; lying",lsj
ῥίς,14,195,1,72,72,5.0193043,12.258412,"nose; snout; nostrils; nares, nose",lsj
ῥαίω,9,202,7,76,53,0.67298704,12.97709,"break, shiver, shatter; wreck; cause; to suffer shipwreck",lsj
ῥεῖα,36,-1,0,50,2,2.7378702,7.913773,"easily, lightly; at ease; lightly, pleasantly; easily, deftly",lsj
ῥεῖθρον,23,23,22,57,57,2.7289355,12.206638,"that which flows, a river, stream; the streams, waters; streams; rivulets, brooks",lsj
ῥηγμίν,13,167,11,23,126,4.4348283,10.642722,"Wiener Sitzb; sea breaking on the beach, surf; broken sea; at the seaʼs edge",lsj
ῥηξήνωρ,5,-1,24,49,139,7.626999,8.295561,breaking armed ranks,lsj
ῥιγέω,20,228,20,66,32,1.2671723,11.948225,"shudder; bristle; shudder to do, shrink from doing; cool",lsj
ῥινόν,12,182,12,5,22,5.5534225,11.388537,hide; shield,lsj
ῥινός,10,182,12,5,22,5.508773,11.415391,skin; hide; ox-hide; oxhide shield,lsj
ῥιπή,7,103,10,0,148,3.2700863,10.715994,swing; force with which anything is thrown; flight; the sweep,lsj
ῥοή,15,166,22,57,57,4.49237,10.826719,"river, stream; the juice; stream; streams of events, tide of affairs",lsj
ῥοδοδάκτυλος,23,115,29,14,124,2.0043225,9.321545,rosy-fingered,lsj
ῥυμός,6,182,12,5,22,5.4845724,11.441823,pole of a chariot; car; pole; three stars,lsj
ῥυπάω,5,201,10,7,4,1.6111267,11.801045,"to be filthy, slovenly; to be filled with wax",lsj
ῥυτήρ,5,48,23,13,84,3.66373,10.813483,"one who draws; stretches; drawer; strap by which one holds a horse, rein",lsj
ῥωγαλέος,6,130,0,50,1,3.1246488,8.792716,"broken, cleft; torn, ragged",lsj
ῥόος,26,-1,22,57,57,3.782208,11.528249,"stream, flow of water, current; their own bed; stream; current",lsj
ῥόπαλον,5,158,1,8,96,4.7071605,11.849529,"club, cudgel; club; war-club; mace",lsj
ῥύομαι,31,152,7,76,53,0.9405065,13.1523075,"discharge or settle: ""pay a debt""; ""pay an obligation""",agwn
ῥώομαι,9,185,14,16,59,1.4044639,13.003883,"move with speed; violence, rush on; ran; dance",lsj
ῥᾴδιος,29,-1,0,50,2,2.5523357,8.025084,"easy, ready; easy to make; easy to understand and follow; easy",lsj
ῥῆγος,13,112,1,41,66,4.5126934,12.449143,"rug, blanket",lsj
