lemma,freq,hdbscan,ward_40,ward_80,ward_150,x,y
ʼἀθήνη,9,10,10,0,16,6.348047,8.873727
ʼὀδυσσεύς,7,24,10,0,16,6.5454493,8.642079
ʽἑκάεργος,6,-1,5,15,48,6.3284106,8.678793
Αἰακίδης,25,24,5,15,76,6.6030936,8.390075
Αἰγύπτιος,8,-1,5,24,94,5.672344,7.697491
Αἰθίοψ,7,-1,5,24,94,5.7238574,7.7570667
Αἰνείας,77,39,5,15,76,7.1597347,8.113133
Αἰτωλός,14,15,5,24,94,5.784273,7.90821
Αἴας,196,24,5,15,76,6.5608077,8.392693
Αἴγισθος,18,-1,5,15,76,7.195322,8.319264
Αἴγυπτος,6,-1,5,24,94,5.7413564,7.479559
Αἴολος,5,36,5,15,76,7.0488977,8.320006
Αἶσα,11,105,2,2,25,3.9509356,10.576689
Αὐτομέδων,23,47,5,15,76,7.4132705,7.9577055
Αὐτόλυκος,15,98,5,15,76,7.4967465,8.351954
Βελλεροφόντης,7,-1,10,0,115,7.17755,8.485474
Βοιωτός,7,15,5,24,94,5.806406,7.8827066
Βορέας,25,13,32,65,65,3.6040947,10.070537
Βρισηίς,10,20,5,15,48,6.6729927,8.1501255
Γερήνιος,35,-1,5,15,76,6.9757185,8.26873
Γλαῦκος,21,-1,5,15,76,7.249275,8.504059
Δάρδανος,16,36,5,15,76,7.1472597,7.9218054
Δαμαστορίδης,5,47,5,15,76,7.2972608,7.925673
Δαναοί,154,15,5,24,94,5.7006783,7.8966823
Δαναός,5,15,5,24,94,5.71717,7.8914866
Δαρδανίδης,12,40,5,15,76,7.104745,7.8820996
Δευκαλίων,5,26,5,15,76,6.5732512,8.231422
Δηίφοβος,18,40,36,17,138,7.069036,7.840881
Δημήτηρ,6,27,5,15,48,6.133166,8.857559
Δημόδοκος,6,97,5,15,76,7.3954906,8.376873
Διιπετής,5,123,29,14,31,2.4644594,8.953892
Διομήδης,80,24,10,0,16,6.5582356,8.587531
Διοτρεφής,21,-1,0,19,55,2.3473635,8.682544
Διόνυσος,5,-1,5,15,48,6.2428846,8.605242
Δολίος,9,36,5,15,76,7.1389365,8.289365
Δουλίχιον,6,-1,5,24,94,6.086132,7.358809
Δόλων,7,36,5,15,76,7.12769,8.039148
Εἰλείθυια,5,10,6,46,10,6.2798257,8.97171
Εὐαίμων,5,-1,5,15,76,7.2726893,8.284748
Εὐπείθης,13,-1,5,15,76,7.4510775,8.363452
Εὐρυνόμη,13,-1,5,15,48,7.2155976,8.504841
Εὐρύαλος,8,97,5,15,76,7.409678,8.448438
Εὐρύκλεια,23,-1,10,0,16,7.1112876,8.618583
Εὐρύλοχος,10,98,5,15,76,7.4473333,8.392889
Εὐρύμαχος,27,98,5,15,76,7.4642825,8.39085
Εὐρύπυλος,21,97,5,15,76,7.4738584,8.45522
Εὔμαιος,36,-1,5,15,76,7.340361,8.482476
Εὔμηλος,9,97,5,15,76,7.3679843,8.458642
Εὔρυτος,6,97,5,15,76,7.44558,8.433726
Εὖρος,6,13,32,65,65,3.7233844,10.072448
Ζάκυνθος,5,12,5,24,94,6.083519,7.3209662
Ζέφυρος,19,13,32,65,65,3.6300924,10.068818
Ζεύς,650,28,5,15,48,6.0709205,8.663617
Θέτις,41,27,5,15,48,6.084431,8.916188
Θήβη,8,11,5,24,94,5.9659195,7.229015
Θεοκλύμενος,8,-1,5,15,76,7.2421546,8.465353
Θεσπρωτοί,9,14,5,24,94,5.922712,7.8763337
Θηβαῖος,6,-1,5,15,76,6.5327287,8.288901
Θράκιος,5,-1,5,24,94,5.9828258,8.075834
Θρασυμήδης,10,47,5,15,76,7.1909165,7.955648
Θρᾷξ,15,14,5,24,94,5.9530315,7.969194
Θόας,13,36,5,15,76,7.1588187,7.9500904
Θόων,5,36,5,15,76,7.225898,8.029796
Θῆβαι,9,11,5,24,94,5.9266367,7.231489
Κάλχας,6,-1,5,15,76,7.3739386,8.336921
Κίκονες,8,15,5,24,94,5.8788834,7.9129844
Κίρκη,40,-1,10,0,16,6.4420023,8.702287
Καδμεῖος,8,15,5,24,94,5.792994,7.899485
Καλυδών,6,12,5,24,94,6.020841,7.3029494
Καλυψώ,22,27,5,15,48,6.114414,8.865031
Καπανεύς,6,40,5,15,76,6.9268126,7.8760753
Κεβριόνης,13,39,5,15,76,7.274191,8.103347
Κεφαλλήν,5,14,5,24,94,5.915076,7.9143867
Κουρῆτες,5,15,5,24,94,5.916654,7.959134
Κρής,15,15,5,24,94,5.8068204,7.861622
Κρήτη,14,-1,5,24,94,5.8597145,7.27618
Κρονίδης,41,28,5,15,48,6.0437226,8.505632
Κρονίων,71,28,5,15,48,6.0577793,8.536571
Κρόνος,23,28,5,15,48,6.074685,8.654626
Κτήσιππος,5,-1,5,15,76,7.437219,8.200462
Κύκλωψ,25,-1,5,24,94,6.155239,8.215376
Κύπρις,5,-1,25,25,105,6.23856,8.991694
Κύπρος,5,9,5,24,94,5.7868595,7.263356
Λέσβος,6,11,5,24,94,5.8881145,7.216134
Λαέρτης,27,-1,5,15,76,7.3006897,8.18705
Λαερτιάδης,33,40,5,15,76,7.046122,7.910663
Λακεδαίμων,13,9,5,24,94,5.833312,7.1860557
Λαοδάμας,7,49,5,15,76,7.3252354,7.980444
Λαομέδων,10,47,5,15,76,7.3165154,7.982929
Λεοντεύς,5,40,5,15,76,6.9166174,8.057862
Λητώ,15,27,5,15,48,6.102457,8.832856
Λυκάων,19,40,5,15,76,7.0248485,8.036484
Λυκία,19,9,5,24,94,5.8354893,7.222867
Λυκομήδης,5,47,5,15,76,7.1533694,7.9623814
Λυρνησσός,5,12,5,24,94,6.0810223,7.3271046
Λωτοφάγοι,5,-1,5,24,94,5.9663563,7.859477
Λύκιοι,44,15,5,24,94,5.8926406,7.8520274
Λύκιος,5,15,5,24,94,5.870302,7.8788953
Λῆμνος,14,11,5,24,94,5.8882804,7.194266
Μέγης,7,39,5,15,76,7.1029572,8.098117
Μέδων,14,47,5,15,76,7.3466587,8.00259
Μέντωρ,16,-1,5,15,76,7.325829,8.268297
Μίνως,5,-1,5,15,76,6.9852815,7.9951878
Μαχάων,11,40,5,15,76,6.9738503,7.984984
Μελάνθιος,11,49,5,15,76,7.4471335,8.1221285
Μελάνιππος,7,-1,5,15,76,7.4558187,8.099099
Μελέαγρος,5,-1,5,15,76,7.459766,8.132
Μενέλαος,182,24,10,0,16,6.5788136,8.546832
Μενεσθεύς,7,40,5,15,76,6.9499273,8.222913
Μενοίτιος,19,36,5,15,76,7.2001567,8.256154
Μενοιτιάδης,20,40,5,15,76,7.05797,7.8881145
Μηκιστεύς,5,40,5,15,76,7.197586,7.916615
Μηριόνης,57,39,5,15,76,7.156141,8.09901
Μοῦσα,15,27,5,15,48,5.9338984,8.857557
Μυκήνη,8,-1,10,0,16,1.8679385,10.506407
Μυρμιδόνες,42,15,5,24,94,5.719404,7.914665
Μυσός,5,15,5,24,94,5.808884,7.878854
Νέστωρ,111,24,10,0,16,6.603356,8.512502
Ναιάς,5,-1,25,25,20,5.776494,9.2872925
Ναυσίθοος,5,-1,5,15,76,7.53632,8.237356
Ναυσικάα,9,17,5,15,48,7.0785737,8.098718
Νεστορίδης,13,47,5,15,76,7.3043904,7.887959
Νηλεύς,17,40,5,15,76,6.8938165,7.89506
Νηληιάδης,5,40,5,15,76,7.034228,7.8480134
Νοήμων,5,36,5,15,76,7.1441355,8.188908
Νότος,13,13,32,65,65,3.6627607,10.090242
Ξάνθος,21,49,5,15,76,7.5140395,8.1356945
Οἰνεύς,8,40,5,15,76,6.8837442,7.9931664
Οὐρανίωνες,11,28,5,15,48,5.92911,8.442256
Οὖτις,5,27,5,15,76,6.0522833,9.026872
Πάνδαρος,8,-1,5,15,76,7.325275,8.219492
Πάνθοος,5,-1,5,15,76,7.403976,8.275498
Πάρις,11,-1,5,15,76,7.051889,8.298434
Πάτροκλος,145,26,5,15,76,6.8419003,8.268003
Πήδασος,8,-1,5,24,94,6.1442676,7.394332
Πήλιον,5,12,5,24,94,6.0707564,7.3336287
Παίων,6,-1,5,15,76,5.9413733,7.8526125
Παλλάς,50,27,5,15,48,6.0221653,8.825625
Παναχαιοί,12,15,5,24,94,5.7293906,7.864698
Πανθοίδης,8,40,5,15,76,7.1267176,7.877554
Πατροκλῆς,6,-1,5,15,76,6.597481,7.8660517
Πείραιος,7,-1,5,15,76,7.3152184,8.273579
Πείσανδρος,9,-1,5,15,76,7.39561,8.130337
Πειρίθοος,9,-1,5,15,76,7.425688,8.123885
Πεισίστρατος,9,-1,5,15,76,7.4956226,8.259786
Πελασγός,5,15,5,24,94,5.744413,7.916439
Περσεφόνεια,11,10,5,15,48,6.357717,8.868816
Πετεώς,6,40,5,15,76,6.9355474,7.828153
Πηλείδης,55,40,5,15,76,6.9999743,7.789224
Πηλείων,29,40,5,15,76,6.9768305,7.8800545
Πηλεύς,68,-1,5,15,76,6.9276953,7.954032
Πηνέλεως,8,47,5,15,76,7.474404,8.14744
Πηνελόπεια,74,24,10,0,16,6.545853,8.740584
Πολίτης,5,36,5,15,118,7.1895075,8.334393
Πολυποίτης,7,-1,10,0,115,7.201313,8.480247
Πολύδωρος,5,-1,5,15,76,7.3243823,8.409596
Ποσειδεών,77,28,5,15,48,6.097381,8.501333
Πουλυδάμας,30,49,5,15,76,7.345703,7.9313397
Πρίαμος,149,17,5,15,76,6.9847226,8.304495
Πριαμίδης,33,40,5,15,76,6.999303,7.8419237
Προῖτος,5,36,5,15,76,7.287131,8.397277
Πρωτεσίλαος,6,-1,5,15,76,7.399595,8.168266
Πυλόνδε,6,90,21,71,17,4.959063,6.8623857
Πόλυβος,13,-1,5,15,76,7.417496,8.39093
Πύλιος,14,15,5,24,94,5.939957,7.824047
Πύλος,33,9,5,24,94,5.8669844,7.1989007
Σάμη,6,11,5,24,94,5.9014964,7.19045
Σάμος,6,11,5,24,94,5.898357,7.2074385
Σαρπηδών,41,26,5,15,76,6.839966,8.270527
Σειρήν,8,-1,6,46,10,6.0010767,8.740413
Σθένελος,10,-1,5,15,76,7.532531,8.143615
Σιμόεις,8,-1,10,7,4,1.272686,9.458641
Σκάμανδρος,12,49,5,15,76,7.4473166,7.886119
Σκαιαί,12,-1,11,23,102,6.016349,7.676551
Σκύλλα,11,-1,5,24,94,6.1425915,8.064887
Σπάρτη,7,9,5,24,94,5.8538594,7.1805277
Στύξ,6,78,11,23,126,4.9204693,10.133102
Σῶκος,5,-1,5,15,76,7.334921,8.453847
Τάφιοι,6,-1,5,24,94,5.9284506,7.8138227
Τένεδος,5,11,5,24,94,5.900522,7.1975656
Ταλθύβιος,9,-1,5,15,76,7.4771233,8.357187
Τειρεσίης,13,-1,5,15,76,6.933115,7.978102
Τελαμωνιάδης,12,40,5,15,76,7.028189,7.8387375
Τελαμών,28,26,5,15,76,6.6270046,8.271513
Τελαμώνιος,13,26,5,15,76,6.5984793,8.282367
Τεῦκρος,28,-1,5,15,76,7.1345053,8.4159355
Τηλέμαχος,213,-1,5,15,76,7.11081,8.460145
Τληπόλεμος,10,-1,5,15,76,7.483922,8.433941
Τροία,71,9,5,24,94,5.7755127,7.15676
Τροίαθεν,5,90,5,24,94,5.316186,7.062726
Τροίανδε,7,90,5,24,94,5.2947655,6.9954505
Τρωικός,5,15,5,24,94,5.719509,7.8320293
Τρωιός,18,15,5,24,94,5.722837,7.818325
Τρώς,631,15,5,24,94,5.693048,7.8881464
Τρῳάς,10,15,5,24,94,5.7017093,7.847475
Τυδεΐδης,5,40,5,15,76,7.0537844,7.805084
Τυδείδης,62,40,5,15,76,7.066144,7.7929425
Τυδεύς,41,40,5,15,76,6.9355288,7.7304378
Φαίαξ,69,14,5,24,94,5.93995,7.996359
Φηραί,5,-1,11,23,102,6.001725,7.40711
Φθία,9,9,5,24,94,5.806586,7.1923156
Φοῖβος,52,27,5,15,48,6.1143355,8.696194
Φοῖνιξ,20,-1,5,15,76,6.3049536,8.270628
Φυλάκη,6,11,5,24,94,5.9437294,7.2350144
Φυλείδης,7,40,5,15,76,7.01006,7.8025694
Φυλεύς,5,40,5,15,76,6.908801,7.9115624
Φόρκυς,7,-1,5,15,76,6.3389616,7.5443025
Χάρις,8,-1,5,15,48,5.890798,8.851187
Χάρυβδις,7,-1,11,23,126,6.164168,7.4482465
Χρομίος,7,36,5,15,76,7.2205696,8.244718
Χρυσηίς,6,20,5,15,48,6.6097693,8.13399
Χρύσης,5,-1,5,15,76,7.3645463,8.254218
αἰγίοχος,50,10,10,0,16,6.360226,8.757609
αἰγίς,12,162,1,8,46,4.390737,11.575344
αἰγανέη,5,162,1,8,96,4.3985715,11.479576
αἰγυπιός,6,57,12,5,22,5.43693,9.959978
αἰδέομαι,40,232,13,11,19,0.45381173,11.993754
αἰδοῖος,43,46,15,78,38,5.229098,8.842557
αἰδώς,20,207,16,31,7,3.3046904,11.406461
αἰειγενέτης,7,-1,10,63,63,1.3914897,9.523898
αἰζηός,20,57,10,0,90,5.291947,9.863175
αἰθήρ,24,18,32,65,65,3.944363,10.259111
αἰνέω,8,-1,28,59,120,0.98545337,11.901969
αἰνός,102,130,0,50,1,3.2857566,8.766593
αἰπεινός,14,65,0,50,1,3.2587638,9.264995
αἰπόλιον,6,-1,6,46,10,5.3665676,10.158794
αἰπόλος,10,57,6,46,10,5.246104,9.836975
αἰπός,7,132,29,14,31,3.039133,8.9984045
αἰπύς,50,-1,29,14,31,3.0682902,8.75803
αἰσχρός,10,-1,0,58,13,3.3017669,8.635661
αἰσχύνω,11,-1,13,11,19,1.0151732,12.120508
αἰτέω,12,234,9,22,26,0.18683307,11.251242
αἰτίζω,10,-1,13,11,93,0.86772287,11.878009
αἰτιάομαι,6,201,10,7,4,1.4228908,11.597572
αἰχμή,33,163,1,8,96,4.295204,11.3782015
αἰχμητής,28,-1,10,0,16,2.4407077,10.401051
αἰόλος,8,57,10,0,90,5.11942,9.919159
αἰών,10,-1,12,51,51,3.4793053,11.727195
αἱματόεις,19,99,10,7,4,1.2603686,9.462841
αἱρέω,408,-1,3,42,42,0.58472866,13.315655
αἴ,13,110,31,34,113,3.5412161,6.4615784
αἴγειρος,8,59,6,46,146,5.3413577,10.485258
αἴγλη,5,21,32,65,65,3.8554246,10.598967
αἴθουσα,19,-1,13,48,6,4.5033526,10.898785
αἴθω,22,21,13,48,6,3.597828,10.463264
αἴθων,16,-1,10,0,90,5.099375,9.941116
αἴνυμαι,13,212,20,56,27,1.2712501,13.114664
αἴξ,46,56,6,46,10,5.559639,10.170939
αἴρω,43,134,10,0,16,1.3653058,10.932304
αἴσιμος,22,105,2,2,25,3.5712674,8.249674
αἴσυλος,6,105,2,2,25,3.3765182,10.472885
αἴτιος,16,-1,2,2,25,3.3632185,7.8901057
αἶα,26,78,2,2,25,4.57303,10.420408
αἶθοψ,32,144,26,67,67,4.426849,9.89989
αἶσα,22,105,2,2,25,3.8475616,10.707451
αἶσχος,7,105,2,2,25,4.103121,12.162325
αἶψα,135,83,31,34,113,2.8981454,6.4314466
αἷμα,113,119,22,57,57,3.7560236,12.663466
αὐγή,19,103,10,0,148,3.487272,10.6246
αὐδάω,96,108,10,0,16,0.5639222,10.710772
αὐδή,18,103,10,0,148,2.5885754,10.849399
αὐδήεις,6,103,10,0,148,2.2250643,10.780901
αὐλή,41,-1,11,69,34,4.5622783,10.964827
αὐλός,5,138,12,5,5,2.892186,11.7193985
αὐτίκα,165,83,31,34,113,2.9861023,6.282327
αὐτοκασίγνητος,6,45,15,78,38,5.12992,8.946699
αὐτοσχεδόν,9,29,18,18,104,1.9553572,7.483083
αὐτοῦ,89,-1,21,1,52,2.2861426,6.920915
αὐτόθι,32,-1,21,1,52,2.2364168,6.8913274
αὐχήν,39,216,1,72,72,5.086814,12.21513
αὔριον,10,-1,21,1,100,2.9229996,6.676138
αὔτως,54,84,21,77,3,2.7578673,7.0103226
αὔω2,47,-1,20,54,87,1.3864397,12.074113
αὖθις,124,84,21,77,3,2.847825,6.70342
αὖος,7,30,2,2,69,3.9999363,9.792431
βάζω,16,114,10,0,16,1.748622,10.699843
βάλλω,456,81,20,66,32,0.9693039,13.585192
βάσκω,6,-1,21,71,17,3.907257,6.7541986
βέλος,89,158,1,8,96,4.507281,11.859024
βέλτερος,8,79,2,44,49,3.4717562,7.8077354
βένθος,11,167,11,23,126,4.364792,10.930496
βία,96,210,16,31,7,3.385311,11.32463
βίβημι,6,227,20,66,32,1.4964498,12.188061
βίοτος,37,-1,26,28,29,3.4683988,11.609131
βαίνω,391,-1,14,12,95,0.30248353,14.073071
βαθυδίνης,6,72,10,0,16,1.8164914,9.661923
βαθύς,38,132,29,14,31,3.1600766,9.082869
βαρύνω,6,186,20,66,32,1.7056538,13.450393
βαρύς,33,-1,0,50,1,3.150708,8.544472
βασίλεια,10,-1,23,13,56,4.814723,9.039558
βασίλειος,6,94,2,44,49,3.492259,7.6930704
βασιλεύς,99,55,23,13,56,4.748948,9.055406
βασιλεύω,10,55,23,13,56,4.649428,9.097118
βιάζω,6,230,13,48,12,0.32539225,12.275745
βιάω,11,-1,13,48,12,0.8157077,12.2494135
βιός,16,-1,12,5,22,5.5123744,11.393369
βλάπτω,26,198,14,29,68,1.57401,14.201638
βλέφαρον,27,-1,1,72,72,5.050851,12.145838
βλεμεαίνω,6,201,10,7,4,1.6336807,11.7352
βλώσκω,7,225,7,47,50,-0.0461688,14.011242
βοάω,27,227,20,66,32,1.4930075,11.924981
βοή,66,-1,33,33,85,5.688273,8.843509
βοείη,11,162,1,8,96,4.387421,11.540462
βομβέω,5,228,20,66,32,1.3838515,12.044914
βουκολέω,5,157,14,16,59,2.122209,12.145376
βουκόλος,14,57,6,46,10,5.4614773,9.874263
βουλή,88,136,9,9,99,2.0841038,10.66853
βουλεύω,32,-1,9,9,99,0.8236529,11.209668
βουληφόρος,17,50,23,13,56,4.6262383,9.429347
βούλομαι,32,206,4,43,43,-0.34505686,11.555239
βοῦς,164,56,6,46,10,5.608572,10.183308
βοῶπις,14,25,5,15,48,5.7273445,8.943518
βρίθω,13,-1,20,66,32,1.6544636,12.477261
βραχίων,6,216,1,72,72,5.015667,12.036479
βραχεῖν,9,-1,20,66,32,1.6626651,12.490618
βριαρός,7,-1,0,50,1,3.0879314,9.356411
βριθύς,6,-1,20,66,32,3.02409,8.861079
βροντάω,6,227,20,66,32,1.4584639,12.367798
βροτολοιγός,13,111,12,5,22,2.9555044,11.015955
βροτόεις,9,99,10,7,4,1.2338438,9.5207815
βροτός,101,32,15,20,114,5.3121443,8.384098
βρυχάομαι,5,-1,20,66,32,1.6880176,12.385401
βρότος,5,215,16,26,41,3.5745575,11.51379
βρώμη,5,113,6,45,45,3.3779092,12.517041
βρῶσις,10,113,6,45,45,3.3887343,12.473921
βυσσοδομεύω,7,114,10,7,4,1.7673627,10.687526
βωμός,20,-1,12,5,22,5.390985,11.135034
βόειος,7,-1,1,8,96,4.376592,11.34799
βόθρος,7,172,11,23,44,5.117668,11.275111
βόσκω,21,87,6,46,146,2.4252696,12.60094
βῆσσα,12,167,11,23,126,4.4564915,10.905167
γάλα,7,119,6,45,45,3.7956817,12.803102
γάλοως,5,201,22,36,8,1.7182426,11.508824
γάμος,29,194,16,26,41,4.0497174,11.460702
γέγωνα,18,227,20,66,32,1.4735321,11.877055
γέλως,8,215,16,26,41,3.4943519,11.701673
γένειον,7,216,1,72,72,4.867639,12.075532
γένος,30,219,16,26,41,3.883457,11.790437
γέντο,5,185,14,16,59,1.3588513,13.087027
γέρας,40,219,16,26,41,3.8927987,11.809234
γέρων,208,44,16,26,47,4.215252,7.736347
γέφυρα,7,166,11,52,144,4.604946,10.96394
γαιήοχος,15,43,10,63,63,1.9663311,9.769286
γαλήνη,5,103,22,36,8,2.4706638,10.936778
γαμέω,23,33,15,78,38,2.8006036,12.646882
γαμβρός,15,45,15,78,38,5.1275296,8.911071
γαστήρ,27,217,1,72,72,5.114753,12.296436
γαῖα,272,78,5,24,112,4.657234,10.32437
γείνομαι,28,33,15,78,38,2.8155143,12.6604185
γελάω,24,227,20,66,32,1.5252564,11.785332
γενεά,47,210,16,31,7,3.639054,11.644125
γεραιός,34,44,16,26,47,4.213582,7.798144
γεύω,5,229,34,3,137,0.26088172,12.4592285
γηθέω,38,228,20,66,32,1.1316371,11.896267
γηθόσυνος,6,1,12,5,5,1.1773157,10.163214
γηράσκω,10,86,17,70,142,2.5606186,12.564218
γιγνώσκω,113,214,9,9,99,0.8955045,11.371235
γλαυκῶπις,88,25,5,15,48,5.8398514,8.90495
γλαφυρός,82,131,0,50,1,3.4106169,9.229287
γλυκύς,38,146,0,50,1,3.3407142,8.644191
γλῶσσα,12,195,1,72,72,5.0282793,12.314227
γναθμός,7,182,0,32,15,5.493224,11.513137
γναμπτός,10,132,0,32,15,3.1144223,8.828555
γνωτός,8,-1,0,32,15,2.9162507,8.411009
γνύξ,6,-1,0,32,15,2.7885118,8.15898
γοάω,23,201,10,7,4,1.515337,11.587105
γουνάζομαι,5,235,13,48,12,0.13749489,12.032414
γουνόομαι,8,235,13,48,12,0.1458617,12.005444
γουνός,5,187,12,5,22,5.6268263,11.13174
γραῦς,22,-1,25,25,20,5.7125235,9.560385
γυμνός,11,136,20,56,27,1.8330454,10.4382
γυμνόω,8,191,20,56,27,1.7042557,12.209849
γυνή,237,-1,15,78,38,5.3208528,9.059659
γυῖον,49,-1,10,0,16,1.949117,10.428352
γόνος,16,33,15,78,38,2.979679,12.461865
γόνυ,117,112,1,72,72,4.4405437,12.442312
γόος,49,-1,12,5,5,3.2353425,11.671193
γύαλον,6,158,1,8,96,4.6233597,11.798276
γύψ,6,56,25,25,20,5.6566153,9.953525
γῆ,11,78,5,24,112,4.630943,10.226782
γῆρας,30,-1,16,31,7,3.268147,11.471341
δάιος,43,38,36,17,37,4.084328,9.314189
δάκρυον,97,-1,13,48,6,1.5512667,11.774858
δάμαρ,5,45,15,78,38,5.2598743,8.98895
δάμνημι,12,176,14,29,33,1.7779945,12.694042
δάος,5,-1,16,26,41,3.8847194,11.675679
δάπεδον,9,173,19,4,97,4.986438,11.387605
δάπτω,6,-1,10,0,16,1.6104237,10.831726
δάω,21,214,9,9,99,0.7851542,11.285661
δέκα,20,117,31,79,79,2.6190963,5.618558
δέκατος,19,2,31,79,79,2.5831144,6.120056
δέμας,38,211,16,31,7,3.8014383,11.733431
δέμνιον,12,112,1,41,64,4.3380966,12.467306
δέμω,14,-1,14,29,28,2.0725708,13.086574
δένδρεον,13,60,6,46,146,5.374882,10.586421
δέος,24,215,16,26,41,3.5857582,11.768695
δέπας,56,120,1,41,64,3.816191,12.678233
δέρκομαι,13,61,13,48,6,0.54920024,12.272849
δέρμα,13,-1,1,41,64,4.3674493,12.341401
δέρω,10,212,14,29,28,1.8788803,13.381621
δέσποινα,9,46,15,78,38,5.207028,8.835778
δέχομαι,75,-1,7,6,116,0.041838396,12.517814
δέω,57,190,14,29,28,1.3522415,13.443328
δέω2,13,229,34,3,137,0.39647454,12.244293
δήμιος,7,37,2,2,69,4.4840894,8.503651
δήν,37,58,0,50,2,2.958031,7.9154544
δήω,9,87,14,16,59,2.207729,12.703001
δίδωμι,452,179,3,42,42,0.1609346,12.8576565
δίζημαι,11,230,35,35,0,0.5270915,12.335782
δίκαιος,16,207,16,26,47,2.9056313,11.290607
δίκη,15,207,16,26,47,3.1175654,11.45143
δίνη,7,167,10,0,16,4.173877,10.836372
δίπλαξ,5,151,14,12,92,4.665779,11.695857
δίπτυχος,5,151,14,12,92,4.941514,11.636539
δίσκος,6,151,14,12,92,4.802385,11.578393
δίφρος,88,151,14,12,92,4.876195,11.493838
δίχα,9,-1,31,34,113,2.8048668,5.895663
δίω,14,-1,14,12,92,1.7592659,12.578896
δαήμων,5,-1,9,9,99,4.2344666,9.138602
δαήρ,6,71,15,78,38,4.2700734,7.15685
δαίδαλος,7,126,1,41,66,3.8562205,12.569633
δαίζω,21,-1,36,17,138,0.93483716,12.298744
δαίμων,57,-1,10,0,16,2.2348416,10.436141
δαίνυμι,50,185,14,16,59,1.5971682,12.804107
δαίς,54,113,6,45,45,3.465781,12.563161
δαίς2,15,113,6,45,45,3.4857147,12.62752
δαίτη,12,113,6,45,45,3.3876486,12.545171
δαίφρων,56,-1,36,17,138,3.9759655,9.166458
δαίω,20,199,14,16,59,1.801614,12.950891
δαίω2,9,199,14,16,59,1.9005687,13.054702
δαιδάλεος,17,53,29,14,124,3.253326,9.664567
δαιμόνιος,20,71,31,34,131,4.168426,6.993544
δαιτυμών,9,32,15,20,114,5.160987,8.3297415
δακρυόεις,18,-1,10,7,4,1.2048986,9.57453
δακρύω,13,228,20,66,32,1.1764668,11.986282
δαμάζω,142,176,14,29,33,1.7043128,12.660293
δαμνάω,6,176,14,29,33,1.737032,12.625821
δατέομαι,29,-1,14,16,59,1.235534,12.3622465
δείδω,98,-1,13,11,19,1.1068587,12.015508
δείκνυμι,24,-1,9,22,26,0.39925903,11.310792
δειδίσσομαι,8,-1,13,11,93,0.6121188,12.125883
δειλός,37,44,31,34,131,4.1361623,8.162513
δεινός,93,-1,0,50,1,3.3546176,8.634135
δειπνέω,10,-1,6,45,45,1.9437255,12.838241
δειρή,13,195,1,72,72,4.908529,12.131883
δεξιτερός,20,-1,1,72,72,5.197052,11.993334
δεξιός,31,-1,1,72,72,5.3141546,12.05481
δεσμός,28,-1,12,51,51,5.1886644,11.445002
δεύτερος,33,-1,21,1,100,3.008088,6.518484
δεύω,17,199,14,16,59,1.7436221,13.016593
δεύω2,15,229,34,3,137,0.41919732,12.1906
δεῖπνον,28,113,6,45,45,3.485223,12.6766815
δεῖπνος,7,113,6,45,45,3.5095246,12.67544
δεῦρο,65,90,21,71,17,4.6988316,6.7733474
δεῦτε,5,70,31,34,131,4.0324235,6.784502
δηθά,15,58,0,50,2,2.8212326,7.632722
δηθύνω,5,58,0,50,2,2.862745,7.804586
δηιοτής,30,-1,36,17,37,2.2649276,10.77222
δηιόω,23,191,36,17,37,1.494872,12.020214
δηλέομαι,14,191,36,17,37,1.3730981,11.43146
δημός,13,-1,12,5,22,5.626034,10.973598
δηριάομαι,7,201,36,17,37,1.5298846,11.513091
δηρός,34,58,0,50,2,2.8981402,7.9050474
διάκτορος,15,25,25,25,105,5.8162594,8.909247
διέκ,9,-1,7,47,36,1.6110117,7.081028
διέρχομαι,10,208,7,47,50,0.24240473,13.929292
διίστημι,7,-1,7,47,36,0.3632743,13.870257
διακρίνω,15,8,7,47,36,0.86622334,12.988618
διαλέγω,5,-1,4,27,108,0.052119035,11.418216
διαμπερές,30,77,0,19,54,2.1536388,8.229733
διαπέρθω,12,202,7,76,53,0.68408215,13.069959
διαπράσσω,8,4,11,52,107,1.8597175,12.611752
διαπρύσιος,7,-1,0,50,1,3.0455005,8.357821
διαρραίω,10,202,7,76,53,0.71012574,13.004531
διασεύομαι,6,-1,7,76,53,0.855972,13.768214
διατμήγω,10,95,14,29,33,2.1057103,13.394867
διατρίβω,7,-1,17,75,75,2.016816,12.725885
διδάσκω,9,-1,9,9,99,2.4979076,12.834689
διείρομαι,5,233,9,22,125,0.23139675,11.126582
διηνεκής,8,-1,0,50,1,2.480674,8.502959
δικάζω,8,-1,16,26,47,2.2672422,11.323468
δινήεις,13,100,10,7,4,1.2726978,9.437893
δινεύω,14,157,14,16,59,2.1267784,12.284842
διογενής,41,62,31,34,131,4.2746406,7.160449
διοτρεφής,27,62,0,19,55,4.1960096,7.2819324
διώκω,31,169,10,0,16,1.7991008,10.515904
δμωή,50,34,15,78,38,5.0886474,8.455042
δμώς,22,34,15,78,38,4.954676,8.498233
δμῶος,5,34,15,78,38,4.977577,8.42594
δοάσσατο,11,237,4,43,43,-0.04407897,11.593879
δοιοί,19,-1,31,79,79,2.5767415,5.7109256
δοιώ,7,-1,31,79,79,2.5074213,5.728356
δοκέω,25,206,4,43,43,-0.17468317,11.438397
δοκεύω,6,-1,30,61,14,1.0053769,11.702218
δολιχήρετμος,5,104,29,14,9,2.4910932,9.455119
δολιχός,12,-1,1,8,96,3.3005183,8.967314
δολιχόσκιος,25,52,1,8,96,3.5579503,9.388478
δολομήτης,7,-1,24,49,60,5.8356543,9.261366
δολοφρονέων,8,150,0,58,13,1.8943126,11.590068
δορπέω,5,-1,29,14,9,1.8344568,12.303516
δουπέω,24,228,20,66,32,1.4083315,12.098488
δουρικλειτός,17,3,27,55,111,4.4693937,9.090473
δοῦπος,11,-1,12,5,5,3.1873667,11.741928
δράκων,9,56,6,46,10,5.519396,10.116819
δρόμος,11,194,16,26,41,4.1777062,11.565283
δρῦς,16,-1,6,46,146,5.4437647,10.506025
δυοκαίδεκα,12,116,31,79,79,2.5994372,5.604992
δυσαής,5,-1,0,19,55,3.168269,9.454759
δυσηχής,10,74,0,19,55,2.490345,8.783209
δυσμενής,29,31,15,20,122,4.99665,8.283513
δυώδεκα,8,-1,31,79,79,2.5846488,5.702149
δωδέκατος,11,2,31,79,79,2.5657506,6.099741
δόλος,41,-1,16,26,41,3.7947958,11.450918
δόμονδε,7,90,11,69,34,4.990717,6.917945
δόμος,125,171,11,69,34,5.098307,11.121343
δόρπον,31,-1,6,45,45,3.0691862,12.00749
δόρπος,7,-1,6,45,45,3.0962636,12.028249
δόρυ,270,158,1,8,96,4.8435464,11.887274
δόσις,5,207,16,31,7,3.081519,11.786189
δύη,5,210,16,31,7,3.3446727,11.284453
δύναμαι,108,206,4,43,43,-0.37041077,11.536268
δύναμις,8,210,16,31,7,3.384508,11.487711
δύο,149,-1,31,79,79,2.5566516,5.6558084
δύσμορος,8,41,31,34,131,2.850068,9.838981
δύστηνος,21,44,15,78,38,4.246324,8.269501
δύω,5,-1,14,29,28,0.9414361,13.210698
δύω2,120,196,7,76,53,0.8104514,13.572042
δώδεκα,26,116,31,79,79,2.6366444,5.617352
δῆμος,110,171,23,13,56,5.0458,10.805039
δῖος,385,25,5,15,48,5.991896,8.77725
δῶμα,243,171,11,69,34,5.0797772,11.025484
δῶρον,119,-1,3,42,42,3.9272256,12.292983
εἰκοστός,12,2,31,79,79,2.5407267,6.102279
εἰκός,21,68,8,74,149,0.91319144,10.667475
εἰλίπους,9,30,39,39,80,4.2221375,10.00142
εἰλαπίνη,5,30,39,39,80,4.138773,10.261815
εἰλύω,10,192,35,35,0,1.4711769,13.039487
εἰναετής,5,2,31,79,79,2.5661995,6.09741
εἰσάγω,12,224,7,47,50,0.13095993,13.845804
εἰσάντα,5,221,9,9,58,0.044778112,14.055879
εἰσέρχομαι,31,225,7,47,50,0.03385111,14.0413
εἰσαναβαίνω,12,221,7,47,50,0.12220885,14.069711
εἰσαφικνέομαι,10,226,7,47,50,-0.10441017,14.157118
εἰσβαίνω,10,221,7,47,36,0.09810584,14.035188
εἰσείδω,5,214,9,9,58,0.8595896,11.627385
εἰσοράω,69,201,9,9,58,1.3622147,11.542645
εἴβω,9,80,10,7,4,0.9968491,11.037038
εἴδομαι,50,68,8,74,149,0.6985358,10.962073
εἴδω,42,214,9,9,99,0.8215037,11.226806
εἴδωλον,11,220,3,21,70,4.0383725,11.978496
εἴθε,19,51,21,71,17,3.6191547,6.7083783
εἴκελος,15,68,8,74,149,0.81051683,10.632625
εἴκοσι,32,-1,31,79,79,2.6044004,5.6332655
εἴκω,18,68,8,74,149,0.7247599,10.829937
εἴκω2,16,68,8,74,149,0.7324615,10.811513
εἴλω,36,152,34,3,86,0.9875123,13.196159
εἴρω2,5,-1,9,22,125,0.5749938,10.9645
εἴσω,48,92,21,1,52,1.874294,6.9979057
εἶδαρ,14,118,1,41,66,4.000523,12.464269
εἶδον,407,214,9,9,58,0.8872594,11.515126
εἶδος,41,211,16,31,7,3.750199,11.701171
εἶθαρ,9,-1,21,1,82,2.6008067,6.80325
εἶλαρ,5,-1,26,28,11,3.9621105,11.892353
εἶμι,503,225,7,47,50,-0.008793249,14.068324
εἶπον,514,234,9,22,26,0.18409796,11.00068
εἷμα,73,112,1,41,64,4.4297795,12.447523
εἷος,18,125,31,34,113,3.2488985,6.3239865
εἷς,78,-1,31,79,79,2.6200645,5.63874
εὐήρης,6,122,29,14,124,2.2145212,9.028981
εὐδείελος,6,88,29,14,31,2.0060642,9.303113
εὐεργής,18,-1,0,19,55,2.2337406,8.943197
εὐνάζω,6,-1,28,60,24,1.1515015,12.706451
εὐνάω,12,121,28,60,24,1.6267912,12.740713
εὐνή,75,-1,28,60,24,3.1112494,11.519353
εὐπλόκαμος,25,122,29,14,124,2.0284417,9.31863
εὐποίητος,5,122,29,14,124,2.189572,9.108951
εὐρυάγυια,11,43,10,0,16,1.7460893,9.878992
εὐρυμέτωπος,7,-1,29,14,9,2.0806842,9.506467
εὐρύοπα,18,25,5,15,48,5.9572864,8.802474
εὐρύς,149,-1,29,14,31,2.9594066,8.819176
εὐρύχορος,9,88,29,14,31,1.9259309,9.347997
εὐστέφανος,6,122,29,14,124,2.1152294,9.244084
εὐσταθής,8,123,29,14,31,2.3069484,9.0321665
εὐτείχεος,7,88,27,40,81,1.9614259,9.328181
εὐφραίνω,7,156,28,59,120,1.1828185,12.131145
εὐφρονέων,8,150,0,58,13,1.9222267,11.640652
εὐφροσύνη,5,-1,28,59,120,2.9436934,11.359222
εὐχετάομαι,17,201,13,48,12,1.2180821,11.565536
εὐχωλή,12,181,12,5,5,2.7247083,11.156037
εὑρίσκω,77,214,9,9,58,2.7376208,6.3231273
εὔδμητος,11,122,29,14,124,2.2067807,9.199872
εὔζωνος,7,122,29,14,124,2.1648855,9.156859
εὔθρονος,5,122,29,14,124,2.0557106,9.214316
εὔκομος,20,-1,39,39,80,2.0611777,9.318173
εὔκυκλος,6,-1,29,14,124,2.349277,9.186972
εὔξεστος,21,122,29,14,124,2.1940608,9.131297
εὔξοος,15,122,29,14,124,2.128688,9.139462
εὔπεπλος,7,122,29,14,124,2.0757887,9.315068
εὔπηκτος,6,122,29,14,124,2.087593,9.228626
εὔπωλος,5,88,29,14,31,2.031725,9.398338
εὔσελμος,28,104,29,14,9,2.278108,9.386559
εὔσκοπος,5,122,29,14,124,2.1256344,9.144564
εὔτροχος,8,122,29,14,124,2.1134975,9.136196
εὔτυκτος,9,122,29,14,124,2.1250265,9.193792
εὔχομαι,142,-1,13,48,12,0.065577775,11.676812
εὕδω,57,155,14,12,95,1.1281886,14.282732
εὕω,6,213,14,29,28,1.7590091,13.418454
εὖ,202,106,21,10,106,2.3824463,8.224316
εὖτε,27,124,31,34,113,3.2084181,6.2841544
εὖχος,18,-1,26,28,11,3.883653,11.809326
ζάθεος,7,-1,29,14,31,2.7474751,9.290201
ζείδωρος,9,-1,22,57,57,2.7820764,9.28898
ζεύγνυμι,20,186,14,29,28,1.8664879,13.758031
ζεύς,12,28,5,15,48,6.041321,8.648706
ζυγόν,23,135,16,26,41,4.4711614,11.716516
ζυγός,5,135,16,26,41,4.5186405,11.760414
ζωστήρ,17,158,1,8,96,4.753854,11.690605
ζωός,57,86,17,70,142,2.5045803,12.457737
ζόφος,11,18,32,65,65,3.8551364,10.455478
ζώνη,6,159,1,41,64,4.397754,12.020728
ζώννυμι,11,-1,20,56,27,1.6060301,13.057392
ζώω,34,86,17,70,142,2.3630922,12.565908
ζῶ,9,86,17,70,142,2.3706083,12.570828
θάλαμος,63,172,11,69,34,5.1525793,11.166327
θάλασσα,103,78,22,36,8,4.5393286,10.233469
θάλλω,8,200,10,7,4,1.5909474,11.828484
θάμβος,6,215,20,66,32,3.2496037,12.088471
θάμνος,8,-1,14,29,68,3.1226315,12.649614
θάνατος,124,-1,26,28,29,3.592964,11.55497
θάπτω,9,96,14,29,68,2.7121217,13.05468
θάρσος,12,219,16,26,41,3.7325623,11.761935
θέλγω,23,186,10,0,39,1.3410321,13.431864
θέμις,33,207,16,26,47,3.045403,11.547143
θέρος,5,13,32,65,65,3.7176583,10.227484
θέρω,5,114,10,0,16,1.7602891,11.00977
θέσφατος,9,105,0,19,54,3.376232,11.198694
θέω,81,-1,20,66,32,0.22361082,13.958092
θήν,15,109,31,34,113,3.4433002,6.528467
θήρ,14,56,6,46,10,5.5654635,10.113774
θίς,34,167,11,23,126,4.3133445,10.716626
θαλερός,29,130,0,50,1,3.2901883,8.628336
θαμά,9,83,21,71,17,3.1251743,6.3347306
θαμέες,15,-1,0,50,1,3.1080322,8.856939
θαμίζω,5,108,10,0,16,1.67885,10.546217
θαμβέω,16,228,20,66,32,1.2920681,11.944358
θαρσέω,20,70,31,34,131,4.067393,6.8295727
θαρσαλέος,14,107,0,58,13,2.5154839,8.195717
θαρσύνω,13,145,28,59,120,1.1539366,12.544259
θαυμάζω,22,228,20,66,32,1.2576746,11.937774
θαῦμα,18,220,16,26,41,3.7879827,11.923392
θεά,192,27,5,15,48,6.0234857,8.798223
θεάομαι,22,-1,14,16,59,1.1294161,11.85814
θείνω,63,96,14,29,33,2.4854765,13.116648
θεοείκελος,5,68,8,74,149,0.81661046,10.593136
θεοειδής,43,10,10,0,16,6.3892255,8.811846
θεοπροπία,7,181,16,31,7,2.876751,11.107804
θεουδής,6,-1,10,0,148,2.2056084,10.6912565
θεράπων,69,54,23,62,30,4.9511623,9.175335
θερμός,16,147,0,50,1,3.5238378,8.858053
θεσπέσιος,36,-1,0,50,1,3.4872034,9.564561
θεσπιδαής,8,-1,0,19,55,2.1673625,8.765645
θεός,707,-1,5,15,48,5.8840246,8.580712
θεῖον,5,-1,36,17,37,5.685035,8.971852
θεῖος,69,-1,36,17,37,6.096581,8.749814
θηρατήρ,8,48,23,13,84,3.3856754,10.50802
θνήσκω,125,86,17,70,142,2.680986,12.931577
θνητός,41,32,15,20,114,5.253257,8.343503
θοός,146,131,0,50,1,3.483336,9.32319
θοῦρις,16,6,20,30,71,2.954651,10.089105
θοῦρος,18,6,20,30,71,2.9827209,10.108047
θρίξ,13,195,1,72,72,4.8765473,12.20851
θρασύς,22,-1,0,50,1,3.0687392,8.590537
θρόνον,7,172,16,26,41,5.094697,11.278194
θρόνος,47,172,16,26,41,5.1460857,11.293538
θρῆνυς,10,-1,12,5,5,1.5382018,12.918344
θρῴσκω,25,-1,20,66,32,0.6635016,13.73671
θυγάτηρ,102,45,15,78,38,5.3443413,8.973869
θυμαλγής,12,74,0,19,55,2.5122159,8.77283
θυμοβόρος,5,6,20,30,71,2.7516146,9.83395
θυμοραιστής,5,-1,20,30,71,2.3864417,10.530471
θυμοφθόρος,5,6,20,30,71,2.7647364,9.808854
θυμός,711,-1,10,0,16,2.490257,10.477197
θυσανόεις,5,99,10,7,4,1.2788465,9.439026
θωρήσσω,43,4,10,0,16,1.8931867,12.50365
θωρηκτής,5,42,10,0,16,2.5069396,10.078553
θύελλα,20,21,10,0,148,3.812306,10.54612
θύνω,13,-1,20,30,71,1.4382052,12.77841
θύρα,64,160,11,52,144,4.664978,11.098813
θύραζε,27,-1,21,1,52,2.1058269,6.9206643
θύω2,13,-1,20,30,71,1.5345874,12.67367
θώραξ,35,158,1,8,96,4.626677,11.728313
θᾶκος,5,172,11,69,34,5.189939,11.167953
θῆλυς,18,56,6,46,10,5.3835535,9.704042
κάθημαι,37,155,14,12,95,0.82559365,14.292495
κάλη,8,51,21,71,17,3.6581101,6.7461777
κάλλιμος,5,-1,2,44,49,3.575331,8.635785
κάλλος,15,211,16,31,7,3.7632964,11.683798
κάματος,24,215,26,28,29,3.5740018,11.687412
κάμνω,47,95,14,29,33,2.1097114,13.132271
κάμπτω,5,85,14,29,68,1.6965226,13.668694
κάνεον,14,-1,1,41,64,4.830403,11.618083
κάπρος,12,-1,14,29,68,5.5731616,10.218795
κάρα,81,-1,1,72,72,4.7535863,12.024577
κάρηνον,23,-1,37,37,136,4.4139338,12.252095
κάρτος,13,211,16,31,7,3.739918,11.7378435
κάτειμι,8,225,7,47,50,0.027663922,14.018452
κέλευθος,38,206,4,27,21,0.20762213,11.345221
κέλομαι,93,206,4,43,43,-0.2864898,11.622508
κέρας,16,158,1,8,96,4.467036,11.9584
κέρδος,14,128,1,41,66,4.079605,12.420683
κήδω,39,229,13,11,19,0.4689673,11.99245
κήλεος,8,53,1,8,96,3.365493,9.623406
κήρ,75,-1,16,31,7,3.4525638,11.346185
κίθαρις,5,138,12,5,5,3.0877395,11.7550745
κίνυμαι,6,185,14,16,59,1.4814204,12.987911
κίω,102,226,7,47,50,-0.034033723,14.06069
κίων,11,173,11,69,34,5.111744,11.280627
καίνυμαι,18,193,14,16,59,1.4456542,13.219102
καίω,69,199,14,16,59,1.7413247,13.184277
καγχαλάω,5,201,10,7,4,1.540265,11.637575
καθάπτω,12,-1,13,48,12,0.3101193,11.427787
καθέζομαι,24,155,14,12,95,0.90331304,14.322469
καθίζω,37,155,14,12,95,0.93047047,14.330437
καθαίρω,10,212,14,29,28,1.7191967,13.432838
καθαιρέω,6,-1,7,6,83,0.85401195,13.455266
καθαρός,8,147,1,41,147,3.543452,8.803996
καθεύδω,7,155,14,12,95,0.98950076,14.350268
καθύπερθε,21,141,21,1,52,1.8731283,6.682729
κακός,390,-1,16,26,41,3.698585,11.359896
κακότης,21,210,16,31,7,3.327582,11.126207
κακόω,6,191,35,35,0,1.7925563,11.964304
καλέω,110,-1,30,61,14,-0.072470486,11.894038
καλλίθριξ,15,127,23,62,30,5.290005,11.649207
καλλίσφυρος,5,115,29,14,124,2.009039,9.405876
καλλιπάρηος,16,63,29,14,124,2.0507326,9.548897
καλλιπλόκαμος,6,115,29,14,124,2.0142567,9.456262
καλός,293,147,0,50,1,3.5333521,8.738433
καλύπτω,84,85,7,6,83,1.5413532,13.919214
καμπύλος,10,52,1,8,96,3.5862715,9.361523
καπνός,19,-1,32,65,65,2.100932,10.44731
καρδία,50,217,1,72,72,4.952278,12.22358
καρπάλιμος,42,107,0,58,13,2.5194159,8.133188
καρπός,13,60,6,46,146,5.423345,10.600025
καρπός2,11,216,1,72,72,5.21025,12.160045
καρτερός,25,-1,0,50,1,3.6797278,8.780544
κασίγνητος,46,45,15,78,38,5.073562,8.90657
κασιγνήτη,9,45,15,78,38,5.257448,8.885184
κασσίτερος,10,-1,10,7,140,3.3231752,9.83369
κατάγω,11,224,7,47,50,0.124138474,13.76723
κατέδω,11,8,10,0,39,1.2307454,11.295355
κατέπεφνον,16,96,14,29,33,2.4952173,13.170213
κατέρχομαι,17,225,7,47,50,-0.037898198,14.054641
κατέχω,17,-1,7,6,83,0.92641336,13.779251
καταβάλλω,7,85,14,29,68,1.1707536,13.782383
καταβαίνω,27,221,7,47,36,0.13765578,14.043487
καταδέω,10,190,14,29,28,1.158739,13.650152
καταδύω,41,196,7,76,53,0.4915792,13.892901
καταθνήσκω,21,86,17,70,142,2.6158283,13.033907
καταθνητός,7,32,17,70,142,2.724929,12.997605
κατακαίω,7,199,14,16,59,1.8083009,13.188873
κατακείω,16,199,14,16,59,1.8536713,13.113612
κατακρύπτω,5,198,14,29,68,1.5509952,14.129435
κατακτείνω,61,96,14,29,33,2.4986787,13.129604
καταλέγω,57,233,9,22,125,0.19217235,11.212156
καταλείπω,26,142,38,38,74,-0.18364978,12.938908
κατανεύω,19,-1,7,6,109,0.024575682,11.288343
καταπίπτω,21,85,14,29,68,1.4557967,13.712565
καταπαύω,9,178,7,76,143,0.33603853,12.945485
καταπρηνής,6,203,11,52,107,0.89883506,12.888154
καταρρέζω,8,186,14,29,28,1.7408614,13.752645
κατατίθημι,47,190,14,29,28,1.2121496,13.682244
καταφθίω,6,96,17,70,142,2.587356,13.174861
καταχεύω,17,209,14,16,18,1.5433259,13.3040085
κατείβω,6,-1,7,6,83,1.1769744,13.636257
κατερύκω,20,-1,7,6,109,0.63178194,13.149455
κατεσθίω,5,82,6,45,45,2.6953955,12.906148
κατόπισθεν,7,140,21,1,52,1.9368253,6.746594
καυλός,5,-1,1,72,72,5.415188,11.787993
κεάζω,10,193,14,16,59,1.439807,13.360916
κείρω,20,212,14,29,28,1.7961897,13.212869
κείω,7,199,14,16,59,1.9293795,13.031798
κεδάννυμι,10,193,14,16,59,1.430722,13.293288
κεδνός,15,-1,0,50,1,3.4162562,8.542843
κειμήλιον,15,128,1,41,66,4.156049,12.492425
κελαινεφής,17,-1,0,19,55,2.255717,8.748976
κελαινός,16,137,0,50,1,3.347775,9.099407
κελεύω,178,206,4,43,43,-0.14908631,11.410917
κενεών,5,-1,1,72,72,5.357357,11.927996
κενός,7,139,0,50,1,3.5296664,8.787716
κεράννυμι,7,212,14,29,28,1.623013,13.212046
κεράω,5,-1,14,16,59,1.661256,12.872814
κεραίζω,8,-1,13,11,93,0.8574309,12.337777
κεραυνός,18,75,12,51,51,2.974966,10.396319
κερδίων,29,79,2,44,49,3.5074754,7.8206635
κερτομέω,7,150,0,58,13,1.9230407,11.659001
κερτόμιος,6,-1,0,58,13,2.8276875,9.12413
κεφαλή,132,217,1,72,72,4.918821,12.215064
κεύθω,14,222,4,27,21,0.46598104,11.42333
κεῖμαι,184,155,14,12,95,0.9296042,14.3066
κεῖνος,58,-1,31,34,113,3.2306066,6.5048842
κηρόθι,8,89,21,1,52,2.4751713,6.9412513
κηρύσσω,8,4,9,22,26,1.4250077,12.18823
κικλήσκω,14,-1,30,61,14,0.018754376,11.89838
κινέω,22,121,28,60,24,1.3466599,12.861377
κιρνάω,6,212,14,16,18,1.739904,13.125601
κιχάνω,57,-1,38,38,141,-0.09244385,14.018003
κλάζω,17,200,35,35,0,1.8136191,11.820541
κλέος,61,219,16,26,41,3.828318,11.752071
κλέπτω,6,198,14,29,68,1.5905617,14.204983
κλίνω,42,-1,7,47,36,1.5806944,13.234182
κλαίω,80,228,20,66,32,1.072078,11.902415
κλαγγή,8,165,12,5,5,2.7797723,11.273316
κλαυθμός,7,138,12,5,5,2.8383694,11.677707
κλείς,32,149,11,52,89,4.677847,11.293808
κλείω,6,186,14,29,28,1.6659871,13.624258
κλειτός,16,132,0,32,15,3.7782805,9.040026
κλισία,118,160,11,52,89,4.642749,10.971401
κλισίηθεν,7,160,11,52,89,5.0784426,7.147712
κλισμός,16,160,11,52,89,5.006983,11.199024
κλονέω,20,157,14,16,59,2.034557,12.095763
κλυτός,69,-1,0,32,15,3.9300427,9.047596
κλόνος,7,194,12,5,5,3.7797244,11.575649
κλύω,91,-1,4,27,21,0.43809435,11.477363
κλῆρος,18,194,16,26,41,4.105041,11.499137
κνέφας,16,18,32,65,65,3.8147047,10.471174
κνήμη,16,195,1,72,72,4.9067936,12.10489
κνημίς,8,-1,1,8,46,4.6998167,11.781227
κνημός,7,188,11,23,102,5.507207,11.231268
κνῖσα,15,113,6,45,45,3.3751743,12.444272
κοίρανος,7,50,23,13,56,4.4681926,9.5193405
κοιμάω,39,-1,6,45,45,1.8985792,12.816796
κοιρανέω,10,42,23,13,56,2.3130605,11.716487
κολεόν,10,182,12,5,22,5.4906497,11.487479
κολλητός,10,-1,29,14,124,2.8507621,9.2916355
κομάω,33,201,10,7,4,1.5280623,11.671003
κομέω,7,157,14,16,59,1.9753463,12.050818
κομίζω,30,-1,14,29,28,0.5990886,13.272441
κομιδή,7,207,16,31,7,3.0662448,11.312463
κονία,66,149,20,66,32,4.050025,11.266332
κονίω,6,192,20,66,32,1.646782,13.119732
κοναβέω,5,227,20,66,32,1.5213274,12.015076
κορέννυμι,21,-1,34,3,137,0.7376314,12.789088
κορυθαίολος,39,22,24,49,139,5.930756,8.747981
κορυφή,27,167,11,23,102,4.583366,10.712117
κορωνίς,17,-1,11,52,89,3.5488312,9.517932
κορύσσω,26,192,35,35,0,1.5376936,12.865629
κορώνη,9,162,1,8,46,4.1946383,11.852007
κοσμέω,12,121,28,60,24,1.3533416,12.915332
κοτέω,19,201,10,53,117,1.3476712,11.847464
κοτύλη,5,162,1,8,98,4.377376,11.421742
κουρίδιος,15,46,0,58,13,5.3251314,8.948752
κοῖλος,55,131,1,8,98,3.5155315,9.30781
κοῖτος,10,113,6,45,45,3.3472936,12.424399
κοῦρος,22,46,25,25,105,5.352674,8.937859
κράς,30,-1,1,72,72,5.0381765,11.98676
κράτιστος,11,93,2,44,49,3.3431892,7.634972
κράτος,30,219,16,26,41,3.8370485,11.795688
κρέας,40,119,6,45,45,3.8138256,12.739362
κρήδεμνον,14,-1,1,41,64,4.3650866,12.40905
κρήνη,18,166,22,57,57,4.5168467,10.71626
κρίνω,33,8,7,47,36,1.1685402,12.873898
κραίνω,10,-1,37,37,136,0.9722263,12.267445
κραιπνός,20,130,0,50,2,3.1028574,8.71099
κραναός,6,65,0,50,1,3.1708548,9.254156
κρατέω,12,-1,23,13,56,2.3894067,12.021472
κρατήρ,38,120,6,45,45,3.658337,12.798549
κραταιός,13,136,0,50,1,2.1144364,10.311117
κρατερός,157,-1,0,50,1,3.4617016,8.845936
κρατερῶνυξ,7,127,23,62,30,5.2837176,11.642584
κρείσσων,14,94,2,44,49,3.4850585,7.6530933
κρείων,63,28,5,15,48,6.0619736,8.461981
κρεμάννυμι,6,81,14,29,28,1.4911304,13.346308
κρημνός,6,188,11,23,44,5.5511894,11.258968
κρόταφος,11,148,1,41,64,5.0349393,11.818792
κρύπτω,11,198,14,29,68,1.6107163,14.1948805
κρῖ,6,119,6,45,45,3.8672075,12.787802
κτάομαι,5,179,4,27,108,0.3082641,12.9386015
κτέαρ,14,148,1,41,64,5.089942,11.67668
κτέρεα,5,118,14,29,33,4.055811,12.532178
κτείνω,146,96,14,29,33,2.4694986,13.147277
κτερίζω,5,96,14,29,33,2.4995944,13.127105
κτυπέω,8,-1,38,38,74,1.7269934,12.163528
κτύπος,10,-1,12,5,5,3.2252269,11.694791
κτῆμα,55,128,1,41,66,4.1608844,12.487095
κτῆσις,10,-1,6,45,45,3.6665556,12.417674
κυάνεος,17,53,1,8,96,3.3620455,9.507666
κυανοχαίτης,7,42,10,63,63,2.4706485,10.0135975
κυανόπρῳρος,11,-1,22,36,8,2.5240507,9.661846
κυβερνήτης,9,78,22,36,8,4.7902904,9.800495
κυδάλιμος,31,42,20,30,71,2.4626305,10.105515
κυδαίνω,7,-1,20,30,71,1.3157771,12.287236
κυδιάνειρα,9,42,20,30,71,2.2538247,10.163135
κυδοιμός,7,111,20,30,71,2.6858778,10.550168
κυκάω,11,227,35,35,0,1.7055162,12.142122
κυλίνδω,22,155,13,48,6,1.0857044,13.713355
κυνέη,26,162,1,8,96,4.4117794,11.549917
κυνέω,21,-1,20,66,32,1.3887854,13.028124
κυνώπης,6,25,25,25,20,5.8461304,9.032088
κωκύω,11,228,20,66,32,1.2332754,12.058105
κόλπος,15,171,8,64,129,4.959482,10.726224
κόμη,13,-1,1,72,72,4.723651,12.116844
κόνις,9,149,20,66,32,4.044988,11.195506
κόπρος,8,-1,14,29,68,5.4075637,10.509225
κόπτω,16,198,14,29,68,1.5761199,14.170253
κόρη,99,46,25,25,105,5.3850946,8.965301
κόρος2,22,46,25,25,105,5.388308,8.937194
κόρυς,46,-1,1,8,96,4.628974,11.733542
κόσμος,18,-1,8,64,129,3.8444579,11.127908
κότος,7,215,16,26,41,3.5351677,11.627821
κύδιστος,20,62,31,34,131,4.218732,7.27613
κύκλος,9,-1,8,64,129,4.919467,10.90108
κύντερος,5,79,2,44,49,3.501793,7.7892
κύπελλον,10,-1,1,41,64,3.8272955,12.511816
κύρμα,5,105,26,28,29,3.5679817,11.262177
κύων,111,56,6,46,10,5.521782,10.107963
κώπη,7,-1,38,38,74,4.338584,11.260231
κῆδος,46,128,1,41,66,4.120555,12.459946
κῆπος,6,171,11,69,34,5.1316423,10.882387
κῆρ,75,-1,10,0,16,2.047829,10.402669
κῆρυξ,85,-1,5,15,76,5.7821994,8.673258
κῆτος,7,-1,6,46,146,5.1848407,10.298214
κῦδος,76,219,16,26,41,3.8316324,11.801148
κῦμα,105,78,22,36,8,4.4955916,10.325467
κῶας,11,-1,1,41,66,4.7342553,10.702802
λάβρος,5,-1,25,25,105,3.6121767,9.652517
λάζομαι,16,230,13,48,12,0.28442448,12.302611
λάθρῃ,13,-1,16,31,7,3.4820068,11.0496235
λάινος,9,143,26,67,67,4.2805834,10.12332
λάμπω,23,5,32,65,65,1.92563,12.972603
λάξ,8,-1,0,32,15,2.8098862,8.241589
λάσκω,5,199,35,35,0,1.6405088,12.80294
λέβης,22,120,6,45,45,3.6700907,12.804091
λέγω,21,233,9,22,125,0.2060031,11.183926
λέγω2,17,233,9,22,125,0.1735107,11.239982
λέγω3,12,233,9,22,125,0.18495783,11.15354
λέκτρον,7,172,1,41,64,5.064043,11.418434
λέχος,46,172,1,41,64,5.0499954,11.402103
λέων,56,56,6,46,10,5.6127243,10.119625
λήγω,18,178,7,76,143,0.18490012,13.022616
λίθος,26,135,16,26,41,4.637121,11.293697
λίμνη,10,78,22,36,8,4.6301804,10.312997
λίνον,6,-1,0,32,15,5.3067503,10.93551
λίπα,8,51,21,71,17,3.6618373,6.744911
λίς,7,143,0,32,15,5.0754285,10.372242
λίς2,5,143,0,32,15,4.4227586,10.47701
λίσσομαι,72,235,13,48,12,0.14092636,11.976722
λαγχάνω,29,-1,3,42,42,0.5086142,13.28816
λαιμός,5,-1,1,72,72,5.362819,11.977968
λαιψηρός,10,130,0,50,2,2.9502835,8.602374
λαμβάνω,126,-1,3,42,42,0.6187442,13.365017
λαμπρός,12,147,0,50,1,3.4697824,8.785666
λανθάνω,85,231,4,27,21,0.41716027,12.048044
λαοσσόος,6,-1,16,26,103,4.8145037,9.513819
λαπάρα,7,85,14,29,28,1.4489323,13.686294
λαός,285,-1,23,13,56,5.247203,8.875663
λαῖλαψ,13,143,26,67,67,4.040913,10.438552
λαῖτμα,9,143,26,67,67,4.236708,10.530629
λείβω,20,212,10,7,4,1.7638103,13.289356
λείπω,158,142,38,38,74,-0.18032336,13.028281
λειμών,12,171,11,23,102,5.182129,10.786923
λεπτός,20,147,0,50,1,3.4263408,8.849245
λευγαλέος,14,130,0,50,1,3.1959155,8.783236
λευκός,59,147,0,50,1,3.4990466,8.791055
λευκώλενος,38,25,5,15,48,5.83527,8.865437
λεύσσω,12,4,11,52,107,1.4721034,12.212538
λεῖος,8,132,29,14,31,3.206181,8.882225
ληίς,11,-1,5,24,112,5.701103,7.502129
λιάζομαι,13,230,13,48,12,0.39557976,12.1807375
λιαρός,8,-1,0,50,1,3.2657986,8.9826765
λιγυρός,7,130,0,50,1,3.1337745,8.787778
λιγύς,26,-1,0,50,1,3.0776358,8.525327
λιγύφθογγος,5,-1,12,5,5,2.9170911,11.213082
λιλαίομαι,22,235,13,48,12,0.10253079,11.988984
λιμήν,33,78,22,36,8,4.5721254,10.317615
λιμός,8,168,10,0,16,1.8813918,10.452391
λιπαρός,23,139,0,50,1,3.3527856,8.949163
λιτανεύω,6,235,13,48,12,0.13260731,12.015243
λοιγός,22,111,12,5,22,3.1850321,11.1706915
λουτρόν,8,-1,1,41,64,2.95611,12.220584
λοχάω,10,191,10,7,4,1.5318675,11.514802
λούω,43,213,14,29,28,1.7814908,13.464493
λυγρός,59,130,0,50,1,3.336107,8.753307
λωίων,7,79,2,44,49,3.4553995,7.793038
λωτός,8,-1,0,32,15,5.559743,10.906272
λόφος,15,135,16,26,41,4.8194494,11.397959
λόχος,18,170,16,26,41,4.7669554,11.227346
λύκος,10,56,6,46,10,5.6209335,10.147969
λύω,133,152,7,76,53,0.8888538,13.2205515
λώβη,11,207,16,31,7,3.1697812,11.085908
λᾶας,22,143,1,41,64,4.5811667,10.517693
μάκαρ,34,32,15,20,114,5.340136,8.361964
μάλιστα,82,69,2,44,49,3.235158,7.312192
μάντις,17,-1,5,15,76,5.4523253,9.535269
μάρναμαι,54,176,20,30,130,1.82403,12.670106
μάρπτω,15,198,14,29,68,1.5956507,14.177
μάρτυρος,8,1,23,13,84,1.2381492,10.108591
μάστιξ,22,162,1,8,96,4.111808,11.561045
μάχη,134,-1,19,4,78,3.4778812,11.351388
μάχομαι,240,136,10,0,16,2.1214576,10.565532
μάψ,8,-1,0,50,2,2.7485638,8.008005
μέγαρον,262,172,11,69,34,5.1369333,11.275701
μέγας,707,-1,0,50,1,3.2281184,8.21655
μέγεθος,8,211,16,31,7,3.7276523,11.717041
μέδομαι,15,-1,10,0,16,1.8094002,11.163158
μέδων,24,-1,10,0,16,1.9747236,11.289907
μέθυ,13,120,6,45,45,3.6277354,12.84297
μέλαθρον,7,-1,10,0,16,2.021615,11.36371
μέλας,171,137,0,50,1,3.3683875,9.126441
μέλεος,5,-1,16,26,41,3.5209873,11.569938
μέλι,7,119,6,45,45,3.742688,12.814238
μέλινος,14,52,1,8,96,3.6919868,9.542524
μέλλω,83,206,4,43,43,-0.35782057,11.522483
μέλος,23,-1,1,41,64,4.994521,11.971348
μέλπω,5,-1,10,0,39,-0.052775104,12.130811
μέλω,60,-1,10,0,16,1.7389339,11.137569
μέμαα,110,200,10,7,4,1.3687233,11.616417
μέμονα,13,206,4,43,43,-0.35642147,11.533188
μένος,179,219,1,8,96,3.888343,11.768659
μένω,175,-1,17,75,75,1.9701036,12.872183
μέρμερος,6,-1,1,41,66,4.002872,12.317568
μέροψ,10,32,15,20,114,5.2936177,8.371762
μέσαυλος,5,0,11,23,44,1.9989685,7.7443967
μέσος,143,0,11,23,44,2.016812,7.4678473
μέτειμι,16,114,38,38,141,1.5887771,10.918263
μέτρον,14,129,26,28,11,4.0236654,12.291448
μέτωπον,12,216,1,72,72,4.7660913,12.237735
μήδομαι,31,236,4,27,108,0.151969,11.591339
μήστωρ,17,48,23,13,84,3.829125,10.442324
μήτηρ,191,45,15,78,38,5.288135,8.927456
μίγνυμι,75,-1,37,37,133,1.6431711,12.711361
μίμνω,45,-1,17,75,75,1.9792011,12.800445
μίνυνθα,14,58,0,50,2,2.6169991,7.407253
μαίνομαι,22,-1,37,37,133,1.3619816,12.327783
μαιμάω,6,191,20,56,27,1.7291477,12.15101
μακρός,123,146,0,50,1,3.2817738,8.750725
μαλακός,29,139,0,50,1,3.397045,8.935223
μαντεύομαι,13,236,4,27,108,0.142431,11.512389
μαρμαίρω,9,176,20,30,130,1.8768142,12.625073
μαστίζω,11,186,14,29,28,1.885946,13.789425
μαστός,17,-1,1,72,72,5.4007363,11.9047985
μαχητής,6,136,10,0,16,2.1469593,10.530552
μαψίδιος,8,-1,0,50,2,2.5341406,8.137404
μαῖα,8,71,31,34,131,4.345651,7.178977
μείρομαι,6,-1,26,28,11,0.37330636,12.733896
μείς,12,19,31,79,79,2.7580802,5.9298587
μεγάθυμος,76,-1,24,49,139,3.1088374,8.360153
μεγαίρω,7,-1,10,0,16,1.8426272,10.620868
μεγακήτης,5,3,27,55,111,4.262624,9.045295
μεγαλήτωρ,63,-1,23,13,84,4.3582196,9.128952
μεδέων,5,-1,23,13,56,2.3253906,11.5716
μεθάλλομαι,6,-1,35,35,0,0.5583941,14.029055
μεθέπω,6,-1,38,38,141,-0.118233085,13.615206
μεθίημι,37,161,7,47,35,0.006968843,13.372011
μειδάω,15,228,20,66,32,1.1894408,11.942188
μειλίχιος,27,-1,0,58,13,2.8375208,9.117198
μελάνυδρος,5,-1,11,23,126,2.0508165,9.390319
μελέδημα,5,128,1,41,66,4.168851,12.508996
μελία,15,162,1,8,96,4.3710837,11.351282
μελίφρων,10,120,6,45,45,3.6177084,12.794442
μελιηδής,21,74,6,45,45,2.4953244,8.7741375
μενεαίνω,36,201,10,7,4,1.5080739,11.520474
μενεπτόλεμος,10,-1,5,15,76,7.3795457,8.499153
μενεχάρμης,7,42,24,49,139,2.5185306,10.181287
μενοεικής,15,73,0,19,55,2.3444963,8.813652
μενοινάω,23,-1,10,0,16,1.6511488,11.095436
μερμηρίζω,35,-1,20,30,130,1.2925673,12.597816
μεσηγύ,24,-1,21,1,52,1.967617,7.2155485
μετάφημι,14,218,9,22,26,0.10881887,10.785453
μετάφρενον,17,216,1,72,72,4.984123,12.125102
μετέπειτα,5,-1,21,77,3,2.9749079,6.675286
μετέρχομαι,17,-1,38,38,141,-0.07279557,13.916553
μετακιάθω,6,-1,38,38,141,-0.121585384,13.644866
μεταλλάω,24,-1,10,7,4,1.6543719,11.081965
μεταμώνιος,5,35,2,2,25,3.9575334,8.263967
μεταπρέπω,14,142,38,38,141,-0.17313294,13.029598
μεταστρέφω,11,197,7,47,35,0.6902646,14.046263
μεταυδάω,24,218,10,0,16,0.26811978,10.730902
μεταφωνέω,6,218,9,22,26,0.12777671,10.776184
μετεῖπον,64,218,9,22,26,0.12306449,10.774828
μετοίχομαι,5,-1,38,38,141,-0.10784243,13.910491
μετόπισθε,26,140,21,1,52,1.963226,6.741234
μηκάομαι,6,227,20,66,32,1.4452028,12.394552
μηκάς,5,56,6,46,10,5.57427,10.202891
μηκέτι,20,-1,31,34,131,3.8433058,6.6566916
μηνίω,8,136,36,17,37,2.261114,10.588177
μηρία,13,128,21,71,17,4.147274,12.514592
μηρός,34,216,1,72,72,5.2391953,12.126014
μητίετα,19,-1,10,53,117,1.3349497,11.462959
μητίομαι,7,-1,10,53,117,1.1274469,11.5932
μητιάω,11,201,10,53,117,1.3942375,11.595636
μηχανάομαι,9,201,10,7,4,1.5080439,11.576032
μιαίνω,6,-1,37,37,133,1.4982548,12.751497
μιμνήσκω,101,229,34,3,137,0.33718455,12.21795
μινυνθάδιος,7,58,0,50,2,2.566414,7.538704
μινύθω,9,-1,17,70,91,1.9789674,12.247454
μισθός,8,-1,16,31,7,3.3882828,11.60781
μιστύλλω,10,213,14,29,28,1.8943657,13.513965
μνάομαι,23,-1,34,3,137,1.0708984,12.274008
μνηστήρ,197,-1,11,52,89,5.4391527,8.342897
μνηστός,6,-1,15,78,38,5.066558,8.697119
μογέω,32,-1,2,68,61,1.3961647,11.627386
μολπή,9,138,12,5,5,2.9053133,11.653675
μοχλός,8,188,12,5,22,5.522727,11.395155
μοῖρα,97,207,16,31,7,3.2936878,11.278233
μυθέομαι,58,-1,4,27,108,0.20669818,11.318136
μυκάομαι,8,199,35,35,0,1.6706827,12.943834
μυρίος,30,69,31,79,79,3.2471666,7.1971393
μυχός,19,187,11,69,34,5.4419055,11.191466
μυῖα,6,56,6,46,10,5.6291466,10.128605
μω~νυξ,8,127,23,62,30,5.2988634,11.651361
μόγις,5,-1,16,26,41,2.9374857,6.941449
μόθος,5,194,16,26,41,3.8032546,11.484026
μόνος,30,84,21,77,3,2.7554772,7.281291
μόρος,16,194,16,26,41,3.8955173,11.458688
μόρσιμος,5,105,26,28,29,3.4128938,11.01092
μύρω,15,232,13,48,6,0.7433258,11.751726
μᾶλλον,63,69,2,44,49,3.2758274,7.344733
μῆδος,19,128,1,41,66,4.0967855,12.437914
μῆλον,65,56,6,46,10,5.4814754,10.258
μῆλον2,10,56,6,46,10,5.4583077,10.266293
μῆνις,14,207,16,31,7,3.170613,11.283905
μῆρα,6,128,21,71,17,4.062676,12.50262
μῆτις,35,-1,16,31,7,3.3363001,11.238078
μῦθος,287,218,9,22,26,0.14760217,10.702695
μῶλος,7,-1,25,25,105,3.514498,11.280916
μῶνυξ,25,127,23,62,30,5.2802386,11.636189
νέατος,15,66,14,16,59,1.5100787,8.715735
νέκταρ,7,120,6,45,45,3.6433992,12.844552
νέκυς,75,-1,14,29,68,3.0552273,12.798304
νέμεσις,9,207,13,11,19,2.9407418,11.757363
νέμω,41,-1,14,16,59,2.240844,13.033878
νέομαι,80,-1,10,0,16,-0.16133435,14.100491
νέος,100,44,16,26,47,3.9822772,7.647763
νέρθε,5,141,21,1,52,1.8507652,6.633294
νέφος,45,21,32,65,65,4.0126786,10.95532
νήδυμος,12,35,2,2,25,3.7674742,8.1903925
νήιος,7,38,36,17,37,4.1495304,9.361019
νήπιος,66,35,2,2,25,3.958148,8.195097
νήποινος,6,35,26,28,29,3.723985,8.233285
νήχω,8,61,13,48,6,0.34497407,12.531263
νίζω,25,213,14,29,28,1.7870665,13.579783
νίκη,39,136,10,0,16,2.1761029,10.591081
νίσσομαι,8,-1,14,16,59,1.6507778,12.857113
ναίω,76,87,14,16,59,2.2909572,12.6394205
ναίω2,20,87,14,16,59,2.277723,12.622497
ναιετάω,35,87,14,16,59,2.3550696,12.380607
ναυσικλυτός,6,3,27,55,111,4.4653325,9.099201
ναός,14,187,12,5,22,5.5397983,11.179527
ναύτης,12,78,22,36,8,4.7442484,9.820011
ναῦς,948,78,22,36,8,4.6983857,9.963452
νεβρός,10,56,6,46,10,5.6384764,10.11186
νεικέω,41,-1,30,61,14,0.9753777,11.677525
νειός,7,187,12,5,22,5.6597505,11.083555
νεκρός,64,-1,14,29,68,3.0371418,12.812928
νεμεσάω,36,153,13,11,19,0.9325518,11.663517
νεμεσίζομαι,9,153,13,11,19,0.73770016,11.758824
νεμεσητός,6,153,13,11,19,0.9945202,11.520864
νευρά,11,163,1,8,121,4.279722,11.212084
νευρή,10,163,1,8,121,4.3154607,11.228649
νεφέλη,20,21,32,65,65,4.073158,10.7929535
νεφεληγερέτα,35,63,10,63,63,2.0817454,9.504848
νεύω,18,-1,20,54,87,1.4214798,12.733255
νεώτερος,7,94,2,44,49,3.6433551,7.590168
νεῖκος,36,219,16,26,41,3.7084,11.698525
νηέω,8,199,36,17,37,1.6787893,13.24661
νηλής,33,74,0,19,55,2.2843263,8.595178
νημερτής,26,-1,0,58,13,2.4850082,8.087111
νηπύτιος,9,35,2,2,25,3.9189973,7.914473
νικάω,41,-1,19,4,78,2.2856803,11.228957
νιφάς,5,21,32,65,65,3.9851978,10.612043
νιφόεις,5,100,10,7,4,1.2772038,9.448853
νοέω,131,214,9,9,58,0.9166767,11.607983
νομεύς,13,56,12,5,22,5.633018,10.111746
νομός,7,187,12,5,22,5.637848,11.088767
νοστέω,47,197,7,47,35,0.4063747,13.754081
νοσφίζομαι,9,-1,13,11,93,0.78466326,12.319114
νοῦσος,5,207,16,31,7,3.2027748,11.259175
νωλεμές,17,77,0,19,54,2.2179003,8.303819
νωμάω,24,212,14,16,18,1.5757788,13.231161
νόημα,18,169,10,0,16,1.8137285,10.519399
νόθος,11,-1,16,26,103,2.8253727,7.7752776
νόος,99,215,16,26,41,3.7885933,11.61439
νόστιμος,13,105,26,28,29,3.5105736,11.121938
νόστος,58,105,26,28,29,3.427681,11.303011
νόσφι,46,-1,21,1,52,1.8801475,6.728598
νύμφη,37,-1,15,78,38,5.665104,8.979061
νύξ,129,19,31,79,79,3.706343,10.365741
νύσσα,5,4,11,52,107,3.6750762,10.810208
νύσσω,26,186,14,29,28,1.798965,13.836736
νῆσος,62,78,22,36,8,4.5930934,10.175852
νῶροψ,8,144,26,67,67,4.047638,10.113704
νῶτον,28,-1,8,64,129,5.190184,12.186489
ξένιος,16,37,15,78,38,4.5416284,8.529534
ξένος,168,44,15,78,38,4.597966,8.417708
ξένος2,6,44,15,78,38,4.662611,8.41471
ξέω,5,-1,14,29,28,1.3345104,13.58357
ξίφος,61,158,1,8,96,4.555712,11.860938
ξανθός,42,-1,0,50,1,3.840431,8.764554
ξεινήιον,8,37,2,2,69,4.4696326,8.618388
ξενίζω,12,37,15,78,38,4.51463,8.523527
ξεστός,22,131,0,50,1,3.3507702,9.139568
ξυστόν,5,158,1,8,96,5.111894,11.704966
ξύλον,12,112,1,41,66,4.1406956,12.616217
ξύλοχος,6,0,11,23,44,4.875515,11.266588
οἰκέω,7,87,14,16,59,2.257976,12.743589
οἰκίον,20,128,1,41,66,4.2313232,12.484523
οἰκεύς,7,34,15,78,38,4.8982215,8.723031
οἰκτείρω,5,228,20,30,130,1.163702,11.980436
οἰκτρός,7,51,21,71,17,3.6115131,6.727032
οἰμωγή,6,165,12,5,5,2.7647052,11.299229
οἰμώζω,21,228,20,66,32,1.2446084,11.950665
οἰνοχοέω,6,209,14,16,18,1.711363,13.156665
οἰνοχόος,5,-1,14,16,18,4.9308143,9.4383545
οἰωνός,28,56,6,46,10,5.456519,9.931092
οἴγω,14,186,14,29,28,1.8391999,13.844206
οἴκαδε,70,90,21,71,17,4.889965,6.835262
οἴκοθεν,5,-1,21,1,100,2.2197635,7.1189513
οἴκοι,6,91,21,1,52,1.9677906,7.115457
οἴκτιστος,5,93,2,44,49,3.3574736,7.764517
οἴομαι,107,206,4,43,43,-0.2862541,11.486661
οἴχομαι,79,226,7,47,50,-0.018037437,14.029255
οἶδα,268,214,9,9,99,0.81939995,11.236369
οἶκος,133,171,11,69,34,5.129499,10.887828
οἶκόνδε,19,90,21,71,17,4.9775906,6.8745255
οἶνος,122,120,6,45,45,3.5970552,12.807056
οἶνοψ,17,144,26,67,67,4.28793,10.062966
οἶος,151,84,21,77,3,2.7695198,6.999154
οἶτος,11,-1,26,28,29,3.36212,11.46086
οὐδείς,18,109,21,10,101,3.3349988,6.5915914
οὐδός,45,187,12,5,22,5.578834,11.215781
οὐκέτι,69,109,21,10,101,3.4132495,6.561937
οὐλή,7,163,1,8,121,4.0285516,11.025827
οὐλοχύται,7,30,6,46,10,5.098021,10.27725
οὐλόμενος,11,-1,31,34,131,3.0149407,9.8738165
οὐρανόθεν,19,89,21,1,52,2.4951599,6.909023
οὐρανός,84,18,32,65,65,4.0233707,10.297747
οὐτάζω,34,81,1,72,72,1.583409,13.616903
οὐτάω,47,81,1,72,72,1.7980484,13.789044
οὐτιδανός,6,77,0,50,2,2.1662705,8.377002
οὔπως,6,109,31,34,113,3.4293802,6.469751
οὔτι,31,109,21,10,101,3.3878014,6.5220513
οὕνεκα,58,125,31,34,113,3.3206313,6.23371
οὖδας,27,154,1,72,72,4.884781,12.592511
οὖλος2,9,143,1,8,98,4.1390896,10.50618
οὖλος3,8,-1,25,25,105,4.013289,10.178349
οὖρος,23,-1,25,25,105,4.0375957,10.206465
οὖρος2,6,-1,25,25,105,4.000352,10.138722
οὖς,27,-1,1,72,72,4.9474626,12.497759
πάγχυ,24,58,2,44,49,2.6819794,7.5997696
πάλαι,17,44,16,26,47,3.9875803,7.6328397
πάλλω,25,186,14,29,28,1.8289511,13.491504
πάμπαν,36,69,21,77,3,3.1257567,7.0449295
πάμπρωτος,8,69,2,44,49,2.7627277,7.4877667
πάννυχος,5,-1,21,1,52,2.2310417,7.907254
πάντοθεν,9,-1,21,77,3,2.1700494,7.1137924
πάντοσε,29,89,21,77,3,2.5165339,6.825897
πάντῃ,33,84,21,77,3,2.8678467,6.9070997
πάρειμι,45,108,10,0,16,1.6633711,10.563191
πάρημαι,13,-1,35,35,0,0.5907433,14.123605
πάροιθε,26,-1,21,1,52,2.0168936,6.782358
πάρος,95,44,16,26,47,3.919006,7.568237
πάσσαλος,6,0,11,23,44,4.7236295,11.4049225
πάσσω,9,212,14,29,28,1.699904,13.3958845
πάσσων,5,94,2,44,49,3.4227488,7.59918
πάσχω,110,-1,2,68,61,1.3929585,11.389142
πάτηρ,46,62,31,34,131,4.2662354,7.19879
πάτρα,7,78,5,24,112,4.5733705,10.460914
πάτρη,11,78,5,24,112,4.681766,10.4171915
πάτροκλος,11,62,5,15,76,4.285786,7.2108583
πέδιλον,16,151,1,41,64,4.421267,12.291667
πέλαγος,7,78,22,36,8,4.529951,10.332288
πέλεια,9,-1,14,29,33,4.2633834,11.886699
πέλεκυς,18,158,1,8,96,4.761902,11.894549
πέλω,105,76,10,53,88,1.9931695,11.888296
πέμπτος,7,2,31,79,79,2.5865188,6.1255627
πέμπω,81,-1,7,47,50,-0.0011638325,13.365554
πένθος,33,219,16,26,41,3.671097,11.857411
πένομαι,12,114,10,0,16,1.7436393,10.905393
πέντε,7,-1,31,34,113,2.6935985,5.7250533
πέπλος,16,151,1,41,64,4.5646453,12.148411
πέπνυμαι,77,218,33,33,85,0.13438566,10.623524
πέπων,17,-1,31,34,131,4.2171392,7.065446
πέρ,503,-1,21,10,101,3.0733104,6.6674047
πέρθω,21,202,7,76,53,0.7036231,13.038321
πέσσω,7,76,10,0,16,1.6145359,11.244347
πέτομαι,50,85,14,29,33,1.8885894,13.299624
πέτρα,56,-1,14,29,33,4.420918,10.892289
πήγνυμι,35,186,14,29,28,1.8479677,13.768996
πήληξ,10,162,1,8,96,4.466024,11.485419
πήρα,6,162,1,8,96,4.386229,11.463639
πίμπλημι,36,-1,7,76,53,1.5118314,13.170808
πίναξ,5,151,14,12,92,4.6704326,11.73641
πίνω,83,120,6,45,45,3.3828437,12.886879
πίπτω,173,81,20,66,32,1.1912414,13.465531
πίσυνος,7,1,12,5,5,1.1498225,10.167911
πίων,46,-1,11,69,34,4.8825054,8.474178
πα~ς,5,69,21,77,3,3.1692624,7.202685
παίζω,5,-1,14,29,28,1.3319615,12.034436
παιπαλόεις,14,-1,10,7,4,1.28883,9.43953
παλάμη,21,149,11,52,89,4.4259887,11.432911
παλάσσω,16,192,35,35,0,1.5724041,12.9972725
παλίντονος,5,52,1,8,96,3.537902,9.452341
παλαιός,18,44,16,26,47,4.0188875,7.6656804
παλύνω,7,212,14,29,28,1.7128094,13.192635
παμφαίνω,8,5,32,65,65,1.968873,12.758866
παμφανόων,18,201,10,7,4,1.5703913,11.5267105
παναίολος,6,-1,24,49,139,2.7142484,8.611982
πανημέριος,12,58,21,1,52,2.476686,7.620413
παννύχιος,16,58,21,1,52,2.520084,7.6000147
πανσυδίῃ,5,58,21,1,52,2.4644678,7.908589
παντοῖος,27,69,0,50,1,3.2856808,7.223384
παπταίνω,25,95,14,29,28,1.9840927,13.105796
παράκοιτις,15,-1,10,0,115,5.123133,9.167687
παράφημι,6,-1,7,47,36,-0.075293064,11.841177
παρέξ,21,-1,7,47,36,1.597403,7.0845
παρέρχομαι,6,208,7,47,50,0.1396629,13.995819
παρέχω,15,179,3,42,42,0.18743512,12.918768
παρήιον,5,38,35,35,0,4.194907,9.573358
παρίστημι,88,204,14,12,95,0.4725862,14.201173
παραλέγω,7,142,4,27,108,-0.16606697,12.4464445
παραπείθω,7,-1,7,47,36,-0.20114212,11.861606
παρατίθημι,27,190,14,29,28,0.98580956,13.569927
παρειά,19,195,1,72,72,4.9505906,12.203988
παρελαύνω,6,-1,14,29,33,0.46295193,13.824316
παρεῖπον,6,108,9,22,125,0.962227,10.818237
παρθένος,7,-1,15,78,38,5.6858077,8.99754
πατέομαι,15,-1,34,3,137,0.73680913,12.728021
πατήρ,331,45,15,78,38,5.1833277,8.899351
πατρίς,113,-1,5,24,112,5.635668,7.213112
πατρώιος,22,37,2,2,69,4.4406652,8.474504
παχύς,25,137,1,8,96,3.2666063,9.14196
παύω,90,178,7,76,143,0.3029936,13.0489855
παῖς,275,45,15,78,38,5.22052,8.94287
παῦρος,21,94,2,44,49,3.4978375,7.6758976
πείθω,197,-1,4,27,21,0.25681788,11.547799
πείρω,22,212,14,29,28,1.7512385,13.36848
πεδάω,12,-1,14,29,33,0.9509285,13.512011
πεδίον,114,-1,11,23,102,4.7649508,10.516911
πεζός,30,54,23,62,30,4.952456,9.120334
πειράω,69,229,34,3,137,0.29914868,12.179368
πειρητίζω,11,229,34,3,137,0.39826876,12.112504
πελάζω,32,-1,14,29,33,0.868162,13.515677
πελεμίζω,11,186,14,29,135,1.4034343,13.428971
πελώριος,19,35,38,38,141,4.054159,8.176811
πεντήκοντα,24,117,31,79,79,2.6170692,5.62059
περάω,24,202,7,76,53,0.7677938,13.119812
περάω2,6,202,7,76,53,0.66193664,13.207203
περίφρων,52,-1,24,49,60,5.545785,8.981318
περιίστημι,7,204,7,47,36,0.4470307,14.004558
περιβαίνω,6,204,7,47,36,0.34234637,14.029247
περιδείδω,8,-1,13,11,19,0.8847989,11.996899
περικαλλής,51,73,0,19,55,2.2799015,8.745157
περικλυτός,24,3,27,55,111,4.483384,9.02314
περικτίονες,6,32,15,20,114,5.2857547,8.2348
περιμήκης,8,123,29,14,124,2.3158581,9.058569
περιτέλλομαι,5,19,17,70,142,3.4852285,10.299389
περιφραδής,6,107,0,58,13,2.4686692,8.100851
περιχέω,9,205,7,6,83,1.4113082,13.835363
πετάννυμι,22,95,14,29,33,2.004277,13.3024645
πετεινός,10,-1,14,29,33,2.3303287,13.23893
πετρήεις,5,100,10,7,4,1.2891159,9.409125
πεύθομαι,16,231,4,27,21,0.28976983,11.582595
πεῖραρ,18,129,21,71,17,4.081989,12.400613
πεῖσμα,7,129,21,71,17,4.1986184,12.332259
πηγή,6,166,22,57,57,4.5302577,10.694735
πηδάλιον,5,78,22,36,8,4.475126,10.442931
πημαίνω,5,-1,37,37,136,0.983784,12.2393265
πιέζω,6,114,10,0,16,1.7531213,10.83875
πικρός,18,146,0,50,1,3.3497443,8.739841
πινυτός,6,-1,15,78,38,3.77183,8.396286
πιστός2,24,147,8,64,129,3.553911,8.784875
πιφαύσκω,19,-1,13,48,12,0.20317677,11.926135
πλάζω,21,4,13,48,12,1.7323328,11.284084
πλέω,22,208,7,47,50,-0.06917999,13.77629
πλέως,13,69,2,44,49,3.3365803,7.420843
πλήθω,9,23,7,76,53,2.3311036,12.532068
πλήσσω,45,186,14,29,28,1.830167,13.846592
πλατύς,9,123,29,14,31,2.6647463,8.931974
πλείων,36,94,2,44,49,3.4361796,7.532834
πλευρά,5,195,1,72,72,4.9718394,12.281632
πλεῖστος,24,69,31,79,79,3.266994,7.358905
πληγή,9,-1,11,52,89,3.9215984,11.303037
πληθύς,16,170,23,13,56,4.7876215,10.903339
πλησίος,26,29,21,1,100,1.9561918,7.448205
πλοῦτος,7,211,16,31,7,3.6123397,11.722619
πλύνω,5,213,14,29,28,1.854856,13.489114
πνέω,17,13,32,65,65,3.4728425,10.119197
πνοή,22,13,32,65,65,3.4387581,10.25766
ποδήνεμος,10,25,24,49,60,5.7584023,8.992739
ποδαρκής,19,22,24,49,60,5.867697,8.870102
ποδώκης,28,22,24,49,60,5.8444853,8.972118
ποθέω,22,157,16,26,103,2.0368047,12.027107
ποθή,10,207,16,31,7,2.9997191,11.230923
ποθεν,11,-1,21,1,100,2.2729106,7.0248976
ποθι,22,-1,21,1,52,3.2081568,6.4677396
ποιέω,74,190,14,29,28,1.339443,13.552078
ποιήεις,8,100,10,7,4,1.3252275,9.455857
ποιητός,15,131,29,14,124,3.28664,9.17894
ποικίλος,30,147,0,50,1,3.5366585,8.830794
ποικιλομήτης,7,-1,10,0,115,5.8793454,9.18517
ποιμήν,68,57,23,13,56,5.2675257,9.780525
ποινή,11,207,16,31,7,3.0304341,11.292216
ποιπνύω,7,-1,29,14,9,1.922004,12.459321
πολίτης,5,169,10,0,16,1.8207533,10.405375
πολεμήιος,8,38,2,2,69,4.1064353,9.331072
πολεμίζω,58,136,10,0,16,2.1376915,10.584754
πολεμιστής,15,136,10,0,16,2.3071864,10.43244
πολιός,41,131,0,50,1,3.375919,9.184669
πολλάκις,13,83,31,34,113,2.9777405,6.270044
πολυβενθής,5,123,29,14,31,2.4763048,8.96651
πολυβότειρα,8,72,10,0,16,1.7703984,9.683247
πολυδαίδαλος,10,-1,29,14,124,2.4031622,9.206251
πολυκλήις,10,-1,11,52,89,3.4319606,9.737161
πολυμήχανος,21,62,2,2,40,4.2149315,7.264034
πολυπῖδαξ,8,-1,29,14,31,1.9003668,9.608251
πολύδακρυς,6,-1,26,28,29,3.2807288,8.749151
πολύκμητος,6,122,29,14,124,2.2582111,9.20046
πολύμητις,74,22,24,49,60,5.9292364,9.05377
πολύπυρος,6,-1,29,14,31,1.8008089,10.029885
πολύς,822,69,31,79,79,3.2399442,7.260994
πολύτλας,35,22,24,49,60,5.9121633,8.88537
πολύφλοισβος,8,-1,11,23,126,2.189378,9.493906
πολύφρων,9,-1,24,49,60,3.815727,9.015193
πολύχαλκος,5,104,29,14,31,2.2163866,9.298252
πολύχρυσος,5,104,29,14,31,2.2553284,9.266606
πομπή,24,181,16,31,7,3.0125313,11.265157
πομπός,12,-1,16,31,7,3.7159088,10.782234
πονέω,29,157,14,16,59,1.8892864,11.803253
ποντοπόρος,6,-1,22,36,8,4.1004386,10.05062
ποντόπορος,13,-1,22,36,8,2.565752,9.680374
πορφύρεος,28,53,1,8,96,3.3894145,9.580853
πορφύρω,5,145,20,30,130,0.9690312,12.869581
ποτής,9,113,6,45,45,3.3738222,12.479459
ποταμός,110,78,22,57,57,4.6784935,10.230751
ποτιπτύσσω,6,235,13,48,12,0.09218947,12.03981
ποτός,9,120,6,45,45,3.5648873,12.841509
πουλυβότειρα,8,72,10,0,16,1.770276,9.764042
πούς,278,135,16,26,41,4.4502506,11.709829
ποῖος,19,110,31,34,113,3.6155725,6.36636
ποῦ,14,110,31,34,113,3.6123505,6.3650727
πράσσω,14,4,11,52,107,2.0194247,12.310007
πρέσβα,6,-1,25,25,20,6.1418567,9.23927
πρέσβυς,8,-1,2,44,49,3.4655402,7.5699344
πραπίδες,11,149,11,52,107,4.3689995,11.484989
πρηνής,19,-1,0,19,54,2.0361586,7.60374
προέχω,9,23,7,6,83,2.4774432,12.273162
προίημι,59,161,7,47,35,-0.06732491,13.504601
προβάλλω,7,205,7,6,83,1.01393,13.898597
προβλής,6,23,7,6,83,2.4688103,12.334172
προβλώσκω,7,161,7,47,36,-0.09310234,13.771528
προγενής,9,94,2,44,49,3.5369768,7.6487064
προεῖδον,6,214,9,9,58,0.8558949,11.631013
προκαλέω,6,180,30,61,14,-0.09938044,12.143091
προκαλίζομαι,6,180,14,29,135,0.11020993,12.295237
προλείπω,5,161,7,47,36,-0.16723494,13.116123
προπάροιθε,48,-1,21,1,52,1.8881348,6.7878795
προρέω,7,23,22,57,57,2.4453962,12.401006
προσαυδάω,174,108,10,0,16,0.7618301,10.660191
προσβαίνω,9,221,7,47,36,0.21516447,14.061693
προσδέχομαι,12,230,35,35,0,0.43620846,12.278597
προσεῖπον,166,218,9,22,26,0.08645701,10.783109
προσφωνέω,39,218,9,22,26,0.108828984,10.780047
προτέρω,17,-1,21,1,52,2.0861068,6.6662874
προτιόσσομαι,5,235,4,27,108,0.13648222,11.965819
προφέρω,10,179,37,37,136,0.08676051,13.100518
προφαίνω,9,5,7,6,83,2.3350217,12.520473
προφεύγω,5,183,7,47,35,-0.062594205,13.197832
πρυλέες,5,54,23,13,56,4.8364635,9.005241
πρυμνήσιος,11,112,1,41,66,4.384191,12.452106
πρυμνός,26,131,0,50,1,3.4416766,9.247943
πρόδομος,8,172,11,69,34,5.1872973,11.229986
πρόθυρον,23,172,11,69,34,5.0868216,11.205839
πρόκειμαι,14,-1,33,33,85,3.708031,8.676467
πρόμαχος,40,170,7,47,36,4.860612,11.1380625
πρόμος,8,69,2,44,49,2.9690208,7.406979
πρόπας,9,69,2,44,49,2.9065392,7.2325573
πρόσειμι2,7,225,7,47,50,0.014737012,14.071184
πρόσθεν,86,-1,21,1,52,2.2320755,6.785904
πρόσφημι,221,218,9,22,26,0.104111135,10.770196
πρόσω,18,-1,2,44,49,2.096223,6.8250003
πρόσωπον,10,-1,10,0,16,4.489471,12.263789
πρότερος,122,69,2,44,49,2.9370015,7.102948
πρόφρων,29,69,2,44,49,2.908269,7.263973
πρόχοος,8,-1,14,16,18,5.006441,9.477014
πρύμνα,12,167,11,23,126,4.3842053,10.740602
πρώτιστος,19,69,2,44,49,2.9898212,7.1951165
πρᾶξις,6,4,11,52,107,2.5993147,11.961769
πρῶτος,231,69,2,44,49,3.0190442,7.075281
πτερόεις,125,-1,10,7,4,0.9978294,9.767385
πτερόν,9,112,1,41,66,4.4096584,12.584445
πτολίεθρον,31,-1,29,14,9,1.9581962,9.518588
πτολίπορθος,15,72,29,14,9,2.0118012,9.7896385
πτωχεύω,5,114,10,0,16,1.7904239,10.852299
πτωχός,17,44,15,78,38,4.586762,8.625217
πτύξ,7,-1,11,23,126,4.770867,11.178312
πτύσσω,5,186,14,29,28,1.7949452,13.841709
πτώσσω,8,4,11,52,107,1.5289999,12.2650585
πυκάζω,12,193,14,16,59,1.4776602,13.208834
πυκινός,18,139,0,50,1,3.403756,8.853716
πυκνός,87,139,0,50,1,3.397966,8.810075
πυνθάνομαι,60,222,4,27,21,0.61392576,11.30726
πυρά,7,21,32,65,65,3.99965,10.997257
πυρή,23,-1,1,8,121,4.3329215,11.080152
πυρκαιά,9,-1,1,8,121,4.259332,11.034249
πυρός,10,-1,12,5,22,5.3587003,10.857314
πω,118,109,31,34,113,3.395106,6.516448
πωλέομαι,9,180,34,3,86,0.28704798,12.702983
πως,75,109,31,34,113,3.381483,6.5135183
πόα,5,-1,6,46,146,5.434216,10.654434
πόθεν,13,110,31,34,113,3.6185994,6.350823
πόθι,6,-1,21,1,52,3.1926713,6.290996
πόλεμος,275,-1,19,4,78,3.4163957,11.309231
πόλινδε,10,90,21,71,17,4.961211,6.861777
πόλις,220,-1,5,24,94,5.6645555,7.235337
πόνος,55,-1,16,26,41,3.8295648,11.555888
πόντος,119,78,22,36,8,4.598864,10.261311
πόποι,49,71,31,34,131,4.161263,6.96766
πόρος,5,170,16,26,41,4.269951,11.264048
πόρω,59,179,3,42,42,0.33924133,12.921671
πόσις,66,194,16,26,41,4.0053573,11.4447775
πόσις2,27,113,6,45,45,3.3629189,12.412277
πότμος,32,-1,26,28,29,3.421794,11.402011
πότνια,65,25,5,15,48,5.760451,8.958193
πύκα,15,-1,21,10,106,2.2131734,7.301253
πύλη,63,166,11,52,144,4.709685,11.112011
πύματος,16,-1,2,44,49,2.9463787,7.4167604
πύξ,6,-1,0,32,15,2.8386204,8.068246
πύργος,44,-1,11,52,144,4.878212,11.054737
πᾶς,1020,69,21,77,3,3.142702,7.1848183
πῆ,19,110,31,34,113,3.6231122,6.378835
πῆμα,40,220,16,26,41,3.763395,11.887978
πῆχυς,8,158,1,72,72,4.759033,11.953277
πῦρ,160,21,32,65,65,4.0027966,11.000466
πῶμα,5,129,21,71,17,4.083168,12.399871
πῶς2,48,110,31,34,113,3.5596912,6.4111924
πῶυ,11,-1,1,41,66,5.2898564,10.378196
σάκος,78,158,1,8,96,4.6006446,11.912094
σάρξ,6,195,1,72,72,5.005829,12.241908
σάφα,19,106,21,10,106,2.3616762,8.145216
σέβας,5,-1,16,26,41,3.3375978,6.8589916
σέλας,12,21,32,65,65,3.9795864,10.9031
σήμερον,9,168,10,0,16,1.8043354,10.363516
σίαλος,8,143,1,8,98,4.5825887,10.712977
σίδηρος,29,169,10,0,16,1.905722,10.454612
σίνομαι,5,-1,37,37,133,1.3165555,12.309878
σανίς,12,149,1,8,46,4.6463976,11.3137245
σβέννυμι,8,-1,32,65,65,1.0054986,13.103857
σείω,13,192,14,16,59,1.5781214,13.188014
σελήνη,7,18,32,65,65,3.7695653,10.340761
σεύω,50,-1,14,16,59,1.3455567,13.187534
σηκός,5,187,12,5,22,5.6367197,11.10042
σημάντωρ,5,-1,23,13,84,2.2030592,10.370521
σημαίνω,15,-1,9,22,26,0.45872208,11.291312
σθένος,40,211,16,31,7,3.826265,11.713099
σιγάω,5,70,31,34,131,4.054665,6.822391
σιγή,12,84,33,33,85,2.835564,6.8690314
σιγαλόεις,21,-1,10,7,4,1.112231,9.677121
σιδήρεος,14,53,1,8,96,3.3935537,9.611269
σιωπή,28,169,10,0,16,1.7955472,10.438428
σκέπας,5,21,38,38,74,4.213735,10.926784
σκίδνημι,10,176,14,16,18,1.6525795,12.902062
σκεδάννυμι,9,193,14,16,59,1.3679391,13.329299
σκηπτοῦχος,8,-1,23,13,56,4.730193,9.05963
σκιάω,6,191,14,16,59,1.5458949,12.59254
σκιόεις,15,-1,10,7,4,1.2289984,9.495077
σκοπιά,13,167,11,23,102,4.4550805,10.730781
σκοπός,13,194,16,26,41,4.1479816,11.456756
σκόλοψ,9,148,11,23,44,4.8533335,11.487625
σκόπελος,9,173,11,23,44,5.06846,11.281726
σκότος,16,215,16,26,41,3.6801472,11.722164
σκύζομαι,7,232,13,11,93,0.6113204,11.903388
σκῆπτρον,34,158,16,26,41,4.4346137,11.796048
σμερδαλέος,36,-1,0,50,2,3.1915994,8.669004
σπάω,14,152,7,76,53,0.86667556,13.378012
σπένδω,31,213,14,29,28,1.8651481,13.374289
σπέος,40,173,11,69,34,4.958376,11.404735
σπέρχω,11,61,13,48,6,0.36124995,12.368414
σπεύδω,20,155,14,12,95,1.1731406,14.287058
σπεῖρον,6,118,1,41,66,3.9991941,12.489531
σπλάγχνον,9,119,1,41,147,3.9598615,12.705244
σπουδή,11,84,33,33,85,2.906243,6.4990454
σπόγγος,5,-1,12,5,5,4.8605967,11.513838
στάθμη,6,167,11,23,126,4.442726,10.918833
στέλλω,10,-1,7,47,50,0.13738902,13.491958
στένω,6,-1,20,66,32,1.5691792,12.169873
στέρνον,19,-1,1,72,72,5.0410967,12.113073
στήλη,7,-1,1,8,98,4.359905,10.895539
στίξ,43,170,11,52,144,4.7740498,10.979786
σταθμός,40,187,11,69,34,5.5139704,11.216222
στείχω,11,-1,7,47,50,0.04046286,13.687137
στενάχω,40,227,20,66,32,1.4689993,11.838897
στεναχίζω,12,227,20,66,32,1.6338791,11.829822
στερεός,8,139,0,50,1,3.3654976,8.929453
στεροπή,6,103,10,0,148,3.0400326,10.693057
στεφάνη,5,-1,1,8,96,4.466645,11.0509615
στεφανόω,5,-1,10,7,4,1.5952412,13.659949
στεῖνος,5,-1,27,40,81,4.97523,11.543055
στεῦμαι,8,185,14,16,59,1.3625237,13.079658
στηρίζω,5,186,14,29,135,1.5982722,13.575574
στιβαρός,33,137,0,50,1,3.3869672,9.134208
στιχάομαι,9,201,14,16,59,1.539073,11.6835985
στοναχή,11,165,12,5,5,2.6594763,11.32015
στονόεις,10,-1,10,7,4,1.1328143,9.613767
στορέννυμι,12,186,14,29,28,1.6637967,13.592212
στρέφω,26,198,7,47,35,1.3901379,14.181107
στρατός,63,170,16,26,41,4.699889,10.979869
στρεπτός,5,132,0,32,15,3.1403856,8.788969
στρωφάω,7,-1,10,7,4,1.9874614,12.486867
στυγέω,10,156,30,61,14,1.773122,12.104115
στυγερός,36,130,0,50,1,3.3082993,8.668965
στυφελίζω,12,186,14,29,135,1.3741574,13.364187
στόμα,28,217,1,72,72,5.069924,12.376931
στόνος,7,-1,12,5,5,3.2796357,11.76802
στόρνυμι,6,186,14,29,28,1.6230348,13.577789
στῆθος,184,-1,1,72,72,5.056944,12.191082
συβώτης,66,24,10,0,16,6.616364,8.698181
συγχέω,6,209,14,16,18,1.5575883,13.264596
συλάω,22,-1,7,76,143,0.7942477,13.145888
συμβάλλω,17,204,7,47,36,0.52182966,14.053857
συμμαχέω,6,136,10,0,16,2.157386,10.634476
συμφράζομαι,5,236,4,27,108,0.03937369,11.635358
συνάγω,9,177,7,47,36,0.22292323,13.660589
συνάντομαι,6,-1,18,18,23,1.0474219,12.649598
συνίημι,17,-1,7,47,36,0.09084022,13.392557
συναγείρω,6,177,7,47,50,0.3312989,13.779833
συντίθημι,13,-1,4,27,21,0.17409928,11.598708
συφορβός,8,-1,12,5,22,5.6990037,9.786944
σφάζω,15,96,14,29,28,2.6210184,13.066925
σφέτερος,10,31,15,20,122,4.7179317,7.955336
σφυρόν,5,216,1,72,72,5.2100005,12.0874
σφός,14,31,15,20,122,4.702602,7.9535985
σχέτλιος,29,44,31,34,131,4.0233808,7.8763824
σχεδία,12,160,0,58,13,4.4357285,10.727323
σχεδόθεν,8,89,21,1,52,2.540603,6.9254394
σχεδόν,67,29,21,1,100,1.9504883,7.423091
σός,201,31,15,20,122,4.7208924,7.937107
σύμπας,8,69,21,77,3,3.119987,7.181231
σύνειμι2,9,-1,7,47,36,0.31534496,13.891251
σώζω,54,8,7,76,143,1.225341,12.454694
σῆμα,48,220,16,26,41,3.9240603,12.031802
σῖτος,64,120,6,45,45,3.58533,12.689015
σῶμα,8,112,1,41,64,4.2346616,12.531796
σῶς,17,31,16,26,103,4.625196,8.036651
τάλαντον,16,-1,3,42,42,3.87333,12.341126
τάπης,10,95,1,8,46,2.280295,13.393175
τάφος,9,194,16,26,41,4.134458,11.425207
τάφρος,38,-1,11,52,144,4.835036,11.092714
τάχα,77,83,31,34,113,3.078777,6.2280025
τέγος,7,-1,27,40,81,4.9913282,11.757172
τέθηπα,15,227,35,35,0,1.3813084,12.106836
τέκμαρ,7,105,26,28,29,3.5029817,11.608741
τέκνον,70,45,15,78,38,5.240694,8.960925
τέκος,52,33,15,78,38,3.0012574,12.440089
τέκτων,12,57,6,46,10,5.311442,9.802329
τέλλω,10,108,10,0,16,0.6911515,10.823273
τέλος,29,219,16,26,41,3.862184,11.804728
τέμενος,13,-1,3,21,70,4.8502545,11.11936
τέμνω,48,95,14,29,33,2.1495826,13.279307
τένων,9,-1,27,40,81,5.0019975,11.875392
τέρας,16,219,16,26,41,3.9043767,11.831161
τέρην,10,-1,0,50,1,3.113899,8.707547
τέρμα,9,129,21,71,17,4.0654616,12.35303
τέρπω,91,-1,0,50,1,0.938142,12.508894
τέρσομαι,6,-1,0,50,1,1.3990428,12.933596
τέσσαρες,17,-1,31,79,79,2.5820897,5.631821
τέταρτος,16,2,31,79,79,2.6026218,6.1489553
τέτμον,9,96,14,29,33,2.298519,13.086536
τέτρατος,6,2,31,79,79,2.5934079,6.1334944
τέχνη,9,136,9,9,99,2.0076425,10.6213045
τέως,10,-1,31,34,113,3.196422,6.3940053
τήκω,7,199,17,70,91,1.7535182,12.79833
τί,23,109,21,10,101,3.388766,6.522976
τίη,11,110,31,34,113,3.6937315,6.386445
τίθημι,362,190,14,29,28,1.1989706,13.664062
τίκτω,123,33,15,78,38,2.780382,12.690672
τίνω,44,156,10,53,117,0.67914635,12.463363
τίπτε,36,110,31,34,113,3.6395876,6.3880954
τίω,51,156,10,53,117,2.2011206,12.649662
ταλαεργός,5,64,0,50,1,3.1772752,9.242403
ταλασίφρων,12,-1,36,17,138,3.8506389,9.148191
ταμία,21,46,1,8,46,5.269922,8.86637
τανηλεγής,7,74,0,19,55,2.4505055,8.715813
τανύπεπλος,7,115,29,14,124,1.9463657,9.45623
τανύω,49,186,14,29,28,1.3386714,13.179825
ταράσσω,6,186,20,66,32,1.7856121,13.654101
ταρβέω,23,228,20,66,32,1.304121,11.967258
ταρφύς,8,-1,0,19,55,2.748237,8.653688
ταχύπωλος,11,42,23,62,30,2.6245687,9.944475
ταχύς,126,69,0,50,1,3.0844738,7.2780704
ταῦρος,23,56,6,46,10,5.5759697,10.107534
τείνω,25,95,14,29,33,2.0854657,13.282849
τείρω,43,176,17,70,91,1.940379,12.582439
τεκμαίρομαι,6,236,4,27,108,0.07426182,11.6769705
τελέθω,11,76,10,53,88,1.8778044,11.689054
τελέω,129,76,10,53,88,1.7892731,11.3017235
τελήεις,6,-1,3,21,119,1.3362938,9.498176
τελαμών,15,158,1,8,96,4.8700304,11.915856
τελεσφόρος,5,6,3,21,119,2.65967,9.8615465
τελευτάω,27,76,10,53,88,1.8342541,11.270328
τελευτή,5,207,16,26,47,2.9369283,11.286803
τερπικέραυνος,13,63,10,63,63,2.0688589,9.589779
τεσσαράκοντα,10,117,31,79,79,2.6128478,5.6176095
τετίημαι,14,200,35,35,0,1.5187857,11.860852
τεός,38,31,15,20,122,4.678518,7.975171
τεύχω,165,76,10,53,88,1.9862792,11.839313
τεῖχος,114,-1,11,52,144,4.8218436,11.047629
τεῦχος,189,112,1,41,64,4.502072,12.477466
τηλεδαπός,8,31,15,20,122,5.0109057,8.179628
τηλεθάω,9,-1,10,7,4,1.416531,9.849216
τηλεκλειτός,6,3,27,55,111,4.234493,9.077356
τηλοῦ,6,89,21,1,52,2.490045,6.991225
τηλόθεν,13,89,21,1,52,2.4291856,6.9689245
τηλόθι,14,89,21,1,52,2.4023418,6.954488
τηλύγετος,8,89,21,1,52,2.5044422,7.1478643
τιμάω,29,156,30,61,14,1.6535506,12.132219
τιμή,36,-1,16,31,7,2.4116106,10.82968
τιμήεις,7,-1,2,44,49,3.1138449,8.049696
τινάσσω,14,186,14,29,28,1.7719691,13.795918
τιταίνω,16,95,14,29,33,2.016166,13.198447
τιτρώσκω,5,82,6,45,45,2.4154453,12.820578
τιτύσκομαι,17,-1,13,48,12,0.7421941,12.348515
τλάω,80,206,4,43,43,-0.4137175,11.536766
τοιγάρ,14,125,31,34,113,3.3724155,6.33641
τοιοῦτος,47,102,21,71,17,3.2406576,6.6934977
τοιόσδε,26,102,21,71,17,3.270808,6.6095867
τοκεύς,38,34,15,78,38,4.9705205,8.823996
τολμάω,9,206,4,43,43,-0.37726724,11.569122
τολυπεύω,6,72,29,14,9,1.8346521,10.094979
τοξάζομαι,5,136,13,48,12,2.1457121,10.58556
τοσοῦτος,6,102,21,71,17,3.2417805,6.6992645
τοσόσδε,13,102,21,71,17,3.272031,6.6677594
τοτέ,5,83,31,34,113,2.9522374,6.1431537
τοὔνεκα,23,125,31,34,113,3.3751142,6.261181
τοῖχος,18,172,11,69,34,5.1231313,11.215314
τράπεζα,36,-1,1,8,46,3.6877058,12.401492
τρέπω,62,142,38,38,74,-0.10894804,13.297283
τρέφω,66,82,15,78,38,2.652877,12.806632
τρέχω,9,-1,20,66,32,0.45141178,13.867482
τρέω,16,-1,20,66,32,1.2652081,12.561794
τρήρων,7,-1,17,70,91,2.156529,12.199352
τρίζω,6,200,35,35,0,1.7078437,11.920367
τρίπους,27,151,6,45,45,4.616082,11.88226
τρίς,47,83,31,34,113,2.9693468,6.214653
τρίτατος,12,2,31,79,79,2.6498342,6.2339115
τρίτος,21,2,31,79,79,2.63314,6.1639113
τρίχα,5,-1,31,34,113,2.7865484,5.813954
τραχύς,11,132,29,14,31,3.1371126,8.959563
τρεῖς,31,-1,31,79,79,2.608595,5.63178
τρητός,7,132,29,14,31,3.1759045,8.852393
τρομέω,9,-1,17,70,91,2.0361526,12.251968
τροφός,15,25,15,78,38,5.641479,8.955352
τροχός,6,188,12,5,22,5.5676565,11.328006
τρυφάλεια,15,-1,1,8,98,4.425672,11.378711
τρωπάω,5,-1,17,70,91,2.0244389,12.278779
τρόμος,15,215,16,26,41,3.425633,11.792953
τρόπις,7,21,38,38,74,4.318249,10.926057
τρύχω,7,-1,17,70,91,2.0240467,12.332298
τρώς,9,15,5,24,94,5.7154813,7.879937
τυγχάνω,33,81,10,0,16,1.2978234,12.817281
τυκτός,5,132,0,32,15,3.0959795,8.81771
τυρός,6,-1,12,5,22,5.5606513,10.891048
τυτθός,31,58,0,50,2,2.7473125,7.520045
τόθι,5,-1,21,71,17,3.1826422,6.4605093
τόκος,5,33,15,78,38,2.9684868,12.474969
τόξον,104,158,1,8,96,4.566933,11.888035
τόφρα,59,124,31,34,113,3.0523438,6.3754015
τύμβος,19,-1,14,29,68,3.0391462,12.817788
τύπτω,40,198,14,29,68,1.6300122,14.149542
τώς,5,109,31,34,113,3.4960854,6.4693737
τῆ,5,110,31,34,113,3.5838244,6.4659276
τῆλε,26,-1,21,1,52,3.0262685,6.4602785
τῆμος,8,124,31,34,113,3.1189892,6.336848
τῇ,34,125,31,34,113,3.3737676,6.2682967
τῇδε,5,102,31,34,113,3.2366843,6.5424285
τῷ,111,110,31,34,113,3.5228128,6.4094963
υἱός,588,45,15,78,38,5.2440853,8.94828
φάλαγξ,33,166,11,52,144,4.589158,11.01597
φάλος,7,158,1,8,96,4.6326075,11.791811
φάος,37,21,32,65,65,3.9246078,11.00027
φάρμακον,24,126,1,41,66,4.06218,12.446054
φάσγανον,24,158,1,8,96,4.567775,11.891961
φάσκω,15,206,4,43,43,-0.3235219,11.468152
φάτνη,7,167,11,23,126,4.4261584,10.840086
φέβομαι,12,114,10,0,16,1.8209093,10.893708
φέριστος,6,-1,31,34,131,4.146272,7.4290757
φέρτατος,41,94,2,44,49,3.4871912,7.701503
φέρω,357,179,3,42,42,0.2765169,13.12614
φίλος,617,-1,16,26,41,4.4862194,7.9651227
φίλτατος,26,94,2,44,49,3.4431067,7.671062
φίλτερος,6,79,2,44,49,3.5201306,7.7774835
φαέθω,5,5,32,65,65,2.0723953,12.622783
φαίδιμος,68,22,24,49,60,5.9286685,8.817136
φαίνω,145,5,32,65,65,1.9825822,12.573245
φαγεῖν,17,82,6,45,45,2.855942,12.919417
φαεινός,83,137,0,50,1,3.3292768,9.160831
φαρέτρα,13,-1,1,41,64,4.297259,11.672657
φείδομαι,9,229,13,11,19,0.41990083,12.155927
φεύγω,155,183,7,47,35,-0.040792674,13.141502
φηγός,8,-1,11,23,102,5.693542,10.88225
φημί,704,-1,9,22,26,0.006064272,10.956768
φθάνω,19,96,7,47,35,1.5104991,13.924993
φθέγγομαι,16,-1,9,22,26,0.15400478,11.305071
φθίω,35,96,17,70,142,2.571266,13.189109
φθινύθω,11,-1,17,70,91,2.0787218,12.276468
φθισήνωρ,5,96,17,70,142,2.6313436,13.162295
φθογγή,5,165,12,5,5,2.7310593,11.26194
φθονέω,6,-1,0,58,13,0.6793244,11.397062
φθόγγος,5,-1,12,5,5,2.9809573,11.568339
φιλέω,71,156,30,61,14,1.9498004,12.135204
φιλήρετμος,7,104,29,14,9,2.4407885,9.543741
φιλομμειδής,6,-1,24,49,60,5.821957,9.19809
φιλοπόλεμος,10,72,29,14,9,2.4327736,9.692051
φιλότης,53,210,16,31,7,3.319613,11.316869
φλόξ,20,21,32,65,65,3.9837022,10.89704
φοβέω,39,-1,20,66,32,1.5515821,12.120019
φοιτάω,18,-1,14,16,18,0.38139227,14.105945
φορέω,44,157,14,16,59,2.01693,12.101494
φοῖνιξ,8,144,1,8,96,5.093228,10.134757
φράζω,95,236,4,27,108,0.10790536,11.689194
φράσσω,5,186,14,29,28,1.8577228,13.841446
φρήν,318,217,1,72,72,5.016587,12.248039
φρίσσω,8,-1,35,35,0,1.6476215,12.406969
φρονέω,90,150,0,58,13,1.8880666,11.68593
φυή,9,211,16,31,7,3.7539656,11.721088
φυλάσσω,38,4,11,52,107,1.532065,12.200919
φυλακή,7,-1,11,52,89,4.2444034,10.97298
φυτεύω,10,-1,10,0,16,1.60714,11.049637
φυτόν,8,60,6,46,146,5.4517107,10.506544
φωνέω,159,-1,9,22,26,0.5510566,11.235844
φωνή,24,168,10,0,16,1.8660792,10.458268
φόβος,39,215,16,26,41,3.5007334,11.685444
φόνος,42,-1,16,26,41,3.8543384,11.452864
φόρμιγξ,19,138,12,5,5,3.0250447,11.726106
φόως,16,215,16,26,41,3.5687156,11.570762
φύγαδε,5,90,21,71,17,4.8438663,6.7965617
φύζα,7,-1,26,67,67,3.4026518,11.1411495
φύλαξ,8,-1,11,52,89,4.7494864,11.0638275
φύλλον,20,60,6,46,146,5.4225783,10.613737
φύλοπις,22,-1,26,67,67,3.527361,11.065785
φύρω,5,192,35,35,0,1.5811998,12.8851795
φύω,34,76,6,46,146,2.1545582,11.839532
φώκη,6,56,25,25,20,5.6527686,10.165634
φώς,92,32,10,0,16,5.2771606,8.616054
φᾶρος,27,159,1,41,64,4.49878,12.1552725
φῆμις,6,-1,24,49,60,5.7245135,10.756804
φῦλον,16,170,23,13,56,4.9238033,10.819397
φῦσα,5,-1,25,25,20,5.6577573,10.220508
χάζω,34,230,13,48,12,0.27164423,12.321862
χάλκειος,30,53,1,8,96,3.3992202,9.59647
χάλκεος,66,52,1,8,96,3.6117,9.519113
χάρις,23,207,35,35,0,3.0719342,11.527239
χάρμα,8,-1,16,26,41,3.6225224,11.582815
χάρμη,24,136,10,0,16,2.3107991,10.487816
χάσκω,8,-1,10,7,4,1.4332339,12.7142315
χέρνιψ,8,-1,25,25,20,6.1315064,9.346997
χέρσος,16,78,22,36,8,4.547627,10.342069
χέω,147,209,14,16,18,1.619032,13.201612
χήν,8,-1,6,46,10,5.620912,10.114419
χήρα,5,46,15,78,38,5.315594,8.931828
χαίρω,93,228,20,30,130,1.1251601,12.0145445
χαίτη,16,-1,10,63,63,4.811701,12.068726
χαλεπαίνω,17,-1,10,0,16,1.9546183,10.525145
χαλεπός,49,-1,0,50,1,3.312401,8.510226
χαλκήρης,25,-1,1,8,96,3.2584188,9.659115
χαλκεύς,6,-1,5,15,118,3.818171,9.623428
χαλκοβαρής,7,42,1,8,96,2.5649245,9.9744
χαλκοβατής,6,-1,0,19,55,2.1132987,9.045554
χαλκοκορυστής,9,42,10,0,16,2.500366,10.054343
χαλκοχίτων,32,42,10,0,16,2.5199645,10.009355
χαλκοῦς,21,-1,10,0,16,2.4899275,10.345671
χαλκός,193,-1,10,0,16,2.6719463,10.256213
χαμάδις,13,89,21,1,52,2.4087079,6.9074235
χαμαί,24,-1,33,33,85,2.5502007,7.085925
χαμᾶζε,29,89,21,1,52,2.2211044,6.9279203
χανδάνω,10,-1,10,7,4,1.4271706,12.737924
χαρίεις,19,-1,2,44,49,2.7834573,8.547223
χαρίζομαι,33,153,35,35,0,0.6350662,11.9005785
χατέω,5,201,10,7,4,1.6802185,11.64843
χατίζω,5,201,10,7,4,1.4398441,11.739504
χείρ,611,217,1,72,72,5.1325903,12.215335
χείρων,16,94,2,44,49,3.4596884,7.6224985
χειμέριος,5,-1,0,50,1,3.4473312,9.584489
χειμών,5,13,32,65,65,3.7467892,10.173247
χερείων,11,94,2,44,49,3.4817913,7.6503263
χερμάδιον,16,158,0,58,13,4.810343,11.735346
χεῖλος,9,217,1,72,72,4.971867,12.474898
χηλός,9,187,12,5,22,5.6141353,11.181779
χθαμαλός,5,131,11,23,102,3.4902143,9.220073
χθιζός,9,58,0,50,2,2.7486176,7.5734587
χθών,77,78,5,24,112,4.562776,10.206797
χιτών,65,159,1,41,64,4.5298038,12.262306
χιών,7,13,32,65,65,3.8424993,10.376083
χλαῖνα,49,159,1,41,64,4.525529,12.147346
χλωρός,16,147,0,50,1,3.43009,8.734433
χολόω,67,191,35,35,0,1.5204514,12.000102
χορός,14,170,16,26,41,4.591204,11.329742
χράω2,17,229,35,35,0,0.4191918,12.145034
χρέος,10,207,16,31,7,3.1237688,11.381825
χρή,51,206,4,43,43,-0.15774947,11.302421
χρίω,17,213,14,29,28,1.8132418,13.47149
χραισμέω,19,202,7,76,53,0.8003812,12.692733
χρεώ,24,207,4,43,43,3.0035596,11.330553
χρυσόθρονος,12,115,29,14,124,1.942348,9.333115
χρυσός,69,-1,10,7,140,3.343433,9.984992
χρόνος,26,194,16,26,41,4.0626225,11.3273
χρύσεος,120,53,1,8,96,3.4134266,9.651206
χρώς,107,112,1,41,64,4.5232687,12.483101
χρῆμα,13,128,1,41,66,4.1634474,12.501255
χωρέω,12,-1,28,60,24,0.6209294,13.796229
χωρίς,6,83,31,34,113,2.83694,5.987274
χόλος,56,215,16,26,41,3.5358021,11.689339
χώομαι,46,232,13,48,6,0.62498623,11.774396
χώρα,9,78,11,69,34,4.8137517,10.446271
χῶρος,32,171,11,69,34,5.120273,10.790081
ψάμαθος,17,-1,11,23,126,4.475115,11.135033
ψεύδω,8,-1,0,58,13,2.5742352,8.4330435
ψεῦδος,11,-1,0,58,13,2.5867803,8.361077
ψυχή,68,217,1,72,72,4.9096284,12.287721
ψυχρός,9,-1,0,50,1,3.4252722,9.180639
ἀάω,18,-1,10,0,16,1.880532,10.982959
ἀέκητι,15,-1,2,68,127,0.84538275,10.545179
ἀέκων,43,-1,2,68,127,0.89471275,10.684303
ἀέξω,19,134,10,0,16,1.5303441,11.005818
ἀήρ,28,18,32,65,65,3.8292542,10.282033
ἀίδηλος,8,66,0,19,54,1.7489347,8.764123
ἀίσσω,61,186,14,29,28,1.8452016,13.854833
ἀίω,21,214,10,0,62,0.7753189,11.394976
ἀγάλλω,7,61,13,48,6,0.59494597,12.36311
ἀγέλη,12,-1,6,46,10,4.8673396,10.770098
ἀγέρωχος,8,42,10,0,16,2.525042,10.05209
ἀγήνωρ,33,-1,10,0,90,2.0711672,10.04044
ἀγήραος,9,66,10,0,90,1.809861,8.923252
ἀγαθός,116,-1,2,2,40,3.8002708,8.779017
ἀγακλεής,5,3,27,55,111,4.376211,9.02916
ἀγακλειτός,11,3,27,55,111,4.3603635,9.051425
ἀγακλυτός,8,3,27,55,111,4.3639345,9.046486
ἀγανός,16,-1,0,58,13,3.3682928,8.869292
ἀγαπάζω,6,232,13,48,6,0.57670283,12.098381
ἀγαπήνωρ,6,-1,24,49,139,7.624471,8.294337
ἀγαπητός,5,44,0,50,2,4.248591,8.35474
ἀγαυός,42,3,10,0,90,4.331828,9.072231
ἀγγέλλω,26,-1,9,22,26,0.26597285,11.225832
ἀγγελία,33,181,9,22,26,2.7263823,11.040369
ἀγείρω,59,177,7,47,50,0.42939076,13.733422
ἀγελαῖος,6,-1,0,50,1,3.3437254,9.296041
ἀγελείη,6,10,5,15,48,6.354982,8.936475
ἀγητός,5,-1,10,0,90,2.0439496,10.187585
ἀγινέω,5,177,7,47,50,0.38306323,13.758906
ἀγκάς,6,217,28,60,110,5.1750336,12.166946
ἀγκυλομήτης,7,42,10,0,115,2.3186963,9.858073
ἀγκών,8,216,1,72,72,5.131212,12.222673
ἀγλαία,6,210,16,31,7,3.3021624,11.160173
ἀγλαός,69,-1,0,50,1,3.986371,8.877739
ἀγνοέω,6,228,20,66,32,1.0730361,11.781975
ἀγορά,67,165,9,22,26,2.8321939,11.277429
ἀγοράομαι,27,-1,9,22,26,0.2598373,10.920345
ἀγορεύω,143,233,10,0,62,0.36249474,11.100111
ἀγορητής,6,-1,10,0,16,2.3540301,10.511479
ἀγοστός,5,-1,10,0,16,1.7730314,10.430403
ἀγρέω,5,70,31,34,131,4.050849,6.803171
ἀγρός,28,171,11,69,34,5.1311507,10.872544
ἀγρότερος,8,56,6,46,10,5.4258375,9.722918
ἀγυιά,10,-1,10,0,16,1.8240327,10.359594
ἀγχίμολος,15,58,21,1,52,2.4793677,7.3185863
ἀγχιμαχητής,6,136,10,0,16,2.245537,10.526739
ἀγχοῦ,28,83,31,34,113,2.9400988,6.3693924
ἀγός,22,50,23,13,56,4.589494,9.322868
ἀγών,29,-1,23,13,56,3.0086718,10.927996
ἀδέω,5,192,35,35,0,1.2931792,12.60407
ἀδελφός,20,-1,15,78,38,5.0262513,8.905911
ἀδινός,11,-1,0,50,2,3.2943296,8.506437
ἀεί,217,84,21,77,3,2.7464423,6.93409
ἀείδω,38,-1,10,0,62,2.25508,11.570039
ἀείρω,67,-1,14,29,28,1.1292859,13.3916645
ἀεικής,51,73,0,19,55,2.193241,8.671418
ἀεικίζω,8,156,13,11,93,0.9017802,12.1658
ἀετός,15,57,12,5,22,5.203203,9.918866
ἀζηχής,5,77,0,19,54,2.1288145,8.388725
ἀθάνατος,185,32,15,20,114,5.341377,8.347631
ἀθέσφατος,8,66,0,19,54,1.6103117,8.602426
ἀθλοφόρος,5,41,2,68,61,2.864759,9.915369
ἀθρέω,5,214,9,9,58,0.9496467,11.54363
ἀθρόος,22,-1,0,19,54,2.1276457,7.823448
ἀκάματος,10,66,0,19,54,1.7576859,8.644914
ἀκέομαι,9,150,28,60,110,1.9673481,11.642409
ἀκέων,17,150,28,60,110,2.0447233,11.564018
ἀκήν,20,-1,28,60,110,2.5801623,11.195673
ἀκήριος,8,66,0,19,54,1.8979181,8.534697
ἀκαχμένος,11,-1,35,35,0,0.9348788,12.345218
ἀκηδής,8,77,0,19,54,2.0177536,8.480226
ἀκλεής,6,77,0,19,54,1.9586802,8.422394
ἀκοντίζω,34,81,1,72,72,1.3845463,13.598654
ἀκούω,171,222,10,0,62,0.7029225,11.173778
ἀκτή,23,78,22,36,8,4.4813232,10.258688
ἀκωκή,15,103,10,0,148,2.7729797,10.819272
ἀκόρητος,6,66,0,19,54,1.7063619,8.610161
ἀλάλημαι,14,180,34,3,86,0.45106348,12.721446
ἀλάομαι,25,180,34,3,86,0.59956187,12.42948
ἀλέγω,9,214,10,0,62,0.6569103,11.48083
ἀλέξω,19,-1,28,59,120,1.4755331,10.765879
ἀλέομαι,33,180,34,3,86,0.4681981,12.547166
ἀλέω,6,180,34,3,86,0.51548743,12.548314
ἀλήθεια,7,106,0,58,13,2.4769354,8.301213
ἀλήτης,10,-1,10,0,115,4.892856,8.89167
ἀλίαστος,7,66,0,19,54,1.8058599,8.622731
ἀλαλητός,8,165,12,5,22,2.7469587,11.212587
ἀλαπάζω,10,202,7,76,53,0.65877193,12.917288
ἀλαπαδνός,7,-1,0,50,1,2.8777142,9.897928
ἀλγίων,6,-1,2,2,25,3.5895302,7.988699
ἀλείφω,10,213,14,29,28,1.8725184,13.602679
ἀλεγίζω,6,214,10,0,62,0.6075777,11.515811
ἀλεγεινός,30,65,0,50,1,3.177134,9.247299
ἀλεγύνω,5,214,10,0,62,0.7168876,11.434331
ἀλεείνω,26,-1,10,0,62,0.43236297,11.151196
ἀληθής,8,106,0,58,13,2.4094262,8.195091
ἀλιταίνω,7,180,34,3,86,0.48866498,12.479697
ἀλκή,67,136,10,0,16,2.1786008,10.571195
ἀλκί,6,210,16,31,7,3.3484116,10.986768
ἀλκτήρ,5,48,23,13,84,3.4143393,10.580144
ἀλλοδαπός,11,31,15,20,122,4.918048,8.134929
ἀλλότριος,13,31,15,20,122,4.8696527,8.082262
ἀλοιφή,9,103,10,0,148,2.734769,10.835371
ἀλωή,21,-1,6,46,146,5.4906816,10.750001
ἀλύσκω,25,-1,10,0,16,1.448683,11.1093
ἀλύω,5,-1,13,48,6,0.85735476,11.68039
ἀμέγαρτος,5,66,26,28,11,1.6584196,8.636889
ἀμέρδω,6,-1,26,28,11,0.34715092,12.796468
ἀμήχανος,10,-1,2,2,40,2.095261,8.515356
ἀμβροσίη,12,-1,0,50,1,3.481441,9.873469
ἀμβρόσιος,25,-1,0,50,1,3.4856458,9.626102
ἀμείβω,132,218,9,22,26,0.1001682,10.787517
ἀμείνων,45,-1,2,44,49,1.6561453,10.27754
ἀμενηνός,6,77,0,50,1,2.0097694,8.453114
ἀμολγός,5,111,12,5,22,2.856893,11.044102
ἀμφίγυος,9,43,10,0,16,1.7516975,9.876766
ἀμφίπολος,66,-1,15,78,38,5.2588563,9.0837345
ἀμφίς,39,91,21,1,52,1.9357452,7.067106
ἀμφαδόν,7,106,21,10,106,2.3640747,8.136872
ἀμφιάζω,5,205,7,6,83,1.2717601,13.935665
ἀμφιέλισσα,18,205,7,6,83,1.3280388,13.899115
ἀμφιέπω,11,205,7,6,83,1.285373,13.989566
ἀμφιβάλλω,6,205,7,6,83,1.0139704,13.89938
ἀμφιβαίνω,10,205,7,6,83,1.0497425,13.930747
ἀμφιγύεις,11,43,10,0,16,1.7857494,9.840999
ἀμφικαλύπτω,23,205,7,6,83,1.3377502,13.931974
ἀμφικύπελλος,15,-1,1,41,64,1.7992201,9.739488
ἀμφιμάχομαι,8,205,7,6,83,1.3429128,13.98732
ἀμφινέμομαι,10,205,14,16,59,1.3371524,13.984269
ἀμφιπένομαι,8,205,7,6,83,1.3233315,13.992429
ἀμφιφορεύς,8,205,7,6,83,1.3057538,13.954887
ἀμφιχέω,7,205,7,6,83,1.3695006,13.929355
ἀμφοτέρωθεν,17,-1,21,1,52,2.1459053,6.9056783
ἀμφότερος,113,-1,31,79,79,2.218594,6.181005
ἀμύμων,106,-1,2,68,127,4.1564875,8.986152
ἀμύντωρ,5,-1,23,13,84,1.4861372,10.861717
ἀμύνω,93,-1,28,59,120,1.4442928,10.881706
ἀνάγκη,41,168,10,0,16,1.7300559,10.348073
ἀνάγω,13,224,7,47,50,0.14630684,13.6611395
ἀνάπτω,6,134,10,0,16,1.4335421,10.955971
ἀνάρσιος,6,35,2,2,25,3.8483157,8.160305
ἀνάσσω,63,133,10,0,16,1.4461426,10.841961
ἀνέλκω,6,223,7,76,53,0.72228754,13.561416
ἀνέρομαι,11,234,9,22,26,0.16484948,11.123085
ἀνέρχομαι,9,225,7,47,50,-0.010120042,14.03263
ἀνέχω,64,175,7,6,83,0.49106547,13.480166
ἀνήρ,988,32,15,20,114,5.3114142,8.48536
ἀνίημι,34,-1,10,0,16,1.5024223,10.79117
ἀνίστημι,80,-1,7,47,50,0.17404121,13.9846525
ἀναίνομαι,16,-1,4,27,108,0.40128136,11.8847475
ἀναίσσω,22,186,14,29,28,1.7687725,13.826825
ἀναίτιος,5,35,2,2,25,3.3111773,8.031312
ἀναβαίνω,39,221,7,47,36,0.13115135,14.0727
ἀναγιγνώσκω,8,-1,9,9,58,1.5544748,10.461841
ἀναγκαῖος,6,-1,10,0,16,1.7377762,10.365881
ἀναδύνω,7,196,7,76,53,0.6214453,13.729874
ἀναείρω,6,177,7,47,50,0.25830507,13.689128
ἀναιδής,9,73,0,19,55,2.259957,8.756268
ἀναιρέω,15,189,7,76,143,0.3107951,13.102544
ἀνακαίω,5,190,14,16,59,0.8168838,13.5949545
ἀνακλίνω,8,-1,7,47,36,1.4029657,13.323205
ἀναλύω,6,176,17,70,91,1.9402343,12.422011
ἀνανεύω,5,-1,7,6,109,0.0032158787,11.05221
ἀναπάλλω,13,-1,14,29,28,0.90925646,13.890919
ἀναπίμπλημι,8,203,7,76,53,0.6787908,12.89888
ἀναπνέω,14,-1,7,76,53,0.74157614,13.189678
ἀναρπάζω,8,202,7,76,53,0.6211402,13.054009
ἀνατρέχω,8,208,7,76,53,0.45760304,13.74792
ἀναφαίνω,8,5,32,65,65,1.6727074,12.521039
ἀναχάζω,14,230,13,48,12,0.3550406,12.459305
ἀναχωρέω,14,197,7,47,35,0.43966958,13.870979
ἀνδροκτασία,6,111,16,31,7,3.105391,11.041806
ἀνδροφόνος,17,-1,10,7,77,2.9926033,9.710192
ἀνδρόμεος,7,-1,10,7,77,2.995801,9.798299
ἀνεγείρω,6,177,7,47,50,0.2561372,13.825038
ἀνεκτός,6,-1,10,0,62,1.6614591,10.617824
ἀνεμώλιος,6,35,2,2,25,3.9002845,8.251396
ἀνεψιός,5,-1,15,78,38,4.9925685,8.893889
ἀνθεμόεις,5,-1,10,7,4,1.2446258,9.446913
ἀνιάζω,7,-1,13,48,6,1.0497768,11.793578
ἀνιάω,7,-1,13,48,6,0.9534599,11.723901
ἀνορούω,18,164,20,54,87,0.9355554,13.157062
ἀντάω,11,-1,18,18,23,1.1179599,12.658295
ἀντίβιος,9,16,19,4,145,2.4735663,7.755399
ἀντίθεος,56,16,19,4,145,2.5733619,7.8575244
ἀντίον,47,218,21,1,100,0.12943104,10.621924
ἀντίος,84,29,21,1,100,1.9390953,7.443736
ἀντιάζω,10,201,10,7,4,1.5535452,11.472499
ἀντιάω,15,201,10,7,4,1.5440229,11.499648
ἀντιβολέω,23,-1,10,7,4,1.5012896,11.302905
ἀντικρύ,29,83,31,34,113,2.8606167,6.3880343
ἀνύω,5,-1,7,76,53,0.7809804,12.93603
ἀοιδή,20,138,12,5,5,2.857432,11.708588
ἀοιδός,31,138,12,5,5,2.849146,11.706245
ἀολλής,29,77,0,19,54,1.9445982,8.456144
ἀορτήρ,5,-1,10,0,16,1.8190653,10.36001
ἀπάγω,7,-1,7,47,50,0.077420056,13.502247
ἀπάνευθε,46,140,21,1,52,1.9229882,6.7355227
ἀπάτη,5,210,16,31,7,3.233715,11.146288
ἀπέρχομαι,5,178,7,76,143,0.042706948,13.410798
ἀπέχω,17,178,7,76,143,0.10824698,13.108246
ἀπήμων,17,66,2,68,127,1.9851035,8.534123
ἀπήνη,14,-1,10,0,16,1.9123034,10.57824
ἀπαίνυμαι,6,-1,7,76,53,1.1441423,12.8954935
ἀπαγγέλλω,8,-1,9,22,26,0.25102964,11.238331
ἀπαμείβομαι,115,218,9,22,26,0.1047684,10.847563
ἀπαμύνω,6,-1,28,59,120,0.97809774,12.090051
ἀπατάω,6,-1,30,61,14,0.58143437,12.50447
ἀπαυράω,37,-1,10,0,16,1.4589767,10.876099
ἀπείρων2,14,66,29,14,31,1.8299786,8.954859
ἀπειλέω2,22,206,4,27,108,-0.10967203,11.632022
ἀπειλή,6,181,4,27,108,2.7751486,11.101574
ἀπερείσιος,13,128,1,41,66,4.1369843,12.54043
ἀπεχθάνομαι,10,231,4,27,21,0.39459705,11.707297
ἀπεῖπον,12,178,7,76,143,0.009961004,12.954695
ἀπηνής,10,73,0,19,55,2.1545346,8.751295
ἀπιθέω,34,231,4,27,21,0.5014481,11.62847
ἀποίχομαι,11,-1,17,70,142,2.4079778,13.195829
ἀποβαίνω,39,-1,7,47,36,0.15237728,14.14352
ἀποδίδωμι,11,179,3,42,42,0.15079686,12.965569
ἀποκτείνω,20,96,14,29,33,2.4712775,13.170186
ἀποκόπτω,6,-1,7,76,53,0.27120864,13.235032
ἀπολάμπω,6,5,32,65,65,1.8839395,13.010075
ἀπολήγω,12,178,7,76,143,0.040553633,13.019043
ἀπολύω,7,178,7,76,143,0.027338691,13.152144
ἀπομόργνυμι,6,186,20,56,27,1.273819,13.26905
ἀπονέομαι,17,226,10,0,16,-0.14128374,14.09853
ἀπονίζω,7,213,14,29,28,1.6539465,13.634362
ἀπονίναμαι,6,180,34,3,137,0.15141688,12.689352
ἀπονοστέω,6,197,7,47,35,0.29747298,13.805964
ἀπονόσφι,6,-1,21,1,52,1.9067711,6.777757
ἀποπέμπω,18,178,7,76,143,-0.038509086,13.256124
ἀποπαύω,12,178,7,76,143,0.045415655,13.135537
ἀποπλάζω,7,186,14,29,28,1.6545978,13.811083
ἀποπλέω,5,197,7,47,50,0.046595063,13.731454
ἀπορούω,7,164,20,54,87,0.93580353,13.319493
ἀποσεύω,5,-1,7,76,53,0.9327589,13.622447
ἀποστείχω,5,197,7,47,50,0.033258483,13.770918
ἀποστρέφω,6,198,7,47,35,1.2128904,14.187877
ἀποτίνω,25,179,10,53,117,0.20276996,12.958865
ἀποτρέπω,9,142,38,38,74,-0.13511567,13.182081
ἀποφέρω,6,178,7,76,143,0.05274777,13.135197
ἀποφθίνω,15,96,17,70,142,2.4947846,13.25405
ἀπωθέω,21,-1,7,76,143,0.3620968,13.194207
ἀπόλλυμι,61,189,7,76,143,0.28618422,13.046952
ἀπόπροθεν,5,140,21,1,52,1.9576626,6.777754
ἀπόπροθι,6,-1,21,1,52,1.9352586,6.730211
ἀρά,5,181,16,31,7,2.7345638,11.057352
ἀράομαι,35,-1,14,16,18,0.21767333,11.925081
ἀράσσω,9,186,14,29,28,1.8226345,13.631978
ἀράω2,7,133,35,35,0,1.4661175,10.737958
ἀρέσκω,8,-1,13,48,12,0.093816854,11.896737
ἀρή,8,207,16,31,7,2.967981,11.203493
ἀρήγω,18,133,10,0,16,1.4444294,10.817241
ἀρίγνωτος,7,-1,0,32,15,2.5156293,8.299047
ἀρίζηλος,7,77,29,14,124,2.0568917,8.481942
ἀραβέω,10,228,20,66,32,1.4001341,12.076944
ἀραιός,5,137,0,50,1,3.2596383,9.214759
ἀραρίσκω,69,186,14,29,28,1.5868611,13.186721
ἀργής,8,64,10,7,4,3.004567,9.257266
ἀργαλέος,55,130,0,50,1,3.1578853,8.756897
ἀργεννός,6,64,10,7,4,3.0325358,9.254376
ἀργιόδους,11,64,10,7,4,2.9542701,9.251675
ἀργυρόηλος,17,-1,10,7,4,1.6599143,9.422738
ἀργυρόπεζα,11,-1,10,7,4,1.7825288,9.434398
ἀργυρότοξος,13,-1,10,7,4,1.781895,9.369356
ἀργός,7,64,0,50,1,3.0697606,9.210328
ἀργύρεος,38,53,1,8,96,3.365992,9.615559
ἀρείων,16,79,2,44,49,3.3086305,7.782142
ἀρετή,33,210,16,31,7,3.373536,11.316832
ἀρηίφιλος,26,-1,36,17,138,6.599391,8.160681
ἀριπρεπής,9,-1,2,44,49,2.4851124,8.320285
ἀριστερός,24,-1,1,72,72,5.2411346,12.14743
ἀριστεύς,28,54,23,13,56,4.7164288,9.12358
ἀριστεύω,13,-1,23,13,56,2.412593,11.978102
ἀριφραδής,5,106,2,44,49,2.4384193,8.1436825
ἀρκέω,9,174,18,18,23,0.69433767,13.062131
ἀρνέομαι,9,-1,4,27,108,0.22493953,11.647378
ἀρνειός,10,56,6,46,10,5.649709,10.28902
ἀρνός,23,56,6,46,10,5.6270556,10.142149
ἀρτύνω,14,145,14,16,18,1.0640656,12.777635
ἀρτύω,5,145,14,16,18,0.94637877,12.74511
ἀρχή,11,168,10,0,16,1.8260312,10.362586
ἀρχός,27,50,23,13,56,4.6370125,9.242843
ἀρωγός,6,-1,10,0,16,1.5805492,10.697162
ἀσάμινθος,11,-1,11,23,126,4.532014,11.2248
ἀσθμαίνω,6,4,14,29,28,1.8554801,12.512669
ἀσκέω,10,121,28,60,24,1.4223869,12.938329
ἀσκηθής,6,77,0,19,54,2.0325136,8.421744
ἀσκός,8,187,12,5,22,5.624422,11.223034
ἀσπάσιος,21,-1,0,50,2,2.8306937,8.009861
ἀσπίς,96,158,1,8,96,4.55281,11.850622
ἀσπαίρω,12,176,20,30,130,1.8940896,12.590157
ἀσπαστός,7,-1,0,50,2,3.108605,8.286887
ἀσπερχές,6,77,0,19,54,2.024184,8.383259
ἀσπιστής,11,42,10,0,16,2.530134,10.10156
ἀστήρ,13,18,32,65,65,3.8370748,10.32682
ἀστερόεις,11,99,10,7,4,1.306155,9.445561
ἀσφαλής,8,77,0,19,54,2.257555,8.163782
ἀσχαλάω,7,201,10,7,4,1.549315,11.629963
ἀτάλαντος,28,-1,2,68,61,2.48458,11.023697
ἀτάσθαλος,15,-1,2,68,61,2.9361527,10.760983
ἀτέλεστος,6,-1,10,0,62,1.8465781,10.889602
ἀτέμβω,8,231,13,11,19,0.4838726,11.789198
ἀτασθαλία,11,-1,2,68,61,3.4267743,11.068697
ἀτειρής,13,73,0,19,55,2.1408756,8.665866
ἀτερπής,5,73,0,19,55,2.2720296,8.678907
ἀτιμάζω,13,156,30,61,14,1.4835182,12.140277
ἀτιμάω,12,156,30,61,14,1.6083028,12.149043
ἀτιτάλλω,11,95,14,29,33,2.160892,13.1692095
ἀτρέμας,9,-1,0,19,54,2.0693533,7.996647
ἀτραπός,5,-1,12,5,22,4.3540916,10.163892
ἀτρεκής,30,106,0,58,13,2.3796096,8.157511
ἀτρύγετος,15,-1,10,7,4,1.4787325,9.502501
ἀτύζω,11,232,13,48,6,0.73409104,12.161745
ἀυτή,29,103,10,0,148,2.6848505,10.852506
ἀυτμή,13,103,10,0,148,2.80933,10.818083
ἀφίημι,22,161,7,47,35,0.0005759429,13.468641
ἀφίστημι,13,161,7,47,35,0.055901937,13.561969
ἀφαιρέω,20,189,7,76,143,0.24583706,13.114007
ἀφαμαρτάνω,13,180,34,3,137,0.19372377,12.728154
ἀφαυρός,5,94,2,44,49,3.5349271,7.7695775
ἀφικάνω,8,226,7,47,50,-0.16799966,14.127621
ἀφικνέομαι,47,226,7,47,50,-0.14654037,14.11238
ἀφνειός,27,44,15,78,38,4.1112766,8.619191
ἀφραδής,6,107,0,58,13,2.4821596,8.101023
ἀφραδία,11,-1,0,58,13,3.5519373,11.071548
ἀφύσσω,17,212,14,29,28,1.4494871,13.201913
ἀχαιός,6,-1,10,0,16,1.8122269,10.350422
ἀχεύω,92,232,13,48,6,0.82795346,11.861227
ἀχλύς,9,103,10,0,148,3.0721838,10.740108
ἁδινός,10,-1,0,50,2,3.2676587,8.505356
ἁλίσκομαι,16,8,7,76,143,1.2322553,12.206439
ἁλμυρός,8,-1,22,57,57,3.9036353,9.696259
ἁμαρτάνω,24,180,34,3,137,0.19054909,12.686476
ἁμός,7,31,15,20,122,4.673735,7.9179087
ἁνδάνω,26,145,18,18,23,1.0138303,12.630743
ἁπαλός,12,137,0,50,1,3.400574,9.02809
ἁρπάζω,15,223,7,76,53,0.60850954,13.371881
ἄαπτος,14,-1,10,0,16,1.9846587,10.800613
ἄατος,7,66,5,73,73,1.5722344,8.632962
ἄγαλμα,8,168,3,42,42,1.7660575,10.404873
ἄγαμαι,27,235,13,48,12,0.28634158,11.944623
ἄγγελος,33,29,21,1,100,2.0270662,7.577687
ἄγγος,6,112,1,41,66,4.5104957,12.504289
ἄγε,170,70,31,34,131,4.050504,6.812942
ἄγκος,5,112,1,41,66,4.483453,12.480148
ἄγνυμι,26,186,14,29,28,1.8527976,13.890449
ἄγραυλος,9,41,10,0,90,2.6862242,9.898362
ἄγριος,30,-1,2,2,40,3.836871,8.971968
ἄγχι,59,91,21,1,52,1.9488182,7.1297727
ἄγχιστος,6,91,21,1,52,1.9165964,7.131446
ἄγω,292,224,7,47,50,0.1441207,13.631482
ἄελλα,14,103,10,0,148,2.8241796,10.609809
ἄημι,12,-1,10,0,16,1.9973601,10.861218
ἄκοιτις,22,-1,10,0,115,2.0710435,10.18113
ἄκρα,9,-1,29,14,31,4.455566,10.52998
ἄκρατος,5,66,0,19,54,1.7311217,8.61562
ἄκρις,6,-1,29,14,31,4.5342603,10.543761
ἄκριτος,10,66,0,19,54,1.680732,8.585428
ἄκρον,7,0,29,14,31,2.0668871,7.3796363
ἄκρος,49,0,29,14,31,2.2274363,7.662811
ἄκων,21,-1,10,0,16,1.9419475,10.557465
ἄλαλκε,12,8,10,0,16,0.704453,12.727414
ἄλαστος,6,66,0,19,54,1.7955853,8.618122
ἄλγος,85,126,1,41,66,4.0516486,12.302568
ἄλεισον,7,120,6,45,45,3.6280975,12.853775
ἄλειφαρ,6,120,6,45,45,3.4735916,12.946811
ἄλκιμος,48,-1,1,8,96,3.6534324,8.890669
ἄλλοθεν,20,-1,21,1,100,2.2587361,7.090266
ἄλλοτε,43,83,31,34,113,2.9286394,6.229843
ἄλλυδις,12,89,21,1,100,2.2848344,6.9429803
ἄλλως,17,84,21,77,3,2.7338934,7.0105057
ἄλλῃ,13,-1,21,77,3,2.4420881,6.960167
ἄλοχος,101,-1,15,78,38,5.1861815,9.0452795
ἄλσος,9,171,3,21,70,5.006256,10.969848
ἄλφιτον,15,119,6,45,45,3.9977393,12.769024
ἄμαξα,16,186,6,46,10,1.9834566,13.935561
ἄμβροτος,20,66,0,19,54,1.5852966,8.602147
ἄμοτον,9,66,0,19,54,1.6191074,8.581629
ἄμυδις,15,89,21,1,52,2.3469324,6.9416146
ἄμφω,59,-1,31,79,79,2.343413,5.936197
ἄναλκις,17,66,0,19,54,1.9323175,8.822405
ἄναξ,222,-1,23,13,56,5.012583,8.724485
ἄνδιχα,5,-1,21,10,106,2.1957173,7.3524914
ἄνειμι,18,225,7,47,50,-0.066995144,14.079409
ἄνεμος,102,13,32,65,65,3.7536755,10.121469
ἄνευθε,22,140,21,1,52,1.9431484,6.738217
ἄνεω,7,58,2,2,69,2.3799562,7.746246
ἄνθος,11,60,6,46,146,5.3087797,10.618554
ἄνθρωπος,172,32,15,20,114,5.2770886,8.402447
ἄντα,41,91,21,1,52,1.9509698,7.1555386
ἄντην,20,-1,10,0,115,1.9005792,10.247222
ἄντομαι,8,-1,18,18,23,1.3686513,12.865741
ἄντρον,9,172,11,69,34,5.0479927,11.076247
ἄντυξ,13,-1,11,23,126,4.722638,11.186062
ἄνωγα,135,206,4,43,43,-0.21245642,11.46935
ἄξιος,10,-1,2,2,25,3.4074702,7.937316
ἄξων,6,54,12,51,51,2.807881,10.47302
ἄορ,21,103,5,73,73,2.3970895,10.914464
ἄπειμι,18,178,7,76,143,-0.017501537,13.3145075
ἄπειμι2,9,225,7,47,50,-0.022465099,14.077855
ἄπιστος,5,-1,10,0,16,1.6531248,10.405114
ἄποινα,26,-1,3,42,42,3.9456666,12.389535
ἄπρακτος,5,66,0,19,54,1.766778,8.551066
ἄργυρος,12,-1,10,7,140,3.3671079,9.882908
ἄρειος,34,38,2,2,69,4.1324525,9.372091
ἄριστον,6,93,2,2,40,3.296253,7.6394796
ἄριστος,212,93,2,2,40,3.4390476,7.7045026
ἄρνυμαι,5,-1,20,56,27,0.9364281,12.31118
ἄρουρα,40,-1,10,0,16,1.8118223,10.347353
ἄρρηκτος,10,66,0,19,54,1.7804796,8.705843
ἄρσην,10,56,6,46,10,5.390014,9.953362
ἄρχω,124,55,23,13,56,4.6065526,9.197259
ἄσβεστος,13,66,32,65,65,1.7460501,8.6243
ἄσπετος,32,66,0,19,54,1.6113681,8.59087
ἄστρον,5,18,1,41,66,3.880571,10.398838
ἄστυ,128,171,5,24,94,5.043053,10.851213
ἄστυδε,7,90,21,71,17,4.866245,6.8209205
ἄσχετος,5,66,0,19,54,1.612281,8.568707
ἄτερ,12,-1,33,33,123,1.9098388,6.7779765
ἄτη,24,103,5,73,73,2.66528,10.954399
ἄττα,8,70,31,34,131,4.147074,6.9119906
ἄυπνος,5,-1,21,1,52,2.083063,8.210017
ἄφαρ,34,89,21,1,82,2.6051402,6.8138356
ἄφθιτος,9,66,0,19,54,1.6419377,8.604441
ἄφρων,14,-1,2,2,40,3.7597182,8.978754
ἄχθομαι,5,231,4,27,21,0.47857332,11.720435
ἄχθος,6,220,26,28,11,3.9372985,12.033469
ἄχνη,7,103,10,0,148,2.644532,10.888951
ἄχος,60,215,16,26,41,3.671904,11.863108
ἄψ,107,84,21,77,3,2.8097184,6.623875
ἄψορρος,10,-1,25,25,105,2.6917136,6.877027
ἄω3,14,180,5,73,73,0.50464857,12.641064
ἅζομαι,8,-1,13,11,93,0.45356563,12.198341
ἅλιος,21,-1,2,68,127,4.671555,8.476608
ἅλιος2,20,35,2,68,127,3.970201,8.368808
ἅλις,28,-1,33,33,123,3.0278304,7.3993297
ἅλλομαι,28,-1,7,76,53,0.9519902,13.486779
ἅλμη,5,103,10,0,148,2.768415,10.802379
ἅλς,119,78,22,36,8,4.5703654,10.182324
ἅμα,250,83,33,33,123,2.9303427,6.291222
ἅπας,108,-1,10,0,16,1.7835068,10.312983
ἅπτω,36,229,34,3,137,0.1443046,12.486218
ἅρμα,66,112,1,41,66,4.430911,12.477078
ἆ,14,70,31,34,131,4.065003,6.8209553
ἆθλον,31,-1,2,68,61,2.8359725,10.8738985
ἆθλος,33,-1,2,68,61,2.779343,10.821771
ἆρα,76,51,21,71,17,3.63584,6.6924615
ἆσσον,27,-1,21,1,52,1.9316055,6.875133
Ἀΐδης,12,7,5,73,73,6.838716,7.586651
Ἀίδης,12,7,5,73,73,6.7847586,7.5727763
Ἀγέλαος,8,-1,5,15,76,7.416062,8.2059965
Ἀγήνωρ,13,-1,5,15,76,7.5786667,8.26302
Ἀγαμέμνων,183,24,10,0,16,6.470975,8.605491
Ἀγχίσης,12,39,5,15,76,7.222048,8.044836
Ἀθήνη,303,10,10,0,16,6.3444996,8.832954
Ἀθηναῖος,6,15,5,24,94,5.7384677,7.877381
Ἀθῆναι,7,-1,10,0,16,1.9259398,10.545982
Ἀκάμας,10,49,5,15,76,7.3946347,7.881349
Ἀλέξανδρος,43,24,5,15,76,6.6856174,8.438064
Ἀλκίνοος,65,-1,5,15,76,7.518665,8.2940645
Ἀλκιμέδων,6,47,5,15,76,7.3767195,7.9250445
Ἀλφειός,7,78,22,57,57,4.803784,10.084508
Ἀμφίμαχος,6,-1,5,15,76,7.509797,8.247421
Ἀμφίνομος,12,-1,5,15,76,7.5528555,8.271518
Ἀμφιμέδων,6,47,5,15,76,7.4979377,8.056893
Ἀνδρομάχη,5,20,5,15,48,6.707127,8.419179
Ἀντήνωρ,17,-1,5,15,76,7.601464,8.275134
Ἀντίλοχος,61,98,5,15,76,7.486733,8.355711
Ἀντίνοος,48,-1,5,15,76,7.529639,8.257087
Ἀντηνορίδης,7,47,5,15,76,7.567107,7.978603
Ἀντιφάτης,5,98,5,15,76,7.471568,8.389468
Ἀξιός,6,78,22,57,57,4.933901,10.087733
Ἀπόλλων,149,10,10,0,16,6.3224406,8.732978
Ἀρήτη,13,-1,5,15,48,6.299146,8.680217
Ἀρίσβη,5,11,11,23,126,5.9695735,7.2259765
Ἀργειφόντης,25,63,10,63,63,6.331494,8.850606
Ἀργεῖος,218,15,5,24,94,5.7010007,7.8550725
Ἀσιάδης,5,40,5,15,76,7.1354527,7.94575
Ἀσκάλαφος,7,49,5,15,76,7.444825,7.9446926
Ἀστεροπαῖος,9,-1,5,15,76,6.8875246,8.39215
Ἀτρείδης,198,40,5,15,76,6.9675093,7.7533197
Ἀτρεύς,17,7,5,15,76,6.852417,7.604826
Ἀτρυτώνη,5,24,10,0,16,6.673769,8.647693
Ἀφροδίτη,37,10,10,0,16,6.3888464,8.847219
Ἀχαιίς,19,-1,5,24,94,5.744691,7.703913
Ἀχαιικός,7,-1,5,24,94,5.7206125,7.7256994
Ἀχαιός,698,-1,10,0,16,5.5349197,8.5265
Ἀχιλλεύς,381,24,10,0,16,6.6031513,8.532993
Ἄβας,5,-1,10,0,16,5.901486,7.9136076
Ἄδμητος,5,49,5,15,76,7.3177743,7.9226203
Ἄδρηστος,6,7,5,73,73,7.038972,7.682766
Ἄντιφος,8,98,5,15,76,7.5663714,8.317446
Ἄργος,47,-1,5,24,94,6.39472,7.4032865
Ἄρης,161,24,10,0,16,6.472593,8.743555
Ἄρητος,5,7,5,73,73,7.030095,7.726828
Ἄρτεμις,26,27,5,15,48,6.1053,8.874722
Ἄσιος,13,7,5,73,73,6.9945736,7.7160535
ἐάω,150,206,4,43,43,-0.3060729,11.501875
ἐίσκω,13,67,10,0,39,0.9705792,10.832443
ἐαρινός,6,-1,0,50,1,3.4020357,9.485873
ἐγγυαλίζω,13,134,14,29,135,1.2552872,11.085299
ἐγγύθεν,41,29,21,1,100,1.9556842,7.42902
ἐγγύθι,11,-1,21,1,52,1.9867911,6.7978415
ἐγγύς,44,91,21,1,52,1.9260231,7.1816387
ἐγείρω,49,177,7,47,50,0.4415989,13.722074
ἐγκέφαλος,10,-1,12,51,51,4.9504647,12.278659
ἐγχείη,23,158,1,8,96,4.5525913,11.570047
ἐγχρίμπτω,7,85,14,29,68,1.4683207,13.966995
ἐδητύς,29,113,6,45,45,3.3416595,12.407129
ἐδωδή,11,113,12,5,5,3.343883,12.401845
ἐθέλω,272,206,4,43,43,-0.36634725,11.5437565
ἐκβάλλω,11,224,7,76,53,0.30298972,13.411406
ἐκβαίνω,9,221,7,47,36,0.108563416,13.935196
ἐκγίγνομαι,15,33,10,53,88,2.7761068,12.613388
ἐκδύω,5,196,7,76,53,0.8367301,13.719446
ἐκεῖθεν,11,101,21,1,52,2.8915005,6.5429597
ἐκεῖθι,13,101,21,1,52,2.8806973,6.5440483
ἐκεῖσε,18,101,21,1,52,2.986882,6.548823
ἐκπέρθω,16,202,7,76,53,0.5895927,12.998322
ἐκπίπτω,16,224,7,76,53,0.35501412,13.400754
ἐκπεράω,6,223,7,76,53,0.7127061,13.318468
ἐκτέμνω,12,95,14,29,33,2.122106,13.326655
ἐκτελέω,26,76,10,53,88,1.8042653,11.283411
ἐκτός,20,92,21,1,52,1.8686244,7.053259
ἐκφέρω,17,224,7,76,53,0.27591848,13.449691
ἐκφαίνω,9,5,10,53,88,2.3273156,12.566869
ἐκφεύγω,17,-1,7,76,53,0.069438025,13.290524
ἐκχέω,9,209,14,16,18,1.5302081,13.267645
ἐλάτη,6,59,6,46,146,5.3345485,10.578973
ἐλάτινος,5,30,39,39,80,4.233039,10.0579405
ἐλέφας,9,-1,10,7,140,3.345986,9.9230385
ἐλαία,11,59,6,46,146,5.416212,10.549113
ἐλαφρός,14,94,2,44,49,3.4703748,7.705577
ἐλαύνω,166,223,7,76,53,0.7829547,13.502196
ἐλεέω,35,214,30,61,14,0.92917854,11.718119
ἐλεαίρω,24,-1,30,61,14,0.87357575,11.577093
ἐλεγχής,6,93,2,2,40,3.4436452,7.6545196
ἐλεεινός,12,44,0,50,2,4.0470686,8.294186
ἐλελίζω,15,186,14,29,135,1.4665354,13.626843
ἐλύω,9,-1,10,0,16,1.5029523,10.7495
ἐμβάλλω,37,175,18,18,23,0.7661237,13.564592
ἐμβαίνω,8,204,7,47,36,0.46215734,14.047176
ἐμμεμαώς,11,200,10,7,4,1.5161909,11.8169775
ἐμμενής,5,77,0,19,54,2.121137,8.304888
ἐμπάζομαι,11,229,34,3,137,0.262374,12.148724
ἐμπίμπρημι,5,203,7,76,53,0.773607,12.951209
ἐμπίπλημι,19,203,7,76,53,0.75261205,12.841214
ἐμπίπτω,17,174,18,18,23,0.70044786,13.233258
ἐμπνέω,12,175,7,76,53,0.8726579,13.444114
ἐμπρήθω,8,203,7,76,53,0.8070469,12.9611225
ἐμός,312,31,15,20,122,4.69598,7.939329
ἐνέπω,32,134,10,0,16,1.0604014,10.90411
ἐνίημι,18,174,10,0,16,0.80933934,13.318057
ἐνίπτω,23,218,38,38,74,0.12443059,10.799825
ἐνίσσω,5,133,10,0,16,1.3656871,10.637269
ἐναίρω,18,-1,14,29,28,0.7881421,13.414779
ἐναίσιμος,12,35,2,2,25,3.4989512,8.176212
ἐναλίγκιος,18,68,8,74,149,0.83664715,10.573416
ἐναντίβιος,12,16,19,4,145,2.340438,7.713121
ἐναντίον,15,29,21,1,100,1.9434956,7.627136
ἐναντίος,20,29,21,1,100,1.9987001,7.592229
ἐναρίζω,13,-1,14,29,135,1.0145615,13.248305
ἐνδυκέως,18,107,0,58,13,2.4488845,8.076652
ἐνδύω,5,-1,7,76,53,1.1114112,13.751144
ἐνηής,5,73,0,19,55,2.2400444,8.710669
ἐνιαυτός,26,19,31,79,79,3.6286788,10.356176
ἐνιπή,5,103,10,0,148,2.666561,10.87781
ἐννέα,16,116,31,79,79,2.626611,5.6217713
ἐννῆμαρ,9,-1,31,34,113,2.6961472,6.417696
ἐνοπή,8,165,12,5,5,2.7698798,11.302114
ἐντίθημι,14,175,18,18,23,0.91913384,13.554145
ἐντανύω,13,-1,14,29,28,1.0111613,13.2347555
ἐντός,21,92,21,1,52,1.9132302,7.0530925
ἐντύνω,10,145,14,16,18,1.2478373,12.721431
ἐνόρνυμι,5,164,10,0,16,0.92391914,13.224079
ἐξάγω,15,224,7,47,50,0.20247558,13.581236
ἐξάρχω,10,224,23,13,56,0.23402072,13.44031
ἐξέρομαι,12,234,9,22,26,0.14089793,11.178274
ἐξέρχομαι,15,221,7,47,36,0.08852632,13.910322
ἐξαιρέω,25,224,7,76,53,0.33374578,13.26961
ἐξαλαπάζω,12,202,7,76,53,0.6956139,12.917485
ἐξαπίνης,11,58,21,1,52,2.4035182,7.330325
ἐξαῦτις,14,-1,21,1,52,2.6121328,6.7148814
ἐξελαύνω,17,223,7,76,53,0.4280375,13.443523
ἐξεναρίζω,35,-1,14,29,135,0.869604,13.150223
ἐξερέω,14,234,9,22,26,0.1915331,11.213263
ἐξερεείνω,10,234,9,22,26,0.21334417,11.200539
ἐξερύω,12,223,7,76,53,0.6243156,13.415784
ἐξικνέομαι,6,226,7,47,50,-0.15193777,14.11738
ἐξοπίσω,9,89,21,1,52,1.9697297,6.769059
ἐπάρχω,7,-1,13,48,12,0.07055944,11.838607
ἐπέοικε,12,-1,4,43,43,0.4379072,13.335509
ἐπέρχομαι,53,225,18,18,104,0.08220426,13.985269
ἐπέχω,14,-1,7,6,83,0.4495582,13.580538
ἐπήν,39,125,31,34,113,3.2758405,6.2154026
ἐπήρατος,7,66,0,19,54,1.8594164,8.719788
ἐπίκλησις,6,-1,33,33,123,3.3041904,7.458123
ἐπίκουρος,33,50,23,62,30,4.5880694,9.261058
ἐπίσκοπος,5,-1,2,2,40,1.613529,10.110847
ἐπίσταμαι,26,214,9,9,99,0.8110485,11.2262125
ἐπίσωτρον,6,0,11,23,44,2.1002572,7.9738584
ἐπαίσσω,28,186,14,29,28,1.804559,13.817945
ἐπαινέω,15,-1,28,59,120,0.9075908,11.781984
ἐπαινός,6,65,15,78,38,3.5366063,9.214947
ἐπακούω,11,222,10,0,62,0.67251587,11.246657
ἐπαμύνω,11,-1,28,59,120,0.9119497,11.590407
ἐπασσύτερος,7,-1,21,1,52,2.277719,7.884254
ἐπαυρέω,11,180,34,3,137,0.39354357,12.565231
ἐπείγω,38,61,13,48,6,0.44440404,12.451056
ἐπελαύνω,9,-1,14,29,33,0.59173447,13.541131
ἐπεύχομαι,29,-1,13,48,12,0.06226858,11.75331
ἐπηετανός,8,65,0,50,1,3.1990867,9.303943
ἐπιάχω,5,164,18,18,104,1.046048,13.620868
ἐπιέννυμι,9,-1,35,35,0,1.0258323,12.452516
ἐπιβαίνω,57,221,7,47,36,0.07780813,13.942834
ἐπιβουκόλος,6,-1,6,46,10,4.965895,9.628075
ἐπιγνάμπτω,6,85,14,29,68,1.542015,13.933591
ἐπιγράφω,5,198,7,47,35,1.4854878,14.179403
ἐπιδίδωμι,5,179,3,42,42,0.20552893,12.999727
ἐπιδευής,9,229,34,3,137,0.3699088,12.1943245
ἐπιδινέω,6,121,28,60,24,1.264075,12.968068
ἐπιείκελος,12,68,8,74,149,0.8058125,10.597683
ἐπιεικής,10,206,4,43,43,-0.10946113,11.236032
ἐπικεύθω,12,222,10,0,62,0.5385262,11.420999
ἐπικλώθω,6,237,4,27,108,-0.0314026,11.782793
ἐπικραίνω,6,-1,37,37,136,0.8194789,12.226674
ἐπικρατέω,7,-1,23,13,56,2.3843696,12.002965
ἐπιλήθω,5,229,34,3,137,0.28599572,12.129982
ἐπιμέμφομαι,5,231,13,11,19,0.3767437,11.745859
ἐπιμένω,6,-1,17,75,75,0.065658055,13.222347
ἐπιμίξ,5,225,18,18,104,0.26067656,13.927437
ἐπιμαίομαι,14,-1,34,3,137,0.13604647,12.294514
ἐπιπείθομαι,19,-1,4,27,21,0.09621598,11.701946
ἐπιπλέω,9,208,7,47,50,0.03504073,13.798299
ἐπιπροίημι,6,161,7,47,36,-0.11148359,13.555255
ἐπιπωλέομαι,5,180,34,3,86,-0.016857093,12.472145
ἐπισεύω,37,-1,7,76,53,0.8274734,13.7409935
ἐπιστέφω,5,213,14,29,28,1.6831267,13.587786
ἐπισταμένως,14,107,0,58,13,2.4486082,8.071622
ἐπισφύρια,5,148,1,41,64,5.062219,11.663333
ἐπιτάρροθος,8,1,26,28,11,1.2490187,9.944695
ἐπιτέλλω,54,-1,4,43,43,-0.037105095,11.598712
ἐπιτίθημι,31,175,14,29,28,0.7242209,13.506285
ἐπιτρέπω,16,142,38,38,74,-0.20226789,13.009424
ἐπιτρέχω,12,208,18,18,104,0.3970127,13.798873
ἐπιφράζω,9,-1,4,27,108,0.094745226,11.775496
ἐπιχέω,11,209,14,16,18,1.5301414,13.304116
ἐπιχθόνιος,12,32,15,20,114,5.249121,8.297582
ἐποίχομαι,39,61,13,48,6,0.4505857,12.383691
ἐπορούω,24,164,18,18,104,0.9558422,13.466246
ἐποτρύνω,46,145,28,59,120,0.9970262,12.553385
ἐπόρνυμι,10,164,20,54,87,0.95916307,13.180673
ἐρέπτομαι,5,61,13,48,6,0.8113161,12.37628
ἐρέσσω,5,-1,9,22,125,1.3916931,11.052931
ἐρέτης,7,78,22,36,8,4.6886997,9.81778
ἐρίγδουπος,11,-1,29,14,9,1.9462295,9.583996
ἐρίδουπος,10,-1,29,14,9,1.8524451,9.789819
ἐρίζω,24,-1,19,4,78,1.3678819,10.626876
ἐρίηρος,21,-1,23,13,84,3.768542,11.264582
ἐρατεινός,22,65,0,50,1,3.224345,9.266152
ἐργάζομαι,9,169,10,0,16,1.7578596,10.465618
ἐρείδω,33,186,14,29,28,1.534575,13.297936
ἐρείπω,36,-1,38,38,74,1.5831769,12.093166
ἐρεβεννός,8,65,13,48,6,3.1202278,9.365674
ἐρεείνω,18,234,9,22,26,0.17776746,11.120339
ἐρεθίζω,8,-1,14,29,135,1.049577,12.897352
ἐρεμνός,5,65,13,48,6,3.173628,9.227424
ἐρετμόν,27,103,29,14,9,2.9320261,10.636334
ἐρεύγομαι,8,61,13,48,6,0.8412077,12.455151
ἐρητύω,21,145,14,16,18,1.100486,12.700839
ἐριαύχην,5,127,23,62,30,5.2886276,11.646563
ἐριβῶλαξ,20,-1,29,14,31,1.9045415,9.48653
ἐριδαίνω,6,-1,19,4,78,1.4145919,10.533478
ἐρικυδής,10,73,0,19,55,2.318633,8.791617
ἐρινεός,6,188,12,5,22,5.5558105,11.308459
ἐριούνιος,5,28,2,2,69,5.5631385,8.387003
ἐρυθρός,9,137,0,50,1,3.3385162,9.217503
ἐρωέω,11,-1,28,60,24,1.1259087,11.606022
ἐρωή,11,103,10,0,148,2.7664418,10.791277
ἐρύκω,56,-1,7,6,109,0.648797,13.115001
ἐρύω,146,152,7,76,53,0.9719537,13.226532
ἐρῶ,91,234,9,22,26,0.2095957,11.203589
ἐσθής,15,159,1,41,64,4.476851,12.293243
ἐσθίω,15,82,6,45,45,2.9521484,12.90948
ἐσθλός,148,-1,0,50,1,3.77721,8.677943
ἐσσύμενος,16,-1,0,58,13,2.3694575,7.966553
ἐσχάρα,11,167,11,23,126,4.517388,10.870197
ἐσχατιά,14,167,11,23,102,4.528684,10.711303
ἐτήτυμος,12,35,2,2,25,3.7246258,8.159652
ἐτεός,18,58,0,50,2,2.805113,7.600847
ἐτώσιος,9,35,2,2,25,3.9031396,8.179154
ἐυ,6,104,29,14,9,2.3938396,9.4901285
ἐυκνήμις,29,104,29,14,9,2.3867893,9.505986
ἐυκτίμενος,31,88,29,14,31,2.1451561,9.34482
ἐυμμελίης,6,104,29,14,9,2.284869,9.445261
ἐυρρεής,5,122,29,14,31,2.2672575,9.136525
ἐυστρεφής,7,122,29,14,124,2.2151077,9.104568
ἐφάλλομαι,12,-1,35,35,0,0.6470136,14.081
ἐφάπτω,8,134,10,0,16,1.4085678,10.866672
ἐφέζομαι,7,155,14,12,95,0.87835246,14.300127
ἐφέπω,46,134,10,0,16,1.2882526,10.965658
ἐφίζω,7,155,14,12,95,0.87749815,14.25693
ἐφίημι,32,-1,10,0,16,0.3403701,13.005715
ἐφίστημι,20,204,14,12,95,0.5092891,14.202047
ἐφανδάνω,9,145,18,18,23,0.81598943,12.377622
ἐφετμή,10,103,10,0,148,2.7262537,10.941057
ἐφευρίσκω,9,177,9,9,58,0.40586033,13.719054
ἐφοπλίζω,9,-1,14,29,135,1.095999,13.289279
ἐφοράω,12,214,9,9,58,0.79479146,11.4291115
ἐφορμάω,15,164,28,60,24,0.8206529,13.274581
ἐφύπερθε,9,141,21,1,52,1.8826886,6.6737027
ἐχέφρων,6,-1,36,17,138,3.8980043,9.061297
ἐχθαίρω,10,-1,20,30,130,1.6873744,12.443845
ἐχθρός,7,110,31,34,113,3.5460908,6.548812
ἐύς,34,-1,39,39,80,2.1835146,9.112949
ἐύτμητος,5,122,29,14,124,2.2209156,9.184985
ἑανός,9,155,14,12,95,1.1301439,14.140852
ἑδριάω,6,155,14,16,59,0.9838501,14.2591
ἑκάς,20,-1,28,60,110,1.7321851,6.9479175
ἑκάτερθε,17,141,21,1,52,1.9205258,6.6879396
ἑκατηβόλος,6,6,3,21,119,2.2419074,9.75797
ἑκατόμβη,35,6,3,21,119,2.166408,9.866171
ἑκατόν,9,117,31,79,79,2.6318953,5.5832396
ἑκηβόλος,9,6,3,21,119,2.289361,9.71097
ἑκών,16,-1,2,68,127,2.880867,7.3645625
ἑλίσσω,17,155,13,48,6,0.9752055,14.163954
ἑλκέω,6,223,7,76,53,0.60486686,13.393346
ἑνδέκατος,6,2,31,79,79,2.566704,6.151222
ἑξῆς,25,-1,21,1,52,2.7308462,6.504551
ἑπτά,18,-1,31,34,113,2.7366521,5.77798
ἑπταβόειος,5,-1,10,7,77,1.7015841,9.360627
ἑσπέριος,9,58,21,1,52,2.5862372,7.32213
ἑτέρωθεν,32,-1,21,1,52,2.0177228,6.6194506
ἑτέρωσε,11,-1,21,1,52,1.994784,6.6387076
ἑταῖρος,397,-1,23,62,30,4.9477286,8.836569
ἑτεραλκής,6,73,19,4,78,2.311368,8.775293
ἑτοῖμος,18,-1,26,28,29,3.6025484,10.702588
ἑός,296,31,15,20,122,4.7023377,7.9546056
ἔγκατα,6,112,1,41,66,4.56158,12.5277195
ἔγχος,239,158,1,8,96,4.6204896,11.877986
ἔδω,57,67,10,0,39,1.1589303,10.955395
ἔθειρα,5,149,14,29,28,4.48605,11.479703
ἔθνος,29,170,23,13,56,4.883429,10.890366
ἔθω,9,-1,4,43,43,1.0458541,11.2372
ἔισος,24,67,10,0,39,1.0761242,10.814522
ἔκπαγλος,25,16,2,44,134,2.4423947,8.085074
ἔκτοσθε,9,141,21,1,52,1.9350303,6.7228956
ἔλαιον,23,120,6,45,45,3.5847468,12.907927
ἔλαφος,16,56,6,46,10,5.5897436,10.218108
ἔλδομαι,17,-1,10,0,39,0.21050528,11.950921
ἔλδωρ,8,67,10,0,39,1.127345,10.959623
ἔλεγχος,5,-1,2,2,40,4.477492,12.472014
ἔλπω,60,206,10,0,39,-0.32584953,11.577811
ἔμπας,35,84,21,77,3,2.7392502,7.0499725
ἔμπεδος,51,-1,0,19,54,2.0725038,8.012316
ἔμπλεος,6,203,1,8,98,0.7516943,12.84427
ἔναρα,12,118,1,41,66,4.037457,12.459418
ἔνδοθεν,6,91,21,1,52,1.9507978,7.0683746
ἔνδοθι,13,-1,21,1,52,1.997759,6.8371024
ἔνδον,42,92,21,1,52,1.8912219,7.068159
ἔνειμι,11,174,18,18,23,0.5744413,13.303104
ἔνερθε,11,141,21,1,52,1.8702712,6.670819
ἔνθεν,38,-1,31,34,113,3.129299,6.3410487
ἔντεα,32,112,1,41,64,4.467673,12.545669
ἔντερον,6,112,1,41,66,4.3973694,12.615757
ἔντοσθε,18,-1,21,1,52,1.8424755,6.7004204
ἔντοσθεν,6,-1,21,1,52,1.8754717,6.721865
ἔξειμι2,5,-1,4,27,21,1.9240876,6.863554
ἔξοχος,33,94,2,44,134,3.3852355,7.6808763
ἔξω,9,92,21,1,52,1.846142,6.97557
ἔοικα,120,68,8,74,149,0.9705882,10.580006
ἔπαλξις,10,166,11,52,144,4.6066594,11.048022
ἔπειμι,7,174,18,18,23,0.5454672,13.436796
ἔπειμι2,16,225,18,18,104,0.05118662,14.0213785
ἔπειτα,479,-1,21,77,3,2.9855487,6.766684
ἔπος,414,218,9,22,26,0.1592824,10.688714
ἔραζε,9,67,10,0,39,1.1655263,10.883434
ἔραμαι,7,229,34,3,137,0.34190384,12.263131
ἔργνυμι,9,-1,7,47,50,0.518712,14.158233
ἔργον,210,-1,9,9,99,1.9665949,10.859879
ἔργω,22,67,10,0,39,1.1282471,10.9664
ἔρδω,48,-1,9,22,125,1.3477228,11.0743475
ἔριον,5,118,1,41,66,3.9708986,12.504927
ἔρις,52,-1,19,4,78,3.428662,11.378119
ἔριφος,6,56,6,46,10,5.5715528,10.19637
ἔρνος,5,-1,6,46,146,5.415703,10.452042
ἔρομαι,40,234,9,22,26,0.15238647,11.129659
ἔρος,26,67,10,0,39,1.1681306,10.990242
ἔρρω,13,70,31,34,131,4.0316505,6.8070188
ἔρσα,5,67,10,0,39,1.0977901,10.907945
ἔρχομαι,715,226,7,47,50,-0.053433105,14.067081
ἔσθω,15,82,6,45,45,2.9300647,12.926616
ἔσχατος,6,-1,2,2,40,3.3787873,7.9391704
ἔσω,6,92,21,1,52,1.8018698,7.022047
ἔτης,9,-1,10,0,115,4.86783,8.936445
ἔτος,22,19,31,79,79,3.609063,10.316891
ἔτυμος,6,35,2,2,25,3.7317557,8.110705
ἔχθω,5,231,4,27,21,0.40910104,11.71183
ἔχω,718,-1,3,42,42,0.5289019,13.224683
ἕδνον,12,67,10,0,39,1.1723475,10.936198
ἕδος,14,170,14,12,95,4.812912,11.088601
ἕδρα,12,-1,14,12,95,4.647876,11.017701
ἕζομαι,93,155,14,12,95,0.93681914,14.304191
ἕκαστος,220,168,10,0,16,1.7698548,10.36392
ἕκηλος,16,84,21,77,3,2.6195502,7.07724
ἕκτωρ,8,24,5,15,76,3.386906,6.4329004
ἕλιξ,14,30,6,46,10,4.338136,10.220215
ἕλκος,22,126,1,41,66,4.259433,12.246587
ἕλκω,65,223,7,76,53,0.65489113,13.563545
ἕλωρ,8,105,26,28,29,3.5378,11.493323
ἕνδεκα,5,117,31,79,79,2.6178238,5.6134353
ἕννυμι,60,155,14,29,28,1.0772507,14.055158
ἕξ,16,116,31,79,79,2.6281333,5.6102676
ἕπομαι,183,-1,10,0,16,1.7179971,10.389832
ἕπω,6,155,14,12,95,1.1166315,14.120723
ἕρκος,31,-1,26,28,11,4.2486653,12.179155
ἕρμα,5,129,26,28,11,4.2131267,12.352988
ἕσπερος,7,18,32,65,65,3.758357,10.411172
ἕωθεν,7,101,21,1,52,2.7901618,6.514793
Ἐννοσίγαιος,23,43,10,0,16,1.7904909,9.808827
Ἐνοσίχθων,40,43,10,0,16,1.703624,9.872402
Ἐνυάλιος,9,-1,19,4,78,6.756595,8.535754
Ἐπειός,22,-1,5,24,94,5.6901298,8.063303
Ἐρινύς,10,27,6,46,10,6.162632,8.937258
Ἐφύρα,7,-1,5,24,94,5.986191,7.256929
Ἑκάβη,8,20,5,15,48,6.6967225,8.469138
Ἑκάεργος,11,-1,5,15,48,6.301373,8.735182
Ἑλένη,57,20,5,15,48,6.6439204,8.46248
Ἑλλάς,10,9,5,24,94,5.8094807,7.1996427
Ἑλλήσποντος,11,78,22,36,8,4.5401926,10.120584
Ἑρμῆς,34,-1,5,15,76,7.243149,8.192188
Ἔρεβος,6,12,5,24,94,6.108831,7.3228593
Ἕκτωρ,441,24,5,15,76,6.5105853,8.433957
Ἕλενος,10,17,5,15,76,7.02923,8.39862
ἠέ,54,-1,39,39,80,3.052638,6.2294874
ἠέλιος,116,18,32,65,65,3.8097904,10.310934
ἠίθεος,9,30,39,39,80,4.109339,9.752174
ἠβαιός,8,58,0,50,2,2.6598449,7.670485
ἠγάθεος,10,-1,29,14,31,2.7485442,9.291053
ἠγερέθομαι,15,177,7,47,50,0.5644484,13.843004
ἠεροειδής,14,-1,10,7,4,1.4402978,9.358828
ἠερόεις,8,-1,10,7,4,1.3762075,9.427878
ἠθεῖος,6,71,31,34,131,4.2151184,7.027676
ἠιών,12,78,22,36,8,4.5352917,10.24479
ἠλάκατα,5,30,39,39,80,4.154132,9.874792
ἠλίβατος,6,30,39,39,80,4.18027,9.894315
ἠλακάτη,5,30,39,39,80,4.1839404,9.91031
ἠμί,86,110,31,34,113,3.3978672,6.3372545
ἠμαθόεις,11,-1,10,7,4,1.4734542,9.490987
ἠμύω,5,-1,7,76,53,0.76089853,12.989815
ἠνεμόεις,13,-1,10,7,4,1.3561676,9.434772
ἠνορέη,5,210,16,31,7,3.3415945,11.289463
ἠπεροπεύω,5,-1,39,39,80,1.5473942,10.748329
ἠριγένεια,22,18,32,65,65,3.7319322,10.27929
ἠχή,11,165,12,5,5,2.7551217,11.299607
ἠύτε,36,124,39,39,80,3.0739436,6.342966
ἠώς,106,18,32,65,65,3.733021,10.276154
ἠῶθεν,12,101,21,1,52,2.6934762,6.6033993
ἡβάω,15,86,17,70,142,2.3701017,12.451964
ἡγέομαι,44,55,23,13,56,4.614748,9.224839
ἡγήτωρ,40,50,23,13,56,4.5840855,9.293158
ἡγεμονεύω,33,55,23,13,56,4.659307,9.180555
ἡγεμών,26,55,23,13,56,4.675037,9.161933
ἡδύς,42,146,0,50,1,3.3108463,8.636362
ἡμέρα,6,19,31,79,79,3.6677883,10.257994
ἡμέτερος,84,31,15,20,122,4.7439103,7.963948
ἡμίονος,38,56,6,46,10,5.3553233,9.814537
ἡνία,27,112,1,41,66,4.446758,12.560862
ἡνίοχος,30,54,23,62,30,4.9146004,9.270679
ἤια,7,30,2,2,69,4.102803,9.751068
ἤλιθα,5,30,39,39,80,4.1542344,9.8520975
ἤπειρος,18,78,22,36,8,4.5415015,10.20267
ἤπειρόνδε,8,90,21,71,17,4.9868803,6.8706408
ἤπιος,24,35,2,2,25,3.9152598,8.247603
ἤτοι,105,110,31,34,113,3.2994637,6.35827
ἥβη,18,-1,16,31,7,3.2093153,11.056584
ἥλιος,8,18,32,65,65,3.8002696,10.313999
ἥμισυς,14,116,31,79,79,2.6541536,5.647331
ἥρως,110,24,5,15,76,6.509979,8.492361
ἦκα,9,-1,21,10,106,2.933476,6.471739
ἦμαρ,178,19,31,79,79,3.650434,10.340184
ἦμος,32,124,31,34,113,3.122355,6.305567
ἦνις,5,56,21,1,82,5.561493,10.041368
ἦνοψ,5,144,26,67,67,4.5690947,9.969695
ἦτορ,79,-1,10,0,16,2.284375,10.491454
ἧμαι,118,155,14,12,95,0.875598,14.338975
ἧπαρ,9,112,22,57,57,4.320033,12.309817
ἧχι,8,125,31,34,113,3.273837,6.1755
Ἠετίων,12,26,5,15,76,6.525386,8.20646
Ἡράκλειος,6,10,5,15,48,6.4117136,8.903543
Ἡρακλέης,7,40,5,15,76,6.9293265,7.7737823
Ἥρα,127,10,10,0,16,6.31812,8.881265
Ἥφαιστος,59,-1,5,15,48,6.447636,8.586409
Ἦλις,10,9,5,24,94,5.8694463,7.153395
ἰάλλω,21,80,20,54,87,1.2724136,11.059835
ἰάομαι,5,80,13,48,12,1.4678872,11.127073
ἰάχω,36,227,20,66,32,1.6031252,11.937023
ἰαίνω,18,80,10,0,16,1.5635861,10.87699
ἰατήρ,6,48,23,13,84,3.3571815,10.474931
ἰατρός,5,44,31,34,113,4.4374433,8.718192
ἰαχή,10,165,12,5,5,2.7089684,11.290096
ἰαύω,11,80,20,54,87,1.3513957,11.056611
ἰδνόομαι,5,191,20,56,27,1.6592064,12.326641
ἰθύνω,25,145,20,54,87,1.1878471,12.699956
ἰθύς,21,-1,21,1,52,1.9504473,7.228057
ἰθύς2,30,-1,21,1,52,1.9502435,7.178642
ἰθύω,13,-1,20,54,87,1.3047427,12.848669
ἰοχέαιρα,12,42,10,63,63,2.439622,10.024354
ἰσχανάω,8,201,10,7,4,1.5634118,11.581526
ἰσόθεος,14,16,19,4,145,2.3463423,7.6818695
ἰχθυόεις,15,-1,10,7,4,1.4135485,9.498371
ἰχθύς,18,56,6,46,10,5.4428577,9.953192
ἰωή,5,103,10,0,148,2.7142558,10.749303
ἰός,35,75,12,51,51,2.8660748,10.417758
ἰότης,11,210,16,31,7,3.2867017,11.134055
ἱέραξ,8,56,25,25,20,5.6203914,10.1467
ἱδρόω,8,191,20,56,27,1.7209852,12.112506
ἱδρύω,6,155,14,29,28,0.9663554,14.210984
ἱδρώς,19,-1,12,51,51,3.6101902,12.177234
ἱερεύς,9,-1,3,21,70,3.831114,9.555444
ἱερεύω,30,-1,3,21,70,1.9712312,12.775924
ἱερόν,14,-1,3,21,70,3.7341337,9.68022
ἱερός,76,-1,3,21,70,3.6414719,9.552731
ἱκάνω,110,226,7,47,50,-0.15899009,14.121142
ἱκέτης,12,-1,10,0,115,4.7628255,8.909626
ἱκνέομαι,265,226,7,47,50,-0.17278552,14.134004
ἱλάσκομαι,6,-1,3,21,70,0.22426674,12.112691
ἱμάς,21,-1,12,51,51,5.1037335,11.594319
ἱμάσθλη,5,-1,10,0,148,2.9013948,10.827346
ἱμάσσω,8,81,14,29,28,1.3767109,13.40341
ἱμείρω,6,-1,26,28,29,0.22691008,12.115072
ἱμερόεις,10,-1,10,7,4,1.2051479,9.518634
ἱππεύς,26,54,23,62,30,4.9020743,9.164832
ἱππηλάτης,11,-1,23,13,56,4.6911974,9.344278
ἱπποδάσεια,9,42,10,7,77,2.2867827,9.841378
ἱπποκορυστής,5,42,10,0,16,2.498851,10.051198
ἱπποσύνη,6,42,10,7,77,2.239194,10.0584345
ἱππόβοτος,15,-1,10,7,77,1.6031289,9.7181015
ἱππόδαμος,48,42,29,14,9,2.4260821,9.769375
ἱππόκομος,5,41,23,62,30,2.969126,9.688028
ἱππότης,37,-1,23,13,56,4.7803597,9.468209
ἱρός,21,65,3,21,70,3.331513,9.439131
ἱστίον,24,112,1,41,66,4.509847,12.413603
ἱστός,46,187,22,36,8,5.4845247,11.293392
ἴκελος,17,68,8,74,149,0.83505017,10.600662
ἴκμενος,5,-1,0,19,54,4.195512,10.187674
ἴκρια,11,112,1,41,66,4.532591,12.384251
ἴς,24,-1,25,25,20,5.7740335,9.328641
ἴσος,101,1,19,4,145,1.014512,10.341848
ἴσχω,32,-1,17,75,75,0.5299898,13.213508
ἴφθιμος,43,-1,0,58,13,2.5483942,8.486638
ἴφιος,13,-1,1,41,66,5.394605,10.311407
ἴχνιον,8,-1,1,41,66,4.6001115,12.339557
ἵζω,68,155,14,12,95,0.91643786,14.341666
ἵημι,178,-1,7,47,35,0.07380844,13.841398
ἵκω,39,226,7,47,50,-0.16389592,14.101001
ἵμερος,18,215,26,28,29,3.4979398,11.881363
ἵππειος,7,-1,23,62,30,3.3800504,9.513178
ἵππος,457,54,23,62,30,4.8365326,9.311776
ἵππουρις,6,168,10,0,16,1.7645812,10.321982
ἵστημι,442,155,14,12,95,0.8712048,14.351882
ἶφι,15,1,19,4,145,1.1539357,10.034411
Ἰδαῖος,24,-1,5,15,76,6.079353,7.9903913
Ἰδομενεύς,76,-1,5,15,76,6.8837347,8.120466
Ἰθάκη,72,11,5,24,94,5.913194,7.2143626
Ἰθακήσιος,6,14,5,15,76,5.951056,7.918536
Ἰκάριος,17,36,5,15,76,7.0115566,8.358727
Ἱππόθοος,7,-1,5,15,76,7.5400295,8.209334
Ἱππόλοχος,10,98,5,15,76,7.514789,8.3819685
Ἴδη,35,11,5,24,94,5.948976,7.2207737
Ἴλιος,113,-1,5,24,94,5.743653,7.22257
Ἴφιτος,5,97,5,15,76,7.459236,8.434918
Ἶλος,7,17,5,15,76,6.9677362,8.406595
Ἶρις,40,-1,25,25,105,6.136349,8.958976
Ἶρος,8,-1,25,25,105,6.929802,8.536763
ὀβελός,14,-1,1,41,64,5.270917,11.548133
ὀδάξ,8,-1,0,32,15,2.7669747,8.272841
ὀδούς,23,-1,10,0,16,1.7905849,10.403269
ὀδύνη,25,103,6,46,10,2.9917166,10.967741
ὀδύρομαι,51,232,13,48,6,0.7138042,11.762193
ὀδύσσομαι,8,235,4,27,108,0.36184,11.901052
ὀδών,11,75,12,51,51,2.8239274,10.476322
ὀιζυρός,12,75,20,54,132,2.9020221,10.3229885
ὀιζύς,16,75,20,54,132,2.9193923,10.554785
ὀιστεύω,7,75,20,54,132,2.8898036,10.463174
ὀιστός,53,75,12,51,51,2.940747,10.432705
ὀκριόεις,5,99,10,7,4,1.276824,9.439453
ὀκτώ,5,-1,31,79,79,2.6230597,5.624586
ὀλέκω,15,189,7,76,143,0.41237557,13.088296
ὀλίγος,39,58,0,50,1,3.1757562,7.5527697
ὀλοφύρομαι,37,232,13,48,6,0.6444859,11.777672
ὀλοός,39,130,0,50,1,3.3953986,8.850711
ὀλοόφρων,5,-1,0,50,1,3.741844,9.044441
ὀμφαλόεις,13,-1,10,7,4,1.2995677,9.440896
ὀμφαλός,8,-1,1,72,72,5.2182364,11.77995
ὀμόργνυμι,5,186,20,56,27,1.3044984,13.224257
ὀνίνημι,15,-1,30,61,14,0.6944049,12.090327
ὀνείδειος,8,-1,0,58,13,2.8164802,9.011562
ὀνειδίζω,5,153,13,11,93,0.74696654,11.754059
ὀνομάζω,51,108,10,0,16,0.6185183,10.68691
ὀνομαίνω,13,-1,30,61,14,0.16368762,11.324069
ὀξυόεις,11,100,10,7,4,1.3307598,9.402683
ὀξύς,117,146,0,50,1,3.0890474,8.829397
ὀξύς2,25,146,0,50,1,3.2390935,8.687322
ὀπάζω,46,134,10,0,16,1.3944161,10.969996
ὀπάων,6,-1,20,54,132,3.0322778,10.440433
ὀπίσσω,6,-1,10,0,62,1.8306355,6.9414244
ὀπίσω,52,-1,10,0,62,1.8754802,6.861545
ὀπαδέω,8,133,10,0,16,1.4618056,10.857807
ὀπτάω,16,213,14,29,28,1.8742636,13.415162
ὀπυίω,12,133,20,54,132,1.430924,10.843456
ὀρέγω,34,134,10,0,16,1.3069477,11.210542
ὀρίνω,46,164,20,54,87,1.0139792,12.875342
ὀρεύς,5,56,6,46,10,5.414041,10.234226
ὀρθόκραιρος,5,42,10,63,63,2.4222853,10.011121
ὀρθός,15,91,21,1,52,2.0550945,7.1810865
ὀρθόω,6,191,20,56,27,1.5839942,12.24119
ὀροθύνω,7,164,20,54,87,1.1050134,12.729682
ὀρούω,20,164,20,54,87,1.0096982,12.894608
ὀρυκτός,7,132,29,14,31,3.1227953,9.03488
ὀρυμαγδός,16,111,12,5,22,2.8583,11.127981
ὀρχηθμός,5,138,12,5,5,2.872659,11.6993065
ὀρχηστύς,6,138,12,5,5,2.9188087,11.659981
ὀρύσσω,6,186,14,29,28,1.8929921,13.857469
ὀσμή,6,103,10,0,148,2.8292804,10.833888
ὀστέον,45,112,1,41,64,4.531526,12.558098
ὀτρηρός,7,-1,28,59,120,2.9319377,8.988825
ὀτρύνω,126,145,28,59,120,1.0444931,12.602138
ὀφέλλω,28,206,4,43,43,-0.33423832,11.587327
ὀφείλω,26,206,4,43,43,-0.39273345,11.527248
ὀφθαλμός,112,154,1,72,72,4.953926,12.550179
ὀφρύς,20,-1,1,72,72,5.048881,12.300765
ὀχέω,8,157,28,60,110,2.1886315,11.927313
ὀχεύς,13,-1,28,60,110,5.046932,11.6893215
ὀχθέω,29,228,20,66,32,1.2191849,11.964373
ὀψέ,19,83,31,34,113,2.930424,6.213188
ὀψίγονος,5,32,15,20,114,5.16673,8.286091
ὁδίτης,5,-1,5,15,118,6.4162006,9.091139
ὁδός,10,-1,7,47,128,2.4247859,10.652197
ὁδός2,67,-1,7,47,128,3.1574192,10.901962
ὁμαδέω,5,227,19,4,97,1.688829,11.8486
ὁμηγερής,10,1,19,4,97,1.07547,10.16013
ὁμηλικία,9,1,19,4,97,1.0736147,10.25831
ὁμιλέω,23,1,19,4,78,1.2727647,10.54269
ὁμοίιος,10,38,36,17,37,4.040983,9.355115
ὁμοκλέω,21,1,19,4,97,1.1178842,10.403123
ὁμοκλή,6,103,19,4,97,2.5589437,10.881984
ὁμοῦ,20,-1,33,33,123,2.8500538,7.2167964
ὁμός,9,1,19,4,97,1.0810342,10.145693
ὁμῆλιξ,5,1,19,4,97,1.0962024,10.229022
ὁμῶς,26,-1,33,33,123,2.8104763,7.204494
ὁπλίζω,19,-1,14,29,135,1.1106608,13.118253
ὁπλότερος,7,94,2,44,49,3.5438144,7.64326
ὁποῖος,5,125,31,34,113,3.3658974,6.163561
ὁπόσος,5,125,31,34,113,3.340947,6.1544027
ὁπότε,79,125,31,34,113,3.3152218,6.1838613
ὁπότερος,13,125,31,34,113,3.3057458,6.14655
ὁράω,97,214,9,9,58,0.8986324,11.482933
ὁρμάω,38,-1,28,60,24,0.62904745,13.527861
ὁρμή,8,168,10,0,16,1.7666618,10.360936
ὁρμίζω,5,223,14,29,28,1.1008651,13.351917
ὁρμαίνω,29,-1,20,30,130,1.4897175,12.520878
ὄβριμος,28,164,20,54,87,3.0577683,10.559556
ὄγχνη,6,59,10,0,148,5.416536,10.5119
ὄζος,19,75,20,54,132,2.9325085,10.520871
ὄθομαι,5,231,4,27,21,0.40244544,11.885555
ὄις,52,56,6,46,10,5.5720434,10.189014
ὄλβιος,14,37,2,2,69,4.4134088,8.418062
ὄλβος,10,211,16,31,7,3.5734258,11.573059
ὄλεθρος,73,-1,10,0,16,1.7359128,10.425371
ὄλλυμι,151,189,7,76,143,0.42562807,13.052854
ὄμβρος,15,13,32,65,65,3.731394,10.111975
ὄμμα,14,154,1,72,72,4.9781284,12.541597
ὄμνυμι,35,237,4,27,108,-0.018077128,11.625794
ὄνειαρ,21,129,21,71,17,4.0980544,12.430394
ὄνειδος,8,128,1,41,66,4.111929,12.442259
ὄνειρος,20,-1,9,9,58,4.1422606,11.953733
ὄνομα,20,51,21,71,17,3.6774235,6.7391467
ὄνομαι,13,-1,30,61,14,0.2518101,11.667285
ὄνυξ,5,148,1,41,64,5.119148,11.681897
ὄπις,5,-1,21,10,106,2.8598914,11.404507
ὄπισθεν,56,-1,21,1,52,1.8844383,6.741152
ὄρνις,32,56,6,46,10,5.4651904,9.993852
ὄρνυμι,232,164,20,54,87,0.9499235,13.191132
ὄρος,90,171,11,23,102,5.0945635,10.705876
ὄρχαμος,22,50,23,13,56,4.7131734,9.461267
ὄρχατος,6,50,23,13,56,4.6478367,9.500973
ὄσσα,29,154,1,72,72,5.001784,12.575663
ὄσσε,31,154,1,72,72,5.030578,12.554612
ὄσσομαι,9,235,4,27,108,0.20718858,11.777103
ὄχα,19,51,21,71,17,3.6588447,6.72837
ὄχθη,16,166,22,57,57,4.5105042,10.665166
ὄχος,61,-1,28,60,110,4.9978824,11.761656
ὄψ,25,-1,21,10,106,2.808915,11.522709
ὅθεν,13,125,31,34,113,3.2834766,6.15336
ὅθι,99,125,31,34,113,3.3026662,6.1532893
ὅμαδος,13,-1,19,4,97,3.0314507,11.3854685
ὅμιλος,87,170,23,13,56,4.7972846,10.908478
ὅμοιος,22,1,19,4,97,1.021453,10.242588
ὅπη,16,125,31,34,113,3.3565247,6.103343
ὅπλον,19,112,1,41,66,4.4701176,12.551568
ὅρκιον,30,126,4,27,108,4.2357087,12.65606
ὅρκος,33,237,4,27,108,0.00666834,11.615801
ὅρμος,6,78,22,36,8,4.5429325,10.295372
Ὀδυσσεύς,665,24,10,0,16,6.704213,8.601952
Ὀιλεύς,14,40,5,15,76,6.9247756,7.7637224
Ὀλύμπιος,41,28,2,2,69,5.8530054,8.413218
Ὀρέστης,11,17,5,15,76,6.932771,8.437474
Ὀρτίλοχος,5,98,5,15,76,7.532638,8.340039
Ὄλυμπος,96,-1,32,65,65,6.3010125,7.6088357
ὑβρίζω,5,153,13,11,93,0.8963672,11.902867
ὑβριστής,5,44,13,11,93,4.1563506,8.372699
ὑγρός,19,-1,22,57,57,3.37776,9.03628
ὑλήεις,15,-1,10,7,4,1.2953129,9.428505
ὑμέτερος,18,31,15,20,122,4.73276,7.946012
ὑμός,7,31,15,20,122,4.7051005,7.9240947
ὑπάγω,5,223,23,13,56,0.6911796,13.554777
ὑπέκ,8,-1,7,47,36,1.5531085,7.134056
ὑπένερθε,11,141,21,1,52,1.850177,6.6567287
ὑπέρβιος,8,16,2,44,134,2.7960925,7.763695
ὑπέρθυμος,27,16,2,44,134,2.8287797,7.908078
ὑπέρτερος,7,-1,2,44,134,3.3759573,7.7505684
ὑπέχω,5,-1,4,27,108,-0.1194163,11.791638
ὑπαλύσκω,5,183,7,6,116,-0.08063064,12.980801
ὑπείκω,10,184,8,74,149,0.14906228,11.447727
ὑπεκφεύγω,14,183,7,76,53,-0.12502828,13.103453
ὑπερέχω,9,-1,7,6,83,0.39546788,13.587999
ὑπερβαίνω,7,208,7,6,83,0.37941882,13.753589
ὑπερβασία,6,210,16,31,7,3.2479513,11.156174
ὑπερηνορέων,12,16,2,44,134,2.5483408,8.220916
ὑπερμενής,14,16,2,44,134,2.4488204,8.258226
ὑπερφίαλος,32,16,2,44,134,2.545698,8.175489
ὑπερῷον,19,-1,11,69,34,4.5690894,8.642995
ὑπηοῖος,5,58,21,1,52,2.452377,7.6150146
ὑπισχνέομαι,25,237,4,27,108,-0.07792912,11.742005
ὑποδέχομαι,15,184,7,6,116,-0.13843831,12.555988
ὑποδείδω,13,-1,13,11,19,0.96908903,12.0181675
ὑποδύομαι,5,196,7,76,53,0.66854215,13.825876
ὑποκρίνομαι,6,-1,4,27,108,0.17306216,11.752438
ὑπολείπω,7,142,38,38,74,-0.23320758,12.744962
ὑπολύω,6,183,7,6,116,0.031996664,13.123629
ὑπομένω,9,184,7,6,116,-0.2131524,12.673717
ὑποστρέφω,6,197,7,47,35,0.62649053,14.073472
ὑποτίθημι,8,-1,4,27,108,0.064427294,11.693825
ὑπόδρα,26,184,7,6,116,1.5232315,7.262409
ὑπότροπος,5,184,7,6,116,1.573482,7.2885976
ὑσμίνη,48,103,10,0,16,2.776153,10.792803
ὑφίστημι,19,-1,4,27,108,-0.24681625,11.878303
ὑφαίνω,24,5,37,37,136,1.4517932,12.612273
ὑφορβός,21,-1,12,5,22,6.009038,9.361845
ὑψίκομος,6,-1,21,1,52,1.8658596,9.18591
ὑψερεφής,12,-1,0,19,55,2.0283644,8.921262
ὑψηλός,56,131,0,50,1,3.2889688,9.166663
ὑψιβρεμέτης,6,63,10,63,63,1.9057373,9.225931
ὑψοῦ,9,83,31,34,113,2.8683012,6.3587923
ὑψόθεν,7,89,21,1,52,2.4670537,6.8893976
ὑψόροφος,6,-1,21,1,52,1.9694126,8.988935
ὑψόσε,23,89,21,1,52,2.534057,6.839526
ὕβρις,15,207,16,31,7,3.1720452,11.346639
ὕδωρ,101,120,22,57,57,3.6653252,12.863876
ὕλη,46,-1,10,0,16,1.7954929,10.366575
ὕπαιθα,6,141,21,1,52,1.8479625,6.6661477
ὕπατος,10,-1,23,13,56,3.4058204,7.568493
ὕπερθεν,27,-1,21,1,52,1.9197614,6.756391
ὕπνος,93,-1,12,51,51,3.46137,12.161385
ὕπτιος,15,-1,0,19,54,2.0064516,7.5739503
ὕστερον,6,-1,21,1,100,3.1035464,6.499431
ὕστερος,27,-1,21,1,100,2.8632934,6.736381
ὕψι,9,89,21,1,52,2.5873797,6.745981
ὗς,70,56,6,46,10,5.6030846,10.121946
Ὑπερίων,8,-1,5,15,76,6.0539045,8.430184
Ὑρτακίδης,5,47,5,15,76,7.4970164,8.135739
ὠθέω,43,223,7,76,53,0.93235654,13.405428
ὠκύμορος,9,41,23,62,30,2.8666086,9.831891
ὠκύπορος,12,41,23,62,30,2.7956557,9.810177
ὠκύπους,13,41,23,62,30,2.8210824,9.768103
ὠκύς,119,-1,0,50,1,2.9583592,8.651475
ὠμοθετέω,5,-1,10,7,77,1.4397207,9.8732395
ὠμός,6,146,1,41,147,3.4876552,8.837
ὠτειλή,14,163,1,8,121,4.042934,11.164815
ὤψ,6,154,1,72,72,4.947278,12.573394
ὥρα,24,18,31,79,79,3.6453748,10.238435
ὦ,230,70,31,34,131,4.1165504,6.8675942
ὦκα,71,84,21,77,3,2.8162348,6.809573
ὦμος,150,216,1,72,72,5.137131,12.170435
ὦνος,5,-1,26,28,29,3.2996738,11.895218
Ὠκεανός,30,78,22,57,57,4.7761993,9.96722
Ὠρίων,5,-1,5,15,76,6.117266,8.314088
ᾍδης,41,7,5,73,73,6.7934055,7.5810103
ᾗ,19,125,31,34,113,3.3274028,6.1845574
ῥάβδος,11,162,1,8,96,4.287748,11.504001
ῥάκος,10,159,1,41,64,4.6095963,12.041447
ῥάπτω,5,198,14,29,68,1.6267859,14.20766
ῥέα,10,-1,0,50,2,2.767329,8.191148
ῥέζω,96,-1,9,22,125,1.3772068,11.191451
ῥέω,49,23,22,57,57,2.4013102,12.439904
ῥήγνυμι,49,186,14,29,28,1.8708456,13.851507
ῥίζα,8,59,6,46,146,5.413478,10.6168785
ῥίμφα,20,-1,0,50,2,2.740958,7.8898544
ῥίον,6,173,11,69,34,4.6648703,11.238389
ῥίπτω,17,198,14,29,68,1.5238044,14.211119
ῥίς,14,195,1,72,72,5.0193043,12.258412
ῥαίω,9,202,7,76,53,0.67298704,12.97709
ῥεῖα,36,-1,0,50,2,2.7378702,7.913773
ῥεῖθρον,23,23,22,57,57,2.7289355,12.206638
ῥηγμίν,13,167,11,23,126,4.4348283,10.642722
ῥηξήνωρ,5,-1,24,49,139,7.626999,8.295561
ῥιγέω,20,228,20,66,32,1.2671723,11.948225
ῥινόν,12,182,12,5,22,5.5534225,11.388537
ῥινός,10,182,12,5,22,5.508773,11.415391
ῥιπή,7,103,10,0,148,3.2700863,10.715994
ῥοή,15,166,22,57,57,4.49237,10.826719
ῥοδοδάκτυλος,23,115,29,14,124,2.0043225,9.321545
ῥυμός,6,182,12,5,22,5.4845724,11.441823
ῥυπάω,5,201,10,7,4,1.6111267,11.801045
ῥυτήρ,5,48,23,13,84,3.66373,10.813483
ῥωγαλέος,6,130,0,50,1,3.1246488,8.792716
ῥόος,26,-1,22,57,57,3.782208,11.528249
ῥόπαλον,5,158,1,8,96,4.7071605,11.849529
ῥύομαι,31,152,7,76,53,0.9405065,13.1523075
ῥώομαι,9,185,14,16,59,1.4044639,13.003883
ῥᾴδιος,29,-1,0,50,2,2.5523357,8.025084
ῥῆγος,13,112,1,41,66,4.5126934,12.449143
