lemma,frequency,gloss_source,gloss,hdbscan_cluster,hdbscan_label,ward_12,ward_12_label,ward_25,ward_25_label,ward_50,ward_50_label,ward_100,ward_100_label
πᾶς,1080,lsj,all; the whole; every; all the,57,"just, exceedingly, altogether, greater",9,"desire, noble, strength, easy",20,"noble, strength, swift, little",35,"like, resembling, mighty, sort",69,"great, mighty, sort, exceedingly"
ἀνήρ,1038,lsj,"nar; ner-, nṛ; man; woman",101,"lord, queen, master, ruler",5,"day, funeral, black, cloud",12,"funeral, long, day, time",20,"funeral, dead, snow, kindle",40,"funeral, dead, mortal, alive"
ναῦς,995,lsj,ship; the ships; ships; naús,131,"sail, ship, sea, float",6,"wind, water, pour, sea",14,"wind, sea, stream, water",24,"sea, stream, wine, water",47,"sea, sail, strait, ship"
πολύς,869,lsj,"many; often; frequent; much, mighty",57,"just, exceedingly, altogether, greater",9,"desire, noble, strength, easy",20,"noble, strength, swift, little",35,"like, resembling, mighty, sort",69,"great, mighty, sort, exceedingly"
φημί,810,lsj,"say, affirm, assert; shall we say of; speak; think, deem, suppose",76,"oath, swear, affirm, think deem",11,"ask, inquire, pray, care",22,"ask, pray, inquire, care",45,"pray, oath, herald, command",88,"pray, oath, herald, command"
ἔρχομαι,770,lsj,"ibo; start, set out; was setting out; was",122,"come, ibo, pass, approach",8,"flee, pass, away, drive",17,"pass, lead, come, throw",30,"pass, lead, come, throw",58,"ibo, sink, fall, come"
θεός,767,lsj,"God, the Deity; against his will; bless you! good heavens! for heavenʼs sake!; weather",100,"divine, mortal, god, zeus",1,"son, chariot, lord, old",3,"divine, honour, zeus, wonder",3,"divine, honour, zeus, god",7,"divine, zeus, god, holy"
θυμός,755,lsj,"soul, spirit; the principle of life, feeling and thought; of strong feeling and passion; breath, life",78,"heart, affection, gentle, love",9,"desire, noble, strength, easy",19,"desire, wish, love, want",34,"love, heart, sweet, warm",66,"heart, love, affection, desire"
ἔχω,750,lsj,check; seĝh; sáhate; sigis,-1,(outlier),1,"son, chariot, lord, old",1,"troy, athens, trojan, phthia",1,"troy, trojan, athens, thebes",3,"phthia, lesbos, hang, club"
νῦν,742,lsj,now; present moment; present time; of our day,8,"day, light, morning, early",5,"day, funeral, black, cloud",12,"funeral, long, day, time",19,"long, day, time, morning",39,"day, morning, dawn, early"
μέγας,728,lsj,"big; full-grown; elder; vast, high",5,"high, lofty, height, feet",9,"desire, noble, strength, easy",20,"noble, strength, swift, little",38,"strength, force, high, courage",74,"high, courage, better, stout"
Ἀχαιός,714,lsj,Achaean; the Achaeans; Greeks; Achaia,-1,(outlier),1,"son, chariot, lord, old",1,"troy, athens, trojan, phthia",1,"troy, trojan, athens, thebes",1,"troy, trojan, athens, thebes"
Ὀδυσσεύς,712,lsj,Odysseus; games in honour of Odysseus; temple of Odysseus,143,"troy, athens, trojan, greece",1,"son, chariot, lord, old",1,"troy, athens, trojan, phthia",1,"troy, trojan, athens, thebes",1,"troy, trojan, athens, thebes"
Ζεύς,696,lsj,dyaús; divás; diví; dyávi,46,"ti, quarterly, shear lay, bit",1,"son, chariot, lord, old",1,"troy, athens, trojan, phthia",1,"troy, trojan, athens, thebes",3,"phthia, lesbos, hang, club"
φίλος,676,lsj,"beloved, dear; dear; friend; friends, kith and kin",78,"heart, affection, gentle, love",9,"desire, noble, strength, easy",19,"desire, wish, love, want",34,"love, heart, sweet, warm",66,"heart, love, affection, desire"
χείρ,635,lsj,"the hand; closed; open, flat; a single hand",60,"hand, left, right, sides",3,"meet, bind, round, stretch",7,"round, stretch, straight, turn",8,"round, straight, stretch, turn",19,"straight, right, hand, opposite"
Τρώς,633,lsj,Tros; Trojans; Trojan men,143,"troy, athens, trojan, greece",1,"son, chariot, lord, old",1,"troy, athens, trojan, phthia",1,"troy, trojan, athens, thebes",1,"troy, trojan, athens, thebes"
υἱός,613,lsj,Vasen mit Meister-signaturen; pitṛṣu; son; a son,125,"son, child, infant, father",1,"son, chariot, lord, old",2,"old, mother, son, wife",2,"old, son, mother, wife",5,"son, child, mother, father"
εἶπον,560,lsj,"said; avocam; vac; speak, say",-1,(outlier),11,"ask, inquire, pray, care",22,"ask, pray, inquire, care",46,"rejoice, care, heed, counsel",89,"care, rejoice, heed, attempt"
εἶμι,530,lsj,"ibo; shall go, shall come; come; go, depart",122,"come, ibo, pass, approach",8,"flee, pass, away, drive",17,"pass, lead, come, throw",30,"pass, lead, come, throw",58,"ibo, sink, fall, come"
μάλα,530,lsj,"very, exceedingly; very; every one; together",57,"just, exceedingly, altogether, greater",9,"desire, noble, strength, easy",20,"noble, strength, swift, little",35,"like, resembling, mighty, sort",69,"great, mighty, sort, exceedingly"
ἔνθα,501,lsj,there; thither; hither; in one place.. in another,59,"hither, wherefore, place, way",7,"come, return, near, arrive",16,"come, return, hither, arrive",28,"hither, wherefore, way, just",54,"hither, wherefore, way, just"
ἔπειτα,496,lsj,"thereupon, thereafter, then; thereafter, afterwards; hereafter; just then, at the time",67,"forthwith, soon, longer, second",7,"come, return, near, arrive",16,"come, return, hither, arrive",27,"return, time, fifth, backwards",53,"time, fifth, forthwith, fourth"
δίδωμι,483,lsj,"give freely; to be ready to give, offer; things offered; grant, assign",33,"gift, serve, receive, admit",11,"ask, inquire, pray, care",22,"ask, pray, inquire, care",44,"ask, inquire, pay, prize",87,"pay, debt, receive, price"
βάλλω,469,lsj,"throw; throw so as to hit, hit; striking; smote upon",91,"throw, send, fall, forth",8,"flee, pass, away, drive",17,"pass, lead, come, throw",30,"pass, lead, come, throw",59,"throw, send, forth, forward"
ἵππος,459,lsj,horse; mare; team of chariot-horses; the chariot,15,"chariot, car, driver, horse",1,"son, chariot, lord, old",4,"chariot, lord, guest, master",5,"chariot, lord, shield, master",11,"chariot, car, driver, travelling"
ἵστημι,454,lsj,make to stand; stand; sthā; á-sthā-t,103,"raise, lean, inclining, make stand",3,"meet, bind, round, stretch",7,"round, stretch, straight, turn",8,"round, straight, stretch, turn",22,"draw, raise, drag, stand"
ἔπος,443,lsj,"vácas; word; utterance; that which is uttered in words, speech, tale",42,"speech, word, speak, talk",12,"shout, speak, rouse, speech",25,"speak, speech, voice, address",50,"speak, speech, voice, address",100,"speech, voice, speak, clear"
εἶδον,439,lsj,see; to be seen; seem; know,20,"appear, bring light, seen, forth",11,"ask, inquire, pray, care",22,"ask, pray, inquire, care",43,"know, appear, perceive, look",82,"know, appear, perceive, bring light"
κακός,437,lsj,"bad; ugly; ill-born, mean; craven, base",111,"hateful, hated, ruthless, terrible",10,"wound, destroy, slay, kill",21,"wound, destroy, slay, cut",41,"destiny, dishonour, wretched, hateful",79,"destiny, wretched, hateful, wrath"
ἑταῖρος,434,lsj,"comrade, companion; comrades-in-arms; messmate; fellowslave",-1,(outlier),1,"son, chariot, lord, old",4,"chariot, lord, guest, master",5,"chariot, lord, shield, master",13,"shield, ranks, warrior, men"
αἱρέω,415,lsj,"take with the hand, grasp, seize; to take; having taken up; take away",86,"carry, snatch, away, evaporate",8,"flee, pass, away, drive",18,"flee, fear, away, hold",31,"hold, leave, stay, retire",61,"hold, seize, stay, remain"
βαίνω,405,lsj,"walk, step; on foot; on ground; he went to",-1,(outlier),8,"flee, pass, away, drive",17,"pass, lead, come, throw",30,"pass, lead, come, throw",57,"drive, pass, rush, path"
δῖος,398,lsj,heavenly; noble; noblest; excellent,81,"glorious, noble, famous, renowned",9,"desire, noble, strength, easy",20,"noble, strength, swift, little",37,"noble, wrought, glorious, splendid",72,"noble, wrought, glorious, splendid"
Ἀχιλλεύς,382,lsj,Achilles; ‘Achilles and the Tortoise’,-1,(outlier),4,"spear, bronze, eat, silver",9,"spear, bronze, breast, arrow",12,"spear, arrow, sword, girdle",28,"spear, sword, girdle, belt"
τίθημι,376,lsj,"l), Alc; set, put, place; set; set for oneself",93,"set, beneath, lowest, high",11,"ask, inquire, pray, care",22,"ask, pray, inquire, care",46,"rejoice, care, heed, counsel",92,"dwell, set, situated, devise"
φέρω,372,lsj,fero; beran; bhárati; náśati,46,"ti, quarterly, shear lay, bit",1,"son, chariot, lord, old",1,"troy, athens, trojan, phthia",1,"troy, trojan, athens, thebes",3,"phthia, lesbos, hang, club"
πατήρ,360,lsj,pitṛṣu; father; grandfather; by the fatherʼs side,125,"son, child, infant, father",1,"son, chariot, lord, old",2,"old, mother, son, wife",2,"old, son, mother, wife",5,"son, child, mother, father"
φρήν,340,lsj,midriff; heart; very heart; sincere,78,"heart, affection, gentle, love",9,"desire, noble, strength, easy",19,"desire, wish, love, want",34,"love, heart, sweet, warm",66,"heart, love, affection, desire"
γίγνομαι,317,lsj,come into a new state of being; come into being; to be born; born,105,"born, beget, bring forth, engender",7,"come, return, near, arrive",16,"come, return, hither, arrive",29,"come, arrive, home, house",56,"come, arrive, reach, born"
Ἀθήνη,310,lsj,Athene; casting vote,1,"memnonion, du, des, grecs",1,"son, chariot, lord, old",1,"troy, athens, trojan, phthia",1,"troy, trojan, athens, thebes",3,"phthia, lesbos, hang, club"
καλός,309,lsj,"beautiful; beauteous; fair, shapely; beauty",-1,(outlier),9,"desire, noble, strength, easy",19,"desire, wish, love, want",34,"love, heart, sweet, warm",67,"sweet, warm, glad, delight"
ἄγω,308,lsj,"lead, carry, fetch, bring; taking; take with one; carry off",-1,(outlier),8,"flee, pass, away, drive",17,"pass, lead, come, throw",30,"pass, lead, come, throw",60,"lead, end, shut, fulfil"
οἶδα,303,lsj,know; knew; Stadtrecht von Gortyn; Koische Forschungen,17,"know, perceive, discover, recognize",4,"spear, bronze, eat, silver",9,"spear, bronze, breast, arrow",14,"bronze, silver, hollow, gold",33,"lycia, stone, grind, goblet"
μῦθος,300,lsj,"word, speech; mere word; public speech; plea",42,"speech, word, speak, talk",12,"shout, speak, rouse, speech",25,"speak, speech, voice, address",50,"speak, speech, voice, address",100,"speech, voice, speak, clear"
μέγαρον,299,lsj,"large room, hall; the chief room; womenʼs apartment; bedchamber",137,"house, chamber, inner, room",2,"chamber, sleep, sit, bed",6,"chamber, house, ground, inner",7,"chamber, house, ground, mountain",18,"house, chamber, wall, court"
παῖς,296,lsj,child; son; daughter; adopted son,125,"son, child, infant, father",1,"son, chariot, lord, old",2,"old, mother, son, wife",2,"old, son, mother, wife",5,"son, child, mother, father"
λαός,294,lsj,men; foot and horse; foot; a land army,-1,(outlier),1,"son, chariot, lord, old",4,"chariot, lord, guest, master",5,"chariot, lord, shield, master",13,"shield, ranks, warrior, men"
γαῖα,294,lsj,"land, country; land; earth; the earth",116,"earth, ground, surface, deep",5,"day, funeral, black, cloud",12,"funeral, long, day, time",20,"funeral, dead, snow, kindle",42,"star, olympus, heaven, middle"
ἐθέλω,293,lsj,to be willing; wish; wish to; wish that,13,"desire, want, wish, need",9,"desire, noble, strength, easy",19,"desire, wish, love, want",33,"wish, need, want, desire",65,"wish, need, want, desire"
ἱκνέομαι,290,lsj,"come; came; arrive at; reach, attain to",123,"arrive, reach, come, attain",7,"come, return, near, arrive",16,"come, return, hither, arrive",29,"come, arrive, home, house",56,"come, arrive, reach, born"
πούς,287,lsj,foot; talons; arms; feelers,-1,(outlier),4,"spear, bronze, eat, silver",9,"spear, bronze, breast, arrow",12,"spear, arrow, sword, girdle",28,"spear, sword, girdle, belt"
τότε,281,lsj,"at that time, then; in that case; then, next; formerly",67,"forthwith, soon, longer, second",7,"come, return, near, arrive",16,"come, return, hither, arrive",27,"return, time, fifth, backwards",53,"time, fifth, forthwith, fourth"
πόλεμος,279,lsj,"war; battle, fight; single combat; War, Battle",27,"battle, quarrel, fight, strife",12,"shout, speak, rouse, speech",23,"rouse, stir, anger, fight",47,"fight, quarrel, anger, battle",93,"fight, battle, quarrel, anger"
δόρυ,272,lsj,"stem, tree; plank; beam; mast",-1,(outlier),2,"chamber, sleep, sit, bed",6,"chamber, house, ground, inner",7,"chamber, house, ground, mountain",18,"house, chamber, wall, court"
δῶμα,271,lsj,"house; chief room, hall; a single house; housetop",137,"house, chamber, inner, room",2,"chamber, sleep, sit, bed",6,"chamber, house, ground, inner",7,"chamber, house, ground, mountain",18,"house, chamber, wall, court"
ὅσος,266,lsj,"as great as, how great; as much as, how much; as far as, how far; as long as, how long",57,"just, exceedingly, altogether, greater",9,"desire, noble, strength, easy",20,"noble, strength, swift, little",35,"like, resembling, mighty, sort",69,"great, mighty, sort, exceedingly"
γυνή,262,lsj,"woman; man; mistress, lady; the lasses",101,"lord, queen, master, ruler",1,"son, chariot, lord, old",4,"chariot, lord, guest, master",4,"guest, slave, serve, banquet",10,"slave, mistress, care, queen"
ἅμα,256,lsj,"at once, at the same time; partly.. partly; no sooner.. than; as soon as",66,"time, long, partly, old",7,"come, return, near, arrive",16,"come, return, hither, arrive",27,"return, time, fifth, backwards",53,"time, fifth, forthwith, fourth"
μάχομαι,241,lsj,fight; fight with; against; with thy help,27,"battle, quarrel, fight, strife",12,"shout, speak, rouse, speech",23,"rouse, stir, anger, fight",47,"fight, quarrel, anger, battle",93,"fight, battle, quarrel, anger"
ἔγχος,240,lsj,"spear, lance; weapon; sword; weapons",140,"spear, axe, sword, wand",4,"spear, bronze, eat, silver",9,"spear, bronze, breast, arrow",12,"spear, arrow, sword, girdle",28,"spear, sword, girdle, belt"
ὄρνυμι,239,lsj,"ārta; orior; stir, stir up; urge on, incite",94,"stir, rouse, urge, excite",12,"shout, speak, rouse, speech",23,"rouse, stir, anger, fight",48,"rouse, stir, dance, song",96,"rouse, stir, shake, tremble"
πρῶτος,237,agwn,"(music) highest in pitch or chief among parts or voices or instruments or orchestra sections; ""first soprano""; ""the firs",53,"song, dance, sing, play",12,"shout, speak, rouse, speech",23,"rouse, stir, anger, fight",48,"rouse, stir, dance, song",94,"song, dance, choir, music"
ἀεί,237,lsj,"ever, always; until now; from of old; eternity",66,"time, long, partly, old",1,"son, chariot, lord, old",2,"old, mother, son, wife",2,"old, son, mother, wife",6,"old, age, youth, elders"
πρόσφημι,235,lsj,"speak to, address",36,"address, speak, accost, assembly",12,"shout, speak, rouse, speech",25,"speak, speech, voice, address",50,"speak, speech, voice, address",99,"address, speak, accost, surname"
ἔργον,233,lsj,weorc; varəza; work; tasks,31,"toil, work, suffer, labour",1,"son, chariot, lord, old",1,"troy, athens, trojan, phthia",1,"troy, trojan, athens, thebes",3,"phthia, lesbos, hang, club"
ἄναξ,232,lsj,"lord, master; sons; brothers of kings; lord",101,"lord, queen, master, ruler",1,"son, chariot, lord, old",4,"chariot, lord, guest, master",5,"chariot, lord, shield, master",12,"lord, king, master, leader"
μνηστήρ,232,lsj,"wooer, suitor",-1,(outlier),4,"spear, bronze, eat, silver",9,"spear, bronze, breast, arrow",14,"bronze, silver, hollow, gold",33,"lycia, stone, grind, goblet"
ἕκαστος,228,lsj,each; every one; every single; all and each severally,57,"just, exceedingly, altogether, greater",9,"desire, noble, strength, easy",20,"noble, strength, swift, little",35,"like, resembling, mighty, sort",69,"great, mighty, sort, exceedingly"
ποτέ,227,agwn,"at all times; all the time and on every occasion: ""I will always be there to help you""; ""always arrives on time""; ""there",66,"time, long, partly, old",7,"come, return, near, arrive",16,"come, return, hither, arrive",28,"hither, wherefore, way, just",54,"hither, wherefore, way, just"
πόλις,225,lsj,city; the citadel; the city of; oneʼs city,-1,(outlier),1,"son, chariot, lord, old",3,"divine, honour, zeus, wonder",3,"divine, honour, zeus, god",8,"honour, wonder, reverence, gift"
ἄριστος,223,lsj,best; noblest; a chief; bravest,101,"lord, queen, master, ruler",9,"desire, noble, strength, easy",20,"noble, strength, swift, little",38,"strength, force, high, courage",74,"high, courage, better, stout"
Ἀργεῖος,218,lsj,"from Argos, Argive; the Greeks; Argolis; womenʼs shoes",-1,(outlier),4,"spear, bronze, eat, silver",9,"spear, bronze, breast, arrow",12,"spear, arrow, sword, girdle",28,"spear, sword, girdle, belt"
γέρων,217,lsj,"old man; Elders, Chiefs; Senators; old",101,"lord, queen, master, ruler",1,"son, chariot, lord, old",2,"old, mother, son, wife",2,"old, son, mother, wife",6,"old, age, youth, elders"
Ἀτρείδης,209,lsj,son of Atreus,-1,(outlier),1,"son, chariot, lord, old",1,"troy, athens, trojan, phthia",1,"troy, trojan, athens, thebes",1,"troy, trojan, athens, thebes"
εὖ,209,lsj,"well; well, thoroughly, competently; cunning; morally well, kindly",96,"courage, good, arrogant, manly",9,"desire, noble, strength, easy",20,"noble, strength, swift, little",37,"noble, wrought, glorious, splendid",72,"noble, wrought, glorious, splendid"
μήτηρ,207,lsj,mother; dam; mother-bird; queen,101,"lord, queen, master, ruler",1,"son, chariot, lord, old",2,"old, mother, son, wife",2,"old, son, mother, wife",5,"son, child, mother, father"
ξένος,207,lsj,guest-friend; guest; visitor; guests,34,"guest, banquet, meal, feast",1,"son, chariot, lord, old",4,"chariot, lord, guest, master",4,"guest, slave, serve, banquet",9,"guest, banquet, dinner, meal"
πείθω,204,lsj,"persuade; obey; trust; prevail upon, persuade",75,"persuade, assent, refuse, appease",11,"ask, inquire, pray, care",22,"ask, pray, inquire, care",45,"pray, oath, herald, command",88,"pray, oath, herald, command"
θεά,199,lsj,goddess,-1,(outlier),1,"son, chariot, lord, old",3,"divine, honour, zeus, wonder",3,"divine, honour, zeus, god",7,"divine, zeus, god, holy"
Αἴας,198,lsj,Ajax,-1,(outlier),1,"son, chariot, lord, old",1,"troy, athens, trojan, phthia",1,"troy, trojan, athens, thebes",3,"phthia, lesbos, hang, club"
χαλκός,197,lsj,copper; bronze; anything made of metal; the spear of bronze,0,"bronze, silver, copper, metal",4,"spear, bronze, eat, silver",9,"spear, bronze, breast, arrow",14,"bronze, silver, hollow, gold",31,"bronze, silver, gold, copper"
ἀθάνατος,197,agwn,"concerned with theory and data rather than practice; opposed to applied: ""pure science""",16,"counsel, craft, wise, plan",11,"ask, inquire, pray, care",22,"ask, pray, inquire, care",46,"rejoice, care, heed, counsel",90,"trusty, cheat, truth, trusted"
κεῖμαι,195,lsj,"śáyate; cunae; to be laid; lie, lie outstretched",92,"sleep, lie, lay, bed",2,"chamber, sleep, sit, bed",5,"sleep, sit, seat, bed",6,"sleep, sit, seat, bed",15,"sleep, bed, lie, lay"
ἕπομαι,195,lsj,sacate; sequor; sèkti; saśc(a)-),-1,(outlier),1,"son, chariot, lord, old",1,"troy, athens, trojan, phthia",1,"troy, trojan, athens, thebes",3,"phthia, lesbos, hang, club"
ἄγε,193,lsj,come on!,59,"hither, wherefore, place, way",4,"spear, bronze, eat, silver",9,"spear, bronze, breast, arrow",14,"bronze, silver, hollow, gold",33,"lycia, stone, grind, goblet"
τεῦχος,192,lsj,"tool, implement; implements of war, armour, arms; whole armour, harness; the gear",141,"strap, cord, thong, bar",4,"spear, bronze, eat, silver",9,"spear, bronze, breast, arrow",12,"spear, arrow, sword, girdle",28,"spear, sword, girdle, belt"
στῆθος,190,lsj,breast; chest; breasts; the breast as the seat of feeling and thought,139,"breast, hollow, lap, guts",4,"spear, bronze, eat, silver",9,"spear, bronze, breast, arrow",11,"breast, thigh, knee, arm",26,"breast, thigh, knee, arm"
αὐτίκα,190,lsj,"forthwith, at once, in a moment; on the spot; immediately; as soon as",67,"forthwith, soon, longer, second",7,"come, return, near, arrive",16,"come, return, hither, arrive",27,"return, time, fifth, backwards",53,"time, fifth, forthwith, fourth"
Μενέλαος,190,lsj,Abiding-men,-1,(outlier),1,"son, chariot, lord, old",4,"chariot, lord, guest, master",5,"chariot, lord, shield, master",13,"shield, ranks, warrior, men"
ἄνθρωπος,190,lsj,"man; gods; the men; the ideal man, humanity",100,"divine, mortal, god, zeus",5,"day, funeral, black, cloud",12,"funeral, long, day, time",20,"funeral, dead, snow, kindle",40,"funeral, dead, mortal, alive"
κελεύω,190,lsj,"urge, drive on; exhort, bid; order; bade",14,"ready, make, order, prepare",11,"ask, inquire, pray, care",22,"ask, pray, inquire, care",45,"pray, oath, herald, command",88,"pray, oath, herald, command"
προσεῖπον,189,lsj,"speak to; address, accost; address; addressed",36,"address, speak, accost, assembly",12,"shout, speak, rouse, speech",25,"speak, speech, voice, address",50,"speak, speech, voice, address",99,"address, speak, accost, surname"
ἦμαρ,188,lsj,day; by day; on that day; the day,8,"day, light, morning, early",5,"day, funeral, black, cloud",12,"funeral, long, day, time",19,"long, day, time, morning",39,"day, morning, dawn, early"
Ἀγαμέμνων,184,lsj,Agamemnon; Agamemnonʼs son,-1,(outlier),1,"son, chariot, lord, old",1,"troy, athens, trojan, phthia",1,"troy, trojan, athens, thebes",1,"troy, trojan, athens, thebes"
μένος,183,lsj,"might, force; strength, fierceness; spirit; force, might",89,"strength, force, better, mighty",9,"desire, noble, strength, easy",20,"noble, strength, swift, little",38,"strength, force, high, courage",73,"strength, force, heavy, feeble"
ἵημι,182,lsj,Ja-c-io; sēmen; véti; vyánti,46,"ti, quarterly, shear lay, bit",1,"son, chariot, lord, old",1,"troy, athens, trojan, phthia",1,"troy, trojan, athens, thebes",3,"phthia, lesbos, hang, club"
μένω,182,lsj,"stay, wait; stand fast; stay at home, stay where one is; lodge, stay",85,"stay, remain, restrain, stop",8,"flee, pass, away, drive",18,"flee, fear, away, hold",31,"hold, leave, stay, retire",61,"hold, seize, stay, remain"
ἀκούω,182,lsj,"hear; hear of, hear tell of; hear of; from",41,"voice, sound, speech, hear",12,"shout, speak, rouse, speech",25,"speak, speech, voice, address",50,"speak, speech, voice, address",100,"speech, voice, speak, clear"
μέλας,180,lsj,"black, dark; dark; pitched over; dark, swarthy",4,"dark, black, murky, gloom",5,"day, funeral, black, cloud",11,"black, dark, bright, shine",18,"black, dark, bright, shine",37,"black, dark, bright, light"
προσαυδάω,179,lsj,"speak to, address, accost; speak; to one; speak of",36,"address, speak, accost, assembly",12,"shout, speak, rouse, speech",25,"speak, speech, voice, address",50,"speak, speech, voice, address",99,"address, speak, accost, surname"
πίπτω,177,lsj,Exc. ex libris Herodiani; fall down; cast oneself down; fall,91,"throw, send, fall, forth",8,"flee, pass, away, drive",17,"pass, lead, come, throw",30,"pass, lead, come, throw",58,"ibo, sink, fall, come"
ἀλλήλων,176,lsj,"of one another, to one another, one another; mutually, reciprocally; one another; reciprocal",69,"like, equal, age, resembling",3,"meet, bind, round, stretch",8,"meet, bind, ready, gather",10,"meet, gather, pick, assembly",24,"mix, equal, alike, separate"
τεύχω,170,lsj,"make ready, make; produce by work; art; make, build",14,"ready, make, order, prepare",3,"meet, bind, round, stretch",8,"meet, bind, ready, gather",9,"bind, ready, fast, make",23,"ready, bind, fast, make"
βοῦς,170,lsj,"bullock, bull, ox; cow; cattle; buffalo",135,"herd, serpent, boar, wolf",4,"spear, bronze, eat, silver",10,"eat, tree, heracles, meal",15,"heracles, bird, fish, fly",34,"heracles, bird, fish, fly"
ἐλαύνω,170,lsj,"drive, set in motion; drive; ride; row",-1,(outlier),8,"flee, pass, away, drive",17,"pass, lead, come, throw",30,"pass, lead, come, throw",57,"drive, pass, rush, path"
οἷος,169,lsj,"such as, of what sort; what a man; what; like as",69,"like, equal, age, resembling",9,"desire, noble, strength, easy",20,"noble, strength, swift, little",35,"like, resembling, mighty, sort",69,"great, mighty, sort, exceedingly"
ἀμείβω,168,lsj,"change, exchange; changing; give in exchange; take in exchange",-1,(outlier),11,"ask, inquire, pray, care",22,"ask, pray, inquire, care",44,"ask, inquire, pay, prize",87,"pay, debt, receive, price"
πῦρ,166,lsj,fire; funeral-fire; burn; sacrificial fire,3,"funeral, dead, rites, burial",5,"day, funeral, black, cloud",12,"funeral, long, day, time",20,"funeral, dead, snow, kindle",40,"funeral, dead, mortal, alive"
ὄλλυμι,166,lsj,"destroy, make an end of; kill; doing away with; lose",80,"destroy, waste, bane, sack",10,"wound, destroy, slay, kill",21,"wound, destroy, slay, cut",39,"slay, kill, destroy, waste",75,"waste, destroy, sack, perish"
ἀγορεύω,165,lsj,"speak in the assembly, harangue; address; to address the house?; counsel",36,"address, speak, accost, assembly",3,"meet, bind, round, stretch",8,"meet, bind, ready, gather",10,"meet, gather, pick, assembly",25,"meet, gather, assembly, face"
λείπω,165,lsj,"leave, quit; is gone; leave behind, leave at home; leave",84,"leave, retire, gone, withdraw",8,"flee, pass, away, drive",18,"flee, fear, away, hold",31,"hold, leave, stay, retire",62,"leave, retire, away, ward"
κρατερός,164,lsj,"strong, stout, mighty; stern, harsh; mighty, fierce; hard",-1,(outlier),9,"desire, noble, strength, easy",20,"noble, strength, swift, little",38,"strength, force, high, courage",74,"high, courage, better, stout"
φωνέω,163,lsj,produce a sound; tone; speak loud; clearly,41,"voice, sound, speech, hear",12,"shout, speak, rouse, speech",25,"speak, speech, voice, address",50,"speak, speech, voice, address",100,"speech, voice, speak, clear"
Ἄρης,163,lsj,Ares; the god of destruction; of Ares; Mars,104,"olympus, phthia, cronos, ares",5,"day, funeral, black, cloud",12,"funeral, long, day, time",20,"funeral, dead, snow, kindle",42,"star, olympus, heaven, middle"
φεύγω,162,lsj,"flee, take flight; ran; flee; the purpose",61,"flee, escape, avoid, shun",8,"flee, pass, away, drive",18,"flee, fear, away, hold",32,"flee, fear, wander, avoid",63,"flee, wander, avoid, escape"
εὐρύς,161,lsj,"wide, broad; loose; far-reaching, far-spread; várīyān",-1,(outlier),3,"meet, bind, round, stretch",7,"round, stretch, straight, turn",8,"round, straight, stretch, turn",20,"bend, curved, twisted, stretch"
πού,161,agwn,"with certainty: ""it's undoubtedly very beautiful""",-1,(outlier),9,"desire, noble, strength, easy",19,"desire, wish, love, want",34,"love, heart, sweet, warm",67,"sweet, warm, glad, delight"
ἐάω,158,lsj,"suffer, permit; leave; alone; should be given up",31,"toil, work, suffer, labour",10,"wound, destroy, slay, kill",21,"wound, destroy, slay, cut",42,"wound, cut, tears, toil",81,"toil, tears, pain, distressed"
Ἀπόλλων,157,lsj,Apollo,-1,(outlier),5,"day, funeral, black, cloud",12,"funeral, long, day, time",20,"funeral, dead, snow, kindle",42,"star, olympus, heaven, middle"
φαίνω,157,lsj,"bring to light, cause to appear; make; appear; show by baring",20,"appear, bring light, seen, forth",11,"ask, inquire, pray, care",22,"ask, pray, inquire, care",43,"know, appear, perceive, look",82,"know, appear, perceive, bring light"
ἐρύω,155,lsj,"drag, draw; drag; away, rescue; off for plunder, ransom",-1,(outlier),3,"meet, bind, round, stretch",7,"round, stretch, straight, turn",8,"round, straight, stretch, turn",22,"draw, raise, drag, stand"
κτείνω,155,lsj,"kill, slay; seeks to kill; the slayer, murderer; put to death",74,"slay, slaughter, kill, sacrifice",10,"wound, destroy, slay, kill",21,"wound, destroy, slay, cut",39,"slay, kill, destroy, waste",76,"slay, slaughter, kill, sacrifice"
θοός,154,lsj,"quick, nimble; swift; hasty; in haste",2,"swift, quick, hasty, light",9,"desire, noble, strength, easy",20,"noble, strength, swift, little",36,"swift, little, haste, eager",70,"swift, haste, eager, quick"
δύο,154,lsj,two; two and two,55,"fifth, half, fourth, thrice",7,"come, return, near, arrive",16,"come, return, hither, arrive",27,"return, time, fifth, backwards",53,"time, fifth, forthwith, fourth"
Δαναοί,154,lsj,the Danaäns; the Greeks; the sons; descendants of Danaus,-1,(outlier),1,"son, chariot, lord, old",1,"troy, athens, trojan, phthia",1,"troy, trojan, athens, thebes",1,"troy, trojan, athens, thebes"
εὔχομαι,154,lsj,pray; to utter; in prayer; pray that,71,"pray, vow, boast, votive offering",11,"ask, inquire, pray, care",22,"ask, pray, inquire, care",45,"pray, oath, herald, command",88,"pray, oath, herald, command"
ὦμος,154,lsj,the shoulder with the upper arm; the lower; arms; the shoulder,138,"shoulder, thigh, limb, ankle",4,"spear, bronze, eat, silver",9,"spear, bronze, breast, arrow",11,"breast, thigh, knee, arm",26,"breast, thigh, knee, arm"
ἐσθλός,154,lsj,"good; brave, stout; noble; wellbred",82,"stout, strong, sturdy, heavy",9,"desire, noble, strength, easy",20,"noble, strength, swift, little",37,"noble, wrought, glorious, splendid",72,"noble, wrought, glorious, splendid"
οἶος,154,lsj,"alone, lonely; alone; naught but; only",-1,(outlier),11,"ask, inquire, pray, care",22,"ask, pray, inquire, care",46,"rejoice, care, heed, counsel",92,"dwell, set, situated, devise"
οἶκος,153,lsj,house; built houses; any dwelling-place; cave,137,"house, chamber, inner, room",2,"chamber, sleep, sit, bed",6,"chamber, house, ground, inner",7,"chamber, house, ground, mountain",18,"house, chamber, wall, court"
χέω,152,lsj,"pour; pour out, let flow; snows; gush forth",-1,(outlier),6,"wind, water, pour, sea",13,"pour, wash, oil, breathe",22,"pour, breathe, flow, spread",44,"pour, flow, filled, shed"
Πρίαμος,150,lsj,priam; like Priam,-1,(outlier),1,"son, chariot, lord, old",1,"troy, athens, trojan, phthia",1,"troy, trojan, athens, thebes",3,"phthia, lesbos, hang, club"
ἤδη,150,lsj,"already, by this time; already; forthwith, immediately; now at length",67,"forthwith, soon, longer, second",7,"come, return, near, arrive",16,"come, return, hither, arrive",27,"return, time, fifth, backwards",53,"time, fifth, forthwith, fourth"
δαμάζω,149,lsj,"overpower; tame, break in; work; clear",88,"force, feeble, forcibly, powerless",9,"desire, noble, strength, easy",20,"noble, strength, swift, little",38,"strength, force, high, courage",73,"strength, force, heavy, feeble"
αἶψα,145,lsj,"quick, forthwith, on a sudden",67,"forthwith, soon, longer, second",7,"come, return, near, arrive",16,"come, return, hither, arrive",27,"return, time, fifth, backwards",53,"time, fifth, forthwith, fourth"
Πάτροκλος,145,lsj,Patroclus,142,"thracian, scylla seal, monachus calchas, calypso icarian",1,"son, chariot, lord, old",1,"troy, athens, trojan, phthia",1,"troy, trojan, athens, thebes",3,"phthia, lesbos, hang, club"
μέσος,145,lsj,"middle, in the middle; middle; zenith; mid",-1,(outlier),5,"day, funeral, black, cloud",12,"funeral, long, day, time",20,"funeral, dead, snow, kindle",42,"star, olympus, heaven, middle"
ἄνωγα,144,lsj,"command, order; advise, urge; bade; bids, prompts",14,"ready, make, order, prepare",11,"ask, inquire, pray, care",22,"ask, pray, inquire, care",45,"pray, oath, herald, command",88,"pray, oath, herald, command"
δόμος,144,lsj,"domus; house; part of a house, room, chamber; a house",137,"house, chamber, inner, room",2,"chamber, sleep, sit, bed",6,"chamber, house, ground, inner",7,"chamber, house, ground, mountain",18,"house, chamber, wall, court"
λύω,142,lsj,"luo; re-luo, solvo; se-luo), solūtus; loosen",-1,(outlier),8,"flee, pass, away, drive",18,"flee, fear, away, hold",31,"hold, leave, stay, retire",62,"leave, retire, away, ward"
θνήσκω,138,lsj (relaxed match),Papers of the Amer. School; die; to be dead; dead,3,"funeral, dead, rites, burial",5,"day, funeral, black, cloud",12,"funeral, long, day, time",20,"funeral, dead, snow, kindle",40,"funeral, dead, mortal, alive"
νοέω,138,lsj,"Excerpta e libris Herodiani; perceive by the eyes, observe; perceive by the mind, apprehend; take notice",22,"look, gaze, behold, observe",11,"ask, inquire, pray, care",22,"ask, pray, inquire, care",43,"know, appear, perceive, look",82,"know, appear, perceive, bring light"
θάνατος,137,lsj,death; the death threatened; to death; death-penalty,74,"slay, slaughter, kill, sacrifice",5,"day, funeral, black, cloud",12,"funeral, long, day, time",20,"funeral, dead, snow, kindle",40,"funeral, dead, mortal, alive"
κεφαλή,137,lsj,head; in stature; down over the head; on the head,119,"helmet, head, peak, brim",4,"spear, bronze, eat, silver",9,"spear, bronze, breast, arrow",13,"helmet, hair, head, cloth",30,"hair, helmet, head, face"
ταχύς,136,lsj,"swift, fleet; quick; quick, hasty; speed, haste",2,"swift, quick, hasty, light",9,"desire, noble, strength, easy",20,"noble, strength, swift, little",36,"swift, little, haste, eager",70,"swift, haste, eager, quick"
τελέω,135,lsj,"fulfil, accomplish, execute, perform; did it; perform; fulfil",102,"accomplish, fulfil, pass, perform",8,"flee, pass, away, drive",17,"pass, lead, come, throw",30,"pass, lead, come, throw",60,"lead, end, shut, fulfil"
ὧδε,135,lsj,"in this wise, thus; so very, so exceedingly; as it is; just as thou art",57,"just, exceedingly, altogether, greater",7,"come, return, near, arrive",16,"come, return, hither, arrive",28,"hither, wherefore, way, just",54,"hither, wherefore, way, just"
ὀτρύνω,135,lsj,"stir up, egg on, encourage; rouse oneself, bestir oneself, hasten; urge on, cheer on; urge forward, quicken, speed",94,"stir, rouse, urge, excite",12,"shout, speak, rouse, speech",23,"rouse, stir, anger, fight",48,"rouse, stir, dance, song",95,"spring, dart, rush, leap"
νύξ,134,lsj,night; mght-season; a night; by night,8,"day, light, morning, early",5,"day, funeral, black, cloud",12,"funeral, long, day, time",19,"long, day, time, morning",39,"day, morning, dawn, early"
ἔοικα,134,lsj,"to be like; it was opportune; will be like; to be like, look like",69,"like, equal, age, resembling",9,"desire, noble, strength, easy",20,"noble, strength, swift, little",35,"like, resembling, mighty, sort",68,"like, resembling, opportune, fond war"
μάχη,134,agwn,"an energetic attempt to achieve something: ""getting through the crowd was a real struggle""; ""he fought a battle for reco",27,"battle, quarrel, fight, strife",12,"shout, speak, rouse, speech",23,"rouse, stir, anger, fight",47,"fight, quarrel, anger, battle",93,"fight, battle, quarrel, anger"
πόντος,133,lsj,sea; open sea; wide waters; the sea,130,"sea, stillness, gulf, calm",6,"wind, water, pour, sea",14,"wind, sea, stream, water",24,"sea, stream, wine, water",47,"sea, sail, strait, ship"
λαμβάνω,131,lsj,"take; receive; take hold of, grasp, seize; caught",87,"seize, hold, receive, caught",8,"flee, pass, away, drive",18,"flee, fear, away, hold",31,"hold, leave, stay, retire",61,"hold, seize, stay, remain"
ἄστυ,131,lsj,town; lower town; acropolis; Athens,143,"troy, athens, trojan, greece",1,"son, chariot, lord, old",1,"troy, athens, trojan, phthia",1,"troy, trojan, athens, thebes",1,"troy, trojan, athens, thebes"
ἧμαι,130,lsj,"āste; to be seated, sit; sit still, sit idle; encamp",127,"sit, seat, chair, place",2,"chamber, sleep, sit, bed",5,"sleep, sit, seat, bed",6,"sleep, sit, seat, bed",14,"sit, seat, chair, throne"
πτερόεις,130,lsj,"feathered, winged; fluttering; winged",118,"fly, winged, dart, riot",4,"spear, bronze, eat, silver",10,"eat, tree, heracles, meal",15,"heracles, bird, fish, fly",34,"heracles, bird, fish, fly"
οἶνος,129,lsj,wine; cups; wines; in vino veritas,28,"wine, drink, mix, lesbos",6,"wind, water, pour, sea",14,"wind, sea, stream, water",24,"sea, stream, wine, water",48,"stream, wine, water, drink"
πατρίς,129,lsj,"of oneʼs fathers; oneʼs fatherland, country; of oneʼs sires; the nether world",121,"race, descent, father, family",1,"son, chariot, lord, old",2,"old, mother, son, wife",2,"old, son, mother, wife",5,"son, child, mother, father"
αὖθις,128,lsj,"back, back again; again, anew; encore!; in turn",43,"return, backwards, rear, home",7,"come, return, near, arrive",16,"come, return, hither, arrive",27,"return, time, fifth, backwards",52,"return, backwards, anew, come home"
τίκτω,127,lsj,"bring into the world, engender; beget; bring forth; parents",105,"born, beget, bring forth, engender",1,"son, chariot, lord, old",2,"old, mother, son, wife",2,"old, son, mother, wife",5,"son, child, mother, father"
Ἥρα,127,lsj,Hera; nine; servo; inhabitants of Heraea,-1,(outlier),1,"son, chariot, lord, old",1,"troy, athens, trojan, phthia",1,"troy, trojan, athens, thebes",2,"tenth, eleventh, number, seven"
οἴομαι,127,lsj,"forebode, presage; expect; suspect; fear",-1,(outlier),11,"ask, inquire, pray, care",22,"ask, pray, inquire, care",46,"rejoice, care, heed, counsel",89,"care, rejoice, heed, attempt"
δῶρον,126,lsj,"gift, present, gift of honour; votive gift; offering; the gifts of",33,"gift, serve, receive, admit",1,"son, chariot, lord, old",3,"divine, honour, zeus, wonder",3,"divine, honour, zeus, god",8,"honour, wonder, reverence, gift"
μακρός,126,lsj,long; ships of war; the longer sides; length-wise,131,"sail, ship, sea, float",5,"day, funeral, black, cloud",12,"funeral, long, day, time",19,"long, day, time, morning",38,"long, years, time, late"
ἄρχω,126,lsj,"to be first; begin, make a beginning; to be the aggressor; to begin oneʼs",-1,(outlier),11,"ask, inquire, pray, care",22,"ask, pray, inquire, care",44,"ask, inquire, pay, prize",85,"prize, gain, win, contest"
χρύσεος,125,lsj,golden; enriched; adorned with gold; gold,21,"golden, robe, flowers, soft",4,"spear, bronze, eat, silver",9,"spear, bronze, breast, arrow",14,"bronze, silver, hollow, gold",31,"bronze, silver, gold, copper"
ἀπαμείβομαι,125,lsj,"reply, answer",-1,(outlier),4,"spear, bronze, eat, silver",9,"spear, bronze, breast, arrow",14,"bronze, silver, hollow, gold",33,"lycia, stone, grind, goblet"
γιγνώσκω,125,lsj,"come to know, perceive; know; know by reflection; know by observation",17,"know, perceive, discover, recognize",11,"ask, inquire, pray, care",22,"ask, pray, inquire, care",43,"know, appear, perceive, look",82,"know, appear, perceive, bring light"
τόσος,124,lsj,"so great, so vast; so long; so many; so loud",-1,(outlier),12,"shout, speak, rouse, speech",24,"shout, lament, wail, loud",49,"shout, lament, wail, loud",97,"loud, laugh, crash, sound"
πω,124,lsj,"up to this time, yet; at all; ever",66,"time, long, partly, old",7,"come, return, near, arrive",16,"come, return, hither, arrive",28,"hither, wherefore, way, just",54,"hither, wherefore, way, just"
ἀγαθός,124,lsj,"good; well-born, gentle; aristocrats; brave, valiant",96,"courage, good, arrogant, manly",9,"desire, noble, strength, easy",20,"noble, strength, swift, little",37,"noble, wrought, glorious, splendid",72,"noble, wrought, glorious, splendid"
πρότερος,124,lsj,"before, in front; fore; in front; former, earlier",43,"return, backwards, rear, home",7,"come, return, near, arrive",15,"near, nigh, far, hand",25,"beneath, lowest, hindmost, atop",49,"beneath, lowest, high, aloft"
ἅλς,123,lsj,salt; rock-salt; brine; sugar,25,"wash, oil, dry, salt",6,"wind, water, pour, sea",13,"pour, wash, oil, breathe",21,"wash, oil, salt, raw",43,"wash, oil, salt, raw"
ἐνθάδε,123,lsj,"thither, hither; here; there; in this world",59,"hither, wherefore, place, way",7,"come, return, near, arrive",16,"come, return, hither, arrive",28,"hither, wherefore, way, just",54,"hither, wherefore, way, just"
δύω2,123,lsj (homographs merged),"cause to sink, sink, plunge in; get; go into; enter, make oneʼs way into",-1,(outlier),8,"flee, pass, away, drive",17,"pass, lead, come, throw",30,"pass, lead, come, throw",58,"ibo, sink, fall, come"
γόνυ,122,lsj,knee; clasping the knees; on my knees; the knee,138,"shoulder, thigh, limb, ankle",4,"spear, bronze, eat, silver",9,"spear, bronze, breast, arrow",11,"breast, thigh, knee, arm",26,"breast, thigh, knee, arm"
ὠκύς,120,lsj,"quick, swift, fleet; quickness, sharpness; shrill",2,"swift, quick, hasty, light",9,"desire, noble, strength, easy",20,"noble, strength, swift, little",36,"swift, little, haste, eager",70,"swift, haste, eager, quick"
κλισία,119,lsj,"place for lying down; reclining; hut, shed, booth; cot, cabin",-1,(outlier),2,"chamber, sleep, sit, bed",6,"chamber, house, ground, inner",7,"chamber, house, ground, mountain",17,"peak, mountain, hill, headland"
ὀξύς,119,lsj,"wood sorrel, Oxalis Acetosella; great sea-rush, Juncus acutus; sorrel, Rumex acetosa",109,"tree, wood, garden, fir",4,"spear, bronze, eat, silver",10,"eat, tree, heracles, meal",17,"tree, barley, garden, wood",36,"tree, wood, barley, garden"
θάλασσα,118,lsj,sea; salt lake; maritime affairs; a sea,130,"sea, stillness, gulf, calm",6,"wind, water, pour, sea",14,"wind, sea, stream, water",24,"sea, stream, wine, water",47,"sea, sail, strait, ship"
ὀφθαλμός,118,lsj,eye; eyes; to the eye; sight,23,"eye, face, roots, round",11,"ask, inquire, pray, care",22,"ask, pray, inquire, care",43,"know, appear, perceive, look",83,"look, gaze, eye, behold"
πάσχω,118,lsj,"have; done to one, suffer; to be treated; suffer",31,"toil, work, suffer, labour",10,"wound, destroy, slay, kill",21,"wound, destroy, slay, cut",42,"wound, cut, tears, toil",81,"toil, tears, pain, distressed"
δύναμαι,117,lsj,"to be able, strong enough; canst; powerful, mighty; multum valet",89,"strength, force, better, mighty",9,"desire, noble, strength, easy",20,"noble, strength, swift, little",38,"strength, force, high, courage",73,"strength, force, heavy, feeble"
ἱκάνω,117,lsj,"come; to come to; reach, attain to; are fulfilled",123,"arrive, reach, come, attain",7,"come, return, near, arrive",16,"come, return, hither, arrive",29,"come, arrive, home, house",56,"come, arrive, reach, born"
κύων,116,lsj,"dog, bitch; shepherds’ dogs; watch-dogs; hounds",-1,(outlier),4,"spear, bronze, eat, silver",10,"eat, tree, heracles, meal",15,"heracles, bird, fish, fly",34,"heracles, bird, fish, fly"
Ἴλιος,116,lsj,"Ilios; Ilium, the city of Ilus, Troy; from Troy; before Troy",143,"troy, athens, trojan, greece",1,"son, chariot, lord, old",1,"troy, athens, trojan, phthia",1,"troy, trojan, athens, thebes",1,"troy, trojan, athens, thebes"
ἀμύμων,116,lsj,"blameless, noble, excellent; a physician",96,"courage, good, arrogant, manly",9,"desire, noble, strength, easy",20,"noble, strength, swift, little",37,"noble, wrought, glorious, splendid",72,"noble, wrought, glorious, splendid"
βροτός,116,lsj,mortal man; dead; mṛtás; morior,100,"divine, mortal, god, zeus",5,"day, funeral, black, cloud",12,"funeral, long, day, time",20,"funeral, dead, snow, kindle",40,"funeral, dead, mortal, alive"
αἷμα,116,lsj,blood; streams of blood; anything like blood; dye,12,"wound, blood, ulcer, scar",10,"wound, destroy, slay, kill",21,"wound, destroy, slay, cut",42,"wound, cut, tears, toil",80,"wound, cut, strip, blood"
δῆμος,116,lsj,"district, country, land; the land; people, inhabitants; the commons, common people",126,"dwell, inhabit, people, situated",11,"ask, inquire, pray, care",22,"ask, pray, inquire, care",44,"ask, inquire, pay, prize",87,"pay, debt, receive, price"
ἀμφότερος,116,lsj,either; both of two; each one; partaking of both,55,"fifth, half, fourth, thrice",7,"come, return, near, arrive",16,"come, return, hither, arrive",27,"return, time, fifth, backwards",53,"time, fifth, forthwith, fourth"
μέμαα,115,agwn,"an inclination to want things: ""a man of many desires""",13,"desire, want, wish, need",9,"desire, noble, strength, easy",19,"desire, wish, love, want",33,"wish, need, want, desire",65,"wish, need, want, desire"
ἥρως,114,lsj,"hero; the Fourth Age of men; heroes, as objects of worship; local deities",100,"divine, mortal, god, zeus",1,"son, chariot, lord, old",3,"divine, honour, zeus, wonder",3,"divine, honour, zeus, god",8,"honour, wonder, reverence, gift"
Νέστωρ,114,lsj,Nestor,142,"thracian, scylla seal, monachus calchas, calypso icarian",1,"son, chariot, lord, old",1,"troy, athens, trojan, phthia",1,"troy, trojan, athens, thebes",3,"phthia, lesbos, hang, club"
ἅπας,114,lsj,"quite all, the whole; all together; in all things; all",57,"just, exceedingly, altogether, greater",9,"desire, noble, strength, easy",20,"noble, strength, swift, little",35,"like, resembling, mighty, sort",69,"great, mighty, sort, exceedingly"
πεδίον,114,lsj,plain; a fertile plain; Campus; the plain of Attica,-1,(outlier),2,"chamber, sleep, sit, bed",6,"chamber, house, ground, inner",7,"chamber, house, ground, mountain",17,"peak, mountain, hill, headland"
τεῖχος,114,lsj,wall; city-wall; embankment; earthworks,133,"banks, shore, dyke, headland",2,"chamber, sleep, sit, bed",6,"chamber, house, ground, inner",7,"chamber, house, ground, mountain",18,"house, chamber, wall, court"
ἠώς,113,lsj,"dawn; light of day; morning; at morn, early",8,"day, light, morning, early",5,"day, funeral, black, cloud",12,"funeral, long, day, time",19,"long, day, time, morning",39,"day, morning, dawn, early"
ποταμός,113,lsj,"river, stream; rivers; rivers of fire; lava",38,"stream, water, river, spring",6,"wind, water, pour, sea",14,"wind, sea, stream, water",24,"sea, stream, wine, water",48,"stream, wine, water, drink"
καλέω,112,lsj,"call, summon; they had been summoned; demand, require; call to oneself",36,"address, speak, accost, assembly",11,"ask, inquire, pray, care",22,"ask, pray, inquire, care",45,"pray, oath, herald, command",88,"pray, oath, herald, command"
τόξον,111,lsj,"bow; the bow; by guess; bowmanship, archery",77,"arrow, bow, javelin, shoot",4,"spear, bronze, eat, silver",9,"spear, bronze, breast, arrow",12,"spear, arrow, sword, girdle",27,"arrow, bow, shoot, sagitta"
κόρη,111,lsj,girl; maiden; nymphs; bride,110,"wife, marry, marriage, wedded",1,"son, chariot, lord, old",2,"old, mother, son, wife",2,"old, son, mother, wife",4,"wife, sister, brother, marry"
ἄψ,110,lsj,"abs) backwards, back again; again, in return; yet",43,"return, backwards, rear, home",7,"come, return, near, arrive",16,"come, return, hither, arrive",27,"return, time, fifth, backwards",52,"return, backwards, anew, come home"
φράζω,110,lsj,"point out, show; say, tell; show the way to, show where to find; showed",20,"appear, bring light, seen, forth",11,"ask, inquire, pray, care",22,"ask, pray, inquire, care",43,"know, appear, perceive, look",82,"know, appear, perceive, bring light"
μιμνήσκω,110,lsj,"remind, put in mind; recalled; to memory, made; famous",16,"counsel, craft, wise, plan",11,"ask, inquire, pray, care",22,"ask, pray, inquire, care",46,"rejoice, care, heed, counsel",89,"care, rejoice, heed, attempt"
χρώς,110,lsj,"skin; flesh; oneʼs body, frame; close to the skin",-1,(outlier),4,"spear, bronze, eat, silver",9,"spear, bronze, breast, arrow",11,"breast, thigh, knee, arm",26,"breast, thigh, knee, arm"
ἀχεύω,109,lsj,"grieving, mourning; grieving in; sorrowing for; vex, annoy",79,"grieving, distressed, wretched, pity",10,"wound, destroy, slay, kill",21,"wound, destroy, slay, cut",42,"wound, cut, tears, toil",81,"toil, tears, pain, distressed"
ἄλοχος,109,lsj,"partner of oneʼs bed, wife; leman, concubine; unwedded",110,"wife, marry, marriage, wedded",11,"ask, inquire, pray, care",22,"ask, pray, inquire, care",46,"rejoice, care, heed, counsel",90,"trusty, cheat, truth, trusted"
πέλω,109,lsj,"come into existence, become, be; was; when once in being; become",105,"born, beget, bring forth, engender",7,"come, return, near, arrive",16,"come, return, hither, arrive",29,"come, arrive, home, house",56,"come, arrive, reach, born"
θυγάτηρ,108,lsj,"daughter; maidservant, slave; duhitár",-1,(outlier),1,"son, chariot, lord, old",4,"chariot, lord, guest, master",4,"guest, slave, serve, banquet",10,"slave, mistress, care, queen"
κῦμα,108,lsj,"anything swollen; pregnant; wave, billow; swell",25,"wash, oil, dry, salt",6,"wind, water, pour, sea",13,"pour, wash, oil, breathe",21,"wash, oil, salt, raw",43,"wash, oil, salt, raw"
κίω,107,agwn,"stop and wait, as if awaiting further instructions or developments: ""Hold on a moment!""; ""We broke at noon""",85,"stay, remain, restrain, stop",11,"ask, inquire, pray, care",22,"ask, pray, inquire, care",46,"rejoice, care, heed, counsel",89,"care, rejoice, heed, attempt"
μοῖρα,107,lsj,part; portion; division; party,70,"apart, separate, divide, choose",3,"meet, bind, round, stretch",8,"meet, bind, ready, gather",10,"meet, gather, pick, assembly",24,"mix, equal, alike, separate"
νέος,106,lsj,"young, youthful; youths; youth upwards; youth",-1,(outlier),1,"son, chariot, lord, old",2,"old, mother, son, wife",2,"old, son, mother, wife",6,"old, age, youth, elders"
δείδω,105,lsj,"fear; to be alarmed, anxious; fear to do; fear, dread",35,"fear, alarm, amazed, stand awe",8,"flee, pass, away, drive",18,"flee, fear, away, hold",32,"flee, fear, wander, avoid",64,"fear, silence, conceal, alarm"
ὁράω,105,lsj,"Inscr. des tombeaux des rois; I know; a)ware; see, look",1,"memnonion, du, des, grecs",1,"son, chariot, lord, old",1,"troy, athens, trojan, phthia",1,"troy, trojan, athens, thebes",3,"phthia, lesbos, hang, club"
χαίρω,105,lsj,"rejoice, be glad; to rejoice; rejoice at, take pleasure in; express oneʼs joy",113,"delight, joy, pleasure, rejoice",11,"ask, inquire, pray, care",22,"ask, pray, inquire, care",46,"rejoice, care, heed, counsel",89,"care, rejoice, heed, attempt"
ἄνεμος,105,lsj,wind; a gale; the wind; to the winds,18,"wind, cloud, mist, stormy",6,"wind, water, pour, sea",14,"wind, sea, stream, water",23,"wind, storm, breeze, wintry",46,"wind, storm, wintry, hurricane"
βασιλεύς,104,lsj,"king, chief; captain; judge; hereditary king",101,"lord, queen, master, ruler",1,"son, chariot, lord, old",4,"chariot, lord, guest, master",5,"chariot, lord, shield, master",12,"lord, king, master, leader"
κλύω,103,lsj,hear; from; hear of; have heard,41,"voice, sound, speech, hear",12,"shout, speak, rouse, speech",25,"speak, speech, voice, address",50,"speak, speech, voice, address",100,"speech, voice, speak, clear"
βία,103,lsj,"bodily strength, force; act of violence; against; will, in spite of",89,"strength, force, better, mighty",9,"desire, noble, strength, easy",20,"noble, strength, swift, little",38,"strength, force, high, courage",74,"high, courage, better, stout"
αἰνός,103,lsj,"dread, horrible; dread, terrible; terribly; strangely, exceedingly",111,"hateful, hated, ruthless, terrible",10,"wound, destroy, slay, kill",21,"wound, destroy, slay, cut",41,"destiny, dishonour, wretched, hateful",79,"destiny, wretched, hateful, wrath"
ὕπνος,103,lsj,"sleep, slumber; the sleep of death; sleep; a dream",92,"sleep, lie, lay, bed",2,"chamber, sleep, sit, bed",5,"sleep, sit, seat, bed",6,"sleep, sit, seat, bed",15,"sleep, bed, lie, lay"
δάκρυον,102,lsj,"tear; that which drops like tears, gum, sap",54,"tears, accompanied, sobs inarticulate, inarticulate sounds",10,"wound, destroy, slay, kill",21,"wound, destroy, slay, cut",42,"wound, cut, tears, toil",81,"toil, tears, pain, distressed"
νόος,102,lsj,"mind; sense, wit; prudently; senselessly",-1,(outlier),10,"wound, destroy, slay, kill",21,"wound, destroy, slay, cut",40,"vain, unceasing, unbroken, fruitless",77,"vain, unceasing, unbroken, unharmed"
πάρος,102,lsj,"aforetime, formerly; up to now, hitherto; before; not until",66,"time, long, partly, old",5,"day, funeral, black, cloud",12,"funeral, long, day, time",19,"long, day, time, morning",39,"day, morning, dawn, early"
ὕδωρ,102,lsj,"water; the waters; spring-water, drinking-water; a water",38,"stream, water, river, spring",6,"wind, water, pour, sea",14,"wind, sea, stream, water",24,"sea, stream, wine, water",48,"stream, wine, water, drink"
ὅθι,102,lsj,where,59,"hither, wherefore, place, way",7,"come, return, near, arrive",16,"come, return, hither, arrive",28,"hither, wherefore, way, just",54,"hither, wherefore, way, just"
ἴσος,101,lsj,equal; like; copy; the same,69,"like, equal, age, resembling",3,"meet, bind, round, stretch",8,"meet, bind, ready, gather",10,"meet, gather, pick, assembly",24,"mix, equal, alike, separate"
ἐρῶ,100,lsj,verbum; word; will say; speak,42,"speech, word, speak, talk",12,"shout, speak, rouse, speech",25,"speak, speech, voice, address",50,"speak, speech, voice, address",100,"speech, voice, speak, clear"
ῥέζω,100,lsj,"do, act, deal; do, accomplish, make; if once done; wronged",-1,(outlier),8,"flee, pass, away, drive",17,"pass, lead, come, throw",30,"pass, lead, come, throw",60,"lead, end, shut, fulfil"
αὐδάω,98,lsj,"utter sounds, speak; utter; speak, say; twas said",42,"speech, word, speak, talk",12,"shout, speak, rouse, speech",25,"speak, speech, voice, address",50,"speak, speech, voice, address",100,"speech, voice, speak, clear"
τέρπω,98,lsj,"delight, gladden, cheer; will give; pleasure; give delight",113,"delight, joy, pleasure, rejoice",9,"desire, noble, strength, easy",19,"desire, wish, love, want",34,"love, heart, sweet, warm",67,"sweet, warm, glad, delight"
Ὄλυμπος,97,lsj,"Olympus; sky; to, towards Olympus; from O",104,"olympus, phthia, cronos, ares",5,"day, funeral, black, cloud",12,"funeral, long, day, time",20,"funeral, dead, snow, kindle",42,"star, olympus, heaven, middle"
κέλομαι,97,lsj,"urge, exhort, command; commands; advise; constrained",14,"ready, make, order, prepare",11,"ask, inquire, pray, care",22,"ask, pray, inquire, care",45,"pray, oath, herald, command",88,"pray, oath, herald, command"
δεινός,96,lsj,"fearful, terrible; fearful; awful; danger, suffering, horror",35,"fear, alarm, amazed, stand awe",10,"wound, destroy, slay, kill",21,"wound, destroy, slay, cut",41,"destiny, dishonour, wretched, hateful",79,"destiny, wretched, hateful, wrath"
τοῖος,96,lsj,"such, such-like; such as; fit; able",69,"like, equal, age, resembling",9,"desire, noble, strength, easy",20,"noble, strength, swift, little",35,"like, resembling, mighty, sort",69,"great, mighty, sort, exceedingly"
ἀσπίς,96,lsj,shield; body of men-at-arms; deep; in file,-1,(outlier),1,"son, chariot, lord, old",4,"chariot, lord, guest, master",5,"chariot, lord, shield, master",13,"shield, ranks, warrior, men"
ἕζομαι,95,lsj,"seat oneself, sit; sank; crouch; sink",-1,(outlier),8,"flee, pass, away, drive",17,"pass, lead, come, throw",30,"pass, lead, come, throw",58,"ibo, sink, fall, come"
ἀμύνω,95,lsj,"keep off, ward off; to be kept off; for; from whom",-1,(outlier),8,"flee, pass, away, drive",18,"flee, fear, away, hold",31,"hold, leave, stay, retire",62,"leave, retire, away, ward"
φρονέω,95,lsj,"to be minded; have understanding, be wise, prudent; counsel; to be",16,"counsel, craft, wise, plan",11,"ask, inquire, pray, care",22,"ask, pray, inquire, care",46,"rejoice, care, heed, counsel",92,"dwell, set, situated, devise"
παύω,95,lsj,"make to end; bring to an end, check; stop; silence",85,"stay, remain, restrain, stop",8,"flee, pass, away, drive",17,"pass, lead, come, throw",30,"pass, lead, come, throw",60,"lead, end, shut, fulfil"
ἦτορ,94,lsj,"heart; my heart; the seat of life, life; the seat of feeling, passion, desire",78,"heart, affection, gentle, love",9,"desire, noble, strength, easy",19,"desire, wish, love, want",34,"love, heart, sweet, warm",66,"heart, love, affection, desire"
ὄρος,93,lsj,"mountain, hill; canton, parish; desert",-1,(outlier),2,"chamber, sleep, sit, bed",6,"chamber, house, ground, inner",7,"chamber, house, ground, mountain",17,"peak, mountain, hill, headland"
πέμπω,93,lsj,send; over; send for; send to,91,"throw, send, fall, forth",8,"flee, pass, away, drive",17,"pass, lead, come, throw",30,"pass, lead, come, throw",59,"throw, send, forth, forward"
αὐτοῦ,93,lsj,just there; just here; there!; here in,59,"hither, wherefore, place, way",7,"come, return, near, arrive",16,"come, return, hither, arrive",28,"hither, wherefore, way, just",54,"hither, wherefore, way, just"
φώς,93,lsj,man; his; mortal,100,"divine, mortal, god, zeus",5,"day, funeral, black, cloud",12,"funeral, long, day, time",20,"funeral, dead, snow, kindle",40,"funeral, dead, mortal, alive"
ἄλγος,92,lsj,pain; sufferings; grief; grief for,79,"grieving, distressed, wretched, pity",10,"wound, destroy, slay, kill",21,"wound, destroy, slay, cut",42,"wound, cut, tears, toil",81,"toil, tears, pain, distressed"
βουλή,92,lsj,"will, determination; counsel, design; counsel, advice; ground of argument",16,"counsel, craft, wise, plan",11,"ask, inquire, pray, care",22,"ask, pray, inquire, care",46,"rejoice, care, heed, counsel",91,"counsel, assistant crooked, imparted, skilled"
ἕνεκα,92,lsj,on account of; for; wherefore; for the sake of,59,"hither, wherefore, place, way",7,"come, return, near, arrive",16,"come, return, hither, arrive",28,"hither, wherefore, way, just",54,"hither, wherefore, way, just"
τάχα,91,lsj,"quickly, presently, forthwith; soon; as soon as; perhaps",67,"forthwith, soon, longer, second",9,"desire, noble, strength, easy",20,"noble, strength, swift, little",36,"swift, little, haste, eager",70,"swift, haste, eager, quick"
οὐρανός,91,lsj,"heaven; vault; firmament of heaven, sky; Heaven",-1,(outlier),5,"day, funeral, black, cloud",12,"funeral, long, day, time",20,"funeral, dead, snow, kindle",42,"star, olympus, heaven, middle"
λανθάνω,91,lsj,escape notice; escape; notice; donʼt know,61,"flee, escape, avoid, shun",11,"ask, inquire, pray, care",22,"ask, pray, inquire, care",46,"rejoice, care, heed, counsel",89,"care, rejoice, heed, attempt"
οἴχομαι,90,lsj,"come; go, go away, go off; he has gone, departed; he had gone",84,"leave, retire, gone, withdraw",8,"flee, pass, away, drive",18,"flee, fear, away, hold",31,"hold, leave, stay, retire",62,"leave, retire, away, ward"
γλαυκῶπις,90,lsj,with gleaming eyes,7,"bright, light, kindle, star",5,"day, funeral, black, cloud",11,"black, dark, bright, shine",18,"black, dark, bright, shine",37,"black, dark, bright, light"
κῆρυξ,90,lsj,"herald, pursuivant; public messenger, envoy; messengers between nations at war; crier",68,"herald, report, message, tidings",11,"ask, inquire, pray, care",22,"ask, pray, inquire, care",45,"pray, oath, herald, command",88,"pray, oath, herald, command"
πυκνός,90,lsj,"close, compact; close, firm, solid; well-stuffed, firm; overgrown",72,"sharp, keen, smooth, rugged",9,"desire, noble, strength, easy",20,"noble, strength, swift, little",36,"swift, little, haste, eager",71,"little, softly, firm, small"
παρίστημι,90,lsj,"cause to stand, place beside; having brought; into view; set",93,"set, beneath, lowest, high",3,"meet, bind, round, stretch",7,"round, stretch, straight, turn",8,"round, straight, stretch, turn",22,"draw, raise, drag, stand"
ὅμιλος,90,lsj,"any assembled crowd, throng of people; the mass of the people, the crowd; crowd; mob",58,"crowded, people, pile, heaps",3,"meet, bind, round, stretch",8,"meet, bind, ready, gather",10,"meet, gather, pick, assembly",25,"meet, gather, assembly, face"
νέομαι,89,lsj,come; go back; return; násate,43,"return, backwards, rear, home",7,"come, return, near, arrive",16,"come, return, hither, arrive",27,"return, time, fifth, backwards",52,"return, backwards, anew, come home"
βέλος,89,lsj,"missile; arrow, dart; hurled; thrown",77,"arrow, bow, javelin, shoot",4,"spear, bronze, eat, silver",9,"spear, bronze, breast, arrow",12,"spear, arrow, sword, girdle",27,"arrow, bow, shoot, sagitta"
πρόσθεν,89,lsj,before; outside; in front of; head,43,"return, backwards, rear, home",7,"come, return, near, arrive",15,"near, nigh, far, hand",25,"beneath, lowest, hindmost, atop",49,"beneath, lowest, high, aloft"
πίνω,89,lsj,drink; drink of; whereof; to drink,28,"wine, drink, mix, lesbos",6,"wind, water, pour, sea",14,"wind, sea, stream, water",24,"sea, stream, wine, water",48,"stream, wine, water, drink"
δίφρος,89,lsj,chariot-board; two; chariot; travelling-car,15,"chariot, car, driver, horse",1,"son, chariot, lord, old",4,"chariot, lord, guest, master",5,"chariot, lord, shield, master",11,"chariot, car, driver, travelling"
μέλλω,88,lsj,to be destined; likely to; belike; doubtless,49,"destiny, doom, fate, destined",11,"ask, inquire, pray, care",22,"ask, pray, inquire, care",46,"rejoice, care, heed, counsel",90,"trusty, cheat, truth, trusted"
ἠμί,87,lsj,"say; spake; said; aio, ad-agium",1,"memnonion, du, des, grecs",11,"ask, inquire, pray, care",22,"ask, pray, inquire, care",46,"rejoice, care, heed, counsel",89,"care, rejoice, heed, attempt"
καλύπτω,86,lsj,"oc-culo, celo; cover; to kill; covered, grasped",115,"hide, cover, shield, conceal",2,"chamber, sleep, sit, bed",6,"chamber, house, ground, inner",7,"chamber, house, ground, mountain",18,"house, chamber, wall, court"
μάλιστα,85,agwn,"used to form the superlative: ""the king cobra is the most dangerous snake""",135,"herd, serpent, boar, wolf",9,"desire, noble, strength, easy",20,"noble, strength, swift, little",38,"strength, force, high, courage",74,"high, courage, better, stout"
ἀντίος,84,lsj,"set against; face to face, opposite; to meet them; though she faced him",-1,(outlier),3,"meet, bind, round, stretch",8,"meet, bind, ready, gather",10,"meet, gather, pick, assembly",25,"meet, gather, assembly, face"
γλαφυρός,84,lsj,"hollow, hollowed; a deep; arched; polished",139,"breast, hollow, lap, guts",4,"spear, bronze, eat, silver",9,"spear, bronze, breast, arrow",14,"bronze, silver, hollow, gold",32,"hollow, shape, form, hewn"
πολύμητις,83,lsj,of many counsels,16,"counsel, craft, wise, plan",11,"ask, inquire, pray, care",22,"ask, pray, inquire, care",46,"rejoice, care, heed, counsel",91,"counsel, assistant crooked, imparted, skilled"
θέω,83,lsj,dhávate; run; running; run and,117,"leap, rush, run, chase",1,"son, chariot, lord, old",1,"troy, athens, trojan, phthia",1,"troy, trojan, athens, thebes",3,"phthia, lesbos, hang, club"
φαεινός,83,lsj,"shining, radiant; bright; bright, glossy; bright as the day",7,"bright, light, kindle, star",5,"day, funeral, black, cloud",11,"black, dark, bright, shine",18,"black, dark, bright, shine",37,"black, dark, bright, light"
Πηνελόπεια,83,lsj,Penelope,-1,(outlier),1,"son, chariot, lord, old",1,"troy, athens, trojan, phthia",1,"troy, trojan, athens, thebes",3,"phthia, lesbos, hang, club"
ἀνίστημι,82,lsj,"make to stand up, raise up; raised; raisefrom sleep, wake up; raise from the dead",103,"raise, lean, inclining, make stand",3,"meet, bind, round, stretch",7,"round, stretch, straight, turn",8,"round, straight, stretch, turn",22,"draw, raise, drag, stand"
φιλέω,82,lsj,"love, regard with affection; sexual love; friends; to be beloved",78,"heart, affection, gentle, love",9,"desire, noble, strength, easy",19,"desire, wish, love, want",34,"love, heart, sweet, warm",66,"heart, love, affection, desire"
τλάω,82,lsj,"suffer, undergo; hold out, endure, be patient, submit; I submitted; bore up under",31,"toil, work, suffer, labour",10,"wound, destroy, slay, kill",21,"wound, destroy, slay, cut",42,"wound, cut, tears, toil",81,"toil, tears, pain, distressed"
κλαίω,82,lsj,"cry, wail, lament; crying; crying, howling; well beaten",-1,(outlier),12,"shout, speak, rouse, speech",24,"shout, lament, wail, loud",49,"shout, lament, wail, loud",98,"shout, lament, wail, shriek"
κάρα,82,lsj,"head; the face; peak, top; edge, brim",119,"helmet, head, peak, brim",4,"spear, bronze, eat, silver",9,"spear, bronze, breast, arrow",13,"helmet, hair, head, cloth",30,"hair, helmet, head, face"
πως,81,lsj,"in any way, at all, by any means; somehow; in some; way",-1,(outlier),7,"come, return, near, arrive",16,"come, return, hither, arrive",28,"hither, wherefore, way, just",54,"hither, wherefore, way, just"
Διομήδης,81,lsj,Jove-counselled,16,"counsel, craft, wise, plan",11,"ask, inquire, pray, care",22,"ask, pray, inquire, care",46,"rejoice, care, heed, counsel",91,"counsel, assistant crooked, imparted, skilled"
ὄλεθρος,81,lsj,"ruin, destruction, death; of death; plague take thee!; destruction",80,"destroy, waste, bane, sack",10,"wound, destroy, slay, kill",21,"wound, destroy, slay, cut",39,"slay, kill, destroy, waste",75,"waste, destroy, sack, perish"
πέπνυμαι,81,lsj,"to be conscious, in full possession of oneʼs faculties; to be wise; experts; understand",16,"counsel, craft, wise, plan",11,"ask, inquire, pray, care",22,"ask, pray, inquire, care",46,"rejoice, care, heed, counsel",92,"dwell, set, situated, devise"
ψυχή,80,lsj,"life; lives; dear as life; departed spirit, ghost",3,"funeral, dead, rites, burial",5,"day, funeral, black, cloud",12,"funeral, long, day, time",20,"funeral, dead, snow, kindle",40,"funeral, dead, mortal, alive"
κῆρ,80,lsj,"heart; with all the heart, heartily; exceedingly; throughout",78,"heart, affection, gentle, love",9,"desire, noble, strength, easy",19,"desire, wish, love, want",34,"love, heart, sweet, warm",66,"heart, love, affection, desire"
εἷς,80,lsj,"sem; one, one; single man; single",-1,(outlier),1,"son, chariot, lord, old",1,"troy, athens, trojan, phthia",1,"troy, trojan, athens, thebes",3,"phthia, lesbos, hang, club"
εὑρίσκω,80,lsj,"find; find that; found; find means, be able",17,"know, perceive, discover, recognize",11,"ask, inquire, pray, care",22,"ask, pray, inquire, care",43,"know, appear, perceive, look",82,"know, appear, perceive, bring light"
εὐνή,80,lsj,bed; bedding; abode; lair,136,"precinct, bed, grove, sacred",2,"chamber, sleep, sit, bed",5,"sleep, sit, seat, bed",6,"sleep, sit, seat, bed",15,"sleep, bed, lie, lay"
εἷμα,80,lsj,"garment; over-garment; rug, carpet",114,"garment, cloth, skin, cloak",4,"spear, bronze, eat, silver",9,"spear, bronze, breast, arrow",13,"helmet, hair, head, cloth",29,"cloth, garment, skin, cloak"
σάκος,79,lsj,"shield; shield, defence; tvác",115,"hide, cover, shield, conceal",1,"son, chariot, lord, old",4,"chariot, lord, guest, master",5,"chariot, lord, shield, master",13,"shield, ranks, warrior, men"
δέχομαι,78,lsj,"take, accept, receive; receive; at the hand of; accept",87,"seize, hold, receive, caught",11,"ask, inquire, pray, care",22,"ask, pray, inquire, care",44,"ask, inquire, pay, prize",87,"pay, debt, receive, price"
νέκυς,78,lsj,corpse; dead person; spirits of the dead; dead,3,"funeral, dead, rites, burial",5,"day, funeral, black, cloud",12,"funeral, long, day, time",20,"funeral, dead, snow, kindle",40,"funeral, dead, mortal, alive"
χθών,78,lsj,earth; the surface of it; soil; the earth,116,"earth, ground, surface, deep",2,"chamber, sleep, sit, bed",6,"chamber, house, ground, inner",7,"chamber, house, ground, mountain",16,"ground, trench, earth, dug"
ἱερός,78,lsj,"filled with; manifesting divine power, supernatural; great; holy",100,"divine, mortal, god, zeus",1,"son, chariot, lord, old",3,"divine, honour, zeus, wonder",3,"divine, honour, zeus, god",7,"divine, zeus, god, holy"
κῦδος,78,lsj,"glory, renown; glory",26,"honour, wonder, reverence, glory",1,"son, chariot, lord, old",4,"chariot, lord, guest, master",5,"chariot, lord, shield, master",13,"shield, ranks, warrior, men"
ποιέω,78,lsj,"make; make, produce; made; to be made with",14,"ready, make, order, prepare",3,"meet, bind, round, stretch",8,"meet, bind, ready, gather",9,"bind, ready, fast, make",23,"ready, bind, fast, make"
Ἰθάκη,78,lsj,Ithaca; Ithacan; to Ithaca; from it,143,"troy, athens, trojan, greece",1,"son, chariot, lord, old",1,"troy, athens, trojan, phthia",1,"troy, trojan, athens, thebes",1,"troy, trojan, athens, thebes"
Αἰνείας,78,lsj,Aeneas,-1,(outlier),1,"son, chariot, lord, old",1,"troy, athens, trojan, phthia",1,"troy, trojan, athens, thebes",3,"phthia, lesbos, hang, club"
ὁδός2,77,lsj (homographs merged),"way, road; course, channel; to truth; further on the way, forwards",-1,(outlier),8,"flee, pass, away, drive",17,"pass, lead, come, throw",30,"pass, lead, come, throw",57,"drive, pass, rush, path"
κήρ,77,agwn,"the act of killing: ""he had two deaths on his conscience""",74,"slay, slaughter, kill, sacrifice",10,"wound, destroy, slay, kill",21,"wound, destroy, slay, cut",39,"slay, kill, destroy, waste",76,"slay, slaughter, kill, sacrifice"
τέκνον,77,lsj,"child; my son, my child; young",125,"son, child, infant, father",1,"son, chariot, lord, old",2,"old, mother, son, wife",2,"old, son, mother, wife",5,"son, child, mother, father"
ἆρα,77,lsj,anxiety; impatience; negative; affirmative,35,"fear, alarm, amazed, stand awe",11,"ask, inquire, pray, care",22,"ask, pray, inquire, care",46,"rejoice, care, heed, counsel",89,"care, rejoice, heed, attempt"
μεγάθυμος,76,lsj,great-hearted,-1,(outlier),9,"desire, noble, strength, easy",19,"desire, wish, love, want",34,"love, heart, sweet, warm",67,"sweet, warm, glad, delight"
ναίω,76,lsj,"dwell, abide; dwell in, inhabit; to be inhabited; lie, be situated",126,"dwell, inhabit, people, situated",11,"ask, inquire, pray, care",22,"ask, pray, inquire, care",46,"rejoice, care, heed, counsel",92,"dwell, set, situated, devise"
ὦκα,76,lsj,"quickly, swiftly; immediately",-1,(outlier),9,"desire, noble, strength, easy",20,"noble, strength, swift, little",36,"swift, little, haste, eager",70,"swift, haste, eager, quick"
οὐκέτι,75,lsj,"no more, no longer, no further; not now",67,"forthwith, soon, longer, second",7,"come, return, near, arrive",16,"come, return, hither, arrive",27,"return, time, fifth, backwards",53,"time, fifth, forthwith, fourth"
λίσσομαι,74,lsj,"beg, pray; pray; prays; that",71,"pray, vow, boast, votive offering",11,"ask, inquire, pray, care",22,"ask, pray, inquire, care",45,"pray, oath, herald, command",88,"pray, oath, herald, command"
οἴκαδε,74,lsj,"to oneʼs house, home; country, homewards; to peopleʼs houses; at home",40,"home, house, inside, domestic",7,"come, return, near, arrive",16,"come, return, hither, arrive",29,"come, arrive, home, house",55,"home, house, inside, come forth"
δεῦρο,74,lsj,hither; to [have come hither and] be here; here; sensible objects,59,"hither, wherefore, place, way",7,"come, return, near, arrive",16,"come, return, hither, arrive",28,"hither, wherefore, way, just",54,"hither, wherefore, way, just"
πειράω,74,lsj,"attempt, endeavour, try; make trial of; make an attempt on; make an attempt",-1,(outlier),11,"ask, inquire, pray, care",22,"ask, pray, inquire, care",46,"rejoice, care, heed, counsel",89,"care, rejoice, heed, attempt"
κλυτός,74,lsj,"renowned, glorious; glorious; by which one is called; noble, splendid",81,"glorious, noble, famous, renowned",9,"desire, noble, strength, easy",20,"noble, strength, swift, little",37,"noble, wrought, glorious, splendid",72,"noble, wrought, glorious, splendid"
Φαίαξ,74,lsj,Phaeacian; conduits; sewers,-1,(outlier),6,"wind, water, pour, sea",13,"pour, wash, oil, breathe",21,"wash, oil, salt, raw",43,"wash, oil, salt, raw"
χολόω,73,lsj,"anger, provoke; to anger; to be angered; provoked to anger",98,"anger, wrath, angry, rage",12,"shout, speak, rouse, speech",23,"rouse, stir, anger, fight",47,"fight, quarrel, anger, battle",93,"fight, battle, quarrel, anger"
καίω,73,lsj,"kindle; they lighted them; to be lighted, burn; which blaze",7,"bright, light, kindle, star",5,"day, funeral, black, cloud",12,"funeral, long, day, time",20,"funeral, dead, snow, kindle",41,"kindle, snow, cloud, fires"
Κρονίων,73,lsj,son of Cronos; Zeus,104,"olympus, phthia, cronos, ares",1,"son, chariot, lord, old",3,"divine, honour, zeus, wonder",3,"divine, honour, zeus, god",7,"divine, zeus, god, holy"
νῆσος,73,lsj,island; the islands; land flooded; alluvial land,-1,(outlier),6,"wind, water, pour, sea",14,"wind, sea, stream, water",24,"sea, stream, wine, water",48,"stream, wine, water, drink"
χρυσός,73,lsj,gold; golden; anything dear; precious,21,"golden, robe, flowers, soft",4,"spear, bronze, eat, silver",9,"spear, bronze, breast, arrow",14,"bronze, silver, hollow, gold",31,"bronze, silver, gold, copper"
ὗς,73,lsj,the wild swine; boar; sow; sus foeta,135,"herd, serpent, boar, wolf",4,"spear, bronze, eat, silver",10,"eat, tree, heracles, meal",15,"heracles, bird, fish, fly",34,"heracles, bird, fish, fly"
ἀγλαός,72,lsj,"splendid, shining, bright; splendid, beautiful; noble, glorious; beautiful",-1,(outlier),9,"desire, noble, strength, easy",20,"noble, strength, swift, little",37,"noble, wrought, glorious, splendid",72,"noble, wrought, glorious, splendid"
Τροία,72,lsj,Troy; ‘Troy-town’; the Troad; from Troy,143,"troy, athens, trojan, greece",1,"son, chariot, lord, old",1,"troy, athens, trojan, phthia",1,"troy, trojan, athens, thebes",1,"troy, trojan, athens, thebes"
ἀμφίπολος,72,lsj,"busied about, busy; handmaid, waiting-woman; handmaid of gods, priestess; attendant, follower",-1,(outlier),1,"son, chariot, lord, old",4,"chariot, lord, guest, master",4,"guest, slave, serve, banquet",10,"slave, mistress, care, queen"
εἰσοράω,72,lsj,"look into, look upon, behold; to discern; to behold; seest)",22,"look, gaze, behold, observe",11,"ask, inquire, pray, care",22,"ask, pray, inquire, care",43,"know, appear, perceive, look",83,"look, gaze, eye, behold"
ἀγορά,71,lsj,assembly; of the People; Amphictyonic Council; conventus agere,36,"address, speak, accost, assembly",3,"meet, bind, round, stretch",8,"meet, bind, ready, gather",10,"meet, gather, pick, assembly",25,"meet, gather, assembly, face"
θεῖος,71,lsj,"from the gods, divine; divine; appointed of God; given by God",100,"divine, mortal, god, zeus",1,"son, chariot, lord, old",3,"divine, honour, zeus, wonder",3,"divine, honour, zeus, god",7,"divine, zeus, god, holy"
νήπιος,71,lsj,"infant, child; a child; infancy; infant",125,"son, child, infant, father",1,"son, chariot, lord, old",2,"old, mother, son, wife",2,"old, son, mother, wife",5,"son, child, mother, father"
θύρα,71,lsj,door; double; folding doors; valve,-1,(outlier),2,"chamber, sleep, sit, bed",6,"chamber, house, ground, inner",7,"chamber, house, ground, mountain",18,"house, chamber, wall, court"
ἀραρίσκω,70,lsj,"join, fit together; join together, fasten; knitted; pack up",56,"gather, assemble, collect, lists",3,"meet, bind, round, stretch",8,"meet, bind, ready, gather",9,"bind, ready, fast, make",23,"ready, bind, fast, make"
χιτών,70,lsj,"garment worn next the skin, tunic; a manʼs tunic; coat of mail; coats",114,"garment, cloth, skin, cloak",4,"spear, bronze, eat, silver",9,"spear, bronze, breast, arrow",13,"helmet, hair, head, cloth",29,"cloth, garment, skin, cloak"
σχεδόν,70,lsj,"near, hard by; at close quarters; similar to; near",44,"near, nigh, hand, hard",7,"come, return, near, arrive",15,"near, nigh, far, hand",26,"near, far, nigh, hand",51,"near, nigh, hand, close"
πόσις,70,lsj,"husband, spouse; lawful husband; potis; pátis",110,"wife, marry, marriage, wedded",1,"son, chariot, lord, old",1,"troy, athens, trojan, phthia",1,"troy, trojan, athens, thebes",3,"phthia, lesbos, hang, club"
φαίδιμος,70,lsj,"shining, radiant, glistening; sleek, glossy; famous, glorious",7,"bright, light, kindle, star",5,"day, funeral, black, cloud",11,"black, dark, bright, shine",18,"black, dark, bright, shine",37,"black, dark, bright, light"
συβώτης,70,lsj,swineherd,135,"herd, serpent, boar, wolf",4,"spear, bronze, eat, silver",9,"spear, bronze, breast, arrow",14,"bronze, silver, hollow, gold",33,"lycia, stone, grind, goblet"
κρείων,69,lsj,"ruler, lord, master; queen",101,"lord, queen, master, ruler",1,"son, chariot, lord, old",4,"chariot, lord, guest, master",5,"chariot, lord, shield, master",12,"lord, king, master, leader"
τρέφω,69,lsj,"thicken; congeal; curdle; curdle, congeal",72,"sharp, keen, smooth, rugged",9,"desire, noble, strength, easy",20,"noble, strength, swift, little",36,"swift, little, haste, eager",71,"little, softly, firm, small"
πυνθάνομαι,69,lsj,learn; by hearsay; by inquiry; from,-1,(outlier),12,"shout, speak, rouse, speech",25,"speak, speech, voice, address",50,"speak, speech, voice, address",100,"speech, voice, speak, clear"
ἵζω,69,lsj,"si-sd-ō; e-sed-s; make to sit, seat, place, set; set",127,"sit, seat, chair, place",2,"chamber, sleep, sit, bed",5,"sleep, sit, seat, bed",6,"sleep, sit, seat, bed",14,"sit, seat, chair, throne"
θεράπων,69,agwn,"periodic maintenance on a car or machine: ""it was time for an overhaul on the tractor""",66,"time, long, partly, old",3,"meet, bind, round, stretch",8,"meet, bind, ready, gather",9,"bind, ready, fast, make",23,"ready, bind, fast, make"
μῆλον,69,lsj,"sheep; goat; rams, wethers; goats",135,"herd, serpent, boar, wolf",4,"spear, bronze, eat, silver",10,"eat, tree, heracles, meal",15,"heracles, bird, fish, fly",34,"heracles, bird, fish, fly"
ἀλκή,69,lsj,"strength; prowess, courage; force, might; feats of strength, bold deeds",89,"strength, force, better, mighty",9,"desire, noble, strength, easy",20,"noble, strength, swift, little",38,"strength, force, high, courage",74,"high, courage, better, stout"
σῖτος,69,lsj,grain; the corn; its; corn,108,"barley, corn, grain, groats",4,"spear, bronze, eat, silver",10,"eat, tree, heracles, meal",17,"tree, barley, garden, wood",36,"tree, wood, barley, garden"
πόρω,68,agwn,"break a piece from a whole: ""break a branch from a tree""",-1,(outlier),4,"spear, bronze, eat, silver",10,"eat, tree, heracles, meal",17,"tree, barley, garden, wood",36,"tree, wood, barley, garden"
ποιμήν,68,lsj,"herdsman; shepherd; captain, chief; master, lord",101,"lord, queen, master, ruler",1,"son, chariot, lord, old",4,"chariot, lord, guest, master",4,"guest, slave, serve, banquet",10,"slave, mistress, care, queen"
πότνια,68,lsj,"mistress, queen; queen; revered, august",101,"lord, queen, master, ruler",1,"son, chariot, lord, old",4,"chariot, lord, guest, master",4,"guest, slave, serve, banquet",10,"slave, mistress, care, queen"
Πηλεύς,68,lsj,Peleus; son of Peleus; to Peleus’ son,-1,(outlier),1,"son, chariot, lord, old",1,"troy, athens, trojan, phthia",1,"troy, trojan, athens, thebes",1,"troy, trojan, athens, thebes"
ἅρμα,68,lsj,chariot; war-chariot; racing-chariot; travelling-chariot,15,"chariot, car, driver, horse",1,"son, chariot, lord, old",4,"chariot, lord, guest, master",5,"chariot, lord, shield, master",11,"chariot, car, driver, travelling"
καταλέγω,68,lsj,lay down,92,"sleep, lie, lay, bed",2,"chamber, sleep, sit, bed",5,"sleep, sit, seat, bed",6,"sleep, sit, seat, bed",15,"sleep, bed, lie, lay"
ἀείρω,67,lsj,"attach; lift, raise up; brailing them up; hoist",103,"raise, lean, inclining, make stand",3,"meet, bind, round, stretch",7,"round, stretch, straight, turn",8,"round, straight, stretch, turn",22,"draw, raise, drag, stand"
νόστος,67,lsj,"return home; chance of returning to; return; travel, journey",43,"return, backwards, rear, home",7,"come, return, near, arrive",16,"come, return, hither, arrive",27,"return, time, fifth, backwards",52,"return, backwards, anew, come home"
βοή,67,lsj,"loud cry, shout; battle-cry; of war; cry",65,"shout, battle, war, aloud",12,"shout, speak, rouse, speech",24,"shout, lament, wail, loud",49,"shout, lament, wail, loud",98,"shout, lament, wail, shriek"
χάλκεος,67,lsj,"of copper; bronze, brazen; bronze; for a shield of brass",0,"bronze, silver, copper, metal",4,"spear, bronze, eat, silver",9,"spear, bronze, breast, arrow",14,"bronze, silver, hollow, gold",31,"bronze, silver, gold, copper"
θάλαμος,67,lsj,"an inner room; chamber, surrounded by other buildings; womenʼs apartment, inner part of the house; a special chamber in this part of the house",137,"house, chamber, inner, room",2,"chamber, sleep, sit, bed",6,"chamber, house, ground, inner",7,"chamber, house, ground, mountain",18,"house, chamber, wall, court"
ἀνάσσω,66,lsj,"to be lord, master; to be lord, hold sway in; to be lord of; to be master of",101,"lord, queen, master, ruler",1,"son, chariot, lord, old",4,"chariot, lord, guest, master",5,"chariot, lord, shield, master",12,"lord, king, master, leader"
ἀπόλλυμι,66,lsj,"destroy utterly, kill; demolish, lay waste; will waste; sought to destroy",80,"destroy, waste, bane, sack",10,"wound, destroy, slay, kill",21,"wound, destroy, slay, cut",39,"slay, kill, destroy, waste",75,"waste, destroy, sack, perish"
θείνω,66,lsj,strike; dashed; slay; slain,74,"slay, slaughter, kill, sacrifice",10,"wound, destroy, slay, kill",21,"wound, destroy, slay, cut",42,"wound, cut, tears, toil",80,"wound, cut, strip, blood"
κονία,66,lsj,"dust; sand; ashes; pearl-ash, lye, soap-powder",25,"wash, oil, dry, salt",6,"wind, water, pour, sea",13,"pour, wash, oil, breathe",21,"wash, oil, salt, raw",43,"wash, oil, salt, raw"
ἕτερος,66,lsj,one; the other of two; left; one of the,55,"fifth, half, fourth, thrice",7,"come, return, near, arrive",16,"come, return, hither, arrive",27,"return, time, fifth, backwards",53,"time, fifth, forthwith, fourth"
μεγαλήτωρ,66,lsj,greathearted,-1,(outlier),9,"desire, noble, strength, easy",19,"desire, wish, love, want",34,"love, heart, sweet, warm",67,"sweet, warm, glad, delight"
οὕνεκα,65,lsj,"on account of which, wherefore; because; that; the fact that",59,"hither, wherefore, place, way",7,"come, return, near, arrive",16,"come, return, hither, arrive",28,"hither, wherefore, way, just",54,"hither, wherefore, way, just"
μετεῖπον,65,lsj,"speak among, address",36,"address, speak, accost, assembly",12,"shout, speak, rouse, speech",25,"speak, speech, voice, address",50,"speak, speech, voice, address",99,"address, speak, accost, surname"
ἕλκω,65,lsj,"sulcus; velkù; draw, drag; began to drag",-1,(outlier),3,"meet, bind, round, stretch",7,"round, stretch, straight, turn",8,"round, straight, stretch, turn",22,"draw, raise, drag, stand"
ξίφος,65,lsj,sword; power of life and death; jus gladii; sword-shaped bone,140,"spear, axe, sword, wand",4,"spear, bronze, eat, silver",9,"spear, bronze, breast, arrow",12,"spear, arrow, sword, girdle",28,"spear, sword, girdle, belt"
ἀνέχω,65,lsj,"hold up, lift up; held up; in fight; hold up",-1,(outlier),12,"shout, speak, rouse, speech",23,"rouse, stir, anger, fight",47,"fight, quarrel, anger, battle",93,"fight, battle, quarrel, anger"
μᾶλλον,65,agwn,"comparative of much; to a greater degree or extent: ""he works more now""; ""they eat more than they should""",57,"just, exceedingly, altogether, greater",9,"desire, noble, strength, easy",20,"noble, strength, swift, little",35,"like, resembling, mighty, sort",69,"great, mighty, sort, exceedingly"
νεκρός,65,lsj,corpse; dying person; the dead; dead,3,"funeral, dead, rites, burial",5,"day, funeral, black, cloud",12,"funeral, long, day, time",20,"funeral, dead, snow, kindle",40,"funeral, dead, mortal, alive"
τόφρα,64,lsj,"up to; during that time, so long; in (the course of) that time, so long; meanwhile",66,"time, long, partly, old",5,"day, funeral, black, cloud",12,"funeral, long, day, time",19,"long, day, time, morning",38,"long, years, time, late"
κλέος,64,lsj,"rumour, report; news; the report; the news",41,"voice, sound, speech, hear",12,"shout, speak, rouse, speech",25,"speak, speech, voice, address",50,"speak, speech, voice, address",100,"speech, voice, speak, clear"
ἔδω,64,lsj,"eat; eat up, devour",63,"eat, devour, food, meal",4,"spear, bronze, eat, silver",10,"eat, tree, heracles, meal",16,"eat, meal, food, devour",35,"eat, food, meal, devour"
στρατός,63,lsj,"army, host; the commons, people; band; body",-1,(outlier),12,"shout, speak, rouse, speech",23,"rouse, stir, anger, fight",48,"rouse, stir, dance, song",94,"song, dance, choir, music"
προίημι,63,lsj (relaxed match),"send forth, send forward; send; forward; will allow",91,"throw, send, fall, forth",8,"flee, pass, away, drive",17,"pass, lead, come, throw",30,"pass, lead, come, throw",59,"throw, send, forth, forward"
τρέπω,63,lsj,Studien zum griech. Perf; turn; direct; show,1,"memnonion, du, des, grecs",1,"son, chariot, lord, old",1,"troy, athens, trojan, phthia",1,"troy, trojan, athens, thebes",3,"phthia, lesbos, hang, club"
μέλω,63,lsj,"to be an object of care; thought; care for, take an interest in; am I in",6,"care, heed, bestowed, busy oneself",11,"ask, inquire, pray, care",22,"ask, pray, inquire, care",46,"rejoice, care, heed, counsel",89,"care, rejoice, heed, attempt"
κατακτείνω,63,lsj,"kill, slay",74,"slay, slaughter, kill, sacrifice",10,"wound, destroy, slay, kill",21,"wound, destroy, slay, cut",39,"slay, kill, destroy, waste",76,"slay, slaughter, kill, sacrifice"
πύλη,63,lsj,one wing of a pair of double gates; gates of a town; gates; the gates,-1,(outlier),2,"chamber, sleep, sit, bed",6,"chamber, house, ground, inner",7,"chamber, house, ground, mountain",18,"house, chamber, wall, court"
ἕννυμι,63,lsj,ves; vestis; váste; put clothes on,-1,(outlier),4,"spear, bronze, eat, silver",9,"spear, bronze, breast, arrow",13,"helmet, hair, head, cloth",29,"cloth, garment, skin, cloak"
ἔλπω,63,lsj,cause to hope; feeds; with hope; cause to expect,16,"counsel, craft, wise, plan",11,"ask, inquire, pray, care",22,"ask, pray, inquire, care",46,"rejoice, care, heed, counsel",89,"care, rejoice, heed, attempt"
ἀγείρω,62,lsj,"gather together; gather, assemble; herded; collect, gather",56,"gather, assemble, collect, lists",3,"meet, bind, round, stretch",8,"meet, bind, ready, gather",10,"meet, gather, pick, assembly",25,"meet, gather, assembly, face"
ὄπισθεν,62,lsj,"behind, at the back; back; those who are left behind; those who are in the rear",43,"return, backwards, rear, home",7,"come, return, near, arrive",15,"near, nigh, far, hand",25,"beneath, lowest, hindmost, atop",49,"beneath, lowest, high, aloft"
κιχάνω,61,lsj,"reach, hit; light upon, meet with; reach, overtake; shall reach",123,"arrive, reach, come, attain",8,"flee, pass, away, drive",17,"pass, lead, come, throw",30,"pass, lead, come, throw",57,"drive, pass, rush, path"
ἄμφω,61,lsj,both,-1,(outlier),4,"spear, bronze, eat, silver",9,"spear, bronze, breast, arrow",14,"bronze, silver, hollow, gold",33,"lycia, stone, grind, goblet"
ἀντίθεος,61,lsj,"equal to the gods, godlike; contrary to God; hostile deity; disguised as a god",100,"divine, mortal, god, zeus",1,"son, chariot, lord, old",3,"divine, honour, zeus, wonder",3,"divine, honour, zeus, god",7,"divine, zeus, god, holy"
ἀίσσω,61,lsj (relaxed match),"shoot, dart, glance; darting upon; rapid flight; gliding about",118,"fly, winged, dart, riot",12,"shout, speak, rouse, speech",23,"rouse, stir, anger, fight",48,"rouse, stir, dance, song",95,"spring, dart, rush, leap"
λυγρός,61,lsj,"baneful, mournful; bane, misery; ruin; in banes",80,"destroy, waste, bane, sack",10,"wound, destroy, slay, kill",21,"wound, destroy, slay, cut",41,"destiny, dishonour, wretched, hateful",79,"destiny, wretched, hateful, wrath"
ὄχος,61,lsj,carriage; chariot; bearers; anything which holds,15,"chariot, car, driver, horse",1,"son, chariot, lord, old",4,"chariot, lord, guest, master",5,"chariot, lord, shield, master",11,"chariot, car, driver, travelling"
κτῆμα,61,lsj,"anything gotten, piece of property, possession; possessions; heirlooms; property",32,"prize, contest, gain, win",1,"son, chariot, lord, old",3,"divine, honour, zeus, wonder",3,"divine, honour, zeus, god",8,"honour, wonder, reverence, gift"
ἄγχι,61,lsj,near; like,-1,(outlier),7,"come, return, near, arrive",15,"near, nigh, far, hand",26,"near, far, nigh, hand",51,"near, nigh, hand, close"
μυθέομαι,60,lsj,speak; converse; say that; order,36,"address, speak, accost, assembly",12,"shout, speak, rouse, speech",25,"speak, speech, voice, address",50,"speak, speech, voice, address",100,"speech, voice, speak, clear"
ἄχος,60,lsj,"pain, distress",79,"grieving, distressed, wretched, pity",10,"wound, destroy, slay, kill",21,"wound, destroy, slay, cut",42,"wound, cut, tears, toil",81,"toil, tears, pain, distressed"
δαίμων,60,lsj,"god, goddess; the Divine power; the Deity; chance",100,"divine, mortal, god, zeus",1,"son, chariot, lord, old",3,"divine, honour, zeus, wonder",3,"divine, honour, zeus, god",7,"divine, zeus, god, holy"
λευκός,60,lsj,"light, bright, clear; glassy; clear, limpid; clear, distinct",7,"bright, light, kindle, star",5,"day, funeral, black, cloud",11,"black, dark, bright, shine",18,"black, dark, bright, shine",37,"black, dark, bright, light"
Ἥφαιστος,60,lsj,Hephaestus; Volcanus; Plah; nine,-1,(outlier),1,"son, chariot, lord, old",1,"troy, athens, trojan, phthia",1,"troy, trojan, athens, thebes",2,"tenth, eleventh, number, seven"
ἀργαλέος,60,lsj,"painful, troublous; difficult; troublesome, vexatious; hard",79,"grieving, distressed, wretched, pity",10,"wound, destroy, slay, kill",21,"wound, destroy, slay, cut",42,"wound, cut, tears, toil",81,"toil, tears, pain, distressed"
εὕδω,60,lsj,"sleep; slumbering; sleep of death; rest, be still",92,"sleep, lie, lay, bed",2,"chamber, sleep, sit, bed",5,"sleep, sit, seat, bed",6,"sleep, sit, seat, bed",15,"sleep, bed, lie, lay"
πέτρα,60,lsj,"rock; cliffs, ledges; rocks; rocky peak",-1,(outlier),2,"chamber, sleep, sit, bed",6,"chamber, house, ground, inner",7,"chamber, house, ground, mountain",17,"peak, mountain, hill, headland"
ζωός,60,lsj,"alive, living",3,"funeral, dead, rites, burial",5,"day, funeral, black, cloud",12,"funeral, long, day, time",20,"funeral, dead, snow, kindle",40,"funeral, dead, mortal, alive"
πολεμίζω,59,lsj,"wage war, fight; with; jointly with; war",27,"battle, quarrel, fight, strife",12,"shout, speak, rouse, speech",23,"rouse, stir, anger, fight",47,"fight, quarrel, anger, battle",93,"fight, battle, quarrel, anger"
ἐρύκω,59,lsj,"keep in, curb, restrain; keep; back; kept",85,"stay, remain, restrain, stop",8,"flee, pass, away, drive",18,"flee, fear, away, hold",31,"hold, leave, stay, retire",61,"hold, seize, stay, remain"
ἐπέρχομαι,58,lsj,come upon; approach; come suddenly upon; come to for advice,122,"come, ibo, pass, approach",8,"flee, pass, away, drive",17,"pass, lead, come, throw",30,"pass, lead, come, throw",57,"drive, pass, rush, path"
δαίφρων,58,lsj (relaxed match),"warlike, fiery; wise, prudent; craftsman; dasrás",-1,(outlier),9,"desire, noble, strength, easy",20,"noble, strength, swift, little",37,"noble, wrought, glorious, splendid",72,"noble, wrought, glorious, splendid"
χλαῖνα,58,lsj,"upper-garment, cloak, wrapper; blanket; covering; like a cloak",114,"garment, cloth, skin, cloak",4,"spear, bronze, eat, silver",9,"spear, bronze, breast, arrow",13,"helmet, hair, head, cloth",29,"cloth, garment, skin, cloak"
ὑψηλός,58,lsj,"high, lofty; highland; high, lofty, stately, proud; high",5,"high, lofty, height, feet",9,"desire, noble, strength, easy",20,"noble, strength, swift, little",38,"strength, force, high, courage",74,"high, courage, better, stout"
ἐπιβαίνω,58,lsj,"go upon; set foot on, tread, walk upon; set foot on; placed upon",-1,(outlier),8,"flee, pass, away, drive",17,"pass, lead, come, throw",30,"pass, lead, come, throw",57,"drive, pass, rush, path"
κοῖλος,57,lsj,hollow; hold; vena cava; plate,139,"breast, hollow, lap, guts",4,"spear, bronze, eat, silver",9,"spear, bronze, breast, arrow",14,"bronze, silver, hollow, gold",32,"hollow, shape, form, hewn"
χόλος,57,lsj,"gall, bile; gall, bitter anger, wrath; rage; anger towards",98,"anger, wrath, angry, rage",12,"shout, speak, rouse, speech",23,"rouse, stir, anger, fight",47,"fight, quarrel, anger, battle",93,"fight, battle, quarrel, anger"
σώζω,57,lsj (relaxed match),"save, keep; save from death, keep alive; spare; to be saved, kept alive, preserved",85,"stay, remain, restrain, stop",5,"day, funeral, black, cloud",12,"funeral, long, day, time",20,"funeral, dead, snow, kindle",40,"funeral, dead, mortal, alive"
ἀεικής,57,lsj,"unseemly, shameful; inconvenience; meagre; strange",-1,(outlier),10,"wound, destroy, slay, kill",21,"wound, destroy, slay, cut",41,"destiny, dishonour, wretched, hateful",79,"destiny, wretched, hateful, wrath"
πάλιν,57,lsj,"back, backwards; back, restore; back; back from",43,"return, backwards, rear, home",7,"come, return, near, arrive",16,"come, return, hither, arrive",27,"return, time, fifth, backwards",52,"return, backwards, anew, come home"
αὔτως,57,lsj,"in this very manner, even so; just as I am; in the self-same way, likewise; just so",57,"just, exceedingly, altogether, greater",7,"come, return, near, arrive",16,"come, return, hither, arrive",28,"hither, wherefore, way, just",54,"hither, wherefore, way, just"
τέκος,57,lsj,the young,-1,(outlier),1,"son, chariot, lord, old",2,"old, mother, son, wife",2,"old, son, mother, wife",6,"old, age, youth, elders"
δέω,57,lsj,"bind, tie, fetter; to bind; tie; bind, keep in bonds",48,"bind, fast, tie, fix",3,"meet, bind, round, stretch",8,"meet, bind, ready, gather",9,"bind, ready, fast, make",23,"ready, bind, fast, make"
δαίνυμι,57,lsj,give a banquet; feast; to give; thou shalt be,34,"guest, banquet, meal, feast",1,"son, chariot, lord, old",4,"chariot, lord, guest, master",4,"guest, slave, serve, banquet",9,"guest, banquet, dinner, meal"
αὖθι,57,lsj,"on the spot, here, there; there, as he is; forthwith, straightway",-1,(outlier),7,"come, return, near, arrive",16,"come, return, hither, arrive",28,"hither, wherefore, way, just",54,"hither, wherefore, way, just"
Μηριόνης,57,lsj,pudenda muliebria,-1,(outlier),4,"spear, bronze, eat, silver",9,"spear, bronze, breast, arrow",14,"bronze, silver, hollow, gold",33,"lycia, stone, grind, goblet"
δμωή,57,lsj (relaxed match),"female slave taken in war; female slave, serving-woman",-1,(outlier),1,"son, chariot, lord, old",4,"chariot, lord, guest, master",4,"guest, slave, serve, banquet",10,"slave, mistress, care, queen"
καρδία,56,lsj,heart; feelings?; freely; kindly,78,"heart, affection, gentle, love",9,"desire, noble, strength, easy",19,"desire, wish, love, want",34,"love, heart, sweet, warm",66,"heart, love, affection, desire"
μάρναμαι,56,lsj,"fight, do battle; with, against; together with; on his side",27,"battle, quarrel, fight, strife",12,"shout, speak, rouse, speech",23,"rouse, stir, anger, fight",47,"fight, quarrel, anger, battle",93,"fight, battle, quarrel, anger"
πόνος,56,lsj,"work; hard work, toil; the toil of war; toil",31,"toil, work, suffer, labour",10,"wound, destroy, slay, kill",21,"wound, destroy, slay, cut",42,"wound, cut, tears, toil",81,"toil, tears, pain, distressed"
δέπας,56,lsj,"beaker, goblet; bowl",-1,(outlier),4,"spear, bronze, eat, silver",9,"spear, bronze, breast, arrow",14,"bronze, silver, hollow, gold",33,"lycia, stone, grind, goblet"
τίω,56,lsj,"Erster Bericht; honour, revere; honour; honoured",26,"honour, wonder, reverence, glory",1,"son, chariot, lord, old",3,"divine, honour, zeus, wonder",3,"divine, honour, zeus, god",8,"honour, wonder, reverence, gift"
φιλότης,56,lsj,"friendship, love, affection; in, with, from friendship; affection; in affection",78,"heart, affection, gentle, love",9,"desire, noble, strength, easy",19,"desire, wish, love, want",34,"love, heart, sweet, warm",66,"heart, love, affection, desire"
ὀδύρομαι,56,lsj,"lament, bewail; mourned for; mourn for, for the sake of; wail",52,"bewail, groaning, lament, sigh",12,"shout, speak, rouse, speech",24,"shout, lament, wail, loud",49,"shout, lament, wail, loud",98,"shout, lament, wail, shriek"
λέων,56,lsj,lion; lionʼs skin; crab; serpent,135,"herd, serpent, boar, wolf",4,"spear, bronze, eat, silver",10,"eat, tree, heracles, meal",15,"heracles, bird, fish, fly",34,"heracles, bird, fish, fly"
περίφρων,56,lsj,"very thoughtful, very careful; artful, crafty; haughty, overweening; despising",-1,(outlier),9,"desire, noble, strength, easy",20,"noble, strength, swift, little",37,"noble, wrought, glorious, splendid",72,"noble, wrought, glorious, splendid"
ἐπιτέλλω,55,lsj,"enjoin, prescribe, command; spake; command; enjoined, prescribed",-1,(outlier),11,"ask, inquire, pray, care",22,"ask, pray, inquire, care",45,"pray, oath, herald, command",88,"pray, oath, herald, command"
ὄις,55,lsj (relaxed match),sheep; ram; ewe; avis,135,"herd, serpent, boar, wolf",4,"spear, bronze, eat, silver",10,"eat, tree, heracles, meal",15,"heracles, bird, fish, fly",34,"heracles, bird, fish, fly"
ἔρις,54,lsj,"strife, quarrel, contention; battle-strife; quarrel, strife; discord",27,"battle, quarrel, fight, strife",12,"shout, speak, rouse, speech",23,"rouse, stir, anger, fight",47,"fight, quarrel, anger, battle",93,"fight, battle, quarrel, anger"
ὀιστός,54,lsj (relaxed match),"arrow; arrow-head, Sagitta sagittifolia; Sagitta",77,"arrow, bow, javelin, shoot",4,"spear, bronze, eat, silver",9,"spear, bronze, breast, arrow",12,"spear, arrow, sword, girdle",27,"arrow, bow, shoot, sagitta"
αἰγίοχος,54,lsj,veho; aegis-bearing,-1,(outlier),3,"meet, bind, round, stretch",7,"round, stretch, straight, turn",8,"round, straight, stretch, turn",20,"bend, curved, twisted, stretch"
χρή,54,lsj,"sum; it is necessary; it must needs, one must; ought",13,"desire, want, wish, need",9,"desire, noble, strength, easy",19,"desire, wish, love, want",33,"wish, need, want, desire",65,"wish, need, want, desire"
ὀπίσω,54,lsj,"backwards; hinder parts; back; back, back again",43,"return, backwards, rear, home",7,"come, return, near, arrive",16,"come, return, hither, arrive",27,"return, time, fifth, backwards",52,"return, backwards, anew, come home"
χαλεπός,54,lsj,"difficult; hard to bear, painful, grievous; severity; hardships",79,"grieving, distressed, wretched, pity",10,"wound, destroy, slay, kill",21,"wound, destroy, slay, cut",42,"wound, cut, tears, toil",81,"toil, tears, pain, distressed"
περικαλλής,54,lsj,very beautiful,112,"glad, welcome, lovely, beautiful",9,"desire, noble, strength, easy",19,"desire, wish, love, want",34,"love, heart, sweet, warm",67,"sweet, warm, glad, delight"
ἔνδον,54,lsj,within; in oneʼs heart; at home; of the house,40,"home, house, inside, domestic",7,"come, return, near, arrive",16,"come, return, hither, arrive",29,"come, arrive, home, house",55,"home, house, inside, come forth"
Παλλάς,53,lsj,Pallas; coin bearing the head of Pallas; maiden-priestess; five,-1,(outlier),1,"son, chariot, lord, old",3,"divine, honour, zeus, wonder",3,"divine, honour, zeus, god",8,"honour, wonder, reverence, gift"
σῆμα,53,lsj,"sign, mark, token; sign from heaven, omen, portent; sign to do; begin something",-1,(outlier),11,"ask, inquire, pray, care",22,"ask, pray, inquire, care",45,"pray, oath, herald, command",88,"pray, oath, herald, command"
αἰπύς,53,lsj,"high and steep; on high; hanging high; sheer, utter",5,"high, lofty, height, feet",9,"desire, noble, strength, easy",20,"noble, strength, swift, little",38,"strength, force, high, courage",74,"high, courage, better, stout"
ἔμπεδος,53,lsj,"in the ground, firm-set; steadfast; sure and certain; cleaving",14,"ready, make, order, prepare",9,"desire, noble, strength, easy",20,"noble, strength, swift, little",36,"swift, little, haste, eager",71,"little, softly, firm, small"
εἴσω,52,lsj,"to within, into; into the house; to the inside; inside, within",40,"home, house, inside, domestic",7,"come, return, near, arrive",16,"come, return, hither, arrive",29,"come, arrive, home, house",55,"home, house, inside, come forth"
τανύω,52,lsj,"stretch, strain; string; having strung his; pull",106,"stretch, bend, curved, tight",3,"meet, bind, round, stretch",7,"round, stretch, straight, turn",8,"round, straight, stretch, turn",20,"bend, curved, twisted, stretch"
γυῖον,52,lsj,limb; the feet; womb; hands,138,"shoulder, thigh, limb, ankle",4,"spear, bronze, eat, silver",9,"spear, bronze, breast, arrow",11,"breast, thigh, knee, arm",26,"breast, thigh, knee, arm"
ὀπάζω,52,lsj,"make to follow, send with; give as a companion; follower; bid",-1,(outlier),11,"ask, inquire, pray, care",22,"ask, pray, inquire, care",45,"pray, oath, herald, command",88,"pray, oath, herald, command"
ἀφικνέομαι,52,lsj,"arrive at, come to, reach; came up to; came to; come up to",123,"arrive, reach, come, attain",7,"come, return, near, arrive",16,"come, return, hither, arrive",29,"come, arrive, home, house",56,"come, arrive, reach, born"
πάρειμι,51,lsj,sum; to be by; present; near,-1,(outlier),11,"ask, inquire, pray, care",22,"ask, pray, inquire, care",43,"know, appear, perceive, look",84,"watch, count, sum, visit"
πόποι,51,agwn,"make angry: ""The news angered him""",98,"anger, wrath, angry, rage",12,"shout, speak, rouse, speech",23,"rouse, stir, anger, fight",47,"fight, quarrel, anger, battle",93,"fight, battle, quarrel, anger"
ὀνομάζω,51,lsj,"speak of by name, call; address by name; naming; name, specify",36,"address, speak, accost, assembly",12,"shout, speak, rouse, speech",25,"speak, speech, voice, address",50,"speak, speech, voice, address",99,"address, speak, accost, surname"
ἐγείρω,51,lsj,"awaken, rouse; rouse, stir up; stir; wake up",94,"stir, rouse, urge, excite",12,"shout, speak, rouse, speech",23,"rouse, stir, anger, fight",48,"rouse, stir, dance, song",96,"rouse, stir, shake, tremble"
πέτομαι,51,lsj,"fly; fell suddenly; dart, rush; fly!",118,"fly, winged, dart, riot",12,"shout, speak, rouse, speech",23,"rouse, stir, anger, fight",48,"rouse, stir, dance, song",95,"spring, dart, rush, leap"
τέμνω,51,lsj,"cut; cutting; cut, wound, maim; wound",12,"wound, blood, ulcer, scar",10,"wound, destroy, slay, kill",21,"wound, destroy, slay, cut",42,"wound, cut, tears, toil",80,"wound, cut, strip, blood"
σεύω,51,lsj,"put in quick motion, drive; hunt, chase; drive away; set on, let loose at",117,"leap, rush, run, chase",8,"flee, pass, away, drive",17,"pass, lead, come, throw",30,"pass, lead, come, throw",57,"drive, pass, rush, path"
νοστέω,51,lsj,"come home, return; return safe; return; come",43,"return, backwards, rear, home",7,"come, return, near, arrive",16,"come, return, hither, arrive",27,"return, time, fifth, backwards",52,"return, backwards, anew, come home"
γόος,51,lsj,"weeping, wailing; louder signs of grief; grief for; for",54,"tears, accompanied, sobs inarticulate, inarticulate sounds",10,"wound, destroy, slay, kill",21,"wound, destroy, slay, cut",42,"wound, cut, tears, toil",81,"toil, tears, pain, distressed"
ἐποτρύνω,51,lsj,"stir up, excite, urge on; to urge; stirs up; against",94,"stir, rouse, urge, excite",12,"shout, speak, rouse, speech",23,"rouse, stir, anger, fight",48,"rouse, stir, dance, song",96,"rouse, stir, shake, tremble"
αἴξ,50,lsj,goat; ibex; the star Capella; goose,134,"goose, wild, fawn, mule",4,"spear, bronze, eat, silver",10,"eat, tree, heracles, meal",15,"heracles, bird, fish, fly",34,"heracles, bird, fish, fly"
πῶς2,50,lsj (homographs merged),how?; how so; how; how? at what price?,-1,(outlier),7,"come, return, near, arrive",16,"come, return, hither, arrive",28,"hither, wherefore, way, just",54,"hither, wherefore, way, just"
εἴδομαι,50,lsj,"to be seen, appear; are visible, appear; was visible; appear",20,"appear, bring light, seen, forth",11,"ask, inquire, pray, care",22,"ask, pray, inquire, care",43,"know, appear, perceive, look",82,"know, appear, perceive, bring light"
μίμνω,50,lsj,"stay, stand fast; tarry; remain; remain, be left",85,"stay, remain, restrain, stop",8,"flee, pass, away, drive",18,"flee, fear, away, hold",31,"hold, leave, stay, retire",61,"hold, seize, stay, remain"
κατατίθημι,50,lsj,"place, put, lay down; set; down in; take down",92,"sleep, lie, lay, bed",2,"chamber, sleep, sit, bed",5,"sleep, sit, seat, bed",6,"sleep, sit, seat, bed",15,"sleep, bed, lie, lay"
πίων,49,lsj,"fat; rich; wealthy, abounding; plenteous",-1,(outlier),9,"desire, noble, strength, easy",20,"noble, strength, swift, little",37,"noble, wrought, glorious, splendid",72,"noble, wrought, glorious, splendid"
τίνω,49,lsj,pay a price; pay; acquit oneself of; render,30,"pay, price, debt, obligation",11,"ask, inquire, pray, care",22,"ask, pray, inquire, care",44,"ask, inquire, pay, prize",87,"pay, debt, receive, price"
ἀμείνων,49,lsj,"better; stouter, stronger, braver; the better sort; ʼtis better",89,"strength, force, better, mighty",9,"desire, noble, strength, easy",20,"noble, strength, swift, little",38,"strength, force, high, courage",74,"high, courage, better, stout"
ἀντίον,49,lsj,loom,-1,(outlier),3,"meet, bind, round, stretch",8,"meet, bind, ready, gather",9,"bind, ready, fast, make",23,"ready, bind, fast, make"
ῥέω,49,lsj,"flow, run, stream, gush; runs with; a full stream; derive its stream",38,"stream, water, river, spring",6,"wind, water, pour, sea",14,"wind, sea, stream, water",24,"sea, stream, wine, water",48,"stream, wine, water, drink"
γενεά,49,lsj,"race, family; by birth; blood; younger",121,"race, descent, father, family",1,"son, chariot, lord, old",2,"old, mother, son, wife",2,"old, son, mother, wife",5,"son, child, mother, father"
ἔρδω,49,lsj,to do; harm; let; practise,-1,(outlier),10,"wound, destroy, slay, kill",21,"wound, destroy, slay, cut",41,"destiny, dishonour, wretched, hateful",78,"dishonour, pity, disgrace, reproach"
κῆδος,49,lsj,"care about; matter; anxiety, grief; troubles",79,"grieving, distressed, wretched, pity",11,"ask, inquire, pray, care",22,"ask, pray, inquire, care",46,"rejoice, care, heed, counsel",89,"care, rejoice, heed, attempt"
ἄκρος,49,lsj,"at the farthest point; end; topmost, outermost; inmost",93,"set, beneath, lowest, high",7,"come, return, near, arrive",15,"near, nigh, far, hand",25,"beneath, lowest, hindmost, atop",49,"beneath, lowest, high, aloft"
ἱππόδαμος,49,lsj,tamer of horses; Hippodamia,134,"goose, wild, fawn, mule",4,"spear, bronze, eat, silver",10,"eat, tree, heracles, meal",15,"heracles, bird, fish, fly",34,"heracles, bird, fish, fly"
προπάροιθε,49,lsj,"before, in front of; before; feet; along",43,"return, backwards, rear, home",7,"come, return, near, arrive",15,"near, nigh, far, hand",25,"beneath, lowest, hindmost, atop",49,"beneath, lowest, high, aloft"
ῥήγνυμι,49,lsj,"break asunder, rend, shatter; rend; make grievous; break for oneself, get broken",47,"break, shiver, broken, shrink",10,"wound, destroy, slay, kill",21,"wound, destroy, slay, cut",42,"wound, cut, tears, toil",80,"wound, cut, strip, blood"
λέχος,48,lsj,"couch, bed; bedstead; bier; marriage-bed",136,"precinct, bed, grove, sacred",2,"chamber, sleep, sit, bed",5,"sleep, sit, seat, bed",6,"sleep, sit, seat, bed",15,"sleep, bed, lie, lay"
ὑσμίνη,48,lsj,"fight, battle, combat; of the fight; the fight; yúdh",27,"battle, quarrel, fight, strife",12,"shout, speak, rouse, speech",23,"rouse, stir, anger, fight",47,"fight, quarrel, anger, battle",93,"fight, battle, quarrel, anger"
ὀρίνω,48,lsj,"stir, raise; stir, move, excite; driving; wild",94,"stir, rouse, urge, excite",12,"shout, speak, rouse, speech",23,"rouse, stir, anger, fight",48,"rouse, stir, dance, song",95,"spring, dart, rush, leap"
ἐφέπω,48,lsj,"ply, wield; apply, direct towards; against; ply, belabour, lay on to",103,"raise, lean, inclining, make stand",3,"meet, bind, round, stretch",7,"round, stretch, straight, turn",8,"round, straight, stretch, turn",20,"bend, curved, twisted, stretch"
ἀγαυός,48,lsj,"illustrious, noble; noble; brilliant, glorious",81,"glorious, noble, famous, renowned",9,"desire, noble, strength, easy",20,"noble, strength, swift, little",37,"noble, wrought, glorious, splendid",72,"noble, wrought, glorious, splendid"
ἄλκιμος,48,lsj,"stout, brave; fortifying; giving succour",82,"stout, strong, sturdy, heavy",9,"desire, noble, strength, easy",20,"noble, strength, swift, little",38,"strength, force, high, courage",74,"high, courage, better, stout"
ἱστός,47,lsj,"anything set upright; mast; the mast; rod, pole",141,"strap, cord, thong, bar",4,"spear, bronze, eat, silver",9,"spear, bronze, breast, arrow",12,"spear, arrow, sword, girdle",28,"spear, sword, girdle, belt"
κάμνω,47,lsj,work; wrought; build; win by toil,-1,(outlier),10,"wound, destroy, slay, kill",21,"wound, destroy, slay, cut",42,"wound, cut, tears, toil",81,"toil, tears, pain, distressed"
τρίς,47,lsj,"thrice, three times; thrice; tris; ter",55,"fifth, half, fourth, thrice",7,"come, return, near, arrive",16,"come, return, hither, arrive",27,"return, time, fifth, backwards",53,"time, fifth, forthwith, fourth"
ἔρομαι,47,lsj,"ask, inquire; learn by inquiry; ask after; for",9,"ask, inquire, beggar, question",11,"ask, inquire, pray, care",22,"ask, pray, inquire, care",44,"ask, inquire, pay, prize",86,"ask, inquire, beg, inquiry"
θρόνος,47,lsj,"seat, chair; throne, chair of state; kingʼs estate; dignity",127,"sit, seat, chair, place",2,"chamber, sleep, sit, bed",5,"sleep, sit, seat, bed",6,"sleep, sit, seat, bed",14,"sit, seat, chair, throne"
αὔω2,47,lsj (homograph 2),"cry out, shout, call aloud; utter; call upon; ring",65,"shout, battle, war, aloud",12,"shout, speak, rouse, speech",24,"shout, lament, wail, loud",49,"shout, lament, wail, loud",98,"shout, lament, wail, shriek"
ὕλη,47,lsj,"forest, woodland; forest; forest-trees; copse, brushwood, undergrowth",109,"tree, wood, garden, fir",4,"spear, bronze, eat, silver",10,"eat, tree, heracles, meal",17,"tree, barley, garden, wood",36,"tree, wood, barley, garden"
κασίγνητος,47,lsj,brother; born from the same mother; sister; sisters,124,"brother, sister, law, cousin",1,"son, chariot, lord, old",2,"old, mother, son, wife",2,"old, son, mother, wife",4,"wife, sister, brother, marry"
οὐτάω,47,lsj,"wound, hurt, hit; wound by striking; thrusting; pierced",12,"wound, blood, ulcer, scar",10,"wound, destroy, slay, kill",21,"wound, destroy, slay, cut",42,"wound, cut, tears, toil",80,"wound, cut, strip, blood"
ἀπάνευθε,46,lsj,"afar off, far away; far from, aloof from; without; knowledge",45,"far, away, apart, aloof",7,"come, return, near, arrive",15,"near, nigh, far, hand",26,"near, far, nigh, hand",50,"far, away, distance, distant"
χώομαι,46,lsj,to be angry; to be angry at; about; because of,98,"anger, wrath, angry, rage",12,"shout, speak, rouse, speech",23,"rouse, stir, anger, fight",47,"fight, quarrel, anger, battle",93,"fight, battle, quarrel, anger"
ἡγέομαι,46,lsj,"go before, lead the way; precede; to go before; might guide",-1,(outlier),8,"flee, pass, away, drive",17,"pass, lead, come, throw",30,"pass, lead, come, throw",57,"drive, pass, rush, path"
νόσφι,46,lsj,"aloof, apart, aside; aside; aloof from; besides, except",45,"far, away, apart, aloof",11,"ask, inquire, pray, care",22,"ask, pray, inquire, care",46,"rejoice, care, heed, counsel",89,"care, rejoice, heed, attempt"
πλήσσω,46,lsj,"struck with terror; amazement; strike, smite; strike",-1,(outlier),10,"wound, destroy, slay, kill",21,"wound, destroy, slay, cut",42,"wound, cut, tears, toil",80,"wound, cut, strip, blood"
φόνος,46,lsj,"murder, slaughter; killing; murder; slaughter",74,"slay, slaughter, kill, sacrifice",10,"wound, destroy, slay, kill",21,"wound, destroy, slay, cut",39,"slay, kill, destroy, waste",76,"slay, slaughter, kill, sacrifice"
αἰδοῖος,46,lsj,"having a claim to regard, reverence; compassion; bashful, shamefaced; showing reverence",26,"honour, wonder, reverence, glory",1,"son, chariot, lord, old",3,"divine, honour, zeus, wonder",3,"divine, honour, zeus, god",8,"honour, wonder, reverence, gift"
πῆμα,46,lsj,"misery, calamity; pains; labours; bane, calamity",80,"destroy, waste, bane, sack",10,"wound, destroy, slay, kill",21,"wound, destroy, slay, cut",41,"destiny, dishonour, wretched, hateful",79,"destiny, wretched, hateful, wrath"
κόρυς,46,lsj,helmet; scalp,119,"helmet, head, peak, brim",4,"spear, bronze, eat, silver",9,"spear, bronze, breast, arrow",13,"helmet, hair, head, cloth",30,"hair, helmet, head, face"
ὀστέον,46,lsj,d)Fr; bone; the bleached bones of the dead; of bones,138,"shoulder, thigh, limb, ankle",6,"wind, water, pour, sea",13,"pour, wash, oil, breathe",21,"wash, oil, salt, raw",43,"wash, oil, salt, raw"
οὐδός,46,lsj,"threshold; threshold of a house; threshold, entrance; lintel",-1,(outlier),2,"chamber, sleep, sit, bed",6,"chamber, house, ground, inner",7,"chamber, house, ground, mountain",18,"house, chamber, wall, court"
Κίρκη,46,lsj,Circe,142,"thracian, scylla seal, monachus calchas, calypso icarian",1,"son, chariot, lord, old",1,"troy, athens, trojan, phthia",1,"troy, trojan, athens, thebes",3,"phthia, lesbos, hang, club"
φορέω,45,lsj,"repeated; habitual; bear to and fro, bear along; conveyed",-1,(outlier),8,"flee, pass, away, drive",18,"flee, fear, away, hold",31,"hold, leave, stay, retire",61,"hold, seize, stay, remain"
καρπάλιμος,45,lsj,"swift; swiftly; eager, ravenous",2,"swift, quick, hasty, light",9,"desire, noble, strength, easy",20,"noble, strength, swift, little",36,"swift, little, haste, eager",70,"swift, haste, eager, quick"
ἡδύς,45,lsj,pleasant; rather; pleasures; merrily,113,"delight, joy, pleasure, rejoice",9,"desire, noble, strength, easy",19,"desire, wish, love, want",34,"love, heart, sweet, warm",67,"sweet, warm, glad, delight"
νέμω,45,lsj,"deal out, dispense; distribute; leave; pay",30,"pay, price, debt, obligation",6,"wind, water, pour, sea",13,"pour, wash, oil, breathe",22,"pour, breathe, flow, spread",44,"pour, flow, filled, shed"
ἐγγύς,45,lsj,"near, nigh, at hand; hard by, near to; nearer to; nigh at hand",44,"near, nigh, hand, hard",7,"come, return, near, arrive",15,"near, nigh, far, hand",26,"near, far, nigh, hand",51,"near, nigh, hand, close"
ἔνθεν,45,lsj,thence; on the one side; on this side; on that,60,"hand, left, right, sides",3,"meet, bind, round, stretch",7,"round, stretch, straight, turn",8,"round, straight, stretch, turn",19,"straight, right, hand, opposite"
νέφος,45,lsj,"cloud, mass of clouds; a cloud upon; a cloud of men; the cloud",18,"wind, cloud, mist, stormy",5,"day, funeral, black, cloud",12,"funeral, long, day, time",20,"funeral, dead, snow, kindle",41,"kindle, snow, cloud, fires"
κρέας,45,lsj,"flesh, meat; piece; dressed meat; carcass",63,"eat, devour, food, meal",6,"wind, water, pour, sea",13,"pour, wash, oil, breathe",21,"wash, oil, salt, raw",43,"wash, oil, salt, raw"
αὐλή,45,lsj,open court; courtyard; steading; court,137,"house, chamber, inner, room",2,"chamber, sleep, sit, bed",6,"chamber, house, ground, inner",7,"chamber, house, ground, mountain",18,"house, chamber, wall, court"
ἴφθιμος,44,lsj,"stout, strong; comely, stately; strong, powerful",82,"stout, strong, sturdy, heavy",9,"desire, noble, strength, easy",20,"noble, strength, swift, little",38,"strength, force, high, courage",74,"high, courage, better, stout"
ἀέκων,44,lsj,"involuntary, constrained; invito Jove; unwillingly; involuntary",-1,(outlier),10,"wound, destroy, slay, kill",21,"wound, destroy, slay, cut",40,"vain, unceasing, unbroken, fruitless",77,"vain, unceasing, unbroken, unharmed"
ἀναβαίνω,44,lsj,"go up, mount; go up to; goes up among; to trample on",-1,(outlier),3,"meet, bind, round, stretch",7,"round, stretch, straight, turn",8,"round, straight, stretch, turn",22,"draw, raise, drag, stand"
διογενής,44,lsj,sprung from Zeus; ordained and upheld by Zeus; divine,100,"divine, mortal, god, zeus",1,"son, chariot, lord, old",3,"divine, honour, zeus, wonder",3,"divine, honour, zeus, god",7,"divine, zeus, god, holy"
θνητός,44,lsj,"liable to death, mortal; mortals; mortal women; mortal creatures",100,"divine, mortal, god, zeus",5,"day, funeral, black, cloud",12,"funeral, long, day, time",20,"funeral, dead, snow, kindle",40,"funeral, dead, mortal, alive"
Κρονίδης,44,lsj,son of Cronos; Zeus; an aged man,104,"olympus, phthia, cronos, ares",1,"son, chariot, lord, old",3,"divine, honour, zeus, wonder",3,"divine, honour, zeus, god",7,"divine, zeus, god, holy"
νικάω,44,lsj,"conquer, prevail; conqueror; conquered; won the first prize",32,"prize, contest, gain, win",11,"ask, inquire, pray, care",22,"ask, pray, inquire, care",44,"ask, inquire, pay, prize",85,"prize, gain, win, contest"
εἶδος,44,lsj,"that which is seen: form, shape; form; figure; appearance",-1,(outlier),4,"spear, bronze, eat, silver",9,"spear, bronze, breast, arrow",14,"bronze, silver, hollow, gold",32,"hollow, shape, form, hewn"
ἄρουρα,44,lsj,"tilled; arable land; corn-lands, fields; earth, ground",-1,(outlier),2,"chamber, sleep, sit, bed",6,"chamber, house, ground, inner",7,"chamber, house, ground, mountain",16,"ground, trench, earth, dug"
θεοειδής,44,lsj,godlike,100,"divine, mortal, god, zeus",9,"desire, noble, strength, easy",20,"noble, strength, swift, little",35,"like, resembling, mighty, sort",68,"like, resembling, opportune, fond war"
πύργος,44,lsj,tower; city walls; ramparts with their towers; movable tower,-1,(outlier),2,"chamber, sleep, sit, bed",6,"chamber, house, ground, inner",7,"chamber, house, ground, mountain",18,"house, chamber, wall, court"
λούω,44,lsj,lǎvo; *lovo; wash; wash the body,25,"wash, oil, dry, salt",6,"wind, water, pour, sea",13,"pour, wash, oil, breathe",21,"wash, oil, salt, raw",43,"wash, oil, salt, raw"
Ὀλύμπιος,43,lsj,"Olympian, of Olympus, dwelling on Olympus; of Olympus",104,"olympus, phthia, cronos, ares",5,"day, funeral, black, cloud",12,"funeral, long, day, time",20,"funeral, dead, snow, kindle",42,"star, olympus, heaven, middle"
κήδω,43,lsj,"trouble, distress; to be concerned, care for; mourn for; caring for",79,"grieving, distressed, wretched, pity",11,"ask, inquire, pray, care",22,"ask, pray, inquire, care",46,"rejoice, care, heed, counsel",89,"care, rejoice, heed, attempt"
φέρτατος,43,lsj,"bravest, best; the best; least bad; best",89,"strength, force, better, mighty",9,"desire, noble, strength, easy",20,"noble, strength, swift, little",38,"strength, force, high, courage",74,"high, courage, better, stout"
ὠθέω,43,lsj,"thrust, push; he kept pushing; pushed; rush",-1,(outlier),12,"shout, speak, rouse, speech",23,"rouse, stir, anger, fight",48,"rouse, stir, dance, song",95,"spring, dart, rush, leap"
θωρήσσω,43,lsj,"arm with a; arm; arm oneself, put oneʼs harness on; to arm yourselves withal",-1,(outlier),4,"spear, bronze, eat, silver",9,"spear, bronze, breast, arrow",11,"breast, thigh, knee, arm",26,"breast, thigh, knee, arm"
καταδύω,43,lsj,"go down, sink, set; to be sunk; disabled; duck",-1,(outlier),8,"flee, pass, away, drive",17,"pass, lead, come, throw",30,"pass, lead, come, throw",58,"ibo, sink, fall, come"
ἄλλοτε,43,lsj,at another time; at one time.. at another; now and then; sometimes,66,"time, long, partly, old",7,"come, return, near, arrive",16,"come, return, hither, arrive",27,"return, time, fifth, backwards",53,"time, fifth, forthwith, fourth"
στυγερός,43,lsj,"hated, abominated, loathed; hateful, abominable, loathsome; hateful; hateful, wretched",111,"hateful, hated, ruthless, terrible",10,"wound, destroy, slay, kill",21,"wound, destroy, slay, cut",41,"destiny, dishonour, wretched, hateful",79,"destiny, wretched, hateful, wrath"
εἴδω,43,lsj,see; to be seen; seem; know,20,"appear, bring light, seen, forth",11,"ask, inquire, pray, care",22,"ask, pray, inquire, care",43,"know, appear, perceive, look",82,"know, appear, perceive, bring light"
δάιος,43,lsj (relaxed match),"hostile, destructive; burning, consuming; enemies; fighting man",80,"destroy, waste, bane, sack",12,"shout, speak, rouse, speech",23,"rouse, stir, anger, fight",47,"fight, quarrel, anger, battle",93,"fight, battle, quarrel, anger"
στίξ,43,lsj,"row, line, rank; file; in ranks; lines",51,"oar, ranks, rows, handle",1,"son, chariot, lord, old",4,"chariot, lord, guest, master",5,"chariot, lord, shield, master",13,"shield, ranks, warrior, men"
αἴρω,43,agwn,"give shape to: ""form the clay into a head""",-1,(outlier),4,"spear, bronze, eat, silver",9,"spear, bronze, breast, arrow",14,"bronze, silver, hollow, gold",32,"hollow, shape, form, hewn"
τείρω,43,lsj,"oppress, distress, weaken; she was; distressed",79,"grieving, distressed, wretched, pity",10,"wound, destroy, slay, kill",21,"wound, destroy, slay, cut",42,"wound, cut, tears, toil",81,"toil, tears, pain, distressed"
ᾍδης,43,agwn,"the act of killing: ""he had two deaths on his conscience""",74,"slay, slaughter, kill, sacrifice",10,"wound, destroy, slay, kill",21,"wound, destroy, slay, cut",39,"slay, kill, destroy, waste",76,"slay, slaughter, kill, sacrifice"
αἰδέομαι,42,lsj,"to be ashamed; from a sense of shame; stand in awe of, fear; show a sense of regard",35,"fear, alarm, amazed, stand awe",11,"ask, inquire, pray, care",22,"ask, pray, inquire, care",46,"rejoice, care, heed, counsel",89,"care, rejoice, heed, attempt"
δέμας,42,lsj,bodily frame; the living body; in stature; shoot,138,"shoulder, thigh, limb, ankle",4,"spear, bronze, eat, silver",9,"spear, bronze, breast, arrow",11,"breast, thigh, knee, arm",26,"breast, thigh, knee, arm"
γέρας,42,lsj,"gift of honour; the last honours; privilege, prerogative; gift, present",26,"honour, wonder, reverence, glory",1,"son, chariot, lord, old",3,"divine, honour, zeus, wonder",3,"divine, honour, zeus, god",8,"honour, wonder, reverence, gift"
ξανθός,42,lsj,"yellow; brown, auburn; fair, golden; golden",21,"golden, robe, flowers, soft",4,"spear, bronze, eat, silver",9,"spear, bronze, breast, arrow",14,"bronze, silver, hollow, gold",31,"bronze, silver, gold, copper"
γλυκύς,42,lsj,"sweet to the taste; smell; pleasant, delightful; sweet, fresh",-1,(outlier),9,"desire, noble, strength, easy",19,"desire, wish, love, want",34,"love, heart, sweet, warm",67,"sweet, warm, glad, delight"
ὀλοός,42,lsj,"destructive, deadly; ill; destroyed, lost",80,"destroy, waste, bane, sack",10,"wound, destroy, slay, kill",21,"wound, destroy, slay, cut",39,"slay, kill, destroy, waste",75,"waste, destroy, sack, perish"
νεικέω,42,lsj,"quarrel, wrangle with; quarrel; with; strove with him",27,"battle, quarrel, fight, strife",12,"shout, speak, rouse, speech",23,"rouse, stir, anger, fight",47,"fight, quarrel, anger, battle",93,"fight, battle, quarrel, anger"
λίαν,42,lsj,"very, exceedingly; very much, overmuch; exceedingly; surely, aye surely",57,"just, exceedingly, altogether, greater",9,"desire, noble, strength, easy",20,"noble, strength, swift, little",35,"like, resembling, mighty, sort",69,"great, mighty, sort, exceedingly"
ἆθλος,42,lsj,contest; contest for a prize; a task; toil,32,"prize, contest, gain, win",11,"ask, inquire, pray, care",22,"ask, pray, inquire, care",44,"ask, inquire, pay, prize",85,"prize, gain, win, contest"
κλίνω,42,lsj,"śráyati; clinare, clivus; cause to lean, make to slope; slant",103,"raise, lean, inclining, make stand",3,"meet, bind, round, stretch",7,"round, stretch, straight, turn",8,"round, straight, stretch, turn",22,"draw, raise, drag, stand"
δόλος,42,lsj,bait; any cunning contrivance for deceiving; catching; trap,90,"true, trusty, truth, cheat",11,"ask, inquire, pray, care",22,"ask, pray, inquire, care",46,"rejoice, care, heed, counsel",90,"trusty, cheat, truth, trusted"
ἀνάγκη,42,lsj,"force, constraint, necessity; perforce, of necessity; forcibly, by force; it must be that.., is necessary that",88,"force, feeble, forcibly, powerless",9,"desire, noble, strength, easy",20,"noble, strength, swift, little",38,"strength, force, high, courage",73,"strength, force, heavy, feeble"
ἐγγύθεν,42,lsj,from nigh at hand; approach; hard by,44,"near, nigh, hand, hard",7,"come, return, near, arrive",15,"near, nigh, far, hand",26,"near, far, nigh, hand",51,"near, nigh, hand, close"
μερμηρίζω,41,lsj,"to be anxious; thoughtful, to be in doubt; was debating; debated anxiously",16,"counsel, craft, wise, plan",11,"ask, inquire, pray, care",22,"ask, pray, inquire, care",46,"rejoice, care, heed, counsel",92,"dwell, set, situated, devise"
πολιός,41,lsj,"grey, grizzled, grisly; grey; greyhaired men; grey hairs",4,"dark, black, murky, gloom",4,"spear, bronze, eat, silver",9,"spear, bronze, breast, arrow",13,"helmet, hair, head, cloth",30,"hair, helmet, head, face"
στενάχω,41,lsj,"groan, sigh, wail; groaning; bewail, lament",52,"bewail, groaning, lament, sigh",12,"shout, speak, rouse, speech",24,"shout, lament, wail, loud",49,"shout, lament, wail, loud",98,"shout, lament, wail, shriek"
Θέτις,41,lsj,Thetis,-1,(outlier),1,"son, chariot, lord, old",1,"troy, athens, trojan, phthia",1,"troy, trojan, athens, thebes",1,"troy, trojan, athens, thebes"
κρατήρ,41,lsj,"mixing vessel; bowl, in which wine was mixed with water; bowls of wine; a bowl of wine",28,"wine, drink, mix, lesbos",6,"wind, water, pour, sea",14,"wind, sea, stream, water",24,"sea, stream, wine, water",48,"stream, wine, water, drink"
κοιμάω,41,lsj,"lull, put to sleep; put to bed; still, calm; soothe, assuage",92,"sleep, lie, lay, bed",2,"chamber, sleep, sit, bed",5,"sleep, sit, seat, bed",6,"sleep, sit, seat, bed",15,"sleep, bed, lie, lay"
ἀμφίς,41,lsj,"on both sides; on either hand, to either party; from both hands; round about",60,"hand, left, right, sides",3,"meet, bind, round, stretch",7,"round, stretch, straight, turn",8,"round, straight, stretch, turn",19,"straight, right, hand, opposite"
ἡγήτωρ,41,lsj,"leader, commander, chief; chiefs in war",101,"lord, queen, master, ruler",1,"son, chariot, lord, old",4,"chariot, lord, guest, master",5,"chariot, lord, shield, master",12,"lord, king, master, leader"
νεμεσάω,41,lsj,"feel just resentment, to be wroth at undeserved good; bad fortune; to be wroth with; grudge",-1,(outlier),10,"wound, destroy, slay, kill",21,"wound, destroy, slay, cut",41,"destiny, dishonour, wretched, hateful",79,"destiny, wretched, hateful, wrath"
ἀγήνωρ,41,lsj,"manly, heroic; headstrong, arrogant; stately, magnificent; lavish",96,"courage, good, arrogant, manly",9,"desire, noble, strength, easy",20,"noble, strength, swift, little",38,"strength, force, high, courage",74,"high, courage, better, stout"
Τυδεύς,41,lsj,Tydeus,143,"troy, athens, trojan, greece",1,"son, chariot, lord, old",1,"troy, athens, trojan, phthia",1,"troy, trojan, athens, thebes",3,"phthia, lesbos, hang, club"
σθένος,41,lsj,"strength, might; bodily strength; strength; force",89,"strength, force, better, mighty",9,"desire, noble, strength, easy",20,"noble, strength, swift, little",38,"strength, force, high, courage",73,"strength, force, heavy, feeble"
σταθμός,41,lsj,"standing-place; farmstead, steading; stable; lair",136,"precinct, bed, grove, sacred",2,"chamber, sleep, sit, bed",6,"chamber, house, ground, inner",7,"chamber, house, ground, mountain",17,"peak, mountain, hill, headland"
ἄντα,41,lsj,"over against, face to face; man to man; before one; to look at",39,"face, opposite, straight, right",3,"meet, bind, round, stretch",7,"round, stretch, straight, turn",8,"round, straight, stretch, turn",19,"straight, right, hand, opposite"
Ἀφροδίτη,41,lsj,"Aphrodite; sexual love, pleasure; vehement longing; desire",13,"desire, want, wish, need",9,"desire, noble, strength, easy",19,"desire, wish, love, want",34,"love, heart, sweet, warm",66,"heart, love, affection, desire"
Σαρπηδών,41,lsj,Sarpedon; his shrine,-1,(outlier),1,"son, chariot, lord, old",3,"divine, honour, zeus, wonder",3,"divine, honour, zeus, god",8,"honour, wonder, reverence, gift"
νύμφη,41,lsj,"young wife, bride; marriageable maiden; daughter-in-law; young girl",110,"wife, marry, marriage, wedded",1,"son, chariot, lord, old",2,"old, mother, son, wife",2,"old, son, mother, wife",4,"wife, sister, brother, marry"
σπέος,41,lsj,"cavern, grotto",-1,(outlier),2,"chamber, sleep, sit, bed",6,"chamber, house, ground, inner",7,"chamber, house, ground, mountain",17,"peak, mountain, hill, headland"
ἀείδω,40,lsj,Il.Parv; sing; crow; hoot,53,"song, dance, sing, play",4,"spear, bronze, eat, silver",10,"eat, tree, heracles, meal",15,"heracles, bird, fish, fly",34,"heracles, bird, fish, fly"
ἐποίχομαι,40,lsj,"go towards, approach; draw near to; approach with hostile purpose, attack; go over, traverse",-1,(outlier),8,"flee, pass, away, drive",17,"pass, lead, come, throw",30,"pass, lead, come, throw",57,"drive, pass, rush, path"
γηθέω,40,lsj,rejoice; will rejoice; rejoice in doing; impune,-1,(outlier),11,"ask, inquire, pray, care",22,"ask, pray, inquire, care",46,"rejoice, care, heed, counsel",89,"care, rejoice, heed, attempt"
προσφωνέω,40,lsj,"call; speak to, address; address; call by name",36,"address, speak, accost, assembly",12,"shout, speak, rouse, speech",25,"speak, speech, voice, address",50,"speak, speech, voice, address",99,"address, speak, accost, surname"
δήν,40,lsj,for a long while; long-lived; long ago; dudum,-1,(outlier),1,"son, chariot, lord, old",2,"old, mother, son, wife",2,"old, son, mother, wife",6,"old, age, youth, elders"
κάθημαι,40,lsj,"to be seated, sit; as he sat there; sate; sit on",127,"sit, seat, chair, place",2,"chamber, sleep, sit, bed",5,"sleep, sit, seat, bed",6,"sleep, sit, seat, bed",14,"sit, seat, chair, throne"
φάος,40,lsj,light; daylight; day; the light,8,"day, light, morning, early",5,"day, funeral, black, cloud",11,"black, dark, bright, shine",18,"black, dark, bright, shine",37,"black, dark, bright, light"
φυλάσσω,40,lsj,"keep watch and ward, keep guard; keep watch; watch; wait",19,"watch, visit, ward, observe",11,"ask, inquire, pray, care",22,"ask, pray, inquire, care",43,"know, appear, perceive, look",84,"watch, count, sum, visit"
ἵκω,40,lsj,"come; come to; are brought to; attain to, reach",123,"arrive, reach, come, attain",7,"come, return, near, arrive",16,"come, return, hither, arrive",29,"come, arrive, home, house",56,"come, arrive, reach, born"
Ἶρις,40,lsj,Iris; rainbow; bright-coloured circle; the,7,"bright, light, kindle, star",3,"meet, bind, round, stretch",7,"round, stretch, straight, turn",8,"round, straight, stretch, turn",21,"round, turn, circle, rim"
ἡμίονος,40,lsj,"half-ass; mule; a team of racing-mules; wild ass, onager",134,"goose, wild, fawn, mule",4,"spear, bronze, eat, silver",10,"eat, tree, heracles, meal",15,"heracles, bird, fish, fly",34,"heracles, bird, fish, fly"
πρόμαχος,40,lsj,fighting before; in front; champions; champion,-1,(outlier),11,"ask, inquire, pray, care",22,"ask, pray, inquire, care",44,"ask, inquire, pay, prize",85,"prize, gain, win, contest"
βίοτος,40,agwn,"a set containing all and only the members of two or more given sets: ""let C be the union of the sets A and B""",-1,(outlier),11,"ask, inquire, pray, care",22,"ask, pray, inquire, care",46,"rejoice, care, heed, counsel",92,"dwell, set, situated, devise"
αὐχήν,40,lsj,"neck, throat; gullet; one neck; high-spirited",120,"hair, mane, neck, bushy",4,"spear, bronze, eat, silver",9,"spear, bronze, breast, arrow",13,"helmet, hair, head, cloth",30,"hair, helmet, head, face"
τύπτω,40,lsj,"beat, strike, smite; beat; strike; beating",-1,(outlier),10,"wound, destroy, slay, kill",21,"wound, destroy, slay, cut",42,"wound, cut, tears, toil",80,"wound, cut, strip, blood"
Ἐνοσίχθων,40,lsj,Earth-shaker; earth-stirring,24,"silence, shake, tremble, softly",12,"shout, speak, rouse, speech",23,"rouse, stir, anger, fight",48,"rouse, stir, dance, song",96,"rouse, stir, shake, tremble"
λευκώλενος,39,lsj,white-armed,-1,(outlier),4,"spear, bronze, eat, silver",9,"spear, bronze, breast, arrow",14,"bronze, silver, hollow, gold",33,"lycia, stone, grind, goblet"
ὀλίγος,39,lsj,"little, small; small, low; not copious; slight",-1,(outlier),9,"desire, noble, strength, easy",20,"noble, strength, swift, little",36,"swift, little, haste, eager",71,"little, softly, firm, small"
ἐπισεύω,39,lsj,"put in motion; against, set on; hurry; hasten to",117,"leap, rush, run, chase",9,"desire, noble, strength, easy",20,"noble, strength, swift, little",36,"swift, little, haste, eager",70,"swift, haste, eager, quick"
μεθίημι,39,lsj,"set loose, let go; release; let; depart",-1,(outlier),8,"flee, pass, away, drive",18,"flee, fear, away, hold",31,"hold, leave, stay, retire",62,"leave, retire, away, ward"
ἀποβαίνω,39,lsj,"step off from; alight, disembark from; disembark; dismount",-1,(outlier),8,"flee, pass, away, drive",18,"flee, fear, away, hold",31,"hold, leave, stay, retire",62,"leave, retire, away, ward"
ἅπτω,39,lsj,fasten; bind to; having fastened; join,48,"bind, fast, tie, fix",3,"meet, bind, round, stretch",8,"meet, bind, ready, gather",9,"bind, ready, fast, make",23,"ready, bind, fast, make"
ἐπείγω,39,lsj,press by weight; presses; to be weighed down; overpowered,-1,(outlier),9,"desire, noble, strength, easy",20,"noble, strength, swift, little",38,"strength, force, high, courage",73,"strength, force, heavy, feeble"
φόβος,39,lsj,"panic flight; to flight; panic fear; fear, terror",35,"fear, alarm, amazed, stand awe",8,"flee, pass, away, drive",18,"flee, fear, away, hold",32,"flee, fear, wander, avoid",64,"fear, silence, conceal, alarm"
ἐμβάλλω,39,lsj,throw in; let; fall into; throw,91,"throw, send, fall, forth",8,"flee, pass, away, drive",17,"pass, lead, come, throw",30,"pass, lead, come, throw",59,"throw, send, forth, forward"
νίκη,39,lsj,"victory; victory in the games; victory over; mastery, ascendancy",32,"prize, contest, gain, win",11,"ask, inquire, pray, care",22,"ask, pray, inquire, care",44,"ask, inquire, pay, prize",85,"prize, gain, win, contest"
φοβέω,39,lsj,"put to flight; terrify, alarm; to frighten; by terror",35,"fear, alarm, amazed, stand awe",8,"flee, pass, away, drive",18,"flee, fear, away, hold",32,"flee, fear, wander, avoid",64,"fear, silence, conceal, alarm"
ἀργύρεος,38,lsj,of silver; silver-plated; silver coin,0,"bronze, silver, copper, metal",4,"spear, bronze, eat, silver",9,"spear, bronze, breast, arrow",14,"bronze, silver, hollow, gold",31,"bronze, silver, gold, copper"
ὄμνυμι,38,lsj,swear; swear to; affirm; confirm by oath,76,"oath, swear, affirm, think deem",11,"ask, inquire, pray, care",22,"ask, pray, inquire, care",45,"pray, oath, herald, command",88,"pray, oath, herald, command"
πλείων,38,lsj,more; the majority; greater; further,57,"just, exceedingly, altogether, greater",9,"desire, noble, strength, easy",20,"noble, strength, swift, little",35,"like, resembling, mighty, sort",69,"great, mighty, sort, exceedingly"
κέλευθος,38,lsj,"road, path; the streets; paths, orbits; path",-1,(outlier),8,"flee, pass, away, drive",17,"pass, lead, come, throw",30,"pass, lead, come, throw",57,"drive, pass, rush, path"
μάκαρ,38,lsj,"blessed, happy; the blessed ones; gods; blest, fortunate",96,"courage, good, arrogant, manly",9,"desire, noble, strength, easy",20,"noble, strength, swift, little",37,"noble, wrought, glorious, splendid",72,"noble, wrought, glorious, splendid"
βαθύς,38,lsj,deep; high; within a high fence; the deep,116,"earth, ground, surface, deep",2,"chamber, sleep, sit, bed",6,"chamber, house, ground, inner",7,"chamber, house, ground, mountain",16,"ground, trench, earth, dug"
ἔμπας,38,lsj,"alike; in any case; anyhow, as things are; as it is",69,"like, equal, age, resembling",9,"desire, noble, strength, easy",20,"noble, strength, swift, little",35,"like, resembling, mighty, sort",69,"great, mighty, sort, exceedingly"
ἐνέπω,38,lsj,tell; tell of; couldst tell; the tale of,41,"voice, sound, speech, hear",12,"shout, speak, rouse, speech",25,"speak, speech, voice, address",50,"speak, speech, voice, address",100,"speech, voice, speak, clear"
νεῖκος,38,lsj,"quarrel, strife, feud; quarrel; strife of words, railing, abuse; strife at law, dispute before a judge",27,"battle, quarrel, fight, strife",12,"shout, speak, rouse, speech",23,"rouse, stir, anger, fight",47,"fight, quarrel, anger, battle",93,"fight, battle, quarrel, anger"
τοκεύς,38,lsj,"one who begets, father; begetter; parents",121,"race, descent, father, family",1,"son, chariot, lord, old",2,"old, mother, son, wife",2,"old, son, mother, wife",5,"son, child, mother, father"
ὁρμάω,38,lsj,"set in motion, urge on, cheer on; tear; inspired; urged on",-1,(outlier),11,"ask, inquire, pray, care",22,"ask, pray, inquire, care",46,"rejoice, care, heed, counsel",89,"care, rejoice, heed, attempt"
νηλής,38,lsj,"pitiless, ruthless; ruthless; resolute; dogged",111,"hateful, hated, ruthless, terrible",10,"wound, destroy, slay, kill",21,"wound, destroy, slay, cut",41,"destiny, dishonour, wretched, hateful",79,"destiny, wretched, hateful, wrath"
μενεαίνω,38,lsj,desire earnestly; eagerly; long for; purpose,13,"desire, want, wish, need",9,"desire, noble, strength, easy",19,"desire, wish, love, want",33,"wish, need, want, desire",65,"wish, need, want, desire"
ὀλοφύρομαι,38,lsj,"lament, wail, moan; lament; mourn for the ills of others; feel pity",-1,(outlier),12,"shout, speak, rouse, speech",24,"shout, lament, wail, loud",49,"shout, lament, wail, loud",98,"shout, lament, wail, shriek"
τάφρος,38,lsj,"ditch, trench; trench; trenches; irrigation-ditch",-1,(outlier),2,"chamber, sleep, sit, bed",6,"chamber, house, ground, inner",7,"chamber, house, ground, mountain",16,"ground, trench, earth, dug"
ἀοιδός,38,lsj,"singer, minstrel, bard; songstress; enchanter; tuneful, musical",53,"song, dance, sing, play",12,"shout, speak, rouse, speech",23,"rouse, stir, anger, fight",48,"rouse, stir, dance, song",94,"song, dance, choir, music"
θίς,37,lsj,"heap; sand-banks; sandy deserts; beach, shore",133,"banks, shore, dyke, headland",2,"chamber, sleep, sit, bed",6,"chamber, house, ground, inner",7,"chamber, house, ground, mountain",17,"peak, mountain, hill, headland"
ἀράομαι,37,lsj,pray to; invoke; pray; prayed,71,"pray, vow, boast, votive offering",11,"ask, inquire, pray, care",22,"ask, pray, inquire, care",45,"pray, oath, herald, command",88,"pray, oath, herald, command"
βούλομαι,37,lsj,"will, wish, be willing; wish is will; willed; that supports",13,"desire, want, wish, need",9,"desire, noble, strength, easy",19,"desire, wish, love, want",33,"wish, need, want, desire",65,"wish, need, want, desire"
τιμή,37,lsj,"worship, esteem, honour; honours; due regard; paid to them by",26,"honour, wonder, reverence, glory",1,"son, chariot, lord, old",3,"divine, honour, zeus, wonder",3,"divine, honour, zeus, god",8,"honour, wonder, reverence, gift"
φθίω,37,lsj,"kṣiṇā´ti, kṣiṇóti; Kṣīyante; ákṣitas; kṣeṣya",46,"ti, quarterly, shear lay, bit",1,"son, chariot, lord, old",1,"troy, athens, trojan, phthia",1,"troy, trojan, athens, thebes",3,"phthia, lesbos, hang, club"
Πύλος,37,lsj,Pylos,142,"thracian, scylla seal, monachus calchas, calypso icarian",1,"son, chariot, lord, old",1,"troy, athens, trojan, phthia",1,"troy, trojan, athens, thebes",3,"phthia, lesbos, hang, club"
δειλός,37,lsj,"cowardly; vile, worthless; lowborn, mean; afraid of",111,"hateful, hated, ruthless, terrible",10,"wound, destroy, slay, kill",21,"wound, destroy, slay, cut",41,"destiny, dishonour, wretched, hateful",79,"destiny, wretched, hateful, wrath"
εἴλω,37,lsj,shut in; shut out; let them be shut out; ponded,-1,(outlier),8,"flee, pass, away, drive",17,"pass, lead, come, throw",30,"pass, lead, come, throw",60,"lead, end, shut, fulfil"
πάμπαν,37,lsj,"wholly, altogether; not at all, by no means",57,"just, exceedingly, altogether, greater",9,"desire, noble, strength, easy",20,"noble, strength, swift, little",35,"like, resembling, mighty, sort",69,"great, mighty, sort, exceedingly"
ἰάχω,37,lsj,"cry, shout; shriek; ring, resound; roar",64,"sound, roar, shriek, clash",12,"shout, speak, rouse, speech",24,"shout, lament, wail, loud",49,"shout, lament, wail, loud",98,"shout, lament, wail, shriek"
μῆτις,37,lsj,"wisdom, skill, craft; for craft; craft; counsel, plan, undertaking",16,"counsel, craft, wise, plan",11,"ask, inquire, pray, care",22,"ask, pray, inquire, care",46,"rejoice, care, heed, counsel",92,"dwell, set, situated, devise"
μόνος,37,lsj,"alone, solitary; bereft of; without; only",-1,(outlier),11,"ask, inquire, pray, care",22,"ask, pray, inquire, care",46,"rejoice, care, heed, counsel",92,"dwell, set, situated, devise"
δηρός,37,lsj,"long, too long; all too long; lingering",-1,(outlier),5,"day, funeral, black, cloud",12,"funeral, long, day, time",19,"long, day, time, morning",38,"long, years, time, late"
ἱππότης,37,lsj,"driver; rider of horses, horseman, knight; horseback; the horse",15,"chariot, car, driver, horse",1,"son, chariot, lord, old",4,"chariot, lord, guest, master",5,"chariot, lord, shield, master",11,"chariot, car, driver, travelling"
ῥεῖα,37,lsj,"easily, lightly; at ease; lightly, pleasantly; easily, deftly",-1,(outlier),9,"desire, noble, strength, easy",20,"noble, strength, swift, little",36,"swift, little, haste, eager",71,"little, softly, firm, small"
καθίζω,37,lsj,"make to sit down, seat; set, place; encamp; post",127,"sit, seat, chair, place",2,"chamber, sleep, sit, bed",5,"sleep, sit, seat, bed",6,"sleep, sit, seat, bed",14,"sit, seat, chair, throne"
ἀρετή,37,lsj,"goodness, excellence; manly; valour; brave deeds",96,"courage, good, arrogant, manly",9,"desire, noble, strength, easy",20,"noble, strength, swift, little",38,"strength, force, high, courage",74,"high, courage, better, stout"
σκῆπτρον,36,lsj,staff; stick; staffs; supports,140,"spear, axe, sword, wand",4,"spear, bronze, eat, silver",9,"spear, bronze, breast, arrow",12,"spear, arrow, sword, girdle",28,"spear, sword, girdle, belt"
ἑκατόμβη,36,lsj,an offering of a hundred oxen; sacrifice; eye-salve,74,"slay, slaughter, kill, sacrifice",4,"spear, bronze, eat, silver",9,"spear, bronze, breast, arrow",12,"spear, arrow, sword, girdle",28,"spear, sword, girdle, belt"
βαρύς,36,lsj,"heavy in weight; strength and force; bushy; heavy with age, infirmity",82,"stout, strong, sturdy, heavy",9,"desire, noble, strength, easy",20,"noble, strength, swift, little",38,"strength, force, high, courage",73,"strength, force, heavy, feeble"
πίμπλημι,36,lsj,fill; fill full of; filled; full,29,"pour, filled, spread, fish",6,"wind, water, pour, sea",13,"pour, wash, oil, breathe",22,"pour, breathe, flow, spread",44,"pour, flow, filled, shed"
μηρός,36,lsj,thigh; his thigh; beside; thigh-bone,138,"shoulder, thigh, limb, ankle",4,"spear, bronze, eat, silver",9,"spear, bronze, breast, arrow",11,"breast, thigh, knee, arm",26,"breast, thigh, knee, arm"
ἴσχω,36,lsj,"keep back, restrain; keep; back; to keep",85,"stay, remain, restrain, stop",8,"flee, pass, away, drive",18,"flee, fear, away, hold",31,"hold, leave, stay, retire",61,"hold, seize, stay, remain"
ἠύτε,36,lsj (relaxed match),"as, like as; even as; like; than",69,"like, equal, age, resembling",9,"desire, noble, strength, easy",20,"noble, strength, swift, little",35,"like, resembling, mighty, sort",69,"great, mighty, sort, exceedingly"
ἐύς,36,lsj (relaxed match),"good, brave, noble; good things, good fortune; thy",96,"courage, good, arrogant, manly",9,"desire, noble, strength, easy",20,"noble, strength, swift, little",37,"noble, wrought, glorious, splendid",72,"noble, wrought, glorious, splendid"
πελάζω,36,lsj,"approach, draw near; draws to; come near; will",-1,(outlier),8,"flee, pass, away, drive",17,"pass, lead, come, throw",30,"pass, lead, come, throw",57,"drive, pass, rush, path"
ἦμος,36,lsj,"at which time, when; while, so long as",66,"time, long, partly, old",5,"day, funeral, black, cloud",12,"funeral, long, day, time",19,"long, day, time, morning",38,"long, years, time, late"
νεφεληγερέτα,36,lsj,cloud-gatherer,18,"wind, cloud, mist, stormy",5,"day, funeral, black, cloud",12,"funeral, long, day, time",20,"funeral, dead, snow, kindle",41,"kindle, snow, cloud, fires"
θεσπέσιος,36,lsj,"divinely sounding, divinely sweet; divinely uttered; decreed; oracular",-1,(outlier),1,"son, chariot, lord, old",3,"divine, honour, zeus, wonder",3,"divine, honour, zeus, god",7,"divine, zeus, god, holy"
ἀνίημι,36,lsj,"send up; forth; spew up, vomit; make",91,"throw, send, fall, forth",8,"flee, pass, away, drive",18,"flee, fear, away, hold",31,"hold, leave, stay, retire",62,"leave, retire, away, ward"
Ἑρμῆς,36,lsj,Hermes; pillar surmounted by bust; Dritter Bericht; Mercury,-1,(outlier),1,"son, chariot, lord, old",3,"divine, honour, zeus, wonder",3,"divine, honour, zeus, god",8,"honour, wonder, reverence, gift"
ἔξοχος,36,lsj,"standing out, jutting; prominent above; eminent, excellent; eminentissimus",81,"glorious, noble, famous, renowned",9,"desire, noble, strength, easy",20,"noble, strength, swift, little",37,"noble, wrought, glorious, splendid",72,"noble, wrought, glorious, splendid"
σμερδαλέος,36,lsj,"terrible to look on, fearful; dire-gleaming; terrible to hear; márdati",111,"hateful, hated, ruthless, terrible",10,"wound, destroy, slay, kill",21,"wound, destroy, slay, cut",41,"destiny, dishonour, wretched, hateful",79,"destiny, wretched, hateful, wrath"
ναιετάω,36,lsj,"dwell; dwell in, inhabit; to be situated, lie; exist",126,"dwell, inhabit, people, situated",11,"ask, inquire, pray, care",22,"ask, pray, inquire, care",46,"rejoice, care, heed, counsel",92,"dwell, set, situated, devise"
ἀγγελία,36,lsj,"message, tidings; a report of; concerning; a message about",68,"herald, report, message, tidings",11,"ask, inquire, pray, care",22,"ask, pray, inquire, care",45,"pray, oath, herald, command",88,"pray, oath, herald, command"
ὑπερφίαλος,36,lsj,"overbearing, overweening, arrogant; arrogant; puissant; huge",96,"courage, good, arrogant, manly",9,"desire, noble, strength, easy",20,"noble, strength, swift, little",38,"strength, force, high, courage",74,"high, courage, better, stout"
ἀλέομαι,36,lsj,"avoid, shun; avoid; flee for oneʼs life",61,"flee, escape, avoid, shun",8,"flee, pass, away, drive",18,"flee, fear, away, hold",32,"flee, fear, wander, avoid",63,"flee, wander, avoid, escape"
ἐρείπω,36,lsj,"throw; dash down, tear down; casts; down",91,"throw, send, fall, forth",8,"flee, pass, away, drive",17,"pass, lead, come, throw",30,"pass, lead, come, throw",59,"throw, send, forth, forward"
ἐξεναρίζω,36,lsj,"strip; spoil; strip off; kill, slay",74,"slay, slaughter, kill, sacrifice",10,"wound, destroy, slay, kill",21,"wound, destroy, slay, cut",39,"slay, kill, destroy, waste",76,"slay, slaughter, kill, sacrifice"
ἐλεέω,36,lsj,"to have pity on, show mercy to; feel pity",79,"grieving, distressed, wretched, pity",10,"wound, destroy, slay, kill",21,"wound, destroy, slay, cut",41,"destiny, dishonour, wretched, hateful",78,"dishonour, pity, disgrace, reproach"
τράπεζα,36,lsj,"table; dining-table, eating-table; board; a table",63,"eat, devour, food, meal",3,"meet, bind, round, stretch",8,"meet, bind, ready, gather",9,"bind, ready, fast, make",23,"ready, bind, fast, make"
ἰός,35,lsj,arrow,77,"arrow, bow, javelin, shoot",4,"spear, bronze, eat, silver",9,"spear, bronze, breast, arrow",12,"spear, arrow, sword, girdle",27,"arrow, bow, shoot, sagitta"
ἐφίημι,35,lsj,"send to; sent; set on, incite; throw",91,"throw, send, fall, forth",8,"flee, pass, away, drive",17,"pass, lead, come, throw",30,"pass, lead, come, throw",59,"throw, send, forth, forward"
ὅρκος,35,lsj,the object by which one swears; oath; an oath by; an oath,76,"oath, swear, affirm, think deem",11,"ask, inquire, pray, care",22,"ask, pray, inquire, care",45,"pray, oath, herald, command",88,"pray, oath, herald, command"
ἕρκος,35,lsj,"fence, enclosure; the place enclosed, court-yard; enclosure; wall for defence",-1,(outlier),2,"chamber, sleep, sit, bed",6,"chamber, house, ground, inner",7,"chamber, house, ground, mountain",18,"house, chamber, wall, court"
κρίνω,35,lsj,"separate, put asunder, distinguish; pick out, choose; to choose; to be chosen out, distinguished",70,"apart, separate, divide, choose",3,"meet, bind, round, stretch",8,"meet, bind, ready, gather",10,"meet, gather, pick, assembly",24,"mix, equal, alike, separate"
Γερήνιος,35,lsj,from Gerena; Gerenon,143,"troy, athens, trojan, greece",1,"son, chariot, lord, old",1,"troy, athens, trojan, phthia",1,"troy, trojan, athens, thebes",3,"phthia, lesbos, hang, club"
πότμος,35,lsj,"that which befalls one, lot, destiny; evil destiny; death; gifts",49,"destiny, doom, fate, destined",10,"wound, destroy, slay, kill",21,"wound, destroy, slay, cut",41,"destiny, dishonour, wretched, hateful",79,"destiny, wretched, hateful, wrath"
θώραξ,35,lsj,"corslet; jerkin; coat of mail, scale armour; slough",-1,(outlier),4,"spear, bronze, eat, silver",9,"spear, bronze, breast, arrow",12,"spear, arrow, sword, girdle",28,"spear, sword, girdle, belt"
πήγνυμι,35,lsj,"stick; fix in; fix in the earth, plant; pitch",-1,(outlier),3,"meet, bind, round, stretch",7,"round, stretch, straight, turn",8,"round, straight, stretch, turn",22,"draw, raise, drag, stand"
γένος,35,lsj,"race, stock, kin; by race; race; of kin",121,"race, descent, father, family",1,"son, chariot, lord, old",2,"old, mother, son, wife",2,"old, son, mother, wife",5,"son, child, mother, father"
χάζω,35,lsj,"cause to retire; force to retire from, bereave; deprive of; give way, draw",84,"leave, retire, gone, withdraw",8,"flee, pass, away, drive",18,"flee, fear, away, hold",31,"hold, leave, stay, retire",62,"leave, retire, away, ward"
τυγχάνω,35,lsj,happen to be at; she be; mayʼst; has been made,-1,(outlier),11,"ask, inquire, pray, care",22,"ask, pray, inquire, care",46,"rejoice, care, heed, counsel",89,"care, rejoice, heed, attempt"
φύω,35,lsj,"bring forth, produce, put forth; made; grow; beget, engender",105,"born, beget, bring forth, engender",1,"son, chariot, lord, old",2,"old, mother, son, wife",2,"old, son, mother, wife",5,"son, child, mother, father"
ὀρέγω,35,lsj,"reach, stretch, stretch out; reach out, hold out, hand, give; extend; stretch oneself out, stretch forth oneʼs hand",106,"stretch, bend, curved, tight",3,"meet, bind, round, stretch",7,"round, stretch, straight, turn",8,"round, straight, stretch, turn",19,"straight, right, hand, opposite"
ἀκοντίζω,35,lsj,hurl a javelin; use the javelin; hit; strike with javelin,77,"arrow, bow, javelin, shoot",4,"spear, bronze, eat, silver",9,"spear, bronze, breast, arrow",12,"spear, arrow, sword, girdle",28,"spear, sword, girdle, belt"
γάμος,35,lsj,"wedding; a wedding; marriage, wedlock; marriage",110,"wife, marry, marriage, wedded",1,"son, chariot, lord, old",2,"old, mother, son, wife",2,"old, son, mother, wife",4,"wife, sister, brother, marry"
πολύτλας,35,lsj,much-enduring,-1,(outlier),9,"desire, noble, strength, easy",20,"noble, strength, swift, little",35,"like, resembling, mighty, sort",69,"great, mighty, sort, exceedingly"
γῆρας,34,lsj,"old age; cast skin, slough of a serpent",135,"herd, serpent, boar, wolf",4,"spear, bronze, eat, silver",10,"eat, tree, heracles, meal",15,"heracles, bird, fish, fly",34,"heracles, bird, fish, fly"
γεραιός,34,lsj,"old; reverend sire; the elders, senators; eldest",101,"lord, queen, master, ruler",1,"son, chariot, lord, old",2,"old, mother, son, wife",2,"old, son, mother, wife",6,"old, age, youth, elders"
πρόφρων,34,lsj,"with forward mind; of oneʼs free will; fain; kindly, gracious, willing",16,"counsel, craft, wise, plan",11,"ask, inquire, pray, care",22,"ask, pray, inquire, care",46,"rejoice, care, heed, counsel",92,"dwell, set, situated, devise"
ἀπιθέω,34,lsj,disobeyed; fail to persuade,75,"persuade, assent, refuse, appease",11,"ask, inquire, pray, care",22,"ask, pray, inquire, care",45,"pray, oath, herald, command",88,"pray, oath, herald, command"
θέμις,34,lsj,"that which is laid down; established, law; as established by custom; meet and right",93,"set, beneath, lowest, high",11,"ask, inquire, pray, care",22,"ask, pray, inquire, care",44,"ask, inquire, pay, prize",87,"pay, debt, receive, price"
πένθος,34,lsj,"grief, sorrow; for; mourning; a public mourning",79,"grieving, distressed, wretched, pity",10,"wound, destroy, slay, kill",21,"wound, destroy, slay, cut",42,"wound, cut, tears, toil",81,"toil, tears, pain, distressed"
ἄγγελος,34,lsj,"messenger, envoy; one that announces; tells; angel",68,"herald, report, message, tidings",11,"ask, inquire, pray, care",22,"ask, pray, inquire, care",45,"pray, oath, herald, command",88,"pray, oath, herald, command"
ἄφαρ,34,lsj,"straightway, forthwith; thereupon, after that; suddenly, quickly; very",67,"forthwith, soon, longer, second",7,"come, return, near, arrive",16,"come, return, hither, arrive",27,"return, time, fifth, backwards",53,"time, fifth, forthwith, fourth"
πάντῃ,34,lsj,"every way, on every side; on every side; in every way, altogether; quite",-1,(outlier),7,"come, return, near, arrive",16,"come, return, hither, arrive",28,"hither, wherefore, way, just",54,"hither, wherefore, way, just"
λιμήν,34,lsj,"harbour; havens of refuge from; haven, retreat, refuge; a haven of",61,"flee, escape, avoid, shun",6,"wind, water, pour, sea",14,"wind, sea, stream, water",24,"sea, stream, wine, water",47,"sea, sail, strait, ship"
δεύτερος,34,lsj,second; next; comes in second; hereafter,67,"forthwith, soon, longer, second",7,"come, return, near, arrive",16,"come, return, hither, arrive",27,"return, time, fifth, backwards",53,"time, fifth, forthwith, fourth"
ἀτρεκής,34,lsj,"strict, precise, exact; over-nice, precise; more precise details; exact, strict",-1,(outlier),9,"desire, noble, strength, easy",20,"noble, strength, swift, little",36,"swift, little, haste, eager",71,"little, softly, firm, small"
μήδομαι,34,lsj,"to be minded, intend; resolve; counsels I should take; plan and do cunningly",16,"counsel, craft, wise, plan",11,"ask, inquire, pray, care",22,"ask, pray, inquire, care",46,"rejoice, care, heed, counsel",92,"dwell, set, situated, devise"
ἄσπετος,34,lsj,"unspeakable, unutterable; unspeakably great; countless; unspeakably",-1,(outlier),10,"wound, destroy, slay, kill",21,"wound, destroy, slay, cut",40,"vain, unceasing, unbroken, fruitless",77,"vain, unceasing, unbroken, unharmed"
ἡγεμονεύω,34,lsj,lead the way; to lead; make; lead,-1,(outlier),8,"flee, pass, away, drive",17,"pass, lead, come, throw",30,"pass, lead, come, throw",60,"lead, end, shut, fulfil"
φάλαγξ,34,lsj,"line of battle, battle-array; the ranks of an army in battle; heavy infantry; in battle-order",-1,(outlier),1,"son, chariot, lord, old",4,"chariot, lord, guest, master",5,"chariot, lord, shield, master",13,"shield, ranks, warrior, men"
στιβαρός,34,lsj,"strong, stout, sturdy; more massy; bulkier; more",82,"stout, strong, sturdy, heavy",9,"desire, noble, strength, easy",20,"noble, strength, swift, little",38,"strength, force, high, courage",74,"high, courage, better, stout"
αὐτόθι,34,lsj,on the spot,59,"hither, wherefore, place, way",7,"come, return, near, arrive",16,"come, return, hither, arrive",28,"hither, wherefore, way, just",54,"hither, wherefore, way, just"
θύραζε,34,lsj,to the door; out of doors; out; out of,-1,(outlier),7,"come, return, near, arrive",16,"come, return, hither, arrive",29,"come, arrive, home, house",55,"home, house, inside, come forth"
σπένδω,34,lsj,make a drink-offering; let; dedicate; by pouring an offering from,29,"pour, filled, spread, fish",6,"wind, water, pour, sea",14,"wind, sea, stream, water",24,"sea, stream, wine, water",48,"stream, wine, water, drink"
μογέω,33,lsj,"toil, suffer; suffers; tired; with pain",31,"toil, work, suffer, labour",10,"wound, destroy, slay, kill",21,"wound, destroy, slay, cut",42,"wound, cut, tears, toil",81,"toil, tears, pain, distressed"
ἑτέρωθεν,33,lsj,"from the other side; on the other side, opposite; from another quarter, from outside",60,"hand, left, right, sides",3,"meet, bind, round, stretch",7,"round, stretch, straight, turn",8,"round, straight, stretch, turn",19,"straight, right, hand, opposite"
Ὠκεανός,33,lsj,Oceanus; great River; the great Outward Sea; oceans,130,"sea, stillness, gulf, calm",6,"wind, water, pour, sea",14,"wind, sea, stream, water",24,"sea, stream, wine, water",47,"sea, sail, strait, ship"
αἶθοψ,33,lsj,fiery-looking; flashing; sparkling; fiery,7,"bright, light, kindle, star",5,"day, funeral, black, cloud",11,"black, dark, bright, shine",18,"black, dark, bright, shine",37,"black, dark, bright, light"
βουλεύω,33,lsj,"take counsel, deliberate; determine; resolve after deliberation; in council",16,"counsel, craft, wise, plan",11,"ask, inquire, pray, care",22,"ask, pray, inquire, care",46,"rejoice, care, heed, counsel",91,"counsel, assistant crooked, imparted, skilled"
μαλακός,33,lsj,soft; fresh-ploughed; soft grassy; soft-fleeced,21,"golden, robe, flowers, soft",9,"desire, noble, strength, easy",20,"noble, strength, swift, little",36,"swift, little, haste, eager",71,"little, softly, firm, small"
κομάω,33,lsj,"let the hair grow long; plume oneself, give oneself airs; aimed at; do you plume yourself",120,"hair, mane, neck, bushy",6,"wind, water, pour, sea",13,"pour, wash, oil, breathe",22,"pour, breathe, flow, spread",45,"breathe, disperse, sprinkle, spread"
ἐρείδω,33,lsj,"cause to lean, prop; piling; against; fix firmly, plant",103,"raise, lean, inclining, make stand",3,"meet, bind, round, stretch",7,"round, stretch, straight, turn",8,"round, straight, stretch, turn",22,"draw, raise, drag, stand"
ἐπίκουρος,33,lsj,"helper, ally; allies; mercenary troops; guards",-1,(outlier),1,"son, chariot, lord, old",4,"chariot, lord, guest, master",5,"chariot, lord, shield, master",13,"shield, ranks, warrior, men"
θαλερός,33,lsj,"stout, sturdy, buxom; blooming, fresh; of a youthful pair; stout, sturdy",82,"stout, strong, sturdy, heavy",9,"desire, noble, strength, easy",20,"noble, strength, swift, little",38,"strength, force, high, courage",74,"high, courage, better, stout"
χῶρος,33,lsj,"a definite space, piece of ground, place; space; region; space, compass",-1,(outlier),5,"day, funeral, black, cloud",12,"funeral, long, day, time",20,"funeral, dead, snow, kindle",42,"star, olympus, heaven, middle"
αἰχμή,33,lsj,point of a spear; point; spear; with the spear,140,"spear, axe, sword, wand",4,"spear, bronze, eat, silver",9,"spear, bronze, breast, arrow",12,"spear, arrow, sword, girdle",28,"spear, sword, girdle, belt"
διώκω,33,lsj,"cause to run, set in quick motion; pursue, chase; chase; follow",117,"leap, rush, run, chase",8,"flee, pass, away, drive",17,"pass, lead, come, throw",30,"pass, lead, come, throw",57,"drive, pass, rush, path"
κλείς,33,lsj,"clavis, claudo; bar, bolt; catch; hook",-1,(outlier),4,"spear, bronze, eat, silver",9,"spear, bronze, breast, arrow",12,"spear, arrow, sword, girdle",28,"spear, sword, girdle, belt"
διοτρεφής,33,lsj,"fostered, cherished by Zeus; fed by rain",100,"divine, mortal, god, zeus",1,"son, chariot, lord, old",3,"divine, honour, zeus, wonder",3,"divine, honour, zeus, god",7,"divine, zeus, god, holy"
δόρπον,33,lsj,"evening meal; meal, food",63,"eat, devour, food, meal",4,"spear, bronze, eat, silver",10,"eat, tree, heracles, meal",16,"eat, meal, food, devour",35,"eat, food, meal, devour"
μυρίος,32,lsj,"numberless, countless, infinite; measureless, immense, in finite; boundless; all kinds of",-1,(outlier),10,"wound, destroy, slay, kill",21,"wound, destroy, slay, cut",40,"vain, unceasing, unbroken, fruitless",77,"vain, unceasing, unbroken, unharmed"
οὔτι,32,agwn,"having or prompted by wisdom or discernment: ""a wise leader""; ""a wise and perceptive comment""",16,"counsel, craft, wise, plan",11,"ask, inquire, pray, care",22,"ask, pray, inquire, care",46,"rejoice, care, heed, counsel",92,"dwell, set, situated, devise"
γείνομαι,32,lsj,to be born; at oneʼs birth; beget; bring forth,105,"born, beget, bring forth, engender",7,"come, return, near, arrive",16,"come, return, hither, arrive",29,"come, arrive, home, house",56,"come, arrive, reach, born"
εἴκοσι,32,lsj,twenty; vīginti; viṃśatis,50,"years, tenth, period, ninth",1,"son, chariot, lord, old",1,"troy, athens, trojan, phthia",1,"troy, trojan, athens, thebes",3,"phthia, lesbos, hang, club"
τυτθός,32,lsj,"little, small, young; a little one; a little, a bit; little",-1,(outlier),9,"desire, noble, strength, easy",20,"noble, strength, swift, little",36,"swift, little, haste, eager",71,"little, softly, firm, small"
χαλκοχίτων,32,lsj,bronze-clad,0,"bronze, silver, copper, metal",4,"spear, bronze, eat, silver",9,"spear, bronze, breast, arrow",14,"bronze, silver, hollow, gold",31,"bronze, silver, gold, copper"
κομίζω,32,lsj,"take care of, provide for; receive, treat; attended to; attend, give heed to",6,"care, heed, bestowed, busy oneself",11,"ask, inquire, pray, care",22,"ask, pray, inquire, care",46,"rejoice, care, heed, counsel",89,"care, rejoice, heed, attempt"
τέλος,32,lsj,"coming to pass, performance, consummation; fulfilment, execution; result; coming to pass (outbreak",102,"accomplish, fulfil, pass, perform",8,"flee, pass, away, drive",17,"pass, lead, come, throw",30,"pass, lead, come, throw",57,"drive, pass, rush, path"
ὄρνις,32,lsj,ara; arins; bird; bird of omen,-1,(outlier),4,"spear, bronze, eat, silver",10,"eat, tree, heracles, meal",15,"heracles, bird, fish, fly",34,"heracles, bird, fish, fly"
ἐυκτίμενος,32,lsj (relaxed match),good to dwell in; so as to be good to dwell in; well-made; well-wrought,73,"wrought, good dwell, poised, built",9,"desire, noble, strength, easy",20,"noble, strength, swift, little",37,"noble, wrought, glorious, splendid",72,"noble, wrought, glorious, splendid"
τρεῖς,32,lsj,three; thrice; utterly; by threes,55,"fifth, half, fourth, thrice",7,"come, return, near, arrive",16,"come, return, hither, arrive",27,"return, time, fifth, backwards",53,"time, fifth, forthwith, fourth"
πεζός,32,lsj,"on foot, walking; fighters on foot; on land, going by land; infantry",-1,(outlier),1,"son, chariot, lord, old",4,"chariot, lord, guest, master",5,"chariot, lord, shield, master",13,"shield, ranks, warrior, men"
ἄγριος,32,lsj,"living in the fields, wild, savage; wild; living in a wild state; wild, uncultivated",-1,(outlier),2,"chamber, sleep, sit, bed",6,"chamber, house, ground, inner",7,"chamber, house, ground, mountain",17,"peak, mountain, hill, headland"
κερδίων,32,lsj,more profitable; most cunning; crafty; most profitable,-1,(outlier),11,"ask, inquire, pray, care",22,"ask, pray, inquire, care",44,"ask, inquire, pay, prize",85,"prize, gain, win, contest"
δυσμενής,32,lsj,hostile; enemies; an enemy of,-1,(outlier),12,"shout, speak, rouse, speech",23,"rouse, stir, anger, fight",47,"fight, quarrel, anger, battle",93,"fight, battle, quarrel, anger"
ἔντεα,32,lsj,"fighting gear, arms, armour; coat of mail, corslet; furniture, appliances, tackle; rigging",-1,(outlier),4,"spear, bronze, eat, silver",9,"spear, bronze, breast, arrow",12,"spear, arrow, sword, girdle",28,"spear, sword, girdle, belt"
κυδάλιμος,32,lsj,"glorious, renowned; noble",81,"glorious, noble, famous, renowned",9,"desire, noble, strength, easy",20,"noble, strength, swift, little",37,"noble, wrought, glorious, splendid",72,"noble, wrought, glorious, splendid"
ἐπιτίθημι,32,lsj,"lay, put; place upon; laid on; set",92,"sleep, lie, lay, bed",2,"chamber, sleep, sit, bed",5,"sleep, sit, seat, bed",6,"sleep, sit, seat, bed",15,"sleep, bed, lie, lay"
ῥᾴδιος,32,lsj,"easy, ready; easy to make; easy to understand and follow; easy",14,"ready, make, order, prepare",9,"desire, noble, strength, easy",20,"noble, strength, swift, little",36,"swift, little, haste, eager",71,"little, softly, firm, small"
δεξιός,32,lsj,on the right hand; side; the right; fortunate,60,"hand, left, right, sides",3,"meet, bind, round, stretch",7,"round, stretch, straight, turn",8,"round, straight, stretch, turn",19,"straight, right, hand, opposite"
διαμπερές,32,lsj,"through and through, right through; without break, continuously; in a piece; throughout, for ever",-1,(outlier),10,"wound, destroy, slay, kill",21,"wound, destroy, slay, cut",40,"vain, unceasing, unbroken, fruitless",77,"vain, unceasing, unbroken, unharmed"
Κύκλωψ,32,lsj,Cyclops; Round-eyed; round-eyed; Polyphemus,23,"eye, face, roots, round",11,"ask, inquire, pray, care",22,"ask, pray, inquire, care",43,"know, appear, perceive, look",83,"look, gaze, eye, behold"
ὕστερος,31,lsj,"latter, last; úttaras, uttamás; latter; coming after, behind",43,"return, backwards, rear, home",1,"son, chariot, lord, old",1,"troy, athens, trojan, phthia",1,"troy, trojan, athens, thebes",3,"phthia, lesbos, hang, club"
ὄσσε,31,lsj,the two eyes; oqṷ-ye,23,"eye, face, roots, round",11,"ask, inquire, pray, care",22,"ask, pray, inquire, care",43,"know, appear, perceive, look",83,"look, gaze, eye, behold"
δατέομαι,31,lsj,divide among themselves; they share; are alike filled with; tear,70,"apart, separate, divide, choose",3,"meet, bind, round, stretch",8,"meet, bind, ready, gather",10,"meet, gather, pick, assembly",24,"mix, equal, alike, separate"
πτολίεθρον,31,agwn,"an incorporated administrative district established by state charter: ""the city raised the tax rate""",126,"dwell, inhabit, people, situated",11,"ask, inquire, pray, care",22,"ask, pray, inquire, care",44,"ask, inquire, pay, prize",87,"pay, debt, receive, price"
δεσμός,31,lsj,"band, bond, anything for tying and fastening; halter; mooring-cable; door-latch",141,"strap, cord, thong, bar",4,"spear, bronze, eat, silver",9,"spear, bronze, breast, arrow",12,"spear, arrow, sword, girdle",28,"spear, sword, girdle, belt"
κράτος,31,lsj,"strength, might; bodily strength; strength; all oneʼs might",89,"strength, force, better, mighty",9,"desire, noble, strength, easy",20,"noble, strength, swift, little",38,"strength, force, high, courage",73,"strength, force, heavy, feeble"
νημερτής,31,lsj,"unerring, infallible; sure; that will infallibly be put in force; sure truths",129,"unresting, ungovernable, unseen, ceaseless",11,"ask, inquire, pray, care",22,"ask, pray, inquire, care",46,"rejoice, care, heed, counsel",90,"trusty, cheat, truth, trusted"
κράς,31,lsj,"head; top, peak; the head; far end",119,"helmet, head, peak, brim",4,"spear, bronze, eat, silver",9,"spear, bronze, breast, arrow",13,"helmet, hair, head, cloth",30,"hair, helmet, head, face"
σχέτλιος,31,lsj,"able to hold out, unwearying, unflinching; flinching from no cruelty; wickedness, merciless, headstrong; wicked",111,"hateful, hated, ruthless, terrible",10,"wound, destroy, slay, kill",21,"wound, destroy, slay, cut",41,"destiny, dishonour, wretched, hateful",79,"destiny, wretched, hateful, wrath"
νῶτον,31,lsj,back; chine; the back; rear,43,"return, backwards, rear, home",4,"spear, bronze, eat, silver",9,"spear, bronze, breast, arrow",11,"breast, thigh, knee, arm",26,"breast, thigh, knee, arm"
εἰσέρχομαι,31,lsj,"go in; into, enter; invaded; come into",95,"enter, come, inspire, city",7,"come, return, near, arrive",16,"come, return, hither, arrive",29,"come, arrive, home, house",56,"come, arrive, reach, born"
σίδηρος,31,lsj,"iron; hardness; stubborn force; firmness, steadfastness",-1,(outlier),9,"desire, noble, strength, easy",20,"noble, strength, swift, little",36,"swift, little, haste, eager",71,"little, softly, firm, small"
ῥύομαι,31,agwn,"discharge or settle: ""pay a debt""; ""pay an obligation""",30,"pay, price, debt, obligation",11,"ask, inquire, pray, care",22,"ask, pray, inquire, care",44,"ask, inquire, pay, prize",87,"pay, debt, receive, price"
ἆθλον,31,lsj,prize of contest; prizes; as the prize; contest,32,"prize, contest, gain, win",11,"ask, inquire, pray, care",22,"ask, pray, inquire, care",44,"ask, inquire, pay, prize",85,"prize, gain, win, contest"
ἐυκνήμις,30,lsj (relaxed match),well-greaved; with goodly spokes,73,"wrought, good dwell, poised, built",4,"spear, bronze, eat, silver",9,"spear, bronze, breast, arrow",12,"spear, arrow, sword, girdle",28,"spear, sword, girdle, belt"
ἀριστεύς,30,lsj,those who excel in valour; chiefs,101,"lord, queen, master, ruler",1,"son, chariot, lord, old",1,"troy, athens, trojan, phthia",1,"troy, trojan, athens, thebes",3,"phthia, lesbos, hang, club"
ὀφέλλω,30,lsj,"increase, enlarge, strengthen; raises high; multiply; add to",103,"raise, lean, inclining, make stand",3,"meet, bind, round, stretch",7,"round, stretch, straight, turn",8,"round, straight, stretch, turn",22,"draw, raise, drag, stand"
ὅρκιον,30,lsj,oath; oaths; the offerings and other things used at a solemn oath; treaty,76,"oath, swear, affirm, think deem",11,"ask, inquire, pray, care",22,"ask, pray, inquire, care",45,"pray, oath, herald, command",88,"pray, oath, herald, command"
ἐπαίσσω,30,lsj (relaxed match),"rush at; upon; rush upon; assail, assault",117,"leap, rush, run, chase",8,"flee, pass, away, drive",17,"pass, lead, come, throw",30,"pass, lead, come, throw",57,"drive, pass, rush, path"
ἐκτελέω,30,lsj,"bring to an end, accomplish, achieve; fulfil; PMag. Osl; will be accomplished",102,"accomplish, fulfil, pass, perform",8,"flee, pass, away, drive",17,"pass, lead, come, throw",30,"pass, lead, come, throw",60,"lead, end, shut, fulfil"
δεῖπνον,30,lsj,meal; noonday meal; morning meal; evening meal,63,"eat, devour, food, meal",4,"spear, bronze, eat, silver",10,"eat, tree, heracles, meal",16,"eat, meal, food, devour",35,"eat, food, meal, devour"
παντοῖος,30,lsj,"of all sorts; kinds, manifold; all possible shapes; tries every shift",-1,(outlier),4,"spear, bronze, eat, silver",9,"spear, bronze, breast, arrow",14,"bronze, silver, hollow, gold",32,"hollow, shape, form, hewn"
ἱερεύω,30,lsj,sacrifice; offer sacrifice; slaughter; to slaughter for themselves,74,"slay, slaughter, kill, sacrifice",10,"wound, destroy, slay, kill",21,"wound, destroy, slay, cut",39,"slay, kill, destroy, waste",76,"slay, slaughter, kill, sacrifice"
πονέω,30,lsj,work hard; to suffer toil; he did his work; were busied,31,"toil, work, suffer, labour",10,"wound, destroy, slay, kill",21,"wound, destroy, slay, cut",42,"wound, cut, tears, toil",81,"toil, tears, pain, distressed"
ἀλεγεινός,30,lsj,"causing pain, grievous; troublesome",79,"grieving, distressed, wretched, pity",10,"wound, destroy, slay, kill",21,"wound, destroy, slay, cut",42,"wound, cut, tears, toil",81,"toil, tears, pain, distressed"
δηιοτής,30,lsj (relaxed match),"battle-strife, the battle; mortal struggle, death",27,"battle, quarrel, fight, strife",12,"shout, speak, rouse, speech",23,"rouse, stir, anger, fight",47,"fight, quarrel, anger, battle",93,"fight, battle, quarrel, anger"
ποικίλος,30,lsj,"many-coloured, spotted, pied, dappled; tattooed; wrought in various colours; a broidered robe",21,"golden, robe, flowers, soft",4,"spear, bronze, eat, silver",9,"spear, bronze, breast, arrow",13,"helmet, hair, head, cloth",29,"cloth, garment, skin, cloak"
χάλκειος,30,lsj,"of copper; bronze, brazen; of brass; yellow fish thistle, Carlina corymbosa",0,"bronze, silver, copper, metal",4,"spear, bronze, eat, silver",9,"spear, bronze, breast, arrow",14,"bronze, silver, hollow, gold",31,"bronze, silver, gold, copper"
γαστήρ,30,lsj,"paunch, belly; the hollow; belly; wide part",139,"breast, hollow, lap, guts",4,"spear, bronze, eat, silver",9,"spear, bronze, breast, arrow",14,"bronze, silver, hollow, gold",32,"hollow, shape, form, hewn"
ἡνίοχος,30,lsj,"one who holds the reins, driver, charioteer; chariot-driver; rider; the helmsman",15,"chariot, car, driver, horse",1,"son, chariot, lord, old",4,"chariot, lord, guest, master",5,"chariot, lord, shield, master",11,"chariot, car, driver, travelling"
ἀολλής,30,lsj,"all together, in throngs; crowds; all together; together",58,"crowded, people, pile, heaps",3,"meet, bind, round, stretch",8,"meet, bind, ready, gather",10,"meet, gather, pick, assembly",25,"meet, gather, assembly, face"
ἰθύς2,30,lsj (homograph 2),"against; straight upwards; enterprise; mood, designs",39,"face, opposite, straight, right",3,"meet, bind, round, stretch",7,"round, stretch, straight, turn",8,"round, straight, stretch, turn",19,"straight, right, hand, opposite"
γαμέω,30,lsj,marry; take to wife; marry a wife; take for a paramour,110,"wife, marry, marriage, wedded",1,"son, chariot, lord, old",2,"old, mother, son, wife",2,"old, son, mother, wife",4,"wife, sister, brother, marry"
τιμάω,29,lsj,"honour, revere, reverence; bestow honours; reward; will honour",26,"honour, wonder, reverence, glory",1,"son, chariot, lord, old",3,"divine, honour, zeus, wonder",3,"divine, honour, zeus, god",8,"honour, wonder, reverence, gift"
ὁρμαίνω,29,lsj,"turn over; revolve anxiously in the mind, debate, ponder; ponder over, meditate; think, muse",16,"counsel, craft, wise, plan",11,"ask, inquire, pray, care",22,"ask, pray, inquire, care",46,"rejoice, care, heed, counsel",92,"dwell, set, situated, devise"
ἐδητύς,29,lsj,"meat, food",63,"eat, devour, food, meal",4,"spear, bronze, eat, silver",10,"eat, tree, heracles, meal",16,"eat, meal, food, devour",35,"eat, food, meal, devour"
ἀυτή,29,lsj (relaxed match),"cry, shout; battle-shout, war-cry; blast; creaking",65,"shout, battle, war, aloud",12,"shout, speak, rouse, speech",24,"shout, lament, wail, loud",49,"shout, lament, wail, loud",98,"shout, lament, wail, shriek"
κορυφή,29,lsj,"head, top; crown, top of the head; top, peak; summit, top",119,"helmet, head, peak, brim",4,"spear, bronze, eat, silver",9,"spear, bronze, breast, arrow",13,"helmet, hair, head, cloth",30,"hair, helmet, head, face"
ὀχθέω,29,lsj,"to be sorely angered, vexed in spirit",-1,(outlier),10,"wound, destroy, slay, kill",21,"wound, destroy, slay, cut",42,"wound, cut, tears, toil",81,"toil, tears, pain, distressed"
φᾶρος,29,lsj,"a large piece of cloth, web; a wide cloak; mantle; shroud",114,"garment, cloth, skin, cloak",4,"spear, bronze, eat, silver",9,"spear, bronze, breast, arrow",13,"helmet, hair, head, cloth",29,"cloth, garment, skin, cloak"
ἔθνος,29,lsj,"number of people living together, company, body of men; band; host; swarms, flocks",58,"crowded, people, pile, heaps",3,"meet, bind, round, stretch",8,"meet, bind, ready, gather",10,"meet, gather, pick, assembly",25,"meet, gather, assembly, face"
ἅλις,29,lsj,"in crowds, in plenty; sufficiently, enough; just enough, in moderation; in abundance",57,"just, exceedingly, altogether, greater",9,"desire, noble, strength, easy",20,"noble, strength, swift, little",35,"like, resembling, mighty, sort",69,"great, mighty, sort, exceedingly"
ὄσσα,29,lsj,a rumour; voice; sound; din,41,"voice, sound, speech, hear",12,"shout, speak, rouse, speech",25,"speak, speech, voice, address",50,"speak, speech, voice, address",100,"speech, voice, speak, clear"
εὔσελμος,29,lsj,well-benched; decked,73,"wrought, good dwell, poised, built",4,"spear, bronze, eat, silver",9,"spear, bronze, breast, arrow",11,"breast, thigh, knee, arm",26,"breast, thigh, knee, arm"
ὕπερθεν,29,lsj,"from above; above; above, in the upper parts; from heaven above",93,"set, beneath, lowest, high",7,"come, return, near, arrive",15,"near, nigh, far, hand",25,"beneath, lowest, hindmost, atop",49,"beneath, lowest, high, aloft"
χρόνος,29,lsj,"time; a definite time, period; chronological; dates",50,"years, tenth, period, ninth",5,"day, funeral, black, cloud",12,"funeral, long, day, time",19,"long, day, time, morning",39,"day, morning, dawn, early"
ἀφνειός,29,lsj,"rich, wealthy; abundant",-1,(outlier),9,"desire, noble, strength, easy",20,"noble, strength, swift, little",37,"noble, wrought, glorious, splendid",72,"noble, wrought, glorious, splendid"
ποδώκης,29,lsj,"swiftfooted; swift, quick; hasty, impetuous, rash",2,"swift, quick, hasty, light",9,"desire, noble, strength, easy",20,"noble, strength, swift, little",36,"swift, little, haste, eager",70,"swift, haste, eager, quick"
χαμᾶζε,29,lsj,"to the ground, on the ground; to the ground",116,"earth, ground, surface, deep",2,"chamber, sleep, sit, bed",6,"chamber, house, ground, inner",7,"chamber, house, ground, mountain",16,"ground, trench, earth, dug"
πάντοσε,29,lsj,"every way, in all directions",-1,(outlier),7,"come, return, near, arrive",16,"come, return, hither, arrive",28,"hither, wherefore, way, just",54,"hither, wherefore, way, just"
ἐπεύχομαι,29,lsj,pray; make a vow to; give thanks to; pray to,71,"pray, vow, boast, votive offering",11,"ask, inquire, pray, care",22,"ask, pray, inquire, care",45,"pray, oath, herald, command",88,"pray, oath, herald, command"
ἀντικρύ,29,lsj,"over against, right opposite; straight on, right on; right; outright, utterly, quite",39,"face, opposite, straight, right",3,"meet, bind, round, stretch",7,"round, stretch, straight, turn",8,"round, straight, stretch, turn",19,"straight, right, hand, opposite"
λαγχάνω,29,lsj,obtain by lot; obtain as oneʼs portion; had; for my portion,-1,(outlier),11,"ask, inquire, pray, care",22,"ask, pray, inquire, care",44,"ask, inquire, pay, prize",87,"pay, debt, receive, price"
ἀγρός,29,lsj,"field; fields, lands; farm; tilled land",-1,(outlier),2,"chamber, sleep, sit, bed",6,"chamber, house, ground, inner",7,"chamber, house, ground, mountain",16,"ground, trench, earth, dug"
καταλείπω,29,lsj,"leave behind; leave behind one; to be left, remain behind; left behind",84,"leave, retire, gone, withdraw",7,"come, return, near, arrive",15,"near, nigh, far, hand",25,"beneath, lowest, hindmost, atop",49,"beneath, lowest, high, aloft"
ἀγών,29,lsj,"gathering, assembly; assembly met to see games; place of contest, lists, course; lists",56,"gather, assemble, collect, lists",3,"meet, bind, round, stretch",8,"meet, bind, ready, gather",10,"meet, gather, pick, assembly",25,"meet, gather, assembly, face"
τελευτάω,29,lsj,"bring to pass, accomplish; fulfil; bring about; end",102,"accomplish, fulfil, pass, perform",8,"flee, pass, away, drive",17,"pass, lead, come, throw",30,"pass, lead, come, throw",60,"lead, end, shut, fulfil"
τρίπους,29,lsj,"three-footed, of; with three feet; measuring three feet; the side of a square three feet in area",5,"high, lofty, height, feet",3,"meet, bind, round, stretch",7,"round, stretch, straight, turn",8,"round, straight, stretch, turn",22,"draw, raise, drag, stand"
δμώς,29,lsj,slave taken in war; slave,-1,(outlier),1,"son, chariot, lord, old",4,"chariot, lord, guest, master",4,"guest, slave, serve, banquet",10,"slave, mistress, care, queen"
οἰωνός,28,lsj,"a large bird, bird of prey; birds; a bird of omen; augury",-1,(outlier),4,"spear, bronze, eat, silver",10,"eat, tree, heracles, meal",15,"heracles, bird, fish, fly",34,"heracles, bird, fish, fly"
μετόπισθε,28,lsj,"behind, in the rear; behind; in the second rank; after, afterwards",43,"return, backwards, rear, home",7,"come, return, near, arrive",15,"near, nigh, far, hand",25,"beneath, lowest, hindmost, atop",49,"beneath, lowest, high, aloft"
ἀποτίνω,28,lsj,repay; pay for; may atone for; made atonement,30,"pay, price, debt, obligation",11,"ask, inquire, pray, care",22,"ask, pray, inquire, care",44,"ask, inquire, pay, prize",87,"pay, debt, receive, price"
ἀρχός,28,lsj,"leader, chief; ruler; dux Orientis; the rectum",101,"lord, queen, master, ruler",1,"son, chariot, lord, old",4,"chariot, lord, guest, master",5,"chariot, lord, shield, master",12,"lord, king, master, leader"
αἰχμητής,28,lsj,"spearman, warrior; pointed; spear-wielding; warlike",140,"spear, axe, sword, wand",4,"spear, bronze, eat, silver",9,"spear, bronze, breast, arrow",12,"spear, arrow, sword, girdle",28,"spear, sword, girdle, belt"
καρτερός,28,lsj,"strong, staunch; the strongest; possessed of, in control of, master of; steadfast, patient",89,"strength, force, better, mighty",9,"desire, noble, strength, easy",20,"noble, strength, swift, little",38,"strength, force, high, courage",74,"high, courage, better, stout"
ὁμῶς,28,lsj,"equally, likewise, alike; in equal parts; both; alike",69,"like, equal, age, resembling",3,"meet, bind, round, stretch",8,"meet, bind, ready, gather",10,"meet, gather, pick, assembly",24,"mix, equal, alike, separate"
λιγύς,28,lsj,"clear, shrill; clear, sweet; clear-toned; clear-voiced",41,"voice, sound, speech, hear",12,"shout, speak, rouse, speech",25,"speak, speech, voice, address",50,"speak, speech, voice, address",100,"speech, voice, speak, clear"
ἠριγένεια,28,lsj,"early-born, child of morn; morn; morning; a day",8,"day, light, morning, early",5,"day, funeral, black, cloud",12,"funeral, long, day, time",19,"long, day, time, morning",39,"day, morning, dawn, early"
πορφύρεος,28,lsj,"heaving, surging; gushing; onrushing; lurid",-1,(outlier),6,"wind, water, pour, sea",13,"pour, wash, oil, breathe",22,"pour, breathe, flow, spread",45,"breathe, disperse, sprinkle, spread"
ἅλλομαι,28,lsj,"sal; sal-io; spring, leap; leap upon",117,"leap, rush, run, chase",12,"shout, speak, rouse, speech",23,"rouse, stir, anger, fight",48,"rouse, stir, dance, song",95,"spring, dart, rush, leap"
τοιόσδε,28,lsj,"such as this; such as you see; so great, so bad; such",-1,(outlier),9,"desire, noble, strength, easy",20,"noble, strength, swift, little",35,"like, resembling, mighty, sort",69,"great, mighty, sort, exceedingly"
αἶα,28,lsj,avia,-1,(outlier),1,"son, chariot, lord, old",1,"troy, athens, trojan, phthia",1,"troy, trojan, athens, thebes",3,"phthia, lesbos, hang, club"
ἀτάλαντος,28,lsj,"equal in weight, equivalent to, like; equal to; like; in equipoise",69,"like, equal, age, resembling",3,"meet, bind, round, stretch",8,"meet, bind, ready, gather",10,"meet, gather, pick, assembly",24,"mix, equal, alike, separate"
ἀγχοῦ,28,lsj,near,59,"hither, wherefore, place, way",7,"come, return, near, arrive",15,"near, nigh, far, hand",26,"near, far, nigh, hand",51,"near, nigh, hand, close"
στόμα,28,lsj,"mouth; the very jaws; the mouth as the organ of speech; mouthpiece, organ",41,"voice, sound, speech, hear",12,"shout, speak, rouse, speech",25,"speak, speech, voice, address",50,"speak, speech, voice, address",100,"speech, voice, speak, clear"
πλεῖστος,28,lsj,"most, greatest, largest; most in vogue; the greatest number; the greatest part",-1,(outlier),9,"desire, noble, strength, easy",20,"noble, strength, swift, little",38,"strength, force, high, courage",74,"high, courage, better, stout"
τῆλε,28,lsj,"at a distance, far off; to a distance, afar; far from",45,"far, away, apart, aloof",7,"come, return, near, arrive",15,"near, nigh, far, hand",26,"near, far, nigh, hand",50,"far, away, distance, distant"
σιωπή,28,lsj,silence; a hush; calm; the habit of silence,24,"silence, shake, tremble, softly",8,"flee, pass, away, drive",18,"flee, fear, away, hold",32,"flee, fear, wander, avoid",64,"fear, silence, conceal, alarm"
ὄβριμος,28,lsj,"strong, mighty; mightily; of might",89,"strength, force, better, mighty",9,"desire, noble, strength, easy",20,"noble, strength, swift, little",38,"strength, force, high, courage",73,"strength, force, heavy, feeble"
ἀήρ,28,lsj,"mist, haze; lower air; air; the open air",18,"wind, cloud, mist, stormy",6,"wind, water, pour, sea",13,"pour, wash, oil, breathe",22,"pour, breathe, flow, spread",45,"breathe, disperse, sprinkle, spread"
πλέω,28,lsj,"sail, go by sea; sail; be at sea; swim, float",131,"sail, ship, sea, float",6,"wind, water, pour, sea",14,"wind, sea, stream, water",24,"sea, stream, wine, water",47,"sea, sail, strait, ship"
οὖδας,28,lsj,"surface of the earth, ground; surface; the dust; on the ground",116,"earth, ground, surface, deep",2,"chamber, sleep, sit, bed",6,"chamber, house, ground, inner",7,"chamber, house, ground, mountain",16,"ground, trench, earth, dug"
βλέφαρον,28,lsj,eyelids; eyes,23,"eye, face, roots, round",11,"ask, inquire, pray, care",22,"ask, pray, inquire, care",43,"know, appear, perceive, look",83,"look, gaze, eye, behold"
οὖς,28,lsj,Cultes Egyptiens; ear; the ear; ears,-1,(outlier),1,"son, chariot, lord, old",1,"troy, athens, trojan, phthia",1,"troy, trojan, athens, thebes",1,"troy, trojan, athens, thebes"
παρατίθημι,28,lsj,"place beside; set before, serve up; the serving-men; meats set before one",34,"guest, banquet, meal, feast",1,"son, chariot, lord, old",4,"chariot, lord, guest, master",4,"guest, slave, serve, banquet",9,"guest, banquet, dinner, meal"
ἐρίζω,27,lsj,"strive, wrangle, quarrel; contend; sophistical disputations; discord",27,"battle, quarrel, fight, strife",12,"shout, speak, rouse, speech",23,"rouse, stir, anger, fight",47,"fight, quarrel, anger, battle",93,"fight, battle, quarrel, anger"
ἁνδάνω,27,lsj,"please, delight, gratify; pleased; with; the opinion",113,"delight, joy, pleasure, rejoice",9,"desire, noble, strength, easy",19,"desire, wish, love, want",34,"love, heart, sweet, warm",67,"sweet, warm, glad, delight"
ἀγοράομαι,27,lsj,"meet in assembly, sit in debate; speak in the assembly, harangue; speak, utter; speak, talk with",36,"address, speak, accost, assembly",3,"meet, bind, round, stretch",8,"meet, bind, ready, gather",10,"meet, gather, pick, assembly",25,"meet, gather, assembly, face"
ἆσσον,27,lsj,nearer,44,"near, nigh, hand, hard",7,"come, return, near, arrive",15,"near, nigh, far, hand",26,"near, far, nigh, hand",51,"near, nigh, hand, close"
ὀφείλω,27,lsj,"owe, have to pay; account for; do I owe?; to be debtor",30,"pay, price, debt, obligation",11,"ask, inquire, pray, care",22,"ask, pray, inquire, care",44,"ask, inquire, pay, prize",87,"pay, debt, receive, price"
ἐρετμόν,27,lsj,oar,51,"oar, ranks, rows, handle",4,"spear, bronze, eat, silver",9,"spear, bronze, breast, arrow",11,"breast, thigh, knee, arm",26,"breast, thigh, knee, arm"
πόσις2,27,lsj (homograph 2),"drinking, drink, beverage; carousal; over their cups; draught",28,"wine, drink, mix, lesbos",6,"wind, water, pour, sea",14,"wind, sea, stream, water",24,"sea, stream, wine, water",48,"stream, wine, water, drink"
ῥοδοδάκτυλος,27,lsj,rosy-fingered,-1,(outlier),1,"son, chariot, lord, old",1,"troy, athens, trojan, phthia",1,"troy, trojan, athens, thebes",3,"phthia, lesbos, hang, club"
βοάω,27,lsj,"cry aloud, shout; men ready to shout; roar, howl; resound, echo",65,"shout, battle, war, aloud",12,"shout, speak, rouse, speech",24,"shout, lament, wail, loud",49,"shout, lament, wail, loud",98,"shout, lament, wail, shriek"
Ἀργειφόντης,27,lsj,slayer of Argus; serpent-slayer,135,"herd, serpent, boar, wolf",4,"spear, bronze, eat, silver",10,"eat, tree, heracles, meal",15,"heracles, bird, fish, fly",34,"heracles, bird, fish, fly"
ἐνιαυτός,27,lsj,"anniversary; lapse of a year; on the expiry of a year; any long period of time, cycle, period",50,"years, tenth, period, ninth",5,"day, funeral, black, cloud",12,"funeral, long, day, time",19,"long, day, time, morning",39,"day, morning, dawn, early"
ὥρα,27,lsj,sūra,-1,(outlier),1,"son, chariot, lord, old",1,"troy, athens, trojan, phthia",1,"troy, trojan, athens, thebes",3,"phthia, lesbos, hang, club"
ἐπίσταμαι,27,lsj,know; be able; capable; can,17,"know, perceive, discover, recognize",11,"ask, inquire, pray, care",22,"ask, pray, inquire, care",43,"know, appear, perceive, look",82,"know, appear, perceive, bring light"
ἀλάομαι,27,lsj,"wander, roam; to be outcast, banished; wander over; wander away from, miss",62,"wander, roam, harm, away",8,"flee, pass, away, drive",18,"flee, fear, away, hold",32,"flee, fear, wander, avoid",63,"flee, wander, avoid, escape"
ὑπέρθυμος,27,lsj,"high-spirited, high-minded, daring; overweening; over-spirited; vehemently angry",-1,(outlier),9,"desire, noble, strength, easy",20,"noble, strength, swift, little",38,"strength, force, high, courage",74,"high, courage, better, stout"
ἄγαμαι,27,lsj,wonder; admire; for; wonder at,26,"honour, wonder, reverence, glory",1,"son, chariot, lord, old",3,"divine, honour, zeus, wonder",3,"divine, honour, zeus, god",8,"honour, wonder, reverence, gift"
καταβαίνω,27,lsj,come down from; die; came down from; came down,91,"throw, send, fall, forth",8,"flee, pass, away, drive",17,"pass, lead, come, throw",30,"pass, lead, come, throw",58,"ibo, sink, fall, come"
ἡνία,27,lsj,reins; bit; ṇsiyo; nāsyam,46,"ti, quarterly, shear lay, bit",1,"son, chariot, lord, old",1,"troy, athens, trojan, phthia",1,"troy, trojan, athens, thebes",3,"phthia, lesbos, hang, club"
παχύς,27,lsj,"thick, stout; thick; fat; rich, fertile",82,"stout, strong, sturdy, heavy",9,"desire, noble, strength, easy",20,"noble, strength, swift, little",38,"strength, force, high, courage",74,"high, courage, better, stout"
φίλτατος,27,lsj,oneʼs nearest and dearest,44,"near, nigh, hand, hard",7,"come, return, near, arrive",15,"near, nigh, far, hand",26,"near, far, nigh, hand",51,"near, nigh, hand, close"
μειλίχιος,27,lsj,"gentle, soothing; with gentle words; mild, gracious; of those who invoked him with propitiatory offerings",78,"heart, affection, gentle, love",9,"desire, noble, strength, easy",19,"desire, wish, love, want",34,"love, heart, sweet, warm",67,"sweet, warm, glad, delight"
λίθος,27,lsj,"stone; stones; stonequoit; stone, petrified",132,"stone, hewn, block, boulder shape",4,"spear, bronze, eat, silver",9,"spear, bronze, breast, arrow",14,"bronze, silver, hollow, gold",33,"lycia, stone, grind, goblet"
Ἄρτεμις,27,lsj,Artemis,-1,(outlier),5,"day, funeral, black, cloud",12,"funeral, long, day, time",20,"funeral, dead, snow, kindle",42,"star, olympus, heaven, middle"
πρυμνός,27,lsj,"hindmost, undermost, end-most; the end of; the end; next the body",93,"set, beneath, lowest, high",7,"come, return, near, arrive",15,"near, nigh, far, hand",25,"beneath, lowest, hindmost, atop",49,"beneath, lowest, high, aloft"
δοκέω,27,lsj,"expect; think, suppose, imagine; thought; methought",16,"counsel, craft, wise, plan",11,"ask, inquire, pray, care",22,"ask, pray, inquire, care",46,"rejoice, care, heed, counsel",89,"care, rejoice, heed, attempt"
δώδεκα,27,agwn,the cardinal number that is the sum of eleven and one,50,"years, tenth, period, ninth",1,"son, chariot, lord, old",1,"troy, athens, trojan, phthia",1,"troy, trojan, athens, thebes",2,"tenth, eleventh, number, seven"
ἀλύσκω,27,lsj,"flee from, shun; escape; he escaped; wander restlessly",61,"flee, escape, avoid, shun",8,"flee, pass, away, drive",18,"flee, fear, away, hold",32,"flee, fear, wander, avoid",63,"flee, wander, avoid, escape"
ἀγγέλλω,27,lsj,"bear a message; may bring; word; announce, report",68,"herald, report, message, tidings",11,"ask, inquire, pray, care",22,"ask, pray, inquire, care",45,"pray, oath, herald, command",88,"pray, oath, herald, command"
ῥόος,27,lsj,"stream, flow of water, current; their own bed; stream; current",38,"stream, water, river, spring",6,"wind, water, pour, sea",14,"wind, sea, stream, water",24,"sea, stream, wine, water",48,"stream, wine, water, drink"
ἄποινα,26,lsj,ransom; price paid; to recover oneʼs freedom; to save oneʼs life,30,"pay, price, debt, obligation",11,"ask, inquire, pray, care",22,"ask, pray, inquire, care",44,"ask, inquire, pay, prize",87,"pay, debt, receive, price"
ὑπόδρα,26,lsj,"from under; looking askance, grimly",-1,(outlier),10,"wound, destroy, slay, kill",21,"wound, destroy, slay, cut",41,"destiny, dishonour, wretched, hateful",79,"destiny, wretched, hateful, wrath"
ἐπιπείθομαι,26,lsj,"to be persuaded; trust; to, put faith in; comply with, obey",-1,(outlier),11,"ask, inquire, pray, care",22,"ask, pray, inquire, care",45,"pray, oath, herald, command",88,"pray, oath, herald, command"
χρεώ,26,lsj,"want, need; need; necessity; need of",13,"desire, want, wish, need",9,"desire, noble, strength, easy",19,"desire, wish, love, want",33,"wish, need, want, desire",65,"wish, need, want, desire"
πάροιθε,26,lsj,"before; in the presence of; before, in front; formerly",43,"return, backwards, rear, home",7,"come, return, near, arrive",15,"near, nigh, far, hand",25,"beneath, lowest, hindmost, atop",49,"beneath, lowest, high, aloft"
ἑξῆς,26,lsj,"one after another, in order, in a row; continued; successive; in order",67,"forthwith, soon, longer, second",7,"come, return, near, arrive",16,"come, return, hither, arrive",27,"return, time, fifth, backwards",53,"time, fifth, forthwith, fourth"
ἔρος,26,lsj,"love, desire; Eros",13,"desire, want, wish, need",9,"desire, noble, strength, easy",19,"desire, wish, love, want",34,"love, heart, sweet, warm",66,"heart, love, affection, desire"
μεταλλάω,26,lsj,"search carefully, inquire diligently; inquire of, question; sought; out",9,"ask, inquire, beggar, question",11,"ask, inquire, pray, care",22,"ask, pray, inquire, care",44,"ask, inquire, pay, prize",86,"ask, inquire, beg, inquiry"
ὄψ,26,lsj,voice; word,41,"voice, sound, speech, hear",12,"shout, speak, rouse, speech",25,"speak, speech, voice, address",50,"speak, speech, voice, address",100,"speech, voice, speak, clear"
πλησίος,26,lsj,"near, close to; near, neighbouring; neighbour; near, hard by",44,"near, nigh, hand, hard",7,"come, return, near, arrive",15,"near, nigh, far, hand",26,"near, far, nigh, hand",51,"near, nigh, hand, close"
κορύσσω,26,lsj,"furnish with a helmet; fit out, equip, marshal; equip, arm oneself; headed with",119,"helmet, head, peak, brim",4,"spear, bronze, eat, silver",9,"spear, bronze, breast, arrow",13,"helmet, hair, head, cloth",30,"hair, helmet, head, face"
ἡγεμών,26,lsj,"one who leads; guide; one who does a thing first, shows the way; leaders, Mnemos",-1,(outlier),11,"ask, inquire, pray, care",22,"ask, pray, inquire, care",44,"ask, inquire, pay, prize",85,"prize, gain, win, contest"
ἀρηίφιλος,26,lsj (relaxed match),dear to Ares,104,"olympus, phthia, cronos, ares",5,"day, funeral, black, cloud",12,"funeral, long, day, time",20,"funeral, dead, snow, kindle",42,"star, olympus, heaven, middle"
ἱππεύς,26,lsj,one who fights from a chariot; the driver; the hero who fights; one who drives in a chariot-race,15,"chariot, car, driver, horse",1,"son, chariot, lord, old",4,"chariot, lord, guest, master",5,"chariot, lord, shield, master",11,"chariot, car, driver, travelling"
ὄρχαμος,26,lsj,"leader, chief",101,"lord, queen, master, ruler",1,"son, chariot, lord, old",4,"chariot, lord, guest, master",5,"chariot, lord, shield, master",12,"lord, king, master, leader"
ἀλεείνω,26,lsj,"avoid, shun; evaded; shrink",61,"flee, escape, avoid, shun",8,"flee, pass, away, drive",18,"flee, fear, away, hold",32,"flee, fear, wander, avoid",63,"flee, wander, avoid, escape"
κυνέη,26,lsj,dogʼs skin; helmet; cap; caps,119,"helmet, head, peak, brim",4,"spear, bronze, eat, silver",9,"spear, bronze, breast, arrow",13,"helmet, hair, head, cloth",30,"hair, helmet, head, face"
δολιχόσκιος,26,lsj,casting a long shadow; long; far-reaching,-1,(outlier),5,"day, funeral, black, cloud",12,"funeral, long, day, time",19,"long, day, time, morning",38,"long, years, time, late"
ἄγνυμι,26,lsj,"break, shiver; broke; crashed through; to be broken, shivered",47,"break, shiver, broken, shrink",10,"wound, destroy, slay, kill",21,"wound, destroy, slay, cut",42,"wound, cut, tears, toil",80,"wound, cut, strip, blood"
δείκνυμι,26,lsj,"bring to light, show forth; portray, represent; cause; render",20,"appear, bring light, seen, forth",11,"ask, inquire, pray, care",22,"ask, pray, inquire, care",43,"know, appear, perceive, look",82,"know, appear, perceive, bring light"
παπταίνω,26,lsj,"look about one with a sharp, searching glance; looked about; look wistfully; look round for, look after",22,"look, gaze, behold, observe",11,"ask, inquire, pray, care",22,"ask, pray, inquire, care",43,"know, appear, perceive, look",83,"look, gaze, eye, behold"
κάματος,26,agwn,"a consequence of someone's efforts or of a particular set of circumstances; ""skill is the product of hours of practice"";",16,"counsel, craft, wise, plan",11,"ask, inquire, pray, care",22,"ask, pray, inquire, care",46,"rejoice, care, heed, counsel",89,"care, rejoice, heed, attempt"
ὀδούς,26,lsj,tooth; incisors; molars; anything pointed,120,"hair, mane, neck, bushy",4,"spear, bronze, eat, silver",9,"spear, bronze, breast, arrow",14,"bronze, silver, hollow, gold",33,"lycia, stone, grind, goblet"
πάγχυ,26,lsj,"wholly, entirely; fully",57,"just, exceedingly, altogether, greater",9,"desire, noble, strength, easy",20,"noble, strength, swift, little",35,"like, resembling, mighty, sort",69,"great, mighty, sort, exceedingly"
στρέφω,26,lsj,turn about; aside; turn; wheel,107,"round, turn, circle, wheel",3,"meet, bind, round, stretch",7,"round, stretch, straight, turn",8,"round, straight, stretch, turn",21,"round, turn, circle, rim"
νύσσω,26,lsj,"touch with a sharp point, prick, stab, pierce; dinting; having nudged; prick",72,"sharp, keen, smooth, rugged",3,"meet, bind, round, stretch",7,"round, stretch, straight, turn",8,"round, straight, stretch, turn",19,"straight, right, hand, opposite"
μῶνυξ,26,lsj,"with a single; uncloven, hoof; sem",-1,(outlier),1,"son, chariot, lord, old",1,"troy, athens, trojan, phthia",1,"troy, trojan, athens, thebes",3,"phthia, lesbos, hang, club"
ἴς,26,lsj,"sinew, tendon; sinews; the fibrous vessels in the muscles; fibrine",-1,(outlier),6,"wind, water, pour, sea",13,"pour, wash, oil, breathe",21,"wash, oil, salt, raw",43,"wash, oil, salt, raw"
βλάπτω,26,lsj,"disable, hinder; disable; lame; entangled",85,"stay, remain, restrain, stop",10,"wound, destroy, slay, kill",21,"wound, destroy, slay, cut",40,"vain, unceasing, unbroken, fruitless",77,"vain, unceasing, unbroken, unharmed"
πομπή,26,lsj,"conduct, escort; an escort; sending away, sending home; mission",-1,(outlier),1,"son, chariot, lord, old",4,"chariot, lord, guest, master",4,"guest, slave, serve, banquet",10,"slave, mistress, care, queen"
τοὔνεκα,25,lsj,"for that reason, therefore; wherefore?",59,"hither, wherefore, place, way",7,"come, return, near, arrive",16,"come, return, hither, arrive",28,"hither, wherefore, way, just",54,"hither, wherefore, way, just"
ἔκπαγλος,25,lsj,"terrible, violent; terribly, vehemently, exceedingly; beyond all measure; marvellous, wondrous",111,"hateful, hated, ruthless, terrible",10,"wound, destroy, slay, kill",21,"wound, destroy, slay, cut",41,"destiny, dishonour, wretched, hateful",79,"destiny, wretched, hateful, wrath"
φάσγανον,25,lsj,"sword; corn-flag, Gladiolus segetum",109,"tree, wood, garden, fir",4,"spear, bronze, eat, silver",9,"spear, bronze, breast, arrow",12,"spear, arrow, sword, girdle",28,"spear, sword, girdle, belt"
ἔισος,25,lsj (relaxed match),"alike, equal; equal in height; equal; equally shared, of which each partakes alike",69,"like, equal, age, resembling",3,"meet, bind, round, stretch",8,"meet, bind, ready, gather",10,"meet, gather, pick, assembly",24,"mix, equal, alike, separate"
ἄτη,25,lsj,"bewilderment, infatuation; blindness; delusion; the goddess of mischief",100,"divine, mortal, god, zeus",11,"ask, inquire, pray, care",22,"ask, pray, inquire, care",46,"rejoice, care, heed, counsel",89,"care, rejoice, heed, attempt"
ἱστίον,25,lsj,"web, cloth, sheet; hangings; piece; sail",-1,(outlier),4,"spear, bronze, eat, silver",9,"spear, bronze, breast, arrow",13,"helmet, hair, head, cloth",29,"cloth, garment, skin, cloak"
κόρος2,25,lsj (homograph 2),"boy, lad; male infant; servants; son",-1,(outlier),1,"son, chariot, lord, old",2,"old, mother, son, wife",2,"old, son, mother, wife",5,"son, child, mother, father"
νωμάω,25,lsj,"deal out, distribute; pour; the several; direct, guide",29,"pour, filled, spread, fish",6,"wind, water, pour, sea",13,"pour, wash, oil, breathe",22,"pour, breathe, flow, spread",44,"pour, flow, filled, shed"
ὑπισχνέομαι,25,lsj,take upon oneself; undertake to do; promise; she makes promises,-1,(outlier),11,"ask, inquire, pray, care",22,"ask, pray, inquire, care",46,"rejoice, care, heed, counsel",92,"dwell, set, situated, devise"
ἀμβρόσιος,25,lsj,"immortal, divine; belonging to gods; divine; divinely excellent",100,"divine, mortal, god, zeus",1,"son, chariot, lord, old",3,"divine, honour, zeus, wonder",3,"divine, honour, zeus, god",7,"divine, zeus, god, holy"
ἐλεαίρω,25,lsj,take pity on,79,"grieving, distressed, wretched, pity",10,"wound, destroy, slay, kill",21,"wound, destroy, slay, cut",41,"destiny, dishonour, wretched, hateful",78,"dishonour, pity, disgrace, reproach"
μέδων,25,agwn,a person who rules or commands,101,"lord, queen, master, ruler",1,"son, chariot, lord, old",4,"chariot, lord, guest, master",5,"chariot, lord, shield, master",12,"lord, king, master, leader"
μεταυδάω,25,lsj,"speak among; address; accost, address",36,"address, speak, accost, assembly",12,"shout, speak, rouse, speech",25,"speak, speech, voice, address",50,"speak, speech, voice, address",99,"address, speak, accost, surname"
αἰδώς,25,lsj,"reverence, awe, respect; shame, self-respect; sense of honour; shame",26,"honour, wonder, reverence, glory",1,"son, chariot, lord, old",3,"divine, honour, zeus, wonder",3,"divine, honour, zeus, god",8,"honour, wonder, reverence, gift"
γελάω,25,lsj,laugh; laughed; a laugh being raised; laughs scornfully,-1,(outlier),12,"shout, speak, rouse, speech",24,"shout, lament, wail, loud",49,"shout, lament, wail, loud",97,"loud, laugh, crash, sound"
κακότης,25,lsj,"badness; baseness, cowardice; cowardice; wickedness, vice",111,"hateful, hated, ruthless, terrible",10,"wound, destroy, slay, kill",21,"wound, destroy, slay, cut",41,"destiny, dishonour, wretched, hateful",79,"destiny, wretched, hateful, wrath"
αἰθήρ,25,lsj,"ether, the heaven; upper; air; sky",-1,(outlier),5,"day, funeral, black, cloud",12,"funeral, long, day, time",20,"funeral, dead, snow, kindle",42,"star, olympus, heaven, middle"
ὀξύς2,25,lsj (homograph 2),"sharp, keen; sharpened; point; apex",72,"sharp, keen, smooth, rugged",9,"desire, noble, strength, easy",20,"noble, strength, swift, little",36,"swift, little, haste, eager",71,"little, softly, firm, small"
φωνή,25,lsj,"sound, tone; the sound of the voice; speech, voice, utterance; cry",41,"voice, sound, speech, hear",12,"shout, speak, rouse, speech",25,"speak, speech, voice, address",50,"speak, speech, voice, address",100,"speech, voice, speak, clear"
περάω,25,lsj,drive right through; pass right across; through; traverse,-1,(outlier),8,"flee, pass, away, drive",17,"pass, lead, come, throw",30,"pass, lead, come, throw",57,"drive, pass, rush, path"
ἐξαιρέω,25,lsj,take out; take out for oneself; his; their,86,"carry, snatch, away, evaporate",8,"flee, pass, away, drive",18,"flee, fear, away, hold",31,"hold, leave, stay, retire",62,"leave, retire, away, ward"
ἔλαιον,25,lsj,olive-oil; anointing-oil; oil; any oily substance,25,"wash, oil, dry, salt",6,"wind, water, pour, sea",13,"pour, wash, oil, breathe",21,"wash, oil, salt, raw",43,"wash, oil, salt, raw"
πάλλω,25,lsj,"poise, sway; sway, brandish; toss; drove",-1,(outlier),4,"spear, bronze, eat, silver",9,"spear, bronze, breast, arrow",12,"spear, arrow, sword, girdle",28,"spear, sword, girdle, belt"
τείνω,25,lsj,stretch; pull tight; having tied; tight,106,"stretch, bend, curved, tight",3,"meet, bind, round, stretch",7,"round, stretch, straight, turn",8,"round, straight, stretch, turn",20,"bend, curved, twisted, stretch"
χαλκήρης,25,lsj,furnished; fitted with bronze; tipped; armed with bronze,0,"bronze, silver, copper, metal",4,"spear, bronze, eat, silver",9,"spear, bronze, breast, arrow",14,"bronze, silver, hollow, gold",31,"bronze, silver, gold, copper"
ἐπορούω,25,lsj,spring at; sprang to; came suddenly upon; spring upon,117,"leap, rush, run, chase",12,"shout, speak, rouse, speech",23,"rouse, stir, anger, fight",48,"rouse, stir, dance, song",95,"spring, dart, rush, leap"
θρῴσκω,25,lsj,"leap, spring; tossed; leap upon, assault; attack",117,"leap, rush, run, chase",12,"shout, speak, rouse, speech",23,"rouse, stir, anger, fight",48,"rouse, stir, dance, song",95,"spring, dart, rush, leap"
ὀδύνη,25,agwn,"a bothersome annoying person: ""that kid is a terrible pain""",54,"tears, accompanied, sobs inarticulate, inarticulate sounds",10,"wound, destroy, slay, kill",21,"wound, destroy, slay, cut",42,"wound, cut, tears, toil",81,"toil, tears, pain, distressed"
ἰθύνω,25,lsj,"make straight, straighten; guide in a straight line; let us drive; straight",-1,(outlier),3,"meet, bind, round, stretch",7,"round, stretch, straight, turn",8,"round, straight, stretch, turn",19,"straight, right, hand, opposite"
φάρμακον,25,lsj,"drug; healing remedy, medicine; medicines; a medicine for",-1,(outlier),11,"ask, inquire, pray, care",22,"ask, pray, inquire, care",46,"rejoice, care, heed, counsel",89,"care, rejoice, heed, attempt"
ἤπιος,25,lsj,"gentle, kind; appeased; kindly feeling; mild, less intense",78,"heart, affection, gentle, love",9,"desire, noble, strength, easy",19,"desire, wish, love, want",34,"love, heart, sweet, warm",67,"sweet, warm, glad, delight"
ἁμαρτάνω,25,lsj,"Acut. (Sp.); miss the mark; miss; fail of oneʼs purpose, go wrong",-1,(outlier),11,"ask, inquire, pray, care",22,"ask, pray, inquire, care",46,"rejoice, care, heed, counsel",89,"care, rejoice, heed, attempt"
μεσηγύ,25,lsj,"in the middle, between; in mid-voyage; between; meanwhile",-1,(outlier),5,"day, funeral, black, cloud",12,"funeral, long, day, time",20,"funeral, dead, snow, kindle",42,"star, olympus, heaven, middle"
γοάω,25,lsj,"groan, weep; bewail",52,"bewail, groaning, lament, sigh",12,"shout, speak, rouse, speech",24,"shout, lament, wail, loud",49,"shout, lament, wail, loud",98,"shout, lament, wail, shriek"
Βορέας,25,lsj,north wind; Boreas; the north; to the north,18,"wind, cloud, mist, stormy",6,"wind, water, pour, sea",14,"wind, sea, stream, water",23,"wind, storm, breeze, wintry",46,"wind, storm, wintry, hurricane"
καταθνήσκω,25,lsj (relaxed match),"Nuova Silloge; die away, be dying; died; to be dead",74,"slay, slaughter, kill, sacrifice",5,"day, funeral, black, cloud",12,"funeral, long, day, time",20,"funeral, dead, snow, kindle",40,"funeral, dead, mortal, alive"
νίζω,25,lsj,wash the hands; feet; to wash oneʼs hands; from,25,"wash, oil, dry, salt",6,"wind, water, pour, sea",13,"pour, wash, oil, breathe",21,"wash, oil, salt, raw",43,"wash, oil, salt, raw"
ἰάλλω,25,lsj,send forth; they put forth; laid; threw,91,"throw, send, fall, forth",8,"flee, pass, away, drive",17,"pass, lead, come, throw",30,"pass, lead, come, throw",59,"throw, send, forth, forward"
ἀρνός,24,agwn,the case expressing ownership,32,"prize, contest, gain, win",11,"ask, inquire, pray, care",22,"ask, pray, inquire, care",44,"ask, inquire, pay, prize",87,"pay, debt, receive, price"
πείρω,24,lsj,"pierce, run through; spitted; they stuck; ran",-1,(outlier),3,"meet, bind, round, stretch",7,"round, stretch, straight, turn",8,"round, straight, stretch, turn",20,"bend, curved, twisted, stretch"
ὁμιλέω,24,lsj,"to be in company with, consort with; consortest; joining in company; throng",-1,(outlier),1,"son, chariot, lord, old",4,"chariot, lord, guest, master",4,"guest, slave, serve, banquet",10,"slave, mistress, care, queen"
καθέζομαι,24,lsj,"sit down, take oneʼs seat; preside; taking their seats; sit down in, occupy",127,"sit, seat, chair, place",2,"chamber, sleep, sit, bed",5,"sleep, sit, seat, bed",6,"sleep, sit, seat, bed",14,"sit, seat, chair, throne"
οὖρος,24,lsj,fair wind; rough breeze; storm; the wind,18,"wind, cloud, mist, stormy",6,"wind, water, pour, sea",14,"wind, sea, stream, water",23,"wind, storm, breeze, wintry",46,"wind, storm, wintry, hurricane"
δέος,24,lsj,"fear, alarm; fear; fear of; to fear",35,"fear, alarm, amazed, stand awe",8,"flee, pass, away, drive",18,"flee, fear, away, hold",32,"flee, fear, wander, avoid",64,"fear, silence, conceal, alarm"
περικλυτός,24,lsj,"famous, renowned; excellent, noble",81,"glorious, noble, famous, renowned",9,"desire, noble, strength, easy",20,"noble, strength, swift, little",37,"noble, wrought, glorious, splendid",72,"noble, wrought, glorious, splendid"
ἄνευθε,24,lsj,"without; away from; far away, distant; far away",45,"far, away, apart, aloof",7,"come, return, near, arrive",15,"near, nigh, far, hand",26,"near, far, nigh, hand",50,"far, away, distance, distant"
πιστός2,24,lsj (homograph 2),"to be trusted; believed; faithful, trusty; trusted friend",90,"true, trusty, truth, cheat",11,"ask, inquire, pray, care",22,"ask, pray, inquire, care",46,"rejoice, care, heed, counsel",90,"trusty, cheat, truth, trusted"
ἀμφικαλύπτω,24,lsj,"enwrap, enfold; received within; love enfolded; overwhelm",-1,(outlier),3,"meet, bind, round, stretch",7,"round, stretch, straight, turn",8,"round, straight, stretch, turn",20,"bend, curved, twisted, stretch"
φαγεῖν,24,lsj,"eat, devour; eat of; eat up, devour, squander; bhájati",63,"eat, devour, food, meal",4,"spear, bronze, eat, silver",10,"eat, tree, heracles, meal",16,"eat, meal, food, devour",35,"eat, food, meal, devour"
θαυμάζω,24,lsj,"wonder, marvel; marvel at; wonder; honour, admire, worship",26,"honour, wonder, reverence, glory",1,"son, chariot, lord, old",3,"divine, honour, zeus, wonder",3,"divine, honour, zeus, god",8,"honour, wonder, reverence, gift"
πεντήκοντα,24,lsj,fifty,50,"years, tenth, period, ninth",1,"son, chariot, lord, old",1,"troy, athens, trojan, phthia",1,"troy, trojan, athens, thebes",2,"tenth, eleventh, number, seven"
ἀριστερός,24,lsj,"left, on the left; the left; left hand; the left hand",60,"hand, left, right, sides",3,"meet, bind, round, stretch",7,"round, stretch, straight, turn",8,"round, straight, stretch, turn",19,"straight, right, hand, opposite"
ὅμοιος,24,lsj,"like, resembling; similar; more like; most like",69,"like, equal, age, resembling",9,"desire, noble, strength, easy",20,"noble, strength, swift, little",35,"like, resembling, mighty, sort",68,"like, resembling, opportune, fond war"
ἀοιδή,24,lsj,"song; art of song; act of singing, song; thing sung, song",53,"song, dance, sing, play",12,"shout, speak, rouse, speech",23,"rouse, stir, anger, fight",48,"rouse, stir, dance, song",94,"song, dance, choir, music"
μνάομαι,24,lsj,"to be mindful of; when I remember him; turn oneʼs mind; woo for oneʼs bride, court",16,"counsel, craft, wise, plan",11,"ask, inquire, pray, care",22,"ask, pray, inquire, care",46,"rejoice, care, heed, counsel",89,"care, rejoice, heed, attempt"
ἐρίηρος,24,lsj,"faithful, trusty; loyal",90,"true, trusty, truth, cheat",11,"ask, inquire, pray, care",22,"ask, pray, inquire, care",46,"rejoice, care, heed, counsel",90,"trusty, cheat, truth, trusted"
ὑφαίνω,24,lsj,"weave; weave, ply the loom; contrive, plan; the plot they laid",-1,(outlier),3,"meet, bind, round, stretch",8,"meet, bind, ready, gather",9,"bind, ready, fast, make",23,"ready, bind, fast, make"
λιλαίομαι,24,lsj,long; desire earnestly; long to be; longing,13,"desire, want, wish, need",9,"desire, noble, strength, easy",19,"desire, wish, love, want",33,"wish, need, want, desire",65,"wish, need, want, desire"
Ἰδαῖος,24,lsj,of Ida,143,"troy, athens, trojan, greece",1,"son, chariot, lord, old",1,"troy, athens, trojan, phthia",1,"troy, trojan, athens, thebes",1,"troy, trojan, athens, thebes"
χάρις,24,lsj,"grace; outward grace; fauour, beauty; graces",26,"honour, wonder, reverence, glory",9,"desire, noble, strength, easy",19,"desire, wish, love, want",34,"love, heart, sweet, warm",67,"sweet, warm, glad, delight"
λέγω,24,lsj,lay,92,"sleep, lie, lay, bed",2,"chamber, sleep, sit, bed",5,"sleep, sit, seat, bed",6,"sleep, sit, seat, bed",15,"sleep, bed, lie, lay"
χάρμη,24,lsj,"joy of battle, lust of battle; battle-joys; victories; successes",-1,(outlier),9,"desire, noble, strength, easy",19,"desire, wish, love, want",34,"love, heart, sweet, warm",67,"sweet, warm, glad, delight"
ἀντιβολέω,24,lsj,"meet; to be present at; partake of, have oneʼs share of; fall to oneʼs lot",11,"meet, face, fall, partake",3,"meet, bind, round, stretch",8,"meet, bind, ready, gather",10,"meet, gather, pick, assembly",25,"meet, gather, assembly, face"
χαμαί,24,lsj,on the ground; underground; earth; to earth,116,"earth, ground, surface, deep",2,"chamber, sleep, sit, bed",6,"chamber, house, ground, inner",7,"chamber, house, ground, mountain",16,"ground, trench, earth, dug"
δουπέω,24,lsj,sound heavy; dead; the heavy thud of a corpse; falls with heavy sound,64,"sound, roar, shriek, clash",12,"shout, speak, rouse, speech",24,"shout, lament, wail, loud",49,"shout, lament, wail, loud",97,"loud, laugh, crash, sound"
μέλος,24,lsj,limb; bodily frame; limb by limb; dismember,138,"shoulder, thigh, limb, ankle",4,"spear, bronze, eat, silver",9,"spear, bronze, breast, arrow",11,"breast, thigh, knee, arm",26,"breast, thigh, knee, arm"
Ἐννοσίγαιος,24,lsj,Earth-shaker,24,"silence, shake, tremble, softly",12,"shout, speak, rouse, speech",23,"rouse, stir, anger, fight",48,"rouse, stir, dance, song",96,"rouse, stir, shake, tremble"
λέβης,24,lsj,"kettle, cauldron; brazier; coin stamped with a cauldron; basin",0,"bronze, silver, copper, metal",4,"spear, bronze, eat, silver",9,"spear, bronze, breast, arrow",14,"bronze, silver, hollow, gold",33,"lycia, stone, grind, goblet"
ἀποπέμπω,24,lsj,"send off; away, dispatch, dismiss; dismiss; send away from oneself",-1,(outlier),8,"flee, pass, away, drive",18,"flee, fear, away, hold",31,"hold, leave, stay, retire",62,"leave, retire, away, ward"
μενοινάω,24,lsj,desire eagerly; were eager to see; eager; design,13,"desire, want, wish, need",9,"desire, noble, strength, easy",20,"noble, strength, swift, little",36,"swift, little, haste, eager",70,"swift, haste, eager, quick"
πρόθυρον,24,lsj,"front-door, door-way; porch, portico; space before a door; porch",-1,(outlier),2,"chamber, sleep, sit, bed",6,"chamber, house, ground, inner",7,"chamber, house, ground, mountain",18,"house, chamber, wall, court"
ὅπη,24,lsj,"by which; what way, in which; what direction; part",59,"hither, wherefore, place, way",7,"come, return, near, arrive",16,"come, return, hither, arrive",28,"hither, wherefore, way, just",54,"hither, wherefore, way, just"
Καλυψώ,24,lsj,Calypso,142,"thracian, scylla seal, monachus calchas, calypso icarian",1,"son, chariot, lord, old",1,"troy, athens, trojan, phthia",1,"troy, trojan, athens, thebes",3,"phthia, lesbos, hang, club"
ταῦρος,23,lsj,bull; priest of Poseidon Taureios; the bull as a sign of the Zodiac; the pudenda muliebria,-1,(outlier),4,"spear, bronze, eat, silver",9,"spear, bronze, breast, arrow",14,"bronze, silver, hollow, gold",33,"lycia, stone, grind, goblet"
κάρηνον,23,lsj,head; peaks,119,"helmet, head, peak, brim",4,"spear, bronze, eat, silver",9,"spear, bronze, breast, arrow",13,"helmet, hair, head, cloth",30,"hair, helmet, head, face"
πυρή,23,agwn,wood heaped for burning a dead body as a funeral rite,3,"funeral, dead, rites, burial",5,"day, funeral, black, cloud",12,"funeral, long, day, time",20,"funeral, dead, snow, kindle",40,"funeral, dead, mortal, alive"
θαρσέω,23,lsj,to be of good courage; to be over-bold; fear not!; with good courage,96,"courage, good, arrogant, manly",9,"desire, noble, strength, easy",20,"noble, strength, swift, little",38,"strength, force, high, courage",74,"high, courage, better, stout"
ταρβέω,23,lsj,"to be frightened, alarmed; feels fear; a state of fear; from fear",35,"fear, alarm, amazed, stand awe",8,"flee, pass, away, drive",18,"flee, fear, away, hold",32,"flee, fear, wander, avoid",64,"fear, silence, conceal, alarm"
ποθέω,23,lsj,"long for, yearn after; miss; regret; will miss",13,"desire, want, wish, need",11,"ask, inquire, pray, care",22,"ask, pray, inquire, care",46,"rejoice, care, heed, counsel",89,"care, rejoice, heed, attempt"
ποῖος,23,lsj,of what kind?; what manner of; what sort; every,-1,(outlier),9,"desire, noble, strength, easy",20,"noble, strength, swift, little",35,"like, resembling, mighty, sort",69,"great, mighty, sort, exceedingly"
ἀναίσσω,23,lsj (relaxed match),start up; he rose to speak; gush forth; springing fresh,99,"haste, eager, furiously, rage",11,"ask, inquire, pray, care",22,"ask, pray, inquire, care",46,"rejoice, care, heed, counsel",89,"care, rejoice, heed, attempt"
ὄνειρος,23,lsj,Les graffites grecs du Memnonion dʼAbydos; dream; a dream; faint and shadowy traces,1,"memnonion, du, des, grecs",1,"son, chariot, lord, old",1,"troy, athens, trojan, phthia",1,"troy, trojan, athens, thebes",3,"phthia, lesbos, hang, club"
λιπαρός,23,lsj,"oily, shiny with oil; anointed; shiny; fatty, greasy",-1,(outlier),5,"day, funeral, black, cloud",11,"black, dark, bright, shine",18,"black, dark, bright, shine",37,"black, dark, bright, light"
πολυμήχανος,23,lsj,"resourceful, inventive",16,"counsel, craft, wise, plan",3,"meet, bind, round, stretch",8,"meet, bind, ready, gather",9,"bind, ready, fast, make",23,"ready, bind, fast, make"
Κρόνος,23,lsj,"Cronos; Saturn; Saturday; a dotard, old fool",104,"olympus, phthia, cronos, ares",1,"son, chariot, lord, old",2,"old, mother, son, wife",2,"old, son, mother, wife",6,"old, age, youth, elders"
ἐνίπτω,23,lsj,"reprove, upbraid; reproved; to attack; tell, announce",76,"oath, swear, affirm, think deem",11,"ask, inquire, pray, care",22,"ask, pray, inquire, care",45,"pray, oath, herald, command",88,"pray, oath, herald, command"
μηκέτι,23,lsj,"no more, no longer, no further",67,"forthwith, soon, longer, second",7,"come, return, near, arrive",16,"come, return, hither, arrive",27,"return, time, fifth, backwards",53,"time, fifth, forthwith, fourth"
λᾶας,23,lsj,stone,132,"stone, hewn, block, boulder shape",4,"spear, bronze, eat, silver",9,"spear, bronze, breast, arrow",14,"bronze, silver, hollow, gold",33,"lycia, stone, grind, goblet"
ἀκτή,23,lsj,"headland, foreland, promontory; rugged banks; strand; tract of land running out into the sea",133,"banks, shore, dyke, headland",2,"chamber, sleep, sit, bed",6,"chamber, house, ground, inner",7,"chamber, house, ground, mountain",17,"peak, mountain, hill, headland"
ἀθρόος,23,lsj,"in crowds, heaps; masses, crowded together; in close order; in column",58,"crowded, people, pile, heaps",3,"meet, bind, round, stretch",8,"meet, bind, ready, gather",10,"meet, gather, pick, assembly",25,"meet, gather, assembly, face"
ῥεῖθρον,23,lsj,"that which flows, a river, stream; the streams, waters; streams; rivulets, brooks",38,"stream, water, river, spring",6,"wind, water, pour, sea",14,"wind, sea, stream, water",24,"sea, stream, wine, water",48,"stream, wine, water, drink"
ἐγχείη,23,lsj,"spear, lance; in the spear",140,"spear, axe, sword, wand",4,"spear, bronze, eat, silver",9,"spear, bronze, breast, arrow",12,"spear, arrow, sword, girdle",28,"spear, sword, girdle, belt"
κοῦρος,23,lsj,"loppings, twigs stripped from a tree",109,"tree, wood, garden, fir",4,"spear, bronze, eat, silver",10,"eat, tree, heracles, meal",17,"tree, barley, garden, wood",36,"tree, wood, barley, garden"
ναίω2,23,lsj (homographs merged),"dwell, abide; dwell in, inhabit; to be inhabited; lie, be situated",126,"dwell, inhabit, people, situated",11,"ask, inquire, pray, care",22,"ask, pray, inquire, care",46,"rejoice, care, heed, counsel",92,"dwell, set, situated, devise"
οἰμώζω,23,lsj,"wail aloud, lament; plague take you !; pity, bewail; bewailed",52,"bewail, groaning, lament, sigh",12,"shout, speak, rouse, speech",24,"shout, lament, wail, loud",49,"shout, lament, wail, loud",98,"shout, lament, wail, shriek"
γραῦς,23,lsj,old woman; old wives; an old man; scum,101,"lord, queen, master, ruler",1,"son, chariot, lord, old",2,"old, mother, son, wife",2,"old, son, mother, wife",6,"old, age, youth, elders"
πη,23,lsj,"somewhere, anywhere; where",59,"hither, wherefore, place, way",7,"come, return, near, arrive",16,"come, return, hither, arrive",28,"hither, wherefore, way, just",54,"hither, wherefore, way, just"
δηιόω,23,lsj (relaxed match),"cut down, slay; slaying; were slaying; were being slain",74,"slay, slaughter, kill, sacrifice",10,"wound, destroy, slay, kill",21,"wound, destroy, slay, cut",39,"slay, kill, destroy, waste",76,"slay, slaughter, kill, sacrifice"
λάμπω,23,lsj,"give light, shine; ring loud and clear; shine forth, be famous; conspicuous",7,"bright, light, kindle, star",5,"day, funeral, black, cloud",11,"black, dark, bright, shine",18,"black, dark, bright, shine",37,"black, dark, bright, light"
μαίνομαι,23,lsj,"rage, be furious; rage with anger; the madman; to be mad",98,"anger, wrath, angry, rage",12,"shout, speak, rouse, speech",23,"rouse, stir, anger, fight",47,"fight, quarrel, anger, battle",93,"fight, battle, quarrel, anger"
σιγαλόεις,23,lsj,"glossy, glittering; glittering; fatty, oily",7,"bright, light, kindle, star",5,"day, funeral, black, cloud",11,"black, dark, bright, shine",18,"black, dark, bright, shine",37,"black, dark, bright, light"
ζυγόν,23,lsj,yoke; the yoke; crossbar; thwarts,14,"ready, make, order, prepare",11,"ask, inquire, pray, care",22,"ask, pray, inquire, care",46,"rejoice, care, heed, counsel",89,"care, rejoice, heed, attempt"
θεάομαι,23,lsj,"gaze at, behold; wonder; reconnoitred; do you see?",22,"look, gaze, behold, observe",11,"ask, inquire, pray, care",22,"ask, pray, inquire, care",43,"know, appear, perceive, look",83,"look, gaze, eye, behold"
νόημα,23,lsj,"that which is perceived, perception, thought; lightning; thought, purpose, idea, design; thought, concept",-1,(outlier),11,"ask, inquire, pray, care",22,"ask, pray, inquire, care",43,"know, appear, perceive, look",82,"know, appear, perceive, bring light"
ὑψόσε,23,lsj,"aloft, on high; high",93,"set, beneath, lowest, high",7,"come, return, near, arrive",15,"near, nigh, far, hand",25,"beneath, lowest, hindmost, atop",49,"beneath, lowest, high, aloft"
ἄορ,23,lsj,hanger; sword hung in a belt; women; any weapon,141,"strap, cord, thong, bar",4,"spear, bronze, eat, silver",9,"spear, bronze, breast, arrow",12,"spear, arrow, sword, girdle",28,"spear, sword, girdle, belt"
θέλγω,23,lsj,"enchant, be witch; spell-bound; cheat, cozen; charm, beguile",-1,(outlier),4,"spear, bronze, eat, silver",9,"spear, bronze, breast, arrow",14,"bronze, silver, hollow, gold",33,"lycia, stone, grind, goblet"
ἀφίημι,22,lsj,"send forth, discharge; throw oneself; give oneself up; let loose",83,"strip, cut, loose, belch",8,"flee, pass, away, drive",18,"flee, fear, away, hold",31,"hold, leave, stay, retire",62,"leave, retire, away, ward"
κινέω,22,lsj,set in motion; move; rock; remove,-1,(outlier),8,"flee, pass, away, drive",18,"flee, fear, away, hold",31,"hold, leave, stay, retire",62,"leave, retire, away, ward"
λοιγός,22,lsj,"ruin, havoc; destruction; pa-liegti",80,"destroy, waste, bane, sack",10,"wound, destroy, slay, kill",21,"wound, destroy, slay, cut",39,"slay, kill, destroy, waste",75,"waste, destroy, sack, perish"
ἀπωθέω,22,lsj,"thrust away, push back; pushed; off; thrust away from oneself",-1,(outlier),12,"shout, speak, rouse, speech",23,"rouse, stir, anger, fight",48,"rouse, stir, dance, song",95,"spring, dart, rush, leap"
ἀπειλέω2,22,lsj (homograph 2),hold out; promise; threat; boast,76,"oath, swear, affirm, think deem",11,"ask, inquire, pray, care",22,"ask, pray, inquire, care",45,"pray, oath, herald, command",88,"pray, oath, herald, command"
παλάμη,22,agwn,"the activity of writing by hand: ""handwriting can be slow and painful for one with arthritis""",60,"hand, left, right, sides",11,"ask, inquire, pray, care",22,"ask, pray, inquire, care",46,"rejoice, care, heed, counsel",89,"care, rejoice, heed, attempt"
πετάννυμι,22,lsj,fly; spread out; opening his doors; flutter,118,"fly, winged, dart, riot",12,"shout, speak, rouse, speech",23,"rouse, stir, anger, fight",48,"rouse, stir, dance, song",95,"spring, dart, rush, leap"
εὐρύοπα,22,lsj,wide-eyed; vox; far-sounding; thundering,-1,(outlier),12,"shout, speak, rouse, speech",24,"shout, lament, wail, loud",49,"shout, lament, wail, loud",97,"loud, laugh, crash, sound"
ἅλιος,22,lsj,of the sea; sea,130,"sea, stillness, gulf, calm",6,"wind, water, pour, sea",14,"wind, sea, stream, water",24,"sea, stream, wine, water",47,"sea, sail, strait, ship"
δαιμόνιος,22,lsj,"belonging to a; miraculous, marvellous; good sir; lady",-1,(outlier),1,"son, chariot, lord, old",4,"chariot, lord, guest, master",4,"guest, slave, serve, banquet",10,"slave, mistress, care, queen"
πλάζω,22,lsj,"turn aside; away from; glanced off; balked, baffled",62,"wander, roam, harm, away",11,"ask, inquire, pray, care",22,"ask, pray, inquire, care",46,"rejoice, care, heed, counsel",89,"care, rejoice, heed, attempt"
δάω,22,lsj,learn; teach; know; wilt learn,17,"know, perceive, discover, recognize",11,"ask, inquire, pray, care",22,"ask, pray, inquire, care",43,"know, appear, perceive, look",82,"know, appear, perceive, bring light"
ἔτος,22,lsj,year; years; annually; yearly,50,"years, tenth, period, ninth",5,"day, funeral, black, cloud",12,"funeral, long, day, time",19,"long, day, time, morning",39,"day, morning, dawn, early"
ἐρατεινός,22,lsj,"lovely; welcome, glad",112,"glad, welcome, lovely, beautiful",9,"desire, noble, strength, easy",19,"desire, wish, love, want",34,"love, heart, sweet, warm",67,"sweet, warm, glad, delight"
ἔργω,22,lsj,shut in; shut out; vrajás; urgeo,-1,(outlier),8,"flee, pass, away, drive",17,"pass, lead, come, throw",30,"pass, lead, come, throw",60,"lead, end, shut, fulfil"
ἕλκος,22,lsj,"wound; festering wound, sore, ulcer; the festering bite; plague-ulcer",12,"wound, blood, ulcer, scar",10,"wound, destroy, slay, kill",21,"wound, destroy, slay, cut",42,"wound, cut, tears, toil",80,"wound, cut, strip, blood"
οἰκίον,22,lsj,"house, palace; abode; palaces; private houses",137,"house, chamber, inner, room",2,"chamber, sleep, sit, bed",6,"chamber, house, ground, inner",7,"chamber, house, ground, mountain",18,"house, chamber, wall, court"
θῆλυς,22,lsj,female; she; the female; woman,101,"lord, queen, master, ruler",5,"day, funeral, black, cloud",12,"funeral, long, day, time",20,"funeral, dead, snow, kindle",40,"funeral, dead, mortal, alive"
ἀγός,22,lsj,"leader, chief",101,"lord, queen, master, ruler",1,"son, chariot, lord, old",4,"chariot, lord, guest, master",5,"chariot, lord, shield, master",12,"lord, king, master, leader"
ὄνομα,22,lsj,"name; by name; a name; name, fame",81,"glorious, noble, famous, renowned",12,"shout, speak, rouse, speech",25,"speak, speech, voice, address",50,"speak, speech, voice, address",99,"address, speak, accost, surname"
ζεύγνυμι,22,lsj,"yoke, put to; put to oneʼs; harness, saddle and bridle; put to, get ready",14,"ready, make, order, prepare",3,"meet, bind, round, stretch",8,"meet, bind, ready, gather",9,"bind, ready, fast, make",23,"ready, bind, fast, make"
προτέρω,22,lsj,"further, forwards; further; further away?; more",-1,(outlier),8,"flee, pass, away, drive",17,"pass, lead, come, throw",30,"pass, lead, come, throw",57,"drive, pass, rush, path"
φύλοπις,22,lsj,"battle-cry, din of battle",27,"battle, quarrel, fight, strife",12,"shout, speak, rouse, speech",23,"rouse, stir, anger, fight",47,"fight, quarrel, anger, battle",93,"fight, battle, quarrel, anger"
συλάω,22,lsj,"strip off; strip off from; strip; to be stripped, robbed, deprived of",83,"strip, cut, loose, belch",10,"wound, destroy, slay, kill",21,"wound, destroy, slay, cut",42,"wound, cut, tears, toil",80,"wound, cut, strip, blood"
χαλκοῦς,22,lsj,copper coin; money,0,"bronze, silver, copper, metal",4,"spear, bronze, eat, silver",9,"spear, bronze, breast, arrow",14,"bronze, silver, hollow, gold",31,"bronze, silver, gold, copper"
μελιηδής,22,lsj,honey-sweet,-1,(outlier),9,"desire, noble, strength, easy",19,"desire, wish, love, want",34,"love, heart, sweet, warm",67,"sweet, warm, glad, delight"
βόσκω,22,lsj,"feed, tend; the feeder; feed, nourish; maintain, keep",63,"eat, devour, food, meal",4,"spear, bronze, eat, silver",10,"eat, tree, heracles, meal",16,"eat, meal, food, devour",35,"eat, food, meal, devour"
μάστιξ,22,lsj,"whip, scourge; whip; scourge; the lash",-1,(outlier),6,"wind, water, pour, sea",13,"pour, wash, oil, breathe",22,"pour, breathe, flow, spread",45,"breathe, disperse, sprinkle, spread"
πνοή,22,lsj,"blowing, blast; blast, breeze; breeze; blasts",18,"wind, cloud, mist, stormy",6,"wind, water, pour, sea",14,"wind, sea, stream, water",23,"wind, storm, breeze, wintry",46,"wind, storm, wintry, hurricane"
αἴσιμος,22,lsj,"appointed by the will of the gods, destined; fatal; agreeable to the decree of fate, meet, fitting; right",49,"destiny, doom, fate, destined",11,"ask, inquire, pray, care",22,"ask, pray, inquire, care",46,"rejoice, care, heed, counsel",92,"dwell, set, situated, devise"
δύστηνος,22,lsj,"wretched, unhappy, unfortunate, disastrous; unhappy are they; wretched",79,"grieving, distressed, wretched, pity",10,"wound, destroy, slay, kill",21,"wound, destroy, slay, cut",41,"destiny, dishonour, wretched, hateful",79,"destiny, wretched, hateful, wrath"
αἴθω,22,lsj,"light up, kindle; burn, blaze; burnt fiercely; aestas, aestus",7,"bright, light, kindle, star",5,"day, funeral, black, cloud",12,"funeral, long, day, time",20,"funeral, dead, snow, kindle",41,"kindle, snow, cloud, fires"
ξεστός,22,lsj,"hewn, shaved, planed; carved; hewn; built of hewn stone",132,"stone, hewn, block, boulder shape",4,"spear, bronze, eat, silver",9,"spear, bronze, breast, arrow",14,"bronze, silver, hollow, gold",32,"hollow, shape, form, hewn"
θρασύς,22,lsj,"bold; full of confidence; over-bold, rash; audacious, arrogant, insolent",96,"courage, good, arrogant, manly",9,"desire, noble, strength, easy",20,"noble, strength, swift, little",38,"strength, force, high, courage",74,"high, courage, better, stout"
ταμία,22,lsj,"housekeeper, housewife",-1,(outlier),1,"son, chariot, lord, old",4,"chariot, lord, guest, master",4,"guest, slave, serve, banquet",10,"slave, mistress, care, queen"
κυλίνδω,22,lsj,roll; trundle; rolls; revolve,107,"round, turn, circle, wheel",3,"meet, bind, round, stretch",7,"round, stretch, straight, turn",8,"round, straight, stretch, turn",20,"bend, curved, twisted, stretch"
παρέξ,22,agwn,the region that is outside of something,45,"far, away, apart, aloof",5,"day, funeral, black, cloud",12,"funeral, long, day, time",20,"funeral, dead, snow, kindle",42,"star, olympus, heaven, middle"
εὔκομος,21,lsj,lovely-haired; well-fleeced; with goodly foliage,21,"golden, robe, flowers, soft",4,"spear, bronze, eat, silver",9,"spear, bronze, breast, arrow",13,"helmet, hair, head, cloth",30,"hair, helmet, head, face"
ὁμοῦ,21,lsj,"at the same place, together; together, at once; likewise; both",69,"like, equal, age, resembling",3,"meet, bind, round, stretch",8,"meet, bind, ready, gather",10,"meet, gather, pick, assembly",24,"mix, equal, alike, separate"
πρώτιστος,21,lsj,"the very first; principal, primal; first of all; now that",-1,(outlier),11,"ask, inquire, pray, care",22,"ask, pray, inquire, care",44,"ask, inquire, pay, prize",85,"prize, gain, win, contest"
Διοτρεφής,21,agwn,"minor or subordinate: ""by"" is often used in combination; ""a side interest""; ""a by (or bye) effect""; ""only a by comment"";",-1,(outlier),11,"ask, inquire, pray, care",22,"ask, pray, inquire, care",46,"rejoice, care, heed, counsel",89,"care, rejoice, heed, attempt"
κοτέω,21,lsj,"bear; a grudge, be angry at; angry at; angry",98,"anger, wrath, angry, rage",10,"wound, destroy, slay, kill",21,"wound, destroy, slay, cut",41,"destiny, dishonour, wretched, hateful",79,"destiny, wretched, hateful, wrath"
ἐρητύω,21,lsj,"restrain, check; parts; to keep away from; prevent",85,"stay, remain, restrain, stop",8,"flee, pass, away, drive",18,"flee, fear, away, hold",31,"hold, leave, stay, retire",62,"leave, retire, away, ward"
αὐδή,21,lsj,"human voice, speech; sound; twang; report, account",41,"voice, sound, speech, hear",12,"shout, speak, rouse, speech",25,"speak, speech, voice, address",50,"speak, speech, voice, address",100,"speech, voice, speak, clear"
ἐντός,21,lsj,"within, inside; senses, under; control; hearts",40,"home, house, inside, domestic",9,"desire, noble, strength, easy",19,"desire, wish, love, want",34,"love, heart, sweet, warm",66,"heart, love, affection, desire"
ἤπειρος,21,lsj,"terra firma, land; the sea; land; the mainland of Western Greece",143,"troy, athens, trojan, greece",1,"son, chariot, lord, old",1,"troy, athens, trojan, phthia",1,"troy, trojan, athens, thebes",1,"troy, trojan, athens, thebes"
καταπίπτω,21,lsj,"fall, drop; fell; base, contemptible; accidents",91,"throw, send, fall, forth",8,"flee, pass, away, drive",17,"pass, lead, come, throw",30,"pass, lead, come, throw",58,"ibo, sink, fall, come"
φόρμιγξ,21,lsj,lyre; bow,77,"arrow, bow, javelin, shoot",4,"spear, bronze, eat, silver",9,"spear, bronze, breast, arrow",12,"spear, arrow, sword, girdle",27,"arrow, bow, shoot, sagitta"
ἄλλοθεν,21,lsj,from another place; from one place; from another; from abroad,45,"far, away, apart, aloof",7,"come, return, near, arrive",15,"near, nigh, far, hand",26,"near, far, nigh, hand",50,"far, away, distance, distant"
παῦρος,21,lsj,"little, small; short; speedy; for a short time",-1,(outlier),9,"desire, noble, strength, easy",20,"noble, strength, swift, little",36,"swift, little, haste, eager",71,"little, softly, firm, small"
νεφέλη,21,lsj,"cloud, mass of clouds; mist; fog; a cloud",18,"wind, cloud, mist, stormy",5,"day, funeral, black, cloud",12,"funeral, long, day, time",20,"funeral, dead, snow, kindle",41,"kindle, snow, cloud, fires"
σάφα,21,lsj,"clearly, plainly, assuredly; assuredly, of a surety; clearly; with certainty",-1,(outlier),11,"ask, inquire, pray, care",22,"ask, pray, inquire, care",46,"rejoice, care, heed, counsel",90,"trusty, cheat, truth, trusted"
ἐτεός,21,lsj,"true, genuine; true; in truth, verily; rightly",90,"true, trusty, truth, cheat",11,"ask, inquire, pray, care",22,"ask, pray, inquire, care",46,"rejoice, care, heed, counsel",90,"trusty, cheat, truth, trusted"
πέρθω,21,lsj,"waste, ravage, sack; destroy, slay; get by plunder, take",80,"destroy, waste, bane, sack",10,"wound, destroy, slay, kill",21,"wound, destroy, slay, cut",39,"slay, kill, destroy, waste",75,"waste, destroy, sack, perish"
δαίζω,21,lsj (relaxed match),cleave asunder; slay; pierced through; torn,-1,(outlier),3,"meet, bind, round, stretch",7,"round, stretch, straight, turn",8,"round, straight, stretch, turn",20,"bend, curved, twisted, stretch"
ὑπερῷον,21,lsj,the upper part of the house; from her chamber; upper chamber; story,137,"house, chamber, inner, room",2,"chamber, sleep, sit, bed",6,"chamber, house, ground, inner",7,"chamber, house, ground, mountain",18,"house, chamber, wall, court"
καθύπερθε,21,lsj,"from above, down from above; atop, above; atop; above",93,"set, beneath, lowest, high",7,"come, return, near, arrive",15,"near, nigh, far, hand",25,"beneath, lowest, hindmost, atop",49,"beneath, lowest, high, aloft"
ἀκήν,21,lsj,"softly, silently",24,"silence, shake, tremble, softly",9,"desire, noble, strength, easy",20,"noble, strength, swift, little",36,"swift, little, haste, eager",71,"little, softly, firm, small"
πελώριος,21,lsj,the mighty things; mighty ones; a harvest-festival,-1,(outlier),9,"desire, noble, strength, easy",20,"noble, strength, swift, little",35,"like, resembling, mighty, sort",69,"great, mighty, sort, exceedingly"
τρίτος,21,lsj,third; the third; with two others; two drachmae and a half,55,"fifth, half, fourth, thrice",7,"come, return, near, arrive",16,"come, return, hither, arrive",27,"return, time, fifth, backwards",53,"time, fifth, forthwith, fourth"
ἱμάς,21,lsj,leathern strap; thong; traces; reins,141,"strap, cord, thong, bar",4,"spear, bronze, eat, silver",9,"spear, bronze, breast, arrow",12,"spear, arrow, sword, girdle",28,"spear, sword, girdle, belt"
εἰκός,21,lsj,"like truth; likely, probable, reasonable; likelihood, probability; likelihoods",90,"true, trusty, truth, cheat",11,"ask, inquire, pray, care",22,"ask, pray, inquire, care",46,"rejoice, care, heed, counsel",90,"trusty, cheat, truth, trusted"
ἄκων,21,lsj,"javelin, dart",77,"arrow, bow, javelin, shoot",4,"spear, bronze, eat, silver",9,"spear, bronze, breast, arrow",12,"spear, arrow, sword, girdle",28,"spear, sword, girdle, belt"
σπεύδω,21,lsj,"set going, urge on, hasten; procure quickly, get ready; seek eagerly, strive after; promote",99,"haste, eager, furiously, rage",9,"desire, noble, strength, easy",20,"noble, strength, swift, little",36,"swift, little, haste, eager",70,"swift, haste, eager, quick"
ἀποκτείνω,21,lsj,"kill, slay; condemn to death; put to death",74,"slay, slaughter, kill, sacrifice",10,"wound, destroy, slay, kill",21,"wound, destroy, slay, cut",39,"slay, kill, destroy, waste",76,"slay, slaughter, kill, sacrifice"
ἀλωή,21,lsj,"threshing-floor; any prepared ground; garden, orchard, vineyard; halo",-1,(outlier),4,"spear, bronze, eat, silver",10,"eat, tree, heracles, meal",17,"tree, barley, garden, wood",36,"tree, wood, barley, garden"
ἑκάς,21,lsj,"afar, far off; far from, far away from; farther; farthest",45,"far, away, apart, aloof",7,"come, return, near, arrive",15,"near, nigh, far, hand",26,"near, far, nigh, hand",50,"far, away, distance, distant"
πεῖραρ,21,lsj,"end, limit; completion; end; achievement, execution, mode",-1,(outlier),8,"flee, pass, away, drive",17,"pass, lead, come, throw",30,"pass, lead, come, throw",60,"lead, end, shut, fulfil"
κατερύκω,21,agwn,"observe correctly: ""keep time, keep count, keep track of""",19,"watch, visit, ward, observe",11,"ask, inquire, pray, care",22,"ask, pray, inquire, care",43,"know, appear, perceive, look",84,"watch, count, sum, visit"
κυνέω,21,lsj,kiss; bill,-1,(outlier),4,"spear, bronze, eat, silver",9,"spear, bronze, breast, arrow",14,"bronze, silver, hollow, gold",33,"lycia, stone, grind, goblet"
εὔξεστος,21,lsj,"well-planed, well-polished",73,"wrought, good dwell, poised, built",9,"desire, noble, strength, easy",20,"noble, strength, swift, little",36,"swift, little, haste, eager",71,"little, softly, firm, small"
ἀσπάσιος,21,lsj,"welcome, gladly welcomed; well-pleased, glad; to his joy; gladly",112,"glad, welcome, lovely, beautiful",9,"desire, noble, strength, easy",19,"desire, wish, love, want",34,"love, heart, sweet, warm",67,"sweet, warm, glad, delight"
πυκινός,21,agwn,abstaining from food,63,"eat, devour, food, meal",4,"spear, bronze, eat, silver",10,"eat, tree, heracles, meal",16,"eat, meal, food, devour",35,"eat, food, meal, devour"
ὁπλίζω,21,lsj,make; get ready; make oneself; ready,14,"ready, make, order, prepare",3,"meet, bind, round, stretch",8,"meet, bind, ready, gather",9,"bind, ready, fast, make",23,"ready, bind, fast, make"
ἰθύς,21,lsj,"straight; straightway, forthwith; straight on; outright, openly",39,"face, opposite, straight, right",3,"meet, bind, round, stretch",7,"round, stretch, straight, turn",8,"round, straight, stretch, turn",19,"straight, right, hand, opposite"
κορέννυμι,21,lsj,"satiate, fill; with; satisfy oneself; might satisfy their",29,"pour, filled, spread, fish",6,"wind, water, pour, sea",13,"pour, wash, oil, breathe",22,"pour, breathe, flow, spread",44,"pour, flow, filled, shed"
ὄνειαρ,21,lsj,"that which brings profit, advantage; boon; means of strengthening, refreshment; food, victuals",-1,(outlier),11,"ask, inquire, pray, care",22,"ask, pray, inquire, care",44,"ask, inquire, pay, prize",85,"prize, gain, win, contest"
ἀίω,21,lsj (relaxed match),"perceive; hear; see; listen to, give ear to",17,"know, perceive, discover, recognize",11,"ask, inquire, pray, care",22,"ask, pray, inquire, care",43,"know, appear, perceive, look",82,"know, appear, perceive, bring light"
κείρω,21,lsj,kṛṇā´ti; caro; scieran; shear,46,"ti, quarterly, shear lay, bit",1,"son, chariot, lord, old",1,"troy, athens, trojan, phthia",1,"troy, trojan, athens, thebes",3,"phthia, lesbos, hang, club"
ξένιος,21,lsj,"belonging to friendship and hospitality, hospitable; protector of the rights of hospitality; the guests’; guestʼs",34,"guest, banquet, meal, feast",1,"son, chariot, lord, old",4,"chariot, lord, guest, master",4,"guest, slave, serve, banquet",9,"guest, banquet, dinner, meal"
πτωχός,21,lsj,"beggar; beggar-woman; beggarly; beggared of, poor in",9,"ask, inquire, beggar, question",11,"ask, inquire, pray, care",22,"ask, pray, inquire, care",46,"rejoice, care, heed, counsel",89,"care, rejoice, heed, attempt"
ὑφορβός,21,agwn,a herder or swine,135,"herd, serpent, boar, wolf",4,"spear, bronze, eat, silver",10,"eat, tree, heracles, meal",15,"heracles, bird, fish, fly",34,"heracles, bird, fish, fly"
χαρίεις,20,lsj,"graceful, beautiful; gracious; acceptable; elegant, accomplished",-1,(outlier),9,"desire, noble, strength, easy",19,"desire, wish, love, want",34,"love, heart, sweet, warm",67,"sweet, warm, glad, delight"
ὄχα,20,lsj,far; fest,34,"guest, banquet, meal, feast",1,"son, chariot, lord, old",1,"troy, athens, trojan, phthia",1,"troy, trojan, athens, thebes",3,"phthia, lesbos, hang, club"
κύδιστος,20,lsj,"most honoured, noblest; greatest; profits it",-1,(outlier),1,"son, chariot, lord, old",3,"divine, honour, zeus, wonder",3,"divine, honour, zeus, god",8,"honour, wonder, reverence, gift"
ἐριβῶλαξ,20,lsj,with large clods; very fertile,134,"goose, wild, fawn, mule",4,"spear, bronze, eat, silver",10,"eat, tree, heracles, meal",15,"heracles, bird, fish, fly",34,"heracles, bird, fish, fly"
ἀφαιρέω,20,lsj,take away from; took; from; relieve,86,"carry, snatch, away, evaporate",8,"flee, pass, away, drive",18,"flee, fear, away, hold",31,"hold, leave, stay, retire",62,"leave, retire, away, ward"
ἄντην,20,lsj,"against, over against; confront; openly against; straightforwards",39,"face, opposite, straight, right",3,"meet, bind, round, stretch",7,"round, stretch, straight, turn",8,"round, straight, stretch, turn",19,"straight, right, hand, opposite"
οὐρανόθεν,20,lsj,"from heaven, down from heaven",93,"set, beneath, lowest, high",5,"day, funeral, black, cloud",12,"funeral, long, day, time",20,"funeral, dead, snow, kindle",42,"star, olympus, heaven, middle"
φύλλον,20,lsj,leaf; leaves; foliage; voting-papers,109,"tree, wood, garden, fir",4,"spear, bronze, eat, silver",10,"eat, tree, heracles, meal",17,"tree, barley, garden, wood",36,"tree, wood, barley, garden"
ὑγρός,20,lsj,"wet, moist, fluid; raw; liquid; moist",25,"wash, oil, dry, salt",6,"wind, water, pour, sea",13,"pour, wash, oil, breathe",21,"wash, oil, salt, raw",43,"wash, oil, salt, raw"
καπνός,20,lsj,smoke; spray; trifles; on the smoking embers,25,"wash, oil, dry, salt",6,"wind, water, pour, sea",13,"pour, wash, oil, breathe",21,"wash, oil, salt, raw",43,"wash, oil, salt, raw"
βωμός,20,lsj,"raised platform, stand; base; altar with a base; tomb, cairn",-1,(outlier),1,"son, chariot, lord, old",3,"divine, honour, zeus, wonder",3,"divine, honour, zeus, god",8,"honour, wonder, reverence, gift"
λείβω,20,lsj,"pour, pour forth; make a libation of; let flow, shed; liquefy",29,"pour, filled, spread, fish",6,"wind, water, pour, sea",13,"pour, wash, oil, breathe",22,"pour, breathe, flow, spread",44,"pour, flow, filled, shed"
ψάμαθος,20,agwn,"(informal) fortitude; ""he didn't have the guts to try it""",-1,(outlier),12,"shout, speak, rouse, speech",23,"rouse, stir, anger, fight",47,"fight, quarrel, anger, battle",93,"fight, battle, quarrel, anger"
δεξιτερός,20,lsj,right-hand of two; the right hand,60,"hand, left, right, sides",3,"meet, bind, round, stretch",7,"round, stretch, straight, turn",8,"round, straight, stretch, turn",19,"straight, right, hand, opposite"
ὀφρύς,20,agwn,the arch of hair above each eye,23,"eye, face, roots, round",11,"ask, inquire, pray, care",22,"ask, pray, inquire, care",43,"know, appear, perceive, look",83,"look, gaze, eye, behold"
ἀλέξω,20,lsj,"raákṣati; ward off, turn aside; will ward; off from",-1,(outlier),8,"flee, pass, away, drive",18,"flee, fear, away, hold",31,"hold, leave, stay, retire",62,"leave, retire, away, ward"
δαίω,20,lsj,"dunō óti; light up, kindle; she made; burn",7,"bright, light, kindle, star",5,"day, funeral, black, cloud",12,"funeral, long, day, time",20,"funeral, dead, snow, kindle",41,"kindle, snow, cloud, fires"
Ζέφυρος,20,lsj,westerly wind; the due West wind; northwest,18,"wind, cloud, mist, stormy",6,"wind, water, pour, sea",14,"wind, sea, stream, water",23,"wind, storm, breeze, wintry",46,"wind, storm, wintry, hurricane"
Ἀχαιίς,20,lsj (relaxed match),the Achaian land; Achaian woman,-1,(outlier),1,"son, chariot, lord, old",1,"troy, athens, trojan, phthia",1,"troy, trojan, athens, thebes",1,"troy, trojan, athens, thebes"
ὀρούω,20,lsj,"dart, rush forward; move; rush at, strive after; to be eager",117,"leap, rush, run, chase",12,"shout, speak, rouse, speech",23,"rouse, stir, anger, fight",48,"rouse, stir, dance, song",95,"spring, dart, rush, leap"
φῦλον,20,lsj,"race, tribe; class; swarm; people",58,"crowded, people, pile, heaps",3,"meet, bind, round, stretch",8,"meet, bind, ready, gather",10,"meet, gather, pick, assembly",25,"meet, gather, assembly, face"
δέκα,20,lsj,ten; the Ten; Attic Orators; decemviri,50,"years, tenth, period, ninth",1,"son, chariot, lord, old",1,"troy, athens, trojan, phthia",1,"troy, trojan, athens, thebes",2,"tenth, eleventh, number, seven"
ἀδελφός,20,lsj,son of the same mother; brother; brother and sister; kinsman,124,"brother, sister, law, cousin",1,"son, chariot, lord, old",2,"old, mother, son, wife",2,"old, son, mother, wife",4,"wife, sister, brother, marry"
δηθά,20,lsj,for a long time; long,-1,(outlier),5,"day, funeral, black, cloud",12,"funeral, long, day, time",19,"long, day, time, morning",38,"long, years, time, late"
αὐγή,20,lsj,"light of the sun; rays, beams; the light; in a full",8,"day, light, morning, early",5,"day, funeral, black, cloud",11,"black, dark, bright, shine",18,"black, dark, bright, shine",37,"black, dark, bright, light"
τέσσαρες,20,lsj,four; the fourth; the four simple bodies; the four kinds of quality,-1,(outlier),6,"wind, water, pour, sea",13,"pour, wash, oil, breathe",21,"wash, oil, salt, raw",43,"wash, oil, salt, raw"
αἰζηός,20,lsj,"in full bodily strength, vigorous; stout, lusty",82,"stout, strong, sturdy, heavy",9,"desire, noble, strength, easy",20,"noble, strength, swift, little",38,"strength, force, high, courage",74,"high, courage, better, stout"
ῥιγέω,20,lsj,"shudder; bristle; shudder to do, shrink from doing; cool",47,"break, shiver, broken, shrink",6,"wind, water, pour, sea",13,"pour, wash, oil, breathe",22,"pour, breathe, flow, spread",45,"breathe, disperse, sprinkle, spread"
ἅλιος2,20,lsj (homograph 2),"fruitless, idle; in vain",128,"vain, fruitless, useless, idle",10,"wound, destroy, slay, kill",21,"wound, destroy, slay, cut",40,"vain, unceasing, unbroken, fruitless",77,"vain, unceasing, unbroken, unharmed"
ἐκτός,20,lsj,"without, outside; out of, far from; beyond; outside of, free from",45,"far, away, apart, aloof",7,"come, return, near, arrive",15,"near, nigh, far, hand",26,"near, far, nigh, hand",50,"far, away, distance, distant"
κλονέω,20,lsj,"drive tumultuously; in confusion; harass, agitate; to be agitated",-1,(outlier),12,"shout, speak, rouse, speech",23,"rouse, stir, anger, fight",48,"rouse, stir, dance, song",95,"spring, dart, rush, leap"
ἐναλίγκιος,20,lsj,"like, resembling",69,"like, equal, age, resembling",9,"desire, noble, strength, easy",20,"noble, strength, swift, little",35,"like, resembling, mighty, sort",68,"like, resembling, opportune, fond war"
ἐναντίος,20,lsj,"opposite; on the opposite side, opposite; fronting, face to face; before",39,"face, opposite, straight, right",3,"meet, bind, round, stretch",7,"round, stretch, straight, turn",8,"round, straight, stretch, turn",19,"straight, right, hand, opposite"
φθάνω,20,lsj,"come; do first; before; to be beforehand with, overtake, outstrip",122,"come, ibo, pass, approach",8,"flee, pass, away, drive",17,"pass, lead, come, throw",30,"pass, lead, come, throw",57,"drive, pass, rush, path"
κραιπνός,20,lsj,"swift, rushing; hasty, rash",2,"swift, quick, hasty, light",9,"desire, noble, strength, easy",20,"noble, strength, swift, little",36,"swift, little, haste, eager",70,"swift, haste, eager, quick"
ἄμβροτος,20,lsj,"immortal, divine; belonging to the gods; five",100,"divine, mortal, god, zeus",1,"son, chariot, lord, old",3,"divine, honour, zeus, wonder",3,"divine, honour, zeus, god",7,"divine, zeus, god, holy"
ἐφίστημι,20,lsj,"set, place upon; set over; to be appointed, instituted; bring in",93,"set, beneath, lowest, high",11,"ask, inquire, pray, care",22,"ask, pray, inquire, care",46,"rejoice, care, heed, counsel",92,"dwell, set, situated, devise"
κατέρχομαι,20,lsj,go down; go down to the grave; down; descending,91,"throw, send, fall, forth",8,"flee, pass, away, drive",17,"pass, lead, come, throw",30,"pass, lead, come, throw",58,"ibo, sink, fall, come"
ἀέξω,20,lsj,"augeo; vakṣáyati; increase, foster; cherish",-1,(outlier),1,"son, chariot, lord, old",1,"troy, athens, trojan, phthia",1,"troy, trojan, athens, thebes",3,"phthia, lesbos, hang, club"
θύελλα,20,lsj,"hurricane, squall; thunderstorms",18,"wind, cloud, mist, stormy",6,"wind, water, pour, sea",14,"wind, sea, stream, water",23,"wind, storm, breeze, wintry",46,"wind, storm, wintry, hurricane"
ἄπειμι,20,lsj,sum; to be away; far from; absent,-1,(outlier),7,"come, return, near, arrive",15,"near, nigh, far, hand",26,"near, far, nigh, hand",50,"far, away, distance, distant"
ἄνειμι,20,lsj,go up; rise; I went up a hill; came up,-1,(outlier),3,"meet, bind, round, stretch",7,"round, stretch, straight, turn",8,"round, straight, stretch, turn",22,"draw, raise, drag, stand"
ῥίμφα,20,lsj,"lightly, swiftly",-1,(outlier),9,"desire, noble, strength, easy",20,"noble, strength, swift, little",36,"swift, little, haste, eager",71,"little, softly, firm, small"
φλόξ,20,lsj,"flame; flames, meteors; fire; heat",7,"bright, light, kindle, star",5,"day, funeral, black, cloud",12,"funeral, long, day, time",20,"funeral, dead, snow, kindle",41,"kindle, snow, cloud, fires"
Φοῖνιξ,20,lsj,Phoenician; Carthaginian; purple; crimson,-1,(outlier),4,"spear, bronze, eat, silver",9,"spear, bronze, breast, arrow",14,"bronze, silver, hollow, gold",33,"lycia, stone, grind, goblet"
λεπτός,20,lsj,"peeled, husked; threshed out; fine, small; light",-1,(outlier),4,"spear, bronze, eat, silver",9,"spear, bronze, breast, arrow",14,"bronze, silver, hollow, gold",33,"lycia, stone, grind, goblet"
πιφαύσκω,20,lsj,"make manifest, tell of; proclaim; showing forth; exhibiting",20,"appear, bring light, seen, forth",11,"ask, inquire, pray, care",22,"ask, pray, inquire, care",43,"know, appear, perceive, look",82,"know, appear, perceive, bring light"
ἰαίνω,20,lsj,"heat; melt; relax by warmth; warm, cheer",-1,(outlier),9,"desire, noble, strength, easy",19,"desire, wish, love, want",34,"love, heart, sweet, warm",67,"sweet, warm, glad, delight"
ἐνδυκέως,20,lsj,"sedulously, kindly; steadfastly; greedily, ravenously",-1,(outlier),10,"wound, destroy, slay, kill",21,"wound, destroy, slay, cut",41,"destiny, dishonour, wretched, hateful",79,"destiny, wretched, hateful, wrath"
οἶκόνδε,20,lsj,home; to the womenʼs chamber,137,"house, chamber, inner, room",2,"chamber, sleep, sit, bed",6,"chamber, house, ground, inner",7,"chamber, house, ground, mountain",18,"house, chamber, wall, court"
χραισμέω,19,lsj,ward off; from one; keep; off,-1,(outlier),8,"flee, pass, away, drive",18,"flee, fear, away, hold",31,"hold, leave, stay, retire",62,"leave, retire, away, ward"
δέκατος,19,lsj,"tenth; tenth part, tithe; of the tenth; the tenth day",50,"years, tenth, period, ninth",1,"son, chariot, lord, old",1,"troy, athens, trojan, phthia",1,"troy, trojan, athens, thebes",2,"tenth, eleventh, number, seven"
ἀφύσσω,19,lsj,draw; was drawn from; draw full draughts of; heap it up,-1,(outlier),3,"meet, bind, round, stretch",7,"round, stretch, straight, turn",8,"round, straight, stretch, turn",22,"draw, raise, drag, stand"
μητίετα,19,lsj,counsellor; all-wise,16,"counsel, craft, wise, plan",11,"ask, inquire, pray, care",22,"ask, pray, inquire, care",46,"rejoice, care, heed, counsel",91,"counsel, assistant crooked, imparted, skilled"
ὄζος,19,lsj,"bough, branch, twig; knot; eye; eyes, mere knots",-1,(outlier),4,"spear, bronze, eat, silver",9,"spear, bronze, breast, arrow",12,"spear, arrow, sword, girdle",28,"spear, sword, girdle, belt"
ἀπήμων,19,lsj,"unharmed, unhurt; without sorrow; care; doing no harm",-1,(outlier),10,"wound, destroy, slay, kill",21,"wound, destroy, slay, cut",40,"vain, unceasing, unbroken, fruitless",77,"vain, unceasing, unbroken, unharmed"
κατανεύω,19,lsj,"nod assent; grant, promise; consent to; make a signbynoddingthehead",75,"persuade, assent, refuse, appease",11,"ask, inquire, pray, care",22,"ask, pray, inquire, care",45,"pray, oath, herald, command",88,"pray, oath, herald, command"
νεύω,19,lsj,"incline in any direction; nod, beckon; beckon; nod",-1,(outlier),3,"meet, bind, round, stretch",7,"round, stretch, straight, turn",8,"round, straight, stretch, turn",22,"draw, raise, drag, stand"
ἀργυρόηλος,19,lsj,silver-studded,0,"bronze, silver, copper, metal",4,"spear, bronze, eat, silver",9,"spear, bronze, breast, arrow",14,"bronze, silver, hollow, gold",31,"bronze, silver, gold, copper"
Ἰκάριος,19,lsj,Icarian,142,"thracian, scylla seal, monachus calchas, calypso icarian",1,"son, chariot, lord, old",1,"troy, athens, trojan, phthia",1,"troy, trojan, athens, thebes",3,"phthia, lesbos, hang, club"
ἄναλκις,19,lsj,"without strength, impotent, feeble",88,"force, feeble, forcibly, powerless",9,"desire, noble, strength, easy",20,"noble, strength, swift, little",38,"strength, force, high, courage",73,"strength, force, heavy, feeble"
αἱματόεις,19,lsj,"blood-red; of blood; suffused with blood, flushed; bloody, murderous",12,"wound, blood, ulcer, scar",10,"wound, destroy, slay, kill",21,"wound, destroy, slay, cut",42,"wound, cut, tears, toil",80,"wound, cut, strip, blood"
ὑφίστημι,19,lsj,place; set under; having set; under,93,"set, beneath, lowest, high",7,"come, return, near, arrive",15,"near, nigh, far, hand",25,"beneath, lowest, hindmost, atop",49,"beneath, lowest, high, aloft"
τέρας,19,lsj,"sign, wonder, marvel, portent; a sign; signs; monster",26,"honour, wonder, reverence, glory",11,"ask, inquire, pray, care",22,"ask, pray, inquire, care",45,"pray, oath, herald, command",88,"pray, oath, herald, command"
μῆδος,19,lsj,"counsels, plans, arts; prudence; cunning; plans",16,"counsel, craft, wise, plan",11,"ask, inquire, pray, care",22,"ask, pray, inquire, care",46,"rejoice, care, heed, counsel",92,"dwell, set, situated, devise"
πρηνής,19,agwn,a position on a basketball team,-1,(outlier),4,"spear, bronze, eat, silver",9,"spear, bronze, breast, arrow",11,"breast, thigh, knee, arm",26,"breast, thigh, knee, arm"
στέρνον,19,lsj,"breast, chest; breast; heart; breastbone",139,"breast, hollow, lap, guts",4,"spear, bronze, eat, silver",9,"spear, bronze, breast, arrow",11,"breast, thigh, knee, arm",26,"breast, thigh, knee, arm"
τύμβος,19,lsj,"sepulchral mound, cairn, barrow; tomb, grave; grave; tombstone",-1,(outlier),1,"son, chariot, lord, old",3,"divine, honour, zeus, wonder",3,"divine, honour, zeus, god",8,"honour, wonder, reverence, gift"
ποδαρκής,19,lsj,"succouring with the feet, running to the rescue; swift-footed; of swift feet; swift",2,"swift, quick, hasty, light",9,"desire, noble, strength, easy",20,"noble, strength, swift, little",36,"swift, little, haste, eager",70,"swift, haste, eager, quick"
ἑπτά,19,lsj,seven; Seven; septemviri epulones; septṃ,50,"years, tenth, period, ninth",1,"son, chariot, lord, old",1,"troy, athens, trojan, phthia",1,"troy, trojan, athens, thebes",2,"tenth, eleventh, number, seven"
φοιτάω,19,lsj,"go to and fro, backwards and forwards; stalk; keep going; on the wing",-1,(outlier),3,"meet, bind, round, stretch",7,"round, stretch, straight, turn",8,"round, straight, stretch, turn",22,"draw, raise, drag, stand"
Λυκία,19,lsj,Lycia; from Lycia; to Lycia,143,"troy, athens, trojan, greece",4,"spear, bronze, eat, silver",9,"spear, bronze, breast, arrow",14,"bronze, silver, hollow, gold",33,"lycia, stone, grind, goblet"
παρειά,19,lsj,cheek; cheekpiece; earth-flush; beside the ear,119,"helmet, head, peak, brim",4,"spear, bronze, eat, silver",9,"spear, bronze, breast, arrow",13,"helmet, hair, head, cloth",30,"hair, helmet, head, face"
πέλεκυς,19,lsj,axe; battle-axe; sacrificial axe; executionerʼs axe,140,"spear, axe, sword, wand",4,"spear, bronze, eat, silver",9,"spear, bronze, breast, arrow",12,"spear, arrow, sword, girdle",28,"spear, sword, girdle, belt"
ἐκεῖσε,19,lsj,"thither, to that place; hither and thither; to the other world; to the other",59,"hither, wherefore, place, way",7,"come, return, near, arrive",16,"come, return, hither, arrive",28,"hither, wherefore, way, just",54,"hither, wherefore, way, just"
δοιοί,19,lsj,"two, both; in two ways, in two points; twofold, double",10,"double, fold, handled, wrapped covered",7,"come, return, near, arrive",16,"come, return, hither, arrive",27,"return, time, fifth, backwards",53,"time, fifth, forthwith, fourth"
ἱδρώς,19,lsj,"sweat; exudation; gum, resin; anything earned by the sweat of oneʼs brow",25,"wash, oil, dry, salt",6,"wind, water, pour, sea",13,"pour, wash, oil, breathe",21,"wash, oil, salt, raw",43,"wash, oil, salt, raw"
ὀψέ,19,lsj,"after a long time, at length, late; late; too late; it is not long",-1,(outlier),5,"day, funeral, black, cloud",12,"funeral, long, day, time",19,"long, day, time, morning",38,"long, years, time, late"
ἔντοσθε,19,lsj,from within,40,"home, house, inside, domestic",7,"come, return, near, arrive",16,"come, return, hither, arrive",29,"come, arrive, home, house",55,"home, house, inside, come forth"
εὖχος,19,lsj,"thing prayed for, object of prayer; boast, vaunt; vow, votive offering",71,"pray, vow, boast, votive offering",11,"ask, inquire, pray, care",22,"ask, pray, inquire, care",45,"pray, oath, herald, command",88,"pray, oath, herald, command"
ἔλδομαι,19,lsj,"wish, long; long for; eager to reach; desire",13,"desire, want, wish, need",9,"desire, noble, strength, easy",19,"desire, wish, love, want",33,"wish, need, want, desire",65,"wish, need, want, desire"
εὐεργής,19,lsj,"well-wrought, well-made; wrought; well-done; benefits, services",73,"wrought, good dwell, poised, built",9,"desire, noble, strength, easy",20,"noble, strength, swift, little",37,"noble, wrought, glorious, splendid",72,"noble, wrought, glorious, splendid"
ἕκηλος,19,lsj,"at rest, at oneʼs ease; at your ease; without let; hindrance",-1,(outlier),11,"ask, inquire, pray, care",22,"ask, pray, inquire, care",46,"rejoice, care, heed, counsel",89,"care, rejoice, heed, attempt"
ᾗ,19,lsj,"which way, where, whither; how, as; wherefore; in so far as",59,"hither, wherefore, place, way",7,"come, return, near, arrive",16,"come, return, hither, arrive",28,"hither, wherefore, way, just",54,"hither, wherefore, way, just"
ἀπέχω,19,lsj,keep off or away from; parts; from; keep off,-1,(outlier),8,"flee, pass, away, drive",18,"flee, fear, away, hold",31,"hold, leave, stay, retire",62,"leave, retire, away, ward"
μυχός,19,lsj,"innermost part, nook, corner; a recess; the farthest nook; in darkness",93,"set, beneath, lowest, high",5,"day, funeral, black, cloud",12,"funeral, long, day, time",20,"funeral, dead, snow, kindle",42,"star, olympus, heaven, middle"
αἴθουσα,19,lsj,"portico, verandah, to catch the sun; loggia",-1,(outlier),2,"chamber, sleep, sit, bed",6,"chamber, house, ground, inner",7,"chamber, house, ground, mountain",18,"house, chamber, wall, court"
ἀάω,19,lsj,"hurt, damage; mislead, infatuate; to be infatuated, act foolishly",13,"desire, want, wish, need",11,"ask, inquire, pray, care",22,"ask, pray, inquire, care",46,"rejoice, care, heed, counsel",89,"care, rejoice, heed, attempt"
ὅπλον,19,lsj,"tool, implement; tackle, tackling; ropes, halyards; rope",141,"strap, cord, thong, bar",4,"spear, bronze, eat, silver",9,"spear, bronze, breast, arrow",12,"spear, arrow, sword, girdle",28,"spear, sword, girdle, belt"
χρίω,19,lsj,"touch the surface of a body slightly; graze; rub, anoint with scented unguents; oil",25,"wash, oil, dry, salt",6,"wind, water, pour, sea",13,"pour, wash, oil, breathe",21,"wash, oil, salt, raw",43,"wash, oil, salt, raw"
τοιγάρ,19,lsj,"therefore, accordingly, well then; for that very reason, therefore",-1,(outlier),7,"come, return, near, arrive",16,"come, return, hither, arrive",28,"hither, wherefore, way, just",54,"hither, wherefore, way, just"
σῶς,18,lsj,"safe and sound, alive and well; safe, whole; preserved, extant; intact",-1,(outlier),5,"day, funeral, black, cloud",12,"funeral, long, day, time",20,"funeral, dead, snow, kindle",40,"funeral, dead, mortal, alive"
ἀκέων,18,lsj,"softly, silently",24,"silence, shake, tremble, softly",9,"desire, noble, strength, easy",20,"noble, strength, swift, little",36,"swift, little, haste, eager",71,"little, softly, firm, small"
ἀρήγω,18,lsj,"aid, succour; succour in war; help, succour; to be good for",-1,(outlier),11,"ask, inquire, pray, care",22,"ask, pray, inquire, care",46,"rejoice, care, heed, counsel",89,"care, rejoice, heed, attempt"
κουρίδιος,18,lsj,"wedded; lawful, wedded wife; wedded wife; lawful marriage",110,"wife, marry, marriage, wedded",1,"son, chariot, lord, old",2,"old, mother, son, wife",2,"old, son, mother, wife",4,"wife, sister, brother, marry"
λήγω,18,lsj,"stay, abate; would stay; from; leave off, cease",85,"stay, remain, restrain, stop",8,"flee, pass, away, drive",18,"flee, fear, away, hold",31,"hold, leave, stay, retire",62,"leave, retire, away, ward"
ἔλαφος,18,lsj,"deer, Cervus elaphus; hart; stag; hind",134,"goose, wild, fawn, mule",4,"spear, bronze, eat, silver",10,"eat, tree, heracles, meal",15,"heracles, bird, fish, fly",34,"heracles, bird, fish, fly"
λόχος,18,lsj,ambush; place for lying in wait; ambuscade; an ambush,117,"leap, rush, run, chase",8,"flee, pass, away, drive",17,"pass, lead, come, throw",30,"pass, lead, come, throw",57,"drive, pass, rush, path"
ἀνορούω,18,lsj,"start up, leap up; went swiftly up",117,"leap, rush, run, chase",8,"flee, pass, away, drive",17,"pass, lead, come, throw",30,"pass, lead, come, throw",57,"drive, pass, rush, path"
ἀρείων,18,lsj,"better, stouter, braver; snail; slug",82,"stout, strong, sturdy, heavy",9,"desire, noble, strength, easy",20,"noble, strength, swift, little",38,"strength, force, high, courage",74,"high, courage, better, stout"
πρόσω,18,lsj,"forwards, onwards; further; far off; at a distance",45,"far, away, apart, aloof",8,"flee, pass, away, drive",17,"pass, lead, come, throw",30,"pass, lead, come, throw",57,"drive, pass, rush, path"
κελαινεφής,18,lsj,"black with clouds; shrouded in dark clouds, cloud-wrapped; dark-coloured; black, rich",4,"dark, black, murky, gloom",5,"day, funeral, black, cloud",11,"black, dark, bright, shine",18,"black, dark, bright, shine",37,"black, dark, bright, light"
κυάνεος,18,agwn,"dressed in black: ""a black knight""; ""black friars""",4,"dark, black, murky, gloom",5,"day, funeral, black, cloud",11,"black, dark, bright, shine",18,"black, dark, bright, shine",37,"black, dark, bright, light"
πράσσω,18,lsj,"pass through, pass over; experience certain for; tunes, fare; achieve, effect, accomplish",102,"accomplish, fulfil, pass, perform",8,"flee, pass, away, drive",17,"pass, lead, come, throw",30,"pass, lead, come, throw",57,"drive, pass, rush, path"
διάκτορος,18,lsj,minister; messenger,68,"herald, report, message, tidings",11,"ask, inquire, pray, care",22,"ask, pray, inquire, care",45,"pray, oath, herald, command",88,"pray, oath, herald, command"
ἀμφιέλισσα,18,lsj,"curved at both ends; on both sides); wheeling either way, handy; twisting, doubling",106,"stretch, bend, curved, tight",3,"meet, bind, round, stretch",7,"round, stretch, straight, turn",8,"round, straight, stretch, turn",20,"bend, curved, twisted, stretch"
κόσμος,18,lsj,"order; order, duly; shamefully; in order",14,"ready, make, order, prepare",3,"meet, bind, round, stretch",8,"meet, bind, ready, gather",9,"bind, ready, fast, make",23,"ready, bind, fast, make"
πέπων,18,lsj,"cooked by the sun, ripe; mellow; ripe, ready to suppurate; gourd",21,"golden, robe, flowers, soft",4,"spear, bronze, eat, silver",10,"eat, tree, heracles, meal",17,"tree, barley, garden, wood",36,"tree, wood, barley, garden"
κρήνη,18,lsj,"well, spring, fountain; water",38,"stream, water, river, spring",6,"wind, water, pour, sea",14,"wind, sea, stream, water",24,"sea, stream, wine, water",48,"stream, wine, water, drink"
ἁλίσκομαι,18,lsj,"to be taken, conquered, fall into an enemyʼs hand; to fall into the hands of; to be caught, seized; to be seized",87,"seize, hold, receive, caught",8,"flee, pass, away, drive",18,"flee, fear, away, hold",31,"hold, leave, stay, retire",61,"hold, seize, stay, remain"
χαλεπαίνω,18,lsj,"to be severe, sore, grievous; to be violent, angry; display; portray anger",98,"anger, wrath, angry, rage",12,"shout, speak, rouse, speech",23,"rouse, stir, anger, fight",47,"fight, quarrel, anger, battle",93,"fight, battle, quarrel, anger"
διακρίνω,18,lsj,separate one from another; part; to be parted; part and join different,70,"apart, separate, divide, choose",3,"meet, bind, round, stretch",8,"meet, bind, ready, gather",10,"meet, gather, pick, assembly",24,"mix, equal, alike, separate"
παμφανόων,18,lsj,"bright-shining, radiant",7,"bright, light, kindle, star",5,"day, funeral, black, cloud",11,"black, dark, bright, shine",18,"black, dark, bright, shine",37,"black, dark, bright, light"
οἶνοψ,18,lsj,"wine-coloured; wine-dark; wine-red, deep-red",28,"wine, drink, mix, lesbos",6,"wind, water, pour, sea",14,"wind, sea, stream, water",24,"sea, stream, wine, water",48,"stream, wine, water, drink"
ἑκών,18,lsj,"váśmi; readily; wittingly, purposely; as far as depends on oneʼs will, as far as concerns one",88,"force, feeble, forcibly, powerless",10,"wound, destroy, slay, kill",21,"wound, destroy, slay, cut",40,"vain, unceasing, unbroken, fruitless",77,"vain, unceasing, unbroken, unharmed"
συμβάλλω,18,lsj,"throw together, dash together; bring together, unite; have; reaching",-1,(outlier),3,"meet, bind, round, stretch",8,"meet, bind, ready, gather",10,"meet, gather, pick, assembly",24,"mix, equal, alike, separate"
ἵμερος,18,lsj,"longing, yearning after; a yearning; for; impulses",13,"desire, want, wish, need",9,"desire, noble, strength, easy",19,"desire, wish, love, want",33,"wish, need, want, desire",65,"wish, need, want, desire"
ἐρεείνω,18,lsj,"ask, inquire; ask of; question; ask about",9,"ask, inquire, beggar, question",11,"ask, inquire, pray, care",22,"ask, pray, inquire, care",44,"ask, inquire, pay, prize",86,"ask, inquire, beg, inquiry"
κατέχω,18,lsj,"hold fast; hold back, withhold; check, restrain, bridle; put",85,"stay, remain, restrain, stop",8,"flee, pass, away, drive",18,"flee, fear, away, hold",31,"hold, leave, stay, retire",61,"hold, seize, stay, remain"
κατέπεφνον,18,lsj,"kill, slay",74,"slay, slaughter, kill, sacrifice",10,"wound, destroy, slay, kill",21,"wound, destroy, slay, cut",39,"slay, kill, destroy, waste",76,"slay, slaughter, kill, sacrifice"
κλῆρος,18,lsj,"lot; by lots; casting of lots, drawing of lots; sortitio provinciarum",-1,(outlier),3,"meet, bind, round, stretch",7,"round, stretch, straight, turn",8,"round, straight, stretch, turn",22,"draw, raise, drag, stand"
πικρός,18,lsj,"pointed, sharp, keen; sharp; pungent; sharp, keen",72,"sharp, keen, smooth, rugged",9,"desire, noble, strength, easy",20,"noble, strength, swift, little",36,"swift, little, haste, eager",71,"little, softly, firm, small"
θοῦρος,18,lsj,"rushing, impetuous, furious; with which one rushes to the fight",117,"leap, rush, run, chase",8,"flee, pass, away, drive",17,"pass, lead, come, throw",30,"pass, lead, come, throw",57,"drive, pass, rush, path"
πάλαι,18,lsj,long ago; once upon a time; long; of old,66,"time, long, partly, old",1,"son, chariot, lord, old",2,"old, mother, son, wife",2,"old, son, mother, wife",6,"old, age, youth, elders"
βάζω,18,lsj,"speak, say; address; has been spoken",36,"address, speak, accost, assembly",12,"shout, speak, rouse, speech",25,"speak, speech, voice, address",50,"speak, speech, voice, address",99,"address, speak, accost, surname"
ἐναίρω,18,lsj,"slay; to kill; to make away with, destroy; destroy, disfigure",74,"slay, slaughter, kill, sacrifice",10,"wound, destroy, slay, kill",21,"wound, destroy, slay, cut",39,"slay, kill, destroy, waste",76,"slay, slaughter, kill, sacrifice"
δουρικλειτός,18,lsj,famed for the spear,140,"spear, axe, sword, wand",4,"spear, bronze, eat, silver",9,"spear, bronze, breast, arrow",12,"spear, arrow, sword, girdle",28,"spear, sword, girdle, belt"
εἴκω,18,lsj,"to be like, seem likely",69,"like, equal, age, resembling",9,"desire, noble, strength, easy",20,"noble, strength, swift, little",35,"like, resembling, mighty, sort",68,"like, resembling, opportune, fond war"
θαῦμα,18,lsj,"wonder, marvel; a wonder; strange; wonder",26,"honour, wonder, reverence, glory",1,"son, chariot, lord, old",3,"divine, honour, zeus, wonder",3,"divine, honour, zeus, god",8,"honour, wonder, reverence, gift"
δακρυόεις,18,lsj,tearful; through tears; causing tears,54,"tears, accompanied, sobs inarticulate, inarticulate sounds",10,"wound, destroy, slay, kill",21,"wound, destroy, slay, cut",42,"wound, cut, tears, toil",81,"toil, tears, pain, distressed"
κειμήλιον,18,lsj,"anything stored up as valuable, treasure, heirloom; relic",-1,(outlier),1,"son, chariot, lord, old",3,"divine, honour, zeus, wonder",3,"divine, honour, zeus, god",8,"honour, wonder, reverence, gift"
ὑποδέχομαι,18,lsj,"receive into oneʼs house, welcome; received; who had received him; harbour",33,"gift, serve, receive, admit",11,"ask, inquire, pray, care",22,"ask, pray, inquire, care",44,"ask, inquire, pay, prize",87,"pay, debt, receive, price"
παλαιός,18,lsj,"old in years; aged; a dotard; of old date, ancient",101,"lord, queen, master, ruler",1,"son, chariot, lord, old",2,"old, mother, son, wife",2,"old, son, mother, wife",6,"old, age, youth, elders"
εὐχετάομαι,18,lsj,"pray; boast, profess; brag; to glory",71,"pray, vow, boast, votive offering",11,"ask, inquire, pray, care",22,"ask, pray, inquire, care",45,"pray, oath, herald, command",88,"pray, oath, herald, command"
ὀιζύς,18,lsj (relaxed match),"woe, misery",79,"grieving, distressed, wretched, pity",10,"wound, destroy, slay, kill",21,"wound, destroy, slay, cut",41,"destiny, dishonour, wretched, hateful",79,"destiny, wretched, hateful, wrath"
κεραυνός,18,lsj,thunderbolt; thunderbolts; thunder and lightning; a thunderbolt,-1,(outlier),5,"day, funeral, black, cloud",12,"funeral, long, day, time",20,"funeral, dead, snow, kindle",41,"kindle, snow, cloud, fires"
γέγωνα,18,lsj,shout so as to make oneself heard; can make himself heard; make oneʼs voice carry; cry out to,-1,(outlier),12,"shout, speak, rouse, speech",24,"shout, lament, wail, loud",49,"shout, lament, wail, loud",98,"shout, lament, wail, shriek"
ἑτοῖμος,18,lsj,"at hand, ready, prepared; in hand; in ready money; ready",14,"ready, make, order, prepare",3,"meet, bind, round, stretch",8,"meet, bind, ready, gather",9,"bind, ready, fast, make",23,"ready, bind, fast, make"
τοῖχος,18,lsj,wall of a house; enclosure; wall of a temple; walls,136,"precinct, bed, grove, sacred",2,"chamber, sleep, sit, bed",6,"chamber, house, ground, inner",7,"chamber, house, ground, mountain",18,"house, chamber, wall, court"
ἐξέρχομαι,18,lsj,"come out of; come out; come forth; march out, go forth",-1,(outlier),7,"come, return, near, arrive",16,"come, return, hither, arrive",29,"come, arrive, home, house",55,"home, house, inside, come forth"
ἐνίημι,18,lsj,"send in; into; will send into the battle; implant, inspire",95,"enter, come, inspire, city",7,"come, return, near, arrive",16,"come, return, hither, arrive",29,"come, arrive, home, house",56,"come, arrive, reach, born"
Νηλεύς,18,lsj,Neleus,143,"troy, athens, trojan, greece",1,"son, chariot, lord, old",1,"troy, athens, trojan, phthia",1,"troy, trojan, athens, thebes",3,"phthia, lesbos, hang, club"
κόπτω,18,lsj,"cut, strike; smite; smote; smite, slaughter",-1,(outlier),10,"wound, destroy, slay, kill",21,"wound, destroy, slay, cut",42,"wound, cut, tears, toil",80,"wound, cut, strip, blood"
ἥβη,18,lsj,"youthful prime, youth; manhood; strength and vigour of youth; the time before manhood",-1,(outlier),1,"son, chariot, lord, old",2,"old, mother, son, wife",2,"old, son, mother, wife",6,"old, age, youth, elders"
ἀτάσθαλος,18,lsj,"reckless, presumptuous, wicked",111,"hateful, hated, ruthless, terrible",10,"wound, destroy, slay, kill",21,"wound, destroy, slay, cut",41,"destiny, dishonour, wretched, hateful",79,"destiny, wretched, hateful, wrath"
ἰχθύς,18,agwn,any of various mostly cold-blooded aquatic vertebrates usually having scales and breathing through gills,135,"herd, serpent, boar, wolf",4,"spear, bronze, eat, silver",10,"eat, tree, heracles, meal",15,"heracles, bird, fish, fly",34,"heracles, bird, fish, fly"
χράω2,18,lsj (homograph 2),proclaim; proclaimed; warn; direct by oracle,-1,(outlier),1,"son, chariot, lord, old",3,"divine, honour, zeus, wonder",3,"divine, honour, zeus, god",7,"divine, zeus, god, holy"
ἐσθίω,18,lsj,eat; ration-strength; eat of; devour,63,"eat, devour, food, meal",4,"spear, bronze, eat, silver",10,"eat, tree, heracles, meal",16,"eat, meal, food, devour",35,"eat, food, meal, devour"
συνίημι,17,lsj,bring; set together; shot; together,-1,(outlier),3,"meet, bind, round, stretch",8,"meet, bind, ready, gather",10,"meet, gather, pick, assembly",24,"mix, equal, alike, separate"
ἀτιμάζω,17,lsj,"hold in no honour, esteem lightly; bring dishonour upon; speakest in dishonour of; suffer dishonour, insult",-1,(outlier),10,"wound, destroy, slay, kill",21,"wound, destroy, slay, cut",41,"destiny, dishonour, wretched, hateful",78,"dishonour, pity, disgrace, reproach"
ἶφι,17,lsj,by force; might,89,"strength, force, better, mighty",9,"desire, noble, strength, easy",20,"noble, strength, swift, little",38,"strength, force, high, courage",73,"strength, force, heavy, feeble"
κλάζω,17,lsj,"make a sharp piercing sound; scream; bark, bay; clash, rattle",64,"sound, roar, shriek, clash",12,"shout, speak, rouse, speech",24,"shout, lament, wail, loud",49,"shout, lament, wail, loud",97,"loud, laugh, crash, sound"
βιός,17,lsj,bow; jiyā´; gijà,77,"arrow, bow, javelin, shoot",4,"spear, bronze, eat, silver",9,"spear, bronze, breast, arrow",12,"spear, arrow, sword, girdle",27,"arrow, bow, shoot, sagitta"
μάντις,17,lsj,"diviner, seer, prophet; prophet; presager, foreboder; prophetic",-1,(outlier),1,"son, chariot, lord, old",3,"divine, honour, zeus, wonder",3,"divine, honour, zeus, god",7,"divine, zeus, god, holy"
κρείσσων,17,lsj,"stronger, mightier; having the upper hand, superior; prevail; better",89,"strength, force, better, mighty",9,"desire, noble, strength, easy",20,"noble, strength, swift, little",38,"strength, force, high, courage",74,"high, courage, better, stout"
ἄλλῃ,17,lsj,elsewhere; in one part of; in another; here,59,"hither, wherefore, place, way",7,"come, return, near, arrive",16,"come, return, hither, arrive",28,"hither, wherefore, way, just",54,"hither, wherefore, way, just"
δεύω2,17,lsj (homograph 2),"miss, want; he missed, failed; feel the want; loss of, be without",13,"desire, want, wish, need",11,"ask, inquire, pray, care",22,"ask, pray, inquire, care",46,"rejoice, care, heed, counsel",89,"care, rejoice, heed, attempt"
βουληφόρος,17,lsj,"counselling, advising; like a counsellor",16,"counsel, craft, wise, plan",11,"ask, inquire, pray, care",22,"ask, pray, inquire, care",46,"rejoice, care, heed, counsel",91,"counsel, assistant crooked, imparted, skilled"
αἴτιος,17,lsj,"culpable, responsible; the most guilty; the accused, the culprit; they who have sinned against",-1,(outlier),10,"wound, destroy, slay, kill",21,"wound, destroy, slay, cut",41,"destiny, dishonour, wretched, hateful",78,"dishonour, pity, disgrace, reproach"
κορωνίς,17,lsj,crook-beaked; curved; with crumpled horns; anything curved,106,"stretch, bend, curved, tight",3,"meet, bind, round, stretch",7,"round, stretch, straight, turn",8,"round, straight, stretch, turn",20,"bend, curved, twisted, stretch"
ὕβρις,17,lsj,"wanton violence; insolence; in wantonness; lust, lewdness",13,"desire, want, wish, need",10,"wound, destroy, slay, kill",21,"wound, destroy, slay, cut",41,"destiny, dishonour, wretched, hateful",79,"destiny, wretched, hateful, wrath"
ἀνδροφόνος,17,lsj,man-slaying; homicide; murderous; slaughter in battle,74,"slay, slaughter, kill, sacrifice",10,"wound, destroy, slay, kill",21,"wound, destroy, slay, cut",39,"slay, kill, destroy, waste",76,"slay, slaughter, kill, sacrifice"
ἀτρύγετος,17,lsj,"unharvested, barren; never worn out, unresting",129,"unresting, ungovernable, unseen, ceaseless",6,"wind, water, pour, sea",13,"pour, wash, oil, breathe",22,"pour, breathe, flow, spread",45,"breathe, disperse, sprinkle, spread"
ἑλίσσω,17,lsj,Acut.(Sp; turn round; about; turning,107,"round, turn, circle, wheel",11,"ask, inquire, pray, care",22,"ask, pray, inquire, care",46,"rejoice, care, heed, counsel",89,"care, rejoice, heed, attempt"
ἐξάγω,17,lsj,"lead out, lead away; having brought; out from; bring out of",-1,(outlier),8,"flee, pass, away, drive",17,"pass, lead, come, throw",30,"pass, lead, come, throw",60,"lead, end, shut, fulfil"
κεύθω,17,lsj,"custos; hýdan; cover, hide; covered",115,"hide, cover, shield, conceal",2,"chamber, sleep, sit, bed",6,"chamber, house, ground, inner",7,"chamber, house, ground, mountain",18,"house, chamber, wall, court"
ὀπτάω,17,lsj,"roast, broil; roast; broil; fry",63,"eat, devour, food, meal",6,"wind, water, pour, sea",13,"pour, wash, oil, breathe",21,"wash, oil, salt, raw",43,"wash, oil, salt, raw"
χαίτη,17,lsj,"loose, flowing hair; back hair; mane; crest",120,"hair, mane, neck, bushy",4,"spear, bronze, eat, silver",9,"spear, bronze, breast, arrow",13,"helmet, hair, head, cloth",30,"hair, helmet, head, face"
ῥίπτω,17,lsj,"throw, cast, hurl; throw; prostrate; lying",91,"throw, send, fall, forth",8,"flee, pass, away, drive",17,"pass, lead, come, throw",30,"pass, lead, come, throw",59,"throw, send, forth, forward"
ἐπιτρέπω,17,lsj,to turn to; towards; inclined itself; to overturn upon,107,"round, turn, circle, wheel",3,"meet, bind, round, stretch",7,"round, stretch, straight, turn",8,"round, straight, stretch, turn",21,"round, turn, circle, rim"
πέδιλον,17,lsj,"sandals; any covering for the feet, shoes; boots; rhythm",-1,(outlier),4,"spear, bronze, eat, silver",9,"spear, bronze, breast, arrow",12,"spear, arrow, sword, girdle",28,"spear, sword, girdle, belt"
ἀπονέομαι,17,lsj,"go away, depart",84,"leave, retire, gone, withdraw",11,"ask, inquire, pray, care",22,"ask, pray, inquire, care",46,"rejoice, care, heed, counsel",89,"care, rejoice, heed, attempt"
λέγω2,17,lsj (homograph 2),"pick up; gather, pick up; picking out stones for building; gather for oneself",-1,(outlier),3,"meet, bind, round, stretch",8,"meet, bind, ready, gather",10,"meet, gather, pick, assembly",25,"meet, gather, assembly, face"
πληθύς,17,lsj,"throng, crowd; majority; plebs",58,"crowded, people, pile, heaps",3,"meet, bind, round, stretch",8,"meet, bind, ready, gather",10,"meet, gather, pick, assembly",25,"meet, gather, assembly, face"
μετάφρενον,17,lsj,part behind the midriff; broad of the back; back,43,"return, backwards, rear, home",4,"spear, bronze, eat, silver",9,"spear, bronze, breast, arrow",11,"breast, thigh, knee, arm",26,"breast, thigh, knee, arm"
εὔξοος,17,lsj,of polished metal; haft; easy to polish,0,"bronze, silver, copper, metal",9,"desire, noble, strength, easy",20,"noble, strength, swift, little",36,"swift, little, haste, eager",71,"little, softly, firm, small"
δεύω,17,lsj,"wet, drench; to be flooded; steeped; wets his",37,"flow, tears, shed, forth",6,"wind, water, pour, sea",14,"wind, sea, stream, water",24,"sea, stream, wine, water",48,"stream, wine, water, drink"
ἴκελος,17,lsj,"like, resembling; like; in the same way as",69,"like, equal, age, resembling",9,"desire, noble, strength, easy",20,"noble, strength, swift, little",35,"like, resembling, mighty, sort",68,"like, resembling, opportune, fond war"
πνέω,17,lsj,"blow; are sounding; breathe, send forth an odour; breathe out, send forth",-1,(outlier),6,"wind, water, pour, sea",13,"pour, wash, oil, breathe",22,"pour, breathe, flow, spread",45,"breathe, disperse, sprinkle, spread"
Κρήτη,17,lsj,Crete; from Crete; to Crete,143,"troy, athens, trojan, greece",1,"son, chariot, lord, old",1,"troy, athens, trojan, phthia",1,"troy, trojan, athens, thebes",1,"troy, trojan, athens, thebes"
παράκοιτις,17,lsj,wife,110,"wife, marry, marriage, wedded",1,"son, chariot, lord, old",2,"old, mother, son, wife",2,"old, son, mother, wife",4,"wife, sister, brother, marry"
τιτύσκομαι,17,lsj,"make, make ready, prepare; he put; try to hit; aim, shoot",14,"ready, make, order, prepare",3,"meet, bind, round, stretch",8,"meet, bind, ready, gather",9,"bind, ready, fast, make",23,"ready, bind, fast, make"
ἐφορμάω,17,lsj,"stir up, rouse against; set; having urged; rush upon, attack",94,"stir, rouse, urge, excite",12,"shout, speak, rouse, speech",23,"rouse, stir, anger, fight",48,"rouse, stir, dance, song",96,"rouse, stir, shake, tremble"
ἑκάτερθε,17,agwn,"after a negative statement used as an intensive meaning something like ""likewise"" or ""also""; ""he isn't stupid, but he is",128,"vain, fruitless, useless, idle",11,"ask, inquire, pray, care",22,"ask, pray, inquire, care",46,"rejoice, care, heed, counsel",89,"care, rejoice, heed, attempt"
ἐμπίπτω,17,lsj,fall in; fell upon; meet; meeting,11,"meet, face, fall, partake",3,"meet, bind, round, stretch",8,"meet, bind, ready, gather",10,"meet, gather, pick, assembly",25,"meet, gather, assembly, face"
μαστός,17,lsj,the manʼs breast; the womanʼs; breast; a womanʼs breast,139,"breast, hollow, lap, guts",4,"spear, bronze, eat, silver",9,"spear, bronze, breast, arrow",11,"breast, thigh, knee, arm",26,"breast, thigh, knee, arm"
ζωστήρ,17,lsj,a warriorʼs belt; belt; a womanʼs girdle; anything that goes round like a girdle,-1,(outlier),4,"spear, bronze, eat, silver",9,"spear, bronze, breast, arrow",12,"spear, arrow, sword, girdle",28,"spear, sword, girdle, belt"
δαιδάλεος,17,lsj,"cunningly; curiously wrought; dappled, spotted; shot with light, sheeny",7,"bright, light, kindle, star",9,"desire, noble, strength, easy",20,"noble, strength, swift, little",37,"noble, wrought, glorious, splendid",72,"noble, wrought, glorious, splendid"
πύματος,17,lsj,"hindmost, last; outmost; the root of; nethermost",93,"set, beneath, lowest, high",7,"come, return, near, arrive",15,"near, nigh, far, hand",25,"beneath, lowest, hindmost, atop",49,"beneath, lowest, high, aloft"
δαίτη,17,lsj,"feast, banquet",34,"guest, banquet, meal, feast",1,"son, chariot, lord, old",4,"chariot, lord, guest, master",4,"guest, slave, serve, banquet",9,"guest, banquet, dinner, meal"
μήστωρ,17,lsj,"adviser, counsellor; authors; skilled assistant",16,"counsel, craft, wise, plan",11,"ask, inquire, pray, care",22,"ask, pray, inquire, care",46,"rejoice, care, heed, counsel",91,"counsel, assistant crooked, imparted, skilled"
χείρων,17,lsj,"meaner, inferior; worse than others; knave; worse",89,"strength, force, better, mighty",9,"desire, noble, strength, easy",20,"noble, strength, swift, little",38,"strength, force, high, courage",74,"high, courage, better, stout"
νωλεμές,17,lsj,"without pause, unceasingly; firmly; persevere; without pause",85,"stay, remain, restrain, stop",10,"wound, destroy, slay, kill",21,"wound, destroy, slay, cut",40,"vain, unceasing, unbroken, fruitless",77,"vain, unceasing, unbroken, unharmed"
μετέρχομαι,17,lsj,come; go among; if he came among them; having gone between,122,"come, ibo, pass, approach",8,"flee, pass, away, drive",17,"pass, lead, come, throw",30,"pass, lead, come, throw",57,"drive, pass, rush, path"
ἐκφεύγω,17,lsj,"flee out; away, escape; to be acquitted; escape out of",61,"flee, escape, avoid, shun",8,"flee, pass, away, drive",18,"flee, fear, away, hold",32,"flee, fear, wander, avoid",63,"flee, wander, avoid, escape"
ἐξελαύνω,17,lsj,"drive out; drive afield; drive out, expel from; banish",-1,(outlier),8,"flee, pass, away, drive",18,"flee, fear, away, hold",31,"hold, leave, stay, retire",62,"leave, retire, away, ward"
ἄλλως,17,lsj,otherwise; other way; other wise; besides,-1,(outlier),7,"come, return, near, arrive",16,"come, return, hither, arrive",28,"hither, wherefore, way, just",54,"hither, wherefore, way, just"
ἐκφέρω,17,lsj,carry out of; carry out; cause death; carry away,86,"carry, snatch, away, evaporate",8,"flee, pass, away, drive",18,"flee, fear, away, hold",31,"hold, leave, stay, retire",62,"leave, retire, away, ward"
ἀμφοτέρωθεν,17,lsj,from; on both sides; from both ends,60,"hand, left, right, sides",3,"meet, bind, round, stretch",7,"round, stretch, straight, turn",8,"round, straight, stretch, turn",19,"straight, right, hand, opposite"
ἠεροειδής,17,lsj,"misty, cloudy, dark; in the far distance, dimly",4,"dark, black, murky, gloom",6,"wind, water, pour, sea",13,"pour, wash, oil, breathe",22,"pour, breathe, flow, spread",45,"breathe, disperse, sprinkle, spread"
μέθυ,17,lsj,wine; mádhu; medu; medǔ,28,"wine, drink, mix, lesbos",6,"wind, water, pour, sea",14,"wind, sea, stream, water",24,"sea, stream, wine, water",48,"stream, wine, water, drink"
τάλαντον,17,agwn,a person who possesses unusual innate ability in some field or activity,-1,(outlier),10,"wound, destroy, slay, kill",21,"wound, destroy, slay, cut",40,"vain, unceasing, unbroken, fruitless",77,"vain, unceasing, unbroken, unharmed"
γαιήοχος,17,lsj,"earth-moving, earth-carrying; protecting the country; veho; váhati",116,"earth, ground, surface, deep",5,"day, funeral, black, cloud",12,"funeral, long, day, time",20,"funeral, dead, snow, kindle",42,"star, olympus, heaven, middle"
φθέγγομαι,17,lsj,utter a sound; voice; speak loud and clear; utter a syllable,41,"voice, sound, speech, hear",12,"shout, speak, rouse, speech",25,"speak, speech, voice, address",50,"speak, speech, voice, address",100,"speech, voice, speak, clear"
δρῦς,17,lsj,tree; Quercus Aegilops; Quercus Ilex; of oak leaves,109,"tree, wood, garden, fir",4,"spear, bronze, eat, silver",10,"eat, tree, heracles, meal",17,"tree, barley, garden, wood",36,"tree, wood, barley, garden"
φάσκω,17,lsj,"say, affirm, assert; saying; would; think, deem, expect",76,"oath, swear, affirm, think deem",11,"ask, inquire, pray, care",22,"ask, pray, inquire, care",45,"pray, oath, herald, command",88,"pray, oath, herald, command"
τροφός,17,lsj,"feeder, rearer; nurse; that which nourishes; nursling",63,"eat, devour, food, meal",4,"spear, bronze, eat, silver",10,"eat, tree, heracles, meal",16,"eat, meal, food, devour",35,"eat, food, meal, devour"
μῆνις,16,lsj,wrath; revengeful temper,98,"anger, wrath, angry, rage",10,"wound, destroy, slay, kill",21,"wound, destroy, slay, cut",41,"destiny, dishonour, wretched, hateful",79,"destiny, wretched, hateful, wrath"
ἐκπέρθω,16,lsj,"destroy utterly, sack; take as booty from",80,"destroy, waste, bane, sack",10,"wound, destroy, slay, kill",21,"wound, destroy, slay, cut",39,"slay, kill, destroy, waste",75,"waste, destroy, sack, perish"
ἔπειμι2,16,lsj (homograph 2),"ibo; come upon; come upon, approach; come against, attack",122,"come, ibo, pass, approach",8,"flee, pass, away, drive",17,"pass, lead, come, throw",30,"pass, lead, come, throw",58,"ibo, sink, fall, come"
ἀντιάω,16,lsj,go for the purpose of meeting; receiving; go in quest of; hit,11,"meet, face, fall, partake",8,"flee, pass, away, drive",17,"pass, lead, come, throw",30,"pass, lead, come, throw",57,"drive, pass, rush, path"
μηρία,16,lsj,thigh-bones; thigh-bones in their fat; thighs,138,"shoulder, thigh, limb, ankle",4,"spear, bronze, eat, silver",9,"spear, bronze, breast, arrow",11,"breast, thigh, knee, arm",26,"breast, thigh, knee, arm"
κνῖσα,16,lsj,steam and odour of fat; smell; savour of a burnt sacrifice; odour of savoury meat,63,"eat, devour, food, meal",6,"wind, water, pour, sea",13,"pour, wash, oil, breathe",21,"wash, oil, salt, raw",43,"wash, oil, salt, raw"
χερείων,16,lsj,"meaner, inferior; the worse part; amiss; of meaner rank",89,"strength, force, better, mighty",9,"desire, noble, strength, easy",20,"noble, strength, swift, little",38,"strength, force, high, courage",74,"high, courage, better, stout"
καλλιπάρηος,16,lsj,beautiful-cheeked,-1,(outlier),9,"desire, noble, strength, easy",19,"desire, wish, love, want",34,"love, heart, sweet, warm",67,"sweet, warm, glad, delight"
δηλέομαι,16,lsj,"hurt, do a mischief to; did; a mischief; slew",80,"destroy, waste, bane, sack",10,"wound, destroy, slay, kill",21,"wound, destroy, slay, cut",41,"destiny, dishonour, wretched, hateful",78,"dishonour, pity, disgrace, reproach"
θαμβέω,16,lsj,to be astounded; to be astonished at; alarm; PMag. Leid.W,35,"fear, alarm, amazed, stand awe",11,"ask, inquire, pray, care",22,"ask, pray, inquire, care",46,"rejoice, care, heed, counsel",89,"care, rejoice, heed, attempt"
τηλόθεν,16,lsj,from after; far from,45,"far, away, apart, aloof",7,"come, return, near, arrive",15,"near, nigh, far, hand",26,"near, far, nigh, hand",50,"far, away, distance, distant"
ἀναιρέω,16,lsj,"take up; having raised; take up and carry off, bear away; make away with, destroy",86,"carry, snatch, away, evaporate",8,"flee, pass, away, drive",18,"flee, fear, away, hold",31,"hold, leave, stay, retire",62,"leave, retire, away, ward"
κελαινός,16,lsj,"black, dark; swarthy; black with blood-stains; dark, murky",4,"dark, black, murky, gloom",5,"day, funeral, black, cloud",11,"black, dark, bright, shine",18,"black, dark, bright, shine",37,"black, dark, bright, light"
πένομαι,16,lsj,"toil, work; were busy; to have to work for oneʼs living; to be poor",31,"toil, work, suffer, labour",10,"wound, destroy, slay, kill",21,"wound, destroy, slay, cut",42,"wound, cut, tears, toil",81,"toil, tears, pain, distressed"
ὀνίνημι,16,lsj,"profit, benefit, help; gratify, delight; benefit; will",-1,(outlier),11,"ask, inquire, pray, care",22,"ask, pray, inquire, care",44,"ask, inquire, pay, prize",85,"prize, gain, win, contest"
κνέφας,16,lsj,"darkness; evening dusk, twilight; morning twilight; dawn",8,"day, light, morning, early",5,"day, funeral, black, cloud",12,"funeral, long, day, time",19,"long, day, time, morning",39,"day, morning, dawn, early"
Μοῦσα,16,lsj,"Muse; music, song; strain; liberal arts, accomplishments",53,"song, dance, sing, play",12,"shout, speak, rouse, speech",23,"rouse, stir, anger, fight",48,"rouse, stir, dance, song",94,"song, dance, choir, music"
παννύχιος,16,agwn,"completely given to or absorbed by: ""became all attention""",-1,(outlier),9,"desire, noble, strength, easy",20,"noble, strength, swift, little",35,"like, resembling, mighty, sort",69,"great, mighty, sort, exceedingly"
φόως,16,lsj,"to the light, to the light of day",8,"day, light, morning, early",5,"day, funeral, black, cloud",11,"black, dark, bright, shine",18,"black, dark, bright, shine",37,"black, dark, bright, light"
ἐννέα,16,lsj,nine; many; novem; náva,50,"years, tenth, period, ninth",1,"son, chariot, lord, old",1,"troy, athens, trojan, phthia",1,"troy, trojan, athens, thebes",2,"tenth, eleventh, number, seven"
ἀγανός,16,lsj,"mild, gentle; bringing an easy death",78,"heart, affection, gentle, love",9,"desire, noble, strength, easy",19,"desire, wish, love, want",34,"love, heart, sweet, warm",67,"sweet, warm, glad, delight"
ἐκπίπτω,16,lsj,fall out of; fell from; fall out; fall down,91,"throw, send, fall, forth",8,"flee, pass, away, drive",17,"pass, lead, come, throw",30,"pass, lead, come, throw",58,"ibo, sink, fall, come"
πτολίπορθος,16,lsj,sacking; wasting cities,80,"destroy, waste, bane, sack",10,"wound, destroy, slay, kill",21,"wound, destroy, slay, cut",39,"slay, kill, destroy, waste",75,"waste, destroy, sack, perish"
ἐπαινέω,16,lsj,"approve, applaud, commend; agree with, side with; assent, agree; assent",75,"persuade, assent, refuse, appease",11,"ask, inquire, pray, care",22,"ask, pray, inquire, care",45,"pray, oath, herald, command",88,"pray, oath, herald, command"
μέτειμι,16,lsj,sum; to be among; interval; will be mine,-1,(outlier),11,"ask, inquire, pray, care",22,"ask, pray, inquire, care",43,"know, appear, perceive, look",84,"watch, count, sum, visit"
τιταίνω,16,lsj,stretch; bending; having tuned my; plays,106,"stretch, bend, curved, tight",3,"meet, bind, round, stretch",7,"round, stretch, straight, turn",8,"round, straight, stretch, turn",20,"bend, curved, twisted, stretch"
λάζομαι,16,lsj,"seize, grasp; take; may they bite; took",87,"seize, hold, receive, caught",8,"flee, pass, away, drive",18,"flee, fear, away, hold",31,"hold, leave, stay, retire",61,"hold, seize, stay, remain"
μελία,16,lsj,"manna ash, Fraxinus Ornus; ashen spear",140,"spear, axe, sword, wand",4,"spear, bronze, eat, silver",9,"spear, bronze, breast, arrow",12,"spear, arrow, sword, girdle",28,"spear, sword, girdle, belt"
κόλπος,16,lsj,"bosom, lap; bosom; lap; vagina",139,"breast, hollow, lap, guts",4,"spear, bronze, eat, silver",9,"spear, bronze, breast, arrow",11,"breast, thigh, knee, arm",26,"breast, thigh, knee, arm"
τέταρτος,16,lsj,fourth; the fourth time; fourthly; fourfold,55,"fifth, half, fourth, thrice",7,"come, return, near, arrive",16,"come, return, hither, arrive",27,"return, time, fifth, backwards",53,"time, fifth, forthwith, fourth"
Δάρδανος,16,lsj,Dardanus; Trojan; Trojan woman; Troy,143,"troy, athens, trojan, greece",1,"son, chariot, lord, old",1,"troy, athens, trojan, phthia",1,"troy, trojan, athens, thebes",1,"troy, trojan, athens, thebes"
ὀρυμαγδός,16,lsj,"loud noise, din; the sound; rattling; roar",64,"sound, roar, shriek, clash",12,"shout, speak, rouse, speech",24,"shout, lament, wail, loud",49,"shout, lament, wail, loud",97,"loud, laugh, crash, sound"
αἴθων,16,lsj,"fiery, burning; fiery; flashing, glittering; red-brown, tawny",7,"bright, light, kindle, star",5,"day, funeral, black, cloud",11,"black, dark, bright, shine",18,"black, dark, bright, shine",37,"black, dark, bright, light"
ῥοή,16,lsj,"river, stream; the juice; stream; streams of events, tide of affairs",38,"stream, water, river, spring",6,"wind, water, pour, sea",14,"wind, sea, stream, water",24,"sea, stream, wine, water",48,"stream, wine, water, drink"
ἐσσύμενος,16,lsj,"hurrying, eager, impetuous; eager, yearning for; furiously, eagerly",99,"haste, eager, furiously, rage",9,"desire, noble, strength, easy",20,"noble, strength, swift, little",36,"swift, little, haste, eager",70,"swift, haste, eager, quick"
ὄχθη,16,lsj,"any height; rising ground; bank, dyke; raised banks of a river",133,"banks, shore, dyke, headland",2,"chamber, sleep, sit, bed",6,"chamber, house, ground, inner",7,"chamber, house, ground, mountain",18,"house, chamber, wall, court"
κνήμη,16,lsj,"part between knee and ankle, leg, shank; tibia; stem between two joints; spoke",138,"shoulder, thigh, limb, ankle",4,"spear, bronze, eat, silver",9,"spear, bronze, breast, arrow",11,"breast, thigh, knee, arm",26,"breast, thigh, knee, arm"
παρέχω,16,lsj,"hand over; furnish, supply; will provide; finds",14,"ready, make, order, prepare",3,"meet, bind, round, stretch",8,"meet, bind, ready, gather",9,"bind, ready, fast, make",23,"ready, bind, fast, make"
κάλλος,16,lsj,beauty; show; pleasure; a beauty,78,"heart, affection, gentle, love",9,"desire, noble, strength, easy",19,"desire, wish, love, want",34,"love, heart, sweet, warm",67,"sweet, warm, glad, delight"
θήρ,16,lsj,beast of prey; beasts; living creature; vermin,135,"herd, serpent, boar, wolf",4,"spear, bronze, eat, silver",10,"eat, tree, heracles, meal",15,"heracles, bird, fish, fly",34,"heracles, bird, fish, fly"
κλειτός,16,lsj,"renowned, famous; splendid, excellent",81,"glorious, noble, famous, renowned",9,"desire, noble, strength, easy",20,"noble, strength, swift, little",37,"noble, wrought, glorious, splendid",72,"noble, wrought, glorious, splendid"
ὕπτιος,16,lsj,laid on oneʼs back; backwards; lying on oneʼs back; lying on its back,92,"sleep, lie, lay, bed",2,"chamber, sleep, sit, bed",5,"sleep, sit, seat, bed",6,"sleep, sit, seat, bed",15,"sleep, bed, lie, lay"
κέρας,16,lsj,the horn of an animal; horns; tusks; antennae,77,"arrow, bow, javelin, shoot",4,"spear, bronze, eat, silver",10,"eat, tree, heracles, meal",15,"heracles, bird, fish, fly",34,"heracles, bird, fish, fly"
εἴκελος,16,lsj,like,69,"like, equal, age, resembling",9,"desire, noble, strength, easy",20,"noble, strength, swift, little",35,"like, resembling, mighty, sort",68,"like, resembling, opportune, fond war"
χέρσος,16,lsj,"dry land; by land; barren soils; dry, firm",-1,(outlier),2,"chamber, sleep, sit, bed",6,"chamber, house, ground, inner",7,"chamber, house, ground, mountain",16,"ground, trench, earth, dug"
σκότος,16,lsj,"darkness, gloom; darkness; dizziness, vertigo; darkness, obscurity",4,"dark, black, murky, gloom",5,"day, funeral, black, cloud",11,"black, dark, bright, shine",18,"black, dark, bright, shine",37,"black, dark, bright, light"
χερμάδιον,16,lsj,"large stone, boulder; of the shape; size of a; for arm-exercises",132,"stone, hewn, block, boulder shape",3,"meet, bind, round, stretch",7,"round, stretch, straight, turn",8,"round, straight, stretch, turn",22,"draw, raise, drag, stand"
παλάσσω,16,lsj,"besprinkle, defile; he bespattered his; to be scattered abroad; was smitten",47,"break, shiver, broken, shrink",6,"wind, water, pour, sea",13,"pour, wash, oil, breathe",22,"pour, breathe, flow, spread",45,"breathe, disperse, sprinkle, spread"
πέπλος,16,lsj,"any woven cloth; sheet, carpet, curtain, veil; upper garment; mantle",114,"garment, cloth, skin, cloak",4,"spear, bronze, eat, silver",9,"spear, bronze, breast, arrow",13,"helmet, hair, head, cloth",29,"cloth, garment, skin, cloak"
ἀλλότριος,16,lsj,belonging to another; another manʼs; of what is anotherʼs; unlike their own,-1,(outlier),11,"ask, inquire, pray, care",22,"ask, pray, inquire, care",46,"rejoice, care, heed, counsel",92,"dwell, set, situated, devise"
τρέω,16,lsj,"flee from fear, flee away; fleeing; fear; runaway, coward",61,"flee, escape, avoid, shun",8,"flee, pass, away, drive",18,"flee, fear, away, hold",32,"flee, fear, wander, avoid",63,"flee, wander, avoid, escape"
ἕξ,16,lsj,six; the six; xšvaš; sex,50,"years, tenth, period, ninth",1,"son, chariot, lord, old",1,"troy, athens, trojan, phthia",1,"troy, trojan, athens, thebes",2,"tenth, eleventh, number, seven"
καλλίθριξ,16,lsj,"with beautiful manes; with fine wool; with beautiful hair; waterwort, Asplenium trichomanes",120,"hair, mane, neck, bushy",4,"spear, bronze, eat, silver",9,"spear, bronze, breast, arrow",13,"helmet, hair, head, cloth",30,"hair, helmet, head, face"
εἴκω2,16,lsj (homograph 2),"give way, retire; make way for; yield; shrink",84,"leave, retire, gone, withdraw",8,"flee, pass, away, drive",18,"flee, fear, away, hold",31,"hold, leave, stay, retire",62,"leave, retire, away, ward"
γαμβρός,16,lsj,connexion by marriage; son-in-law; brother-in-law; sisterʼs husband,124,"brother, sister, law, cousin",1,"son, chariot, lord, old",2,"old, mother, son, wife",2,"old, son, mother, wife",4,"wife, sister, brother, marry"
ἡβάω,16,lsj,attain; have attained puberty; past puberty; adults,-1,(outlier),11,"ask, inquire, pray, care",22,"ask, pray, inquire, care",44,"ask, inquire, pay, prize",85,"prize, gain, win, contest"
θαρσαλέος,16,lsj,daring; confident; confidence; of good courage,96,"courage, good, arrogant, manly",9,"desire, noble, strength, easy",20,"noble, strength, swift, little",38,"strength, force, high, courage",74,"high, courage, better, stout"
γόνος,16,lsj,"that which is begotten, child; offspring; son; roe",121,"race, descent, father, family",1,"son, chariot, lord, old",2,"old, mother, son, wife",2,"old, son, mother, wife",5,"son, child, mother, father"
σιδήρεος,16,lsj,made of iron; steel; grappling-iron; of arms,0,"bronze, silver, copper, metal",4,"spear, bronze, eat, silver",9,"spear, bronze, breast, arrow",12,"spear, arrow, sword, girdle",28,"spear, sword, girdle, belt"
μόρος,16,lsj,"fate, destiny; doom; destiny; doom, death",49,"destiny, doom, fate, destined",10,"wound, destroy, slay, kill",21,"wound, destroy, slay, cut",41,"destiny, dishonour, wretched, hateful",79,"destiny, wretched, hateful, wrath"
ὑλήεις,16,lsj,"woody, wooded; through the wood; dense growth; dwelling in the woods",109,"tree, wood, garden, fir",4,"spear, bronze, eat, silver",10,"eat, tree, heracles, meal",17,"tree, barley, garden, wood",36,"tree, wood, barley, garden"
ἀναίνομαι,16,lsj,"refuse; reject with contempt, spurn; do I turn my back; refused, declined to do",75,"persuade, assent, refuse, appease",11,"ask, inquire, pray, care",22,"ask, pray, inquire, care",45,"pray, oath, herald, command",88,"pray, oath, herald, command"
θερμός,16,lsj,"hot; feverish; hot-headed, hasty; still warm, fresh",-1,(outlier),9,"desire, noble, strength, easy",19,"desire, wish, love, want",34,"love, heart, sweet, warm",67,"sweet, warm, glad, delight"
ἄμαξα,16,lsj,"frame-work, ‘châssis’; wagon; wagons; draught",15,"chariot, car, driver, horse",3,"meet, bind, round, stretch",8,"meet, bind, ready, gather",9,"bind, ready, fast, make",23,"ready, bind, fast, make"
χλωρός,16,lsj,"greenish-yellow, pale green; green plaster; green paint; yellow",-1,(outlier),4,"spear, bronze, eat, silver",9,"spear, bronze, breast, arrow",14,"bronze, silver, hollow, gold",33,"lycia, stone, grind, goblet"
ἔσθω,16,lsj,"eat; eat up; feed on, devour",63,"eat, devour, food, meal",4,"spear, bronze, eat, silver",10,"eat, tree, heracles, meal",16,"eat, meal, food, devour",35,"eat, food, meal, devour"
ἀετός,16,lsj,eagle; eagle as a standard; Aquila; omen,-1,(outlier),4,"spear, bronze, eat, silver",10,"eat, tree, heracles, meal",15,"heracles, bird, fish, fly",34,"heracles, bird, fish, fly"
μάρπτω,16,lsj,"take hold of; catch by; lay hold of, seize; overtake, catch",87,"seize, hold, receive, caught",8,"flee, pass, away, drive",18,"flee, fear, away, hold",31,"hold, leave, stay, retire",61,"hold, seize, stay, remain"
κλισμός,16,lsj,"couch; inclination, slope",103,"raise, lean, inclining, make stand",3,"meet, bind, round, stretch",7,"round, stretch, straight, turn",8,"round, straight, stretch, turn",22,"draw, raise, drag, stand"
ἰχθυόεις,16,lsj,"full of fish, fishy; fish-like; consisting of fish",29,"pour, filled, spread, fish",4,"spear, bronze, eat, silver",10,"eat, tree, heracles, meal",15,"heracles, bird, fish, fly",34,"heracles, bird, fish, fly"
πεύθομαι,16,lsj,lay information against; bódhati; budēti,46,"ti, quarterly, shear lay, bit",11,"ask, inquire, pray, care",22,"ask, pray, inquire, care",44,"ask, inquire, pay, prize",87,"pay, debt, receive, price"
κεδνός,16,lsj,"careful, diligent, trusty; noble; cared for, cherished, dear; true",-1,(outlier),9,"desire, noble, strength, easy",20,"noble, strength, swift, little",37,"noble, wrought, glorious, splendid",72,"noble, wrought, glorious, splendid"
ἀέκητι,16,lsj,against oneʼs will,39,"face, opposite, straight, right",3,"meet, bind, round, stretch",7,"round, stretch, straight, turn",8,"round, straight, stretch, turn",19,"straight, right, hand, opposite"
δίκαιος,16,lsj,"observant of custom; rule; of social rule, well-ordered, civilized; good",96,"courage, good, arrogant, manly",9,"desire, noble, strength, easy",20,"noble, strength, swift, little",35,"like, resembling, mighty, sort",69,"great, mighty, sort, exceedingly"
δίκη,16,lsj,"custom, usage; way; the way; like",14,"ready, make, order, prepare",9,"desire, noble, strength, easy",20,"noble, strength, swift, little",35,"like, resembling, mighty, sort",69,"great, mighty, sort, exceedingly"
ὀρθός,16,lsj,"straight; upright, standing; erect; standing with their walls entire",103,"raise, lean, inclining, make stand",3,"meet, bind, round, stretch",7,"round, stretch, straight, turn",8,"round, straight, stretch, turn",22,"draw, raise, drag, stand"
βασίλεια,16,lsj,"queen, princess",101,"lord, queen, master, ruler",1,"son, chariot, lord, old",4,"chariot, lord, guest, master",4,"guest, slave, serve, banquet",10,"slave, mistress, care, queen"
ἐντανύω,16,lsj,stretch tight; stretch; tight; bend,106,"stretch, bend, curved, tight",3,"meet, bind, round, stretch",7,"round, stretch, straight, turn",8,"round, straight, stretch, turn",20,"bend, curved, twisted, stretch"
Λητώ,15,lsj,Leto; born from Leto; temple of L,-1,(outlier),5,"day, funeral, black, cloud",12,"funeral, long, day, time",20,"funeral, dead, snow, kindle",42,"star, olympus, heaven, middle"
ὀλέκω,15,lsj,"ruin, destroy, kill; prey; perish, die",80,"destroy, waste, bane, sack",10,"wound, destroy, slay, kill",21,"wound, destroy, slay, cut",39,"slay, kill, destroy, waste",75,"waste, destroy, sack, perish"
θαμέες,15,lsj,"crowded, close-set; frequent",58,"crowded, people, pile, heaps",3,"meet, bind, round, stretch",8,"meet, bind, ready, gather",10,"meet, gather, pick, assembly",25,"meet, gather, assembly, face"
ἀτιμάω,15,lsj,"dishonour, disdain",98,"anger, wrath, angry, rage",10,"wound, destroy, slay, kill",21,"wound, destroy, slay, cut",41,"destiny, dishonour, wretched, hateful",78,"dishonour, pity, disgrace, reproach"
σκιόεις,15,lsj,"shady, shadowy; shady; thickly wooded; dark",4,"dark, black, murky, gloom",5,"day, funeral, black, cloud",11,"black, dark, bright, shine",18,"black, dark, bright, shine",37,"black, dark, bright, light"
ἐξερέω,15,lsj,"will speak; out, tell out, utter aloud",42,"speech, word, speak, talk",12,"shout, speak, rouse, speech",25,"speak, speech, voice, address",50,"speak, speech, voice, address",100,"speech, voice, speak, clear"
σημαίνω,15,lsj,"show by a sign, indicate, point out; after indicating; you have; shown you",20,"appear, bring light, seen, forth",11,"ask, inquire, pray, care",22,"ask, pray, inquire, care",43,"know, appear, perceive, look",82,"know, appear, perceive, bring light"
δακρύω,15,lsj,"weep, shed tears; with tears; to flood; to be in tears",54,"tears, accompanied, sobs inarticulate, inarticulate sounds",10,"wound, destroy, slay, kill",21,"wound, destroy, slay, cut",42,"wound, cut, tears, toil",81,"toil, tears, pain, distressed"
τερπικέραυνος,15,lsj,delighting in thunder,-1,(outlier),12,"shout, speak, rouse, speech",24,"shout, lament, wail, loud",49,"shout, lament, wail, loud",97,"loud, laugh, crash, sound"
δαίς2,15,lsj (homographs merged),"meal, banquet; duly shared; banquet; sacrificial feast",34,"guest, banquet, meal, feast",1,"son, chariot, lord, old",4,"chariot, lord, guest, master",4,"guest, slave, serve, banquet",9,"guest, banquet, dinner, meal"
ῥηγμίν,15,lsj,"Wiener Sitzb; sea breaking on the beach, surf; broken sea; at the seaʼs edge",130,"sea, stillness, gulf, calm",6,"wind, water, pour, sea",14,"wind, sea, stream, water",24,"sea, stream, wine, water",47,"sea, sail, strait, ship"
σφάζω,15,lsj,"slay, slaughter; by cutting the throat; slaughter; cut",74,"slay, slaughter, kill, sacrifice",10,"wound, destroy, slay, kill",21,"wound, destroy, slay, cut",39,"slay, kill, destroy, waste",76,"slay, slaughter, kill, sacrifice"
πατέομαι,15,lsj,"eat; drink; eat of, partake of; eat, taste food",63,"eat, devour, food, meal",4,"spear, bronze, eat, silver",10,"eat, tree, heracles, meal",16,"eat, meal, food, devour",35,"eat, food, meal, devour"
ἐλελίζω,15,lsj,whirl round; move in coils; spires; cause,107,"round, turn, circle, wheel",6,"wind, water, pour, sea",14,"wind, sea, stream, water",23,"wind, storm, breeze, wintry",46,"wind, storm, wintry, hurricane"
ἕδος,15,lsj,"sitting-place; seat, stool; straight-backed chair; seat, abode, dwelling-place",127,"sit, seat, chair, place",2,"chamber, sleep, sit, bed",5,"sleep, sit, seat, bed",6,"sleep, sit, seat, bed",14,"sit, seat, chair, throne"
ἀμφικύπελλος,15,lsj,double cup; two-handled,10,"double, fold, handled, wrapped covered",7,"come, return, near, arrive",16,"come, return, hither, arrive",27,"return, time, fifth, backwards",53,"time, fifth, forthwith, fourth"
μειδάω,15,lsj,smile; laugh aloud; grinning; smáyati,-1,(outlier),12,"shout, speak, rouse, speech",24,"shout, lament, wail, loud",49,"shout, lament, wail, loud",97,"loud, laugh, crash, sound"
χρυσόθρονος,15,lsj,with throne of gold,21,"golden, robe, flowers, soft",4,"spear, bronze, eat, silver",9,"spear, bronze, breast, arrow",14,"bronze, silver, hollow, gold",31,"bronze, silver, gold, copper"
προσδέχομαι,15,lsj,"receive favourably, accept; receive hospitably; admit; admit into oneʼs presence",33,"gift, serve, receive, admit",11,"ask, inquire, pray, care",22,"ask, pray, inquire, care",44,"ask, inquire, pay, prize",87,"pay, debt, receive, price"
λέγω3,15,lsj (homographs merged),"lay ; pick up; gather, pick up; picking out stones for building; gather for oneself",-1,(outlier),3,"meet, bind, round, stretch",8,"meet, bind, ready, gather",10,"meet, gather, pick, assembly",25,"meet, gather, assembly, face"
ἱππόβοτος,15,lsj,grazed by horses,-1,(outlier),4,"spear, bronze, eat, silver",10,"eat, tree, heracles, meal",15,"heracles, bird, fish, fly",34,"heracles, bird, fish, fly"
μείς,15,lsj,month; from; the month; the lunar month,-1,(outlier),5,"day, funeral, black, cloud",12,"funeral, long, day, time",20,"funeral, dead, snow, kindle",42,"star, olympus, heaven, middle"
ἠγερέθομαι,15,lsj,"gather together, assemble",56,"gather, assemble, collect, lists",3,"meet, bind, round, stretch",8,"meet, bind, ready, gather",10,"meet, gather, pick, assembly",25,"meet, gather, assembly, face"
ὅθεν,15,lsj,"whence; from whom; which; from whatever source, in what manner soever",59,"hither, wherefore, place, way",7,"come, return, near, arrive",16,"come, return, hither, arrive",28,"hither, wherefore, way, just",54,"hither, wherefore, way, just"
τελαμών,15,lsj,broad strap; band for bearing; supporting; leathern strap,141,"strap, cord, thong, bar",3,"meet, bind, round, stretch",7,"round, stretch, straight, turn",8,"round, straight, stretch, turn",20,"bend, curved, twisted, stretch"
κικλήσκω,15,lsj,"call, summon; invite; invoke, implore; accost, address",36,"address, speak, accost, assembly",11,"ask, inquire, pray, care",22,"ask, pray, inquire, care",45,"pray, oath, herald, command",88,"pray, oath, herald, command"
Λακεδαίμων,15,lsj,Lacedaemon; Laconia,142,"thracian, scylla seal, monachus calchas, calypso icarian",4,"spear, bronze, eat, silver",9,"spear, bronze, breast, arrow",14,"bronze, silver, hollow, gold",33,"lycia, stone, grind, goblet"
Θρᾷξ,15,lsj,Thracian,142,"thracian, scylla seal, monachus calchas, calypso icarian",1,"son, chariot, lord, old",1,"troy, athens, trojan, phthia",1,"troy, trojan, athens, thebes",3,"phthia, lesbos, hang, club"
Κρής,15,lsj,Cretan,-1,(outlier),1,"son, chariot, lord, old",1,"troy, athens, trojan, phthia",1,"troy, trojan, athens, thebes",3,"phthia, lesbos, hang, club"
νέατος,15,lsj,"uttermost, lowest; the lowest part of; extreme, outermost; lowest",93,"set, beneath, lowest, high",7,"come, return, near, arrive",15,"near, nigh, far, hand",25,"beneath, lowest, hindmost, atop",49,"beneath, lowest, high, aloft"
ὄμβρος,15,lsj,"storm of rain, thunder-storm; heavy rain; rains; water",18,"wind, cloud, mist, stormy",6,"wind, water, pour, sea",14,"wind, sea, stream, water",23,"wind, storm, breeze, wintry",46,"wind, storm, wintry, hurricane"
τρόμος,15,lsj,"trembling, quaking, quivering; shiverings",24,"silence, shake, tremble, softly",12,"shout, speak, rouse, speech",23,"rouse, stir, anger, fight",48,"rouse, stir, dance, song",96,"rouse, stir, shake, tremble"
ἀναχωρέω,15,lsj,"go back; walk backwards; retire, withdraw; they had retired",84,"leave, retire, gone, withdraw",8,"flee, pass, away, drive",18,"flee, fear, away, hold",31,"hold, leave, stay, retire",62,"leave, retire, away, ward"
ἐίσκω,15,lsj (relaxed match),only; make like; made; like,69,"like, equal, age, resembling",3,"meet, bind, round, stretch",8,"meet, bind, ready, gather",9,"bind, ready, fast, make",23,"ready, bind, fast, make"
ἐκγίγνομαι,15,lsj,to be born of; to be born to; come into being; to be gone away,105,"born, beget, bring forth, engender",7,"come, return, near, arrive",16,"come, return, hither, arrive",29,"come, arrive, home, house",56,"come, arrive, reach, born"
ἄφρων,15,lsj,"senseless; crazed, frantic; silly, foolish; senselessly",128,"vain, fruitless, useless, idle",10,"wound, destroy, slay, kill",21,"wound, destroy, slay, cut",40,"vain, unceasing, unbroken, fruitless",77,"vain, unceasing, unbroken, unharmed"
ἐφοράω,15,lsj,"oversee, observe; watch over, visit; visit; attend",19,"watch, visit, ward, observe",11,"ask, inquire, pray, care",22,"ask, pray, inquire, care",43,"know, appear, perceive, look",84,"watch, count, sum, visit"
ἀποφθίνω,15,lsj,"perish utterly, die away; make to perish, waste away, destroy; had; taken",80,"destroy, waste, bane, sack",10,"wound, destroy, slay, kill",21,"wound, destroy, slay, cut",39,"slay, kill, destroy, waste",75,"waste, destroy, sack, perish"
λόφος,15,lsj,back of the neck; withers; nape of the neck; the neck,-1,(outlier),4,"spear, bronze, eat, silver",9,"spear, bronze, breast, arrow",11,"breast, thigh, knee, arm",26,"breast, thigh, knee, arm"
τρυφάλεια,15,lsj,helmet; ‘three’,119,"helmet, head, peak, brim",4,"spear, bronze, eat, silver",9,"spear, bronze, breast, arrow",13,"helmet, hair, head, cloth",30,"hair, helmet, head, face"
τινάσσω,15,lsj,shake; brandish; shook; upset,24,"silence, shake, tremble, softly",12,"shout, speak, rouse, speech",23,"rouse, stir, anger, fight",48,"rouse, stir, dance, song",96,"rouse, stir, shake, tremble"
χορός,15,lsj,"dance; chorus; choir, band of dancers and singers, h. Ven; choir, troop",53,"song, dance, sing, play",12,"shout, speak, rouse, speech",23,"rouse, stir, anger, fight",48,"rouse, stir, dance, song",94,"song, dance, choir, music"
ἐκεῖθι,15,agwn,"to or toward that place; away from the speaker: ""go there around noon!""",44,"near, nigh, hand, hard",2,"chamber, sleep, sit, bed",5,"sleep, sit, seat, bed",6,"sleep, sit, seat, bed",14,"sit, seat, chair, throne"
ἁρπάζω,15,lsj,"snatch away, carry off; to be a robber; thievish; have",86,"carry, snatch, away, evaporate",8,"flee, pass, away, drive",18,"flee, fear, away, hold",31,"hold, leave, stay, retire",62,"leave, retire, away, ward"
τέθηπα,15,lsj,"to be astonished, astounded, amazed; amazed, astonished; wonder; be amazed at",35,"fear, alarm, amazed, stand awe",11,"ask, inquire, pray, care",22,"ask, pray, inquire, care",46,"rejoice, care, heed, counsel",89,"care, rejoice, heed, attempt"
ἀγχίμολος,15,lsj,"coming near; near, close at hand; close",44,"near, nigh, hand, hard",7,"come, return, near, arrive",15,"near, nigh, far, hand",26,"near, far, nigh, hand",51,"near, nigh, hand, close"
σπάω,15,lsj,draw; having their; drawn; drew,-1,(outlier),3,"meet, bind, round, stretch",7,"round, stretch, straight, turn",8,"round, straight, stretch, turn",22,"draw, raise, drag, stand"
δινεύω,15,lsj,"whirl, spin round; after whirling; driving; round a circle",107,"round, turn, circle, wheel",3,"meet, bind, round, stretch",7,"round, stretch, straight, turn",8,"round, straight, stretch, turn",21,"round, turn, circle, rim"
ἀκωκή,15,lsj,point; sting; fangs,-1,(outlier),4,"spear, bronze, eat, silver",9,"spear, bronze, breast, arrow",14,"bronze, silver, hollow, gold",33,"lycia, stone, grind, goblet"
ὑπεκφεύγω,15,lsj,flee away; escape; escape from,61,"flee, escape, avoid, shun",8,"flee, pass, away, drive",18,"flee, fear, away, hold",32,"flee, fear, wander, avoid",63,"flee, wander, avoid, escape"
πύκα,15,agwn,"taking care or paying attention: ""they watched carefully""",22,"look, gaze, behold, observe",11,"ask, inquire, pray, care",22,"ask, pray, inquire, care",43,"know, appear, perceive, look",83,"look, gaze, eye, behold"
ποιητός,15,lsj,made; well made; cultivated; self-inflicted,73,"wrought, good dwell, poised, built",9,"desire, noble, strength, easy",20,"noble, strength, swift, little",37,"noble, wrought, glorious, splendid",72,"noble, wrought, glorious, splendid"
πολεμιστής,15,lsj,warrior; war; charger; trapped as chargers,-1,(outlier),1,"son, chariot, lord, old",4,"chariot, lord, guest, master",5,"chariot, lord, shield, master",13,"shield, ranks, warrior, men"
ῥίς,15,lsj,"nose; snout; nostrils; nares, nose",120,"hair, mane, neck, bushy",6,"wind, water, pour, sea",13,"pour, wash, oil, breathe",21,"wash, oil, salt, raw",43,"wash, oil, salt, raw"
ἀναχάζω,15,lsj,"make to recoil, force back; draw back; giving way to; draw back from",-1,(outlier),3,"meet, bind, round, stretch",7,"round, stretch, straight, turn",8,"round, straight, stretch, turn",22,"draw, raise, drag, stand"
ἥμισυς,15,lsj,half; half of; half-and-half; mid,55,"fifth, half, fourth, thrice",3,"meet, bind, round, stretch",8,"meet, bind, ready, gather",10,"meet, gather, pick, assembly",24,"mix, equal, alike, separate"
μύρω,15,lsj,"flow, trickle; trickled; melt into tears, shed tears; flow",37,"flow, tears, shed, forth",6,"wind, water, pour, sea",13,"pour, wash, oil, breathe",22,"pour, breathe, flow, spread",44,"pour, flow, filled, shed"
μηχανάομαι,15,lsj,"make by art, construct, build; prepare; prepare, make ready; contrive, devise",14,"ready, make, order, prepare",3,"meet, bind, round, stretch",8,"meet, bind, ready, gather",9,"bind, ready, fast, make",23,"ready, bind, fast, make"
τετίημαι,15,lsj,to be sorrowful; sorrowing; from grief; quies,79,"grieving, distressed, wretched, pity",10,"wound, destroy, slay, kill",21,"wound, destroy, slay, cut",42,"wound, cut, tears, toil",81,"toil, tears, pain, distressed"
ἄμυδις,15,lsj,"together, at the same time; all together; together",70,"apart, separate, divide, choose",3,"meet, bind, round, stretch",8,"meet, bind, ready, gather",10,"meet, gather, pick, assembly",24,"mix, equal, alike, separate"
μενοεικής,15,lsj,"suited to the desires, satisfying, agreeable, to oneʼs taste; plentiful; great store of",-1,(outlier),9,"desire, noble, strength, easy",20,"noble, strength, swift, little",35,"like, resembling, mighty, sort",69,"great, mighty, sort, exceedingly"
λευγαλέος,15,lsj,"in sad; sorry plight, wretched; in ill plight; sore, baneful",79,"grieving, distressed, wretched, pity",10,"wound, destroy, slay, kill",21,"wound, destroy, slay, cut",41,"destiny, dishonour, wretched, hateful",79,"destiny, wretched, hateful, wrath"
ἐσχατιά,15,lsj,"farthest part, edge, border; the edge; shore; the mouth",-1,(outlier),5,"day, funeral, black, cloud",12,"funeral, long, day, time",20,"funeral, dead, snow, kindle",42,"star, olympus, heaven, middle"
ῥῆγος,15,lsj,"rug, blanket",114,"garment, cloth, skin, cloak",4,"spear, bronze, eat, silver",9,"spear, bronze, breast, arrow",13,"helmet, hair, head, cloth",29,"cloth, garment, skin, cloak"
κέρδος,15,lsj,"gain, profit; some advantage; best; gains, profits",-1,(outlier),11,"ask, inquire, pray, care",22,"ask, pray, inquire, care",44,"ask, inquire, pay, prize",85,"prize, gain, win, contest"
ἄλφιτον,15,lsj,barley-groats; barley-water; poultices; hair-powder,108,"barley, corn, grain, groats",4,"spear, bronze, eat, silver",10,"eat, tree, heracles, meal",17,"tree, barley, garden, wood",36,"tree, wood, barley, garden"
βουκόλος,15,lsj,tending kine; worshipper of Dionysos in bull-form; devotee; qṷel,100,"divine, mortal, god, zeus",1,"son, chariot, lord, old",1,"troy, athens, trojan, phthia",1,"troy, trojan, athens, thebes",3,"phthia, lesbos, hang, club"
ἱκέτης,15,lsj,"one who comes to seek aid; protection, suppliant; one who comes to seek for purification after homicide; protector of suppliants",-1,(outlier),11,"ask, inquire, pray, care",22,"ask, pray, inquire, care",46,"rejoice, care, heed, counsel",89,"care, rejoice, heed, attempt"
ἀλάλημαι,15,lsj,"wander, roam about",62,"wander, roam, harm, away",8,"flee, pass, away, drive",18,"flee, fear, away, hold",32,"flee, fear, wander, avoid",63,"flee, wander, avoid, escape"
ἀπήνη,15,lsj,four-wheeled wagon; racing-car; car; chariot,15,"chariot, car, driver, horse",1,"son, chariot, lord, old",4,"chariot, lord, guest, master",5,"chariot, lord, shield, master",11,"chariot, car, driver, travelling"
ὄλβιος,15,lsj,"happy, blest; happy, blessed; rich gifts; prosperous",-1,(outlier),9,"desire, noble, strength, easy",20,"noble, strength, swift, little",37,"noble, wrought, glorious, splendid",72,"noble, wrought, glorious, splendid"
ἐσθής,15,lsj,"clothing, raiment; the dress; dress; toga pura",-1,(outlier),4,"spear, bronze, eat, silver",9,"spear, bronze, breast, arrow",13,"helmet, hair, head, cloth",29,"cloth, garment, skin, cloak"
οὐλόμενος,14,lsj,"accursed; ruined, lost; unhappy, wretched",79,"grieving, distressed, wretched, pity",10,"wound, destroy, slay, kill",21,"wound, destroy, slay, cut",41,"destiny, dishonour, wretched, hateful",79,"destiny, wretched, hateful, wrath"
τηλόθι,14,lsj,"afar, at a distance",45,"far, away, apart, aloof",7,"come, return, near, arrive",15,"near, nigh, far, hand",26,"near, far, nigh, hand",50,"far, away, distance, distant"
ἀργυρότοξος,14,lsj,with silver bow; bearer of the silver bow,77,"arrow, bow, javelin, shoot",4,"spear, bronze, eat, silver",9,"spear, bronze, breast, arrow",14,"bronze, silver, hollow, gold",31,"bronze, silver, gold, copper"
ναός,14,lsj,"temple; inmost part of a temple, shrine; portable shrine",-1,(outlier),1,"son, chariot, lord, old",3,"divine, honour, zeus, wonder",3,"divine, honour, zeus, god",8,"honour, wonder, reverence, gift"
μετάφημι,14,lsj,speak among,36,"address, speak, accost, assembly",12,"shout, speak, rouse, speech",25,"speak, speech, voice, address",50,"speak, speech, voice, address",99,"address, speak, accost, surname"
μαντεύομαι,14,lsj,"divine, prophesy; draw divinations from; by means of; presage, forebode, surmise",-1,(outlier),1,"son, chariot, lord, old",3,"divine, honour, zeus, wonder",3,"divine, honour, zeus, god",7,"divine, zeus, god, holy"
ἱερόν,14,agwn,"a job in an organization or hierarchy: ""he ocupied a post in the treasury""",30,"pay, price, debt, obligation",11,"ask, inquire, pray, care",22,"ask, pray, inquire, care",44,"ask, inquire, pay, prize",87,"pay, debt, receive, price"
ἐξαῦτις,14,lsj,"once more, anew; back again, backwards",43,"return, backwards, rear, home",7,"come, return, near, arrive",16,"come, return, hither, arrive",27,"return, time, fifth, backwards",52,"return, backwards, anew, come home"
ὄμμα,14,lsj,eye; straight; look; expression,23,"eye, face, roots, round",11,"ask, inquire, pray, care",22,"ask, pray, inquire, care",43,"know, appear, perceive, look",83,"look, gaze, eye, behold"
ἐπιχθόνιος,14,lsj,"upon the earth, earthly; earthly ones, men on earth; who haunt the earth; natives",-1,(outlier),5,"day, funeral, black, cloud",12,"funeral, long, day, time",20,"funeral, dead, snow, kindle",40,"funeral, dead, mortal, alive"
θύω2,14,lsj (homograph 2),"rage, seethe; seething; seethed; storm, rage",98,"anger, wrath, angry, rage",12,"shout, speak, rouse, speech",23,"rouse, stir, anger, fight",47,"fight, quarrel, anger, battle",93,"fight, battle, quarrel, anger"
ἀπείρων2,14,lsj (homograph 2),"boundless, endless; countless; seeming endless; profound",-1,(outlier),10,"wound, destroy, slay, kill",21,"wound, destroy, slay, cut",40,"vain, unceasing, unbroken, fruitless",77,"vain, unceasing, unbroken, unharmed"
ἐγγυαλίζω,14,lsj,"put into the palm of the hand, put into the hand; will put; into; hands",60,"hand, left, right, sides",7,"come, return, near, arrive",16,"come, return, hither, arrive",29,"come, arrive, home, house",56,"come, arrive, reach, born"
πολλάκις,14,lsj,"many times, often; many; mostly, for the most part; very much, altogether",57,"just, exceedingly, altogether, greater",9,"desire, noble, strength, easy",20,"noble, strength, swift, little",35,"like, resembling, mighty, sort",69,"great, mighty, sort, exceedingly"
μίνυνθα,14,lsj,a short time; short-lived,-1,(outlier),5,"day, funeral, black, cloud",12,"funeral, long, day, time",19,"long, day, time, morning",38,"long, years, time, late"
ὀιζυρός,14,lsj (relaxed match),"woeful, miserable; wretch!; toilsome, dreary; sorry, wretched, poor",79,"grieving, distressed, wretched, pity",10,"wound, destroy, slay, kill",21,"wound, destroy, slay, cut",41,"destiny, dishonour, wretched, hateful",79,"destiny, wretched, hateful, wrath"
ὀβελός,14,lsj,"spit; pointed square pillar, obelisk; horizontal line",-1,(outlier),4,"spear, bronze, eat, silver",9,"spear, bronze, breast, arrow",12,"spear, arrow, sword, girdle",28,"spear, sword, girdle, belt"
δέω2,14,lsj (homograph 2),"lack, miss, stand in need of; want; from; lacking",13,"desire, want, wish, need",9,"desire, noble, strength, easy",19,"desire, wish, love, want",33,"wish, need, want, desire",65,"wish, need, want, desire"
ἀνάγω,14,lsj,"lead up; lead up to the high sea, carry by sea; conduct, carry to; put",-1,(outlier),8,"flee, pass, away, drive",17,"pass, lead, come, throw",30,"pass, lead, come, throw",60,"lead, end, shut, fulfil"
σφός,14,lsj,"their, their own, belonging to them; his; her, his own; her own",-1,(outlier),11,"ask, inquire, pray, care",22,"ask, pray, inquire, care",46,"rejoice, care, heed, counsel",92,"dwell, set, situated, devise"
βοῶπις,14,lsj,"ox-eyed; having large, full eyes",23,"eye, face, roots, round",11,"ask, inquire, pray, care",22,"ask, pray, inquire, care",43,"know, appear, perceive, look",83,"look, gaze, eye, behold"
ἐτήτυμος,14,lsj,"true; the truth; truthful; genuine, real",90,"true, trusty, truth, cheat",11,"ask, inquire, pray, care",22,"ask, pray, inquire, care",46,"rejoice, care, heed, counsel",90,"trusty, cheat, truth, trusted"
ἄαπτος,14,lsj,"not to be touched, resistless, invincible",-1,(outlier),4,"spear, bronze, eat, silver",9,"spear, bronze, breast, arrow",14,"bronze, silver, hollow, gold",33,"lycia, stone, grind, goblet"
στυφελίζω,14,lsj,"strike hard; drives away; thrust; treat roughly, maltreat",79,"grieving, distressed, wretched, pity",10,"wound, destroy, slay, kill",21,"wound, destroy, slay, cut",42,"wound, cut, tears, toil",81,"toil, tears, pain, distressed"
Λῆμνος,14,lsj,Lemnos; from Lemnos; Lemnian,143,"troy, athens, trojan, greece",1,"son, chariot, lord, old",1,"troy, athens, trojan, phthia",1,"troy, trojan, athens, thebes",3,"phthia, lesbos, hang, club"
ἄσβεστος,14,lsj,"unquenchable, inextinguishable; not quenched; ceaseless; unslaked lime",129,"unresting, ungovernable, unseen, ceaseless",10,"wound, destroy, slay, kill",21,"wound, destroy, slay, cut",40,"vain, unceasing, unbroken, fruitless",77,"vain, unceasing, unbroken, unharmed"
ἀρτύνω,14,lsj,"putting; in order, dressing; prepared his; fitted",14,"ready, make, order, prepare",3,"meet, bind, round, stretch",8,"meet, bind, ready, gather",9,"bind, ready, fast, make",23,"ready, bind, fast, make"
ὑπερμενής,14,lsj,exceedingly mighty,89,"strength, force, better, mighty",9,"desire, noble, strength, easy",20,"noble, strength, swift, little",35,"like, resembling, mighty, sort",69,"great, mighty, sort, exceedingly"
πλέως,14,lsj,"full, filled; infected with; full; full, complete",29,"pour, filled, spread, fish",6,"wind, water, pour, sea",13,"pour, wash, oil, breathe",22,"pour, breathe, flow, spread",44,"pour, flow, filled, shed"
ἄελλα,14,lsj,"stormy wind, whirlwind; whirling motion",18,"wind, cloud, mist, stormy",6,"wind, water, pour, sea",14,"wind, sea, stream, water",23,"wind, storm, breeze, wintry",46,"wind, storm, wintry, hurricane"
ἐναίσιμος,14,lsj,"ominous, fateful; seasonable; favourable, boding good; righteous",-1,(outlier),10,"wound, destroy, slay, kill",21,"wound, destroy, slay, cut",41,"destiny, dishonour, wretched, hateful",79,"destiny, wretched, hateful, wrath"
λειμών,14,lsj,"any moist, grassy place, meadow; flowers; pudenda muliebria; any bright, flowery surface",108,"barley, corn, grain, groats",4,"spear, bronze, eat, silver",10,"eat, tree, heracles, meal",17,"tree, barley, garden, wood",36,"tree, wood, barley, garden"
μεταπρέπω,14,lsj,distinguish oneself; be distinguished among; am distinguished among,-1,(outlier),3,"meet, bind, round, stretch",8,"meet, bind, ready, gather",10,"meet, gather, pick, assembly",24,"mix, equal, alike, separate"
λάθρῃ,14,lsj,"secretly, by stealth; treacherously; imperceptibly; unknown to",-1,(outlier),8,"flee, pass, away, drive",18,"flee, fear, away, hold",32,"flee, fear, wander, avoid",64,"fear, silence, conceal, alarm"
Ὀιλεύς,14,lsj (relaxed match),Oïleus,142,"thracian, scylla seal, monachus calchas, calypso icarian",1,"son, chariot, lord, old",1,"troy, athens, trojan, phthia",1,"troy, trojan, athens, thebes",3,"phthia, lesbos, hang, club"
δυοκαίδεκα,14,lsj,twelve,50,"years, tenth, period, ninth",1,"son, chariot, lord, old",1,"troy, athens, trojan, phthia",1,"troy, trojan, athens, thebes",2,"tenth, eleventh, number, seven"
ἰσόθεος,14,lsj,"equal to the gods, godlike",100,"divine, mortal, god, zeus",1,"son, chariot, lord, old",3,"divine, honour, zeus, wonder",3,"divine, honour, zeus, god",7,"divine, zeus, god, holy"
αἰπεινός,14,lsj,"high, lofty; hasty, wicked; hard to reach",5,"high, lofty, height, feet",9,"desire, noble, strength, easy",20,"noble, strength, swift, little",38,"strength, force, high, courage",74,"high, courage, better, stout"
σκοπός,14,lsj,"one that watches, one that looks about; after; guardian, protector; one who watches",19,"watch, visit, ward, observe",11,"ask, inquire, pray, care",22,"ask, pray, inquire, care",43,"know, appear, perceive, look",84,"watch, count, sum, visit"
οἴγω,14,lsj,open; opened the door; opened; véga,-1,(outlier),8,"flee, pass, away, drive",17,"pass, lead, come, throw",30,"pass, lead, come, throw",60,"lead, end, shut, fulfil"
λώβη,14,lsj,"outrage, dishonour; outrage; an outrage; ruin",98,"anger, wrath, angry, rage",10,"wound, destroy, slay, kill",21,"wound, destroy, slay, cut",41,"destiny, dishonour, wretched, hateful",79,"destiny, wretched, hateful, wrath"
δένδρεον,14,lsj,tree; fruit; mast-bearing trees; tall plants,109,"tree, wood, garden, fir",4,"spear, bronze, eat, silver",10,"eat, tree, heracles, meal",17,"tree, barley, garden, wood",36,"tree, wood, barley, garden"
θρίξ,14,lsj,hair; hair of the head; wool; bristles,120,"hair, mane, neck, bushy",4,"spear, bronze, eat, silver",9,"spear, bronze, breast, arrow",13,"helmet, hair, head, cloth",30,"hair, helmet, head, face"
χαμάδις,14,lsj,"to the ground, on the ground",116,"earth, ground, surface, deep",2,"chamber, sleep, sit, bed",6,"chamber, house, ground, inner",7,"chamber, house, ground, mountain",16,"ground, trench, earth, dug"
ἀναπάλλω,14,lsj,swing to and fro; dance; urged; agitate,117,"leap, rush, run, chase",12,"shout, speak, rouse, speech",23,"rouse, stir, anger, fight",48,"rouse, stir, dance, song",95,"spring, dart, rush, leap"
ὠτειλή,14,lsj,"wound; a fresh, open wound; wound inflicted hand to hand; the mark of a wound, scar",12,"wound, blood, ulcer, scar",10,"wound, destroy, slay, kill",21,"wound, destroy, slay, cut",42,"wound, cut, tears, toil",80,"wound, cut, strip, blood"
ὑπερηνορέων,14,lsj,"exceedingly manly; manliness, courage), overbearing, overweening; thinking oneself more than man",96,"courage, good, arrogant, manly",9,"desire, noble, strength, easy",20,"noble, strength, swift, little",38,"strength, force, high, courage",74,"high, courage, better, stout"
λαῖλαψ,14,lsj,"furious storm, hurricane; whirlwind sweeping upwards",18,"wind, cloud, mist, stormy",6,"wind, water, pour, sea",14,"wind, sea, stream, water",23,"wind, storm, breeze, wintry",46,"wind, storm, wintry, hurricane"
ἐντίθημι,14,lsj,put in; put on board; into; inspire,95,"enter, come, inspire, city",7,"come, return, near, arrive",16,"come, return, hither, arrive",29,"come, arrive, home, house",56,"come, arrive, reach, born"
αἴνυμαι,14,lsj,"take; taking hold of; seizes; enjoy, feed on",87,"seize, hold, receive, caught",8,"flee, pass, away, drive",18,"flee, fear, away, hold",31,"hold, leave, stay, retire",61,"hold, seize, stay, remain"
δολιχός,14,lsj,long; dīrghas,-1,(outlier),5,"day, funeral, black, cloud",12,"funeral, long, day, time",19,"long, day, time, morning",38,"long, years, time, late"
ὄνομαι,14,lsj,"blame, find fault with, treat scornfully; do ye think it a light thing; is it to your profit; thou wilt",-1,(outlier),10,"wound, destroy, slay, kill",21,"wound, destroy, slay, cut",41,"destiny, dishonour, wretched, hateful",78,"dishonour, pity, disgrace, reproach"
ἐλαφρός,14,lsj,"light in weight; sit tibi terra levis’; light to bear, easy; light, easy",2,"swift, quick, hasty, light",9,"desire, noble, strength, easy",20,"noble, strength, swift, little",38,"strength, force, high, courage",73,"strength, force, heavy, feeble"
κτέαρ,14,agwn,"any area set aside for a particular purpose: ""who owns this place?""",137,"house, chamber, inner, room",11,"ask, inquire, pray, care",22,"ask, pray, inquire, care",44,"ask, inquire, pay, prize",87,"pay, debt, receive, price"
ποῦ,14,lsj,where?; where; in what part of; at what point,59,"hither, wherefore, place, way",7,"come, return, near, arrive",16,"come, return, hither, arrive",28,"hither, wherefore, way, just",54,"hither, wherefore, way, just"
ἄω3,14,lsj (homograph 3),satiate; to give; his fill of; take oneʼs fill of,29,"pour, filled, spread, fish",6,"wind, water, pour, sea",13,"pour, wash, oil, breathe",22,"pour, breathe, flow, spread",44,"pour, flow, filled, shed"
αἰτέω,14,lsj,"ask, beg; ask for, demand; ask leave; to ask",9,"ask, inquire, beggar, question",11,"ask, inquire, pray, care",22,"ask, pray, inquire, care",44,"ask, inquire, pay, prize",86,"ask, inquire, beg, inquiry"
εἶδαρ,14,lsj,food,63,"eat, devour, food, meal",4,"spear, bronze, eat, silver",10,"eat, tree, heracles, meal",16,"eat, meal, food, devour",35,"eat, food, meal, devour"
δίω,14,lsj,"put to flight; drive; pursuing; give chase, hunt",117,"leap, rush, run, chase",8,"flee, pass, away, drive",17,"pass, lead, come, throw",30,"pass, lead, come, throw",57,"drive, pass, rush, path"
μέλινος,14,lsj,ashen,-1,(outlier),4,"spear, bronze, eat, silver",9,"spear, bronze, breast, arrow",12,"spear, arrow, sword, girdle",28,"spear, sword, girdle, belt"
ἐπιμαίομαι,14,lsj,"strive after, seek to obtain, aim at; make for; steer for; strive after",14,"ready, make, order, prepare",11,"ask, inquire, pray, care",22,"ask, pray, inquire, care",44,"ask, inquire, pay, prize",85,"prize, gain, win, contest"
ἄξιος,14,lsj,"counterbalancing; weighing as much, of like value, worth as much as; worth; worthy, goodly",-1,(outlier),9,"desire, noble, strength, easy",20,"noble, strength, swift, little",35,"like, resembling, mighty, sort",69,"great, mighty, sort, exceedingly"
δέρμα,14,lsj,"skin, hide; skin; skins prepared for bags, bottles; a manʼs skin",114,"garment, cloth, skin, cloak",4,"spear, bronze, eat, silver",9,"spear, bronze, breast, arrow",13,"helmet, hair, head, cloth",29,"cloth, garment, skin, cloak"
δέμω,14,lsj,"build; built him; construct, prepare; munire viam",14,"ready, make, order, prepare",1,"son, chariot, lord, old",1,"troy, athens, trojan, phthia",1,"troy, trojan, athens, thebes",3,"phthia, lesbos, hang, club"
μέτρον,14,lsj,"that by which anything is measured; measure, rule; a measure; measure, divisor",-1,(outlier),11,"ask, inquire, pray, care",22,"ask, pray, inquire, care",46,"rejoice, care, heed, counsel",90,"trusty, cheat, truth, trusted"
δημός,14,lsj,fat; with fat; and fat,63,"eat, devour, food, meal",6,"wind, water, pour, sea",13,"pour, wash, oil, breathe",21,"wash, oil, salt, raw",43,"wash, oil, salt, raw"
πρόκειμαι,14,lsj,to be set before one; laid; shew; lie exposed,92,"sleep, lie, lay, bed",2,"chamber, sleep, sit, bed",5,"sleep, sit, seat, bed",6,"sleep, sit, seat, bed",15,"sleep, bed, lie, lay"
κάνεον,14,lsj,basket of reed; cane; bread-basket,-1,(outlier),4,"spear, bronze, eat, silver",9,"spear, bronze, breast, arrow",14,"bronze, silver, hollow, gold",33,"lycia, stone, grind, goblet"
ἕλιξ,14,lsj,"twisted, curved; twisted, crumpled horns; rolling; tangled",106,"stretch, bend, curved, tight",3,"meet, bind, round, stretch",7,"round, stretch, straight, turn",8,"round, straight, stretch, turn",20,"bend, curved, twisted, stretch"
ἐπέχω,14,lsj,have; hold upon; hold; for,-1,(outlier),8,"flee, pass, away, drive",18,"flee, fear, away, hold",31,"hold, leave, stay, retire",61,"hold, seize, stay, remain"
ἀυτμή,14,lsj (relaxed match),"breath; the fiery breath; heat; scent, fragrance",-1,(outlier),9,"desire, noble, strength, easy",19,"desire, wish, love, want",34,"love, heart, sweet, warm",67,"sweet, warm, glad, delight"
ἀναπνέω,14,lsj,"take breath; enjoy a respite, recover from; recovered; revive",-1,(outlier),11,"ask, inquire, pray, care",22,"ask, pray, inquire, care",46,"rejoice, care, heed, counsel",89,"care, rejoice, heed, attempt"
ἆ,14,agwn,feel envious towards; admire enviously,26,"honour, wonder, reverence, glory",11,"ask, inquire, pray, care",22,"ask, pray, inquire, care",46,"rejoice, care, heed, counsel",89,"care, rejoice, heed, attempt"
παιπαλόεις,14,lsj,rugged,72,"sharp, keen, smooth, rugged",9,"desire, noble, strength, easy",20,"noble, strength, swift, little",36,"swift, little, haste, eager",71,"little, softly, firm, small"
κρήδεμνον,14,lsj,womanʼs head-dress; veil; mantilla; battlements,-1,(outlier),4,"spear, bronze, eat, silver",9,"spear, bronze, breast, arrow",13,"helmet, hair, head, cloth",29,"cloth, garment, skin, cloak"
ἕδνον,14,lsj,bride-price; wedding-gifts; portion; by those of her own household,110,"wife, marry, marriage, wedded",1,"son, chariot, lord, old",2,"old, mother, son, wife",2,"old, son, mother, wife",4,"wife, sister, brother, marry"
πόθεν,14,lsj,whence?; from what stock; whence? wherefore?; how can it be? impossible! nonsense!,59,"hither, wherefore, place, way",7,"come, return, near, arrive",16,"come, return, hither, arrive",28,"hither, wherefore, way, just",54,"hither, wherefore, way, just"
νόστιμος,14,lsj,belonging to a return; of return; the return; able,43,"return, backwards, rear, home",7,"come, return, near, arrive",16,"come, return, hither, arrive",27,"return, time, fifth, backwards",52,"return, backwards, anew, come home"
χρῆμα,14,lsj,"need; a thing that one needs; uses; goods, property",13,"desire, want, wish, need",9,"desire, noble, strength, easy",19,"desire, wish, love, want",33,"wish, need, want, desire",65,"wish, need, want, desire"
σχεδία,14,lsj,"raft, float; rafts; boat, ship; bridge of boats",131,"sail, ship, sea, float",6,"wind, water, pour, sea",14,"wind, sea, stream, water",24,"sea, stream, wine, water",47,"sea, sail, strait, ship"
ἀπερείσιος,13,lsj,countless,57,"just, exceedingly, altogether, greater",9,"desire, noble, strength, easy",20,"noble, strength, swift, little",35,"like, resembling, mighty, sort",69,"great, mighty, sort, exceedingly"
κραίνω,13,lsj,"accomplish, fulfil; accomplish; give true; come true",102,"accomplish, fulfil, pass, perform",8,"flee, pass, away, drive",17,"pass, lead, come, throw",30,"pass, lead, come, throw",60,"lead, end, shut, fulfil"
φαρέτρα,13,lsj,quiver; quiver-full of,77,"arrow, bow, javelin, shoot",4,"spear, bronze, eat, silver",9,"spear, bronze, breast, arrow",12,"spear, arrow, sword, girdle",27,"arrow, bow, shoot, sagitta"
συντίθημι,13,lsj,place; put together; fold; together,10,"double, fold, handled, wrapped covered",3,"meet, bind, round, stretch",8,"meet, bind, ready, gather",9,"bind, ready, fast, make",23,"ready, bind, fast, make"
κρατέω,13,lsj,"to be strong, powerful; rule, hold sway; sway; the ruler",101,"lord, queen, master, ruler",1,"son, chariot, lord, old",4,"chariot, lord, guest, master",5,"chariot, lord, shield, master",12,"lord, king, master, leader"
δέρκομαι,13,lsj,"see clearly, see; having sight; alive, living; since she lives",22,"look, gaze, behold, observe",5,"day, funeral, black, cloud",12,"funeral, long, day, time",20,"funeral, dead, snow, kindle",40,"funeral, dead, mortal, alive"
λεύσσω,13,lsj,"look; gaze upon, see; look, gaze; lives",22,"look, gaze, behold, observe",11,"ask, inquire, pray, care",22,"ask, pray, inquire, care",43,"know, appear, perceive, look",83,"look, gaze, eye, behold"
καρπός,13,lsj,"fruit; the fruits of the earth, corn; harvest; crops",-1,(outlier),4,"spear, bronze, eat, silver",10,"eat, tree, heracles, meal",17,"tree, barley, garden, wood",36,"tree, wood, barley, garden"
ἐναρίζω,13,lsj,strip a slain foe of his arms; slay in fight; slay; when dying,74,"slay, slaughter, kill, sacrifice",10,"wound, destroy, slay, kill",21,"wound, destroy, slay, cut",39,"slay, kill, destroy, waste",76,"slay, slaughter, kill, sacrifice"
κόμη,13,lsj,"hair of the head; the hair; hair, wig; unkempt",120,"hair, mane, neck, bushy",4,"spear, bronze, eat, silver",9,"spear, bronze, breast, arrow",13,"helmet, hair, head, cloth",30,"hair, helmet, head, face"
ἔνδοθι,13,lsj,"within, at home",40,"home, house, inside, domestic",7,"come, return, near, arrive",16,"come, return, hither, arrive",29,"come, arrive, home, house",55,"home, house, inside, come forth"
λιάζομαι,13,lsj,"bend, incline; go aside, recoil, shrink; shrank; hast",106,"stretch, bend, curved, tight",3,"meet, bind, round, stretch",7,"round, stretch, straight, turn",8,"round, straight, stretch, turn",22,"draw, raise, drag, stand"
διαπέρθω,13,lsj,"destroy utterly, sack, waste",80,"destroy, waste, bane, sack",10,"wound, destroy, slay, kill",21,"wound, destroy, slay, cut",39,"slay, kill, destroy, waste",75,"waste, destroy, sack, perish"
ὑποδείδω,13,lsj,"shrink in fear under, cower before; cower beneath; fear",35,"fear, alarm, amazed, stand awe",11,"ask, inquire, pray, care",22,"ask, pray, inquire, care",46,"rejoice, care, heed, counsel",89,"care, rejoice, heed, attempt"
πάρημαι,13,lsj,to be seated beside; seated by; seated at; dwell beside,127,"sit, seat, chair, place",2,"chamber, sleep, sit, bed",5,"sleep, sit, seat, bed",6,"sleep, sit, seat, bed",14,"sit, seat, chair, throne"
πρυμνήσιος,13,lsj,of a stern; stern-cables,-1,(outlier),4,"spear, bronze, eat, silver",9,"spear, bronze, breast, arrow",11,"breast, thigh, knee, arm",26,"breast, thigh, knee, arm"
ποντόπορος,13,agwn,"relating to or characteristic of or occurring on the sea or ships: ""sea stories""; ""sea smells""; ""sea traffic""",130,"sea, stillness, gulf, calm",6,"wind, water, pour, sea",14,"wind, sea, stream, water",24,"sea, stream, wine, water",47,"sea, sail, strait, ship"
φθινύθω,13,lsj,"waste; cause; to pine away; waste away, decay, perish",80,"destroy, waste, bane, sack",10,"wound, destroy, slay, kill",21,"wound, destroy, slay, cut",39,"slay, kill, destroy, waste",75,"waste, destroy, sack, perish"
ἄτερ,13,lsj,"without, apart from; without; sine; aloof, apart from",45,"far, away, apart, aloof",11,"ask, inquire, pray, care",22,"ask, pray, inquire, care",46,"rejoice, care, heed, counsel",89,"care, rejoice, heed, attempt"
καθάπτω,13,lsj,"fasten; fix on, put upon; having made; fast",48,"bind, fast, tie, fix",3,"meet, bind, round, stretch",8,"meet, bind, ready, gather",9,"bind, ready, fast, make",23,"ready, bind, fast, make"
στοναχή,13,lsj,"groaning, wailing; groans, sighs",52,"bewail, groaning, lament, sigh",12,"shout, speak, rouse, speech",24,"shout, lament, wail, loud",49,"shout, lament, wail, loud",98,"shout, lament, wail, shriek"
στεναχίζω,13,lsj,"groan, sigh, wail; bewail, lament",52,"bewail, groaning, lament, sigh",12,"shout, speak, rouse, speech",24,"shout, lament, wail, loud",49,"shout, lament, wail, loud",98,"shout, lament, wail, shriek"
ὅμαδος,13,lsj,"noise, din; noisy throng; mob of warriors; din of battle",27,"battle, quarrel, fight, strife",12,"shout, speak, rouse, speech",23,"rouse, stir, anger, fight",47,"fight, quarrel, anger, battle",93,"fight, battle, quarrel, anger"
τοσόσδε,13,lsj,"sufficient; so many only; so few; so very, so much",57,"just, exceedingly, altogether, greater",9,"desire, noble, strength, easy",20,"noble, strength, swift, little",35,"like, resembling, mighty, sort",69,"great, mighty, sort, exceedingly"
θύνω,13,lsj,"rush, dart along; flitted; flits; raged",118,"fly, winged, dart, riot",12,"shout, speak, rouse, speech",23,"rouse, stir, anger, fight",48,"rouse, stir, dance, song",95,"spring, dart, rush, leap"
ὀνομαίνω,13,lsj,"name; call by name; name, recount; utter, speak",-1,(outlier),12,"shout, speak, rouse, speech",25,"speak, speech, voice, address",50,"speak, speech, voice, address",99,"address, speak, accost, surname"
εἰσαναβαίνω,13,lsj,go up to; into,95,"enter, come, inspire, city",7,"come, return, near, arrive",16,"come, return, hither, arrive",29,"come, arrive, home, house",56,"come, arrive, reach, born"
ἠνεμόεις,13,lsj,"windy, airy; rapid, rushing; high-soaring, airy; stirred, waved by the wind",18,"wind, cloud, mist, stormy",6,"wind, water, pour, sea",14,"wind, sea, stream, water",23,"wind, storm, breeze, wintry",46,"wind, storm, wintry, hurricane"
τέμενος,13,lsj,"a piece of land cut off and assigned as an official domain; a piece of land marked off from common uses and dedicated to a god, precinct; sacred valley; grove",136,"precinct, bed, grove, sacred",2,"chamber, sleep, sit, bed",6,"chamber, house, ground, inner",7,"chamber, house, ground, mountain",17,"peak, mountain, hill, headland"
εὐνάω,13,lsj,"lay; place in ambush; lay asleep, lull to sleep; make oneʼs couch",92,"sleep, lie, lay, bed",2,"chamber, sleep, sit, bed",5,"sleep, sit, seat, bed",6,"sleep, sit, seat, bed",15,"sleep, bed, lie, lay"
ἄργυρος,13,lsj,white metal; silver; silver plate; quicksilver,0,"bronze, silver, copper, metal",4,"spear, bronze, eat, silver",9,"spear, bronze, breast, arrow",14,"bronze, silver, hollow, gold",31,"bronze, silver, gold, copper"
δινήεις,13,lsj,"whirling, eddying; rounded",107,"round, turn, circle, wheel",6,"wind, water, pour, sea",14,"wind, sea, stream, water",23,"wind, storm, breeze, wintry",46,"wind, storm, wintry, hurricane"
σιγή,13,lsj,"silence; in silence; be silent now!; in an undertone, in a whisper, secretly",24,"silence, shake, tremble, softly",8,"flee, pass, away, drive",18,"flee, fear, away, hold",32,"flee, fear, wander, avoid",64,"fear, silence, conceal, alarm"
ἀφίστημι,13,lsj,"put away, remove, keep out of the way; hinder from; frustrate; depose",85,"stay, remain, restrain, stop",8,"flee, pass, away, drive",18,"flee, fear, away, hold",31,"hold, leave, stay, retire",62,"leave, retire, away, ward"
ἀτειρής,13,lsj,"not to be rubbed; worn away, indestructible; stubborn, unyielding; stubborn",-1,(outlier),4,"spear, bronze, eat, silver",9,"spear, bronze, breast, arrow",14,"bronze, silver, hollow, gold",33,"lycia, stone, grind, goblet"
ὁπότερος,13,lsj,which of two; whichsoever; which of; two,-1,(outlier),7,"come, return, near, arrive",16,"come, return, hither, arrive",27,"return, time, fifth, backwards",53,"time, fifth, forthwith, fourth"
σείω,13,lsj,"shake, move to and fro; shake the poised; shake; there was an earthquake",24,"silence, shake, tremble, softly",12,"shout, speak, rouse, speech",23,"rouse, stir, anger, fight",48,"rouse, stir, dance, song",96,"rouse, stir, shake, tremble"
δειρή,13,lsj,"neck, throat; ornaments; collar; gully, glen",-1,(outlier),4,"spear, bronze, eat, silver",9,"spear, bronze, breast, arrow",13,"helmet, hair, head, cloth",30,"hair, helmet, head, face"
ὀχεύς,13,lsj,anything used for holding; fastening; band; strap for fastening the helmet,119,"helmet, head, peak, brim",4,"spear, bronze, eat, silver",9,"spear, bronze, breast, arrow",13,"helmet, hair, head, cloth",30,"hair, helmet, head, face"
ἀστήρ,13,lsj,star; the chief star; shooting star; meteor,7,"bright, light, kindle, star",5,"day, funeral, black, cloud",12,"funeral, long, day, time",20,"funeral, dead, snow, kindle",42,"star, olympus, heaven, middle"
δίζημαι,13,lsj,"seek out, look for; seek for; devising means for; seeking to win her",14,"ready, make, order, prepare",11,"ask, inquire, pray, care",22,"ask, pray, inquire, care",44,"ask, inquire, pay, prize",85,"prize, gain, win, contest"
θαρσύνω,13,lsj,"encourage, embolden",75,"persuade, assent, refuse, appease",11,"ask, inquire, pray, care",22,"ask, pray, inquire, care",45,"pray, oath, herald, command",88,"pray, oath, herald, command"
σκοπιά,13,lsj,"lookout-place; hill-top; watch-tower; peak, height",-1,(outlier),2,"chamber, sleep, sit, bed",6,"chamber, house, ground, inner",7,"chamber, house, ground, mountain",17,"peak, mountain, hill, headland"
ταλασίφρων,13,lsj,"patient of mind, stout-hearted",-1,(outlier),9,"desire, noble, strength, easy",19,"desire, wish, love, want",34,"love, heart, sweet, warm",67,"sweet, warm, glad, delight"
ὀμφαλόεις,13,lsj,having a navel; boss; with a central boss; with a knob on the top,119,"helmet, head, peak, brim",4,"spear, bronze, eat, silver",9,"spear, bronze, breast, arrow",11,"breast, thigh, knee, arm",26,"breast, thigh, knee, arm"
δοῦπος,13,lsj,"any dead, heavy sound, thud; din; sound; the measured tread",64,"sound, roar, shriek, clash",12,"shout, speak, rouse, speech",24,"shout, lament, wail, loud",49,"shout, lament, wail, loud",97,"loud, laugh, crash, sound"
ἰθύω,13,lsj,"go straight, press right on; set straight; dashed straight at; to be eager, strive",117,"leap, rush, run, chase",3,"meet, bind, round, stretch",7,"round, stretch, straight, turn",8,"round, straight, stretch, turn",19,"straight, right, hand, opposite"
θυμαλγής,13,lsj,heart-grieving; inly grieving,79,"grieving, distressed, wretched, pity",9,"desire, noble, strength, easy",19,"desire, wish, love, want",34,"love, heart, sweet, warm",66,"heart, love, affection, desire"
ἐπιτρέχω,13,lsj,"run upon; make an assault upon; approach; run after, be eager",117,"leap, rush, run, chase",8,"flee, pass, away, drive",17,"pass, lead, come, throw",30,"pass, lead, come, throw",57,"drive, pass, rush, path"
βροτολοιγός,13,lsj,"plague of man, bane of men",80,"destroy, waste, bane, sack",10,"wound, destroy, slay, kill",21,"wound, destroy, slay, cut",41,"destiny, dishonour, wretched, hateful",79,"destiny, wretched, hateful, wrath"
κραταιός,13,lsj,"strong, mighty; of power; fierce; hard",89,"strength, force, better, mighty",9,"desire, noble, strength, easy",20,"noble, strength, swift, little",38,"strength, force, high, courage",74,"high, courage, better, stout"
ἐξερύω,13,lsj,draw out of; snatch out of; draw out; tear out,-1,(outlier),3,"meet, bind, round, stretch",7,"round, stretch, straight, turn",8,"round, straight, stretch, turn",22,"draw, raise, drag, stand"
ὑψερεφής,13,lsj,"high-roofed, high-vaulted",-1,(outlier),2,"chamber, sleep, sit, bed",6,"chamber, house, ground, inner",7,"chamber, house, ground, mountain",18,"house, chamber, wall, court"
ἄντυξ,13,lsj,edge; rim of anything round; curved; rim,106,"stretch, bend, curved, tight",3,"meet, bind, round, stretch",7,"round, stretch, straight, turn",8,"round, straight, stretch, turn",21,"round, turn, circle, rim"
εἴδωλον,13,lsj,phantom; any unsubstantial form; form; image reflected,-1,(outlier),4,"spear, bronze, eat, silver",9,"spear, bronze, breast, arrow",14,"bronze, silver, hollow, gold",32,"hollow, shape, form, hewn"
μέμονα,13,lsj,to be furiously; very eager; would fain; rage,99,"haste, eager, furiously, rage",11,"ask, inquire, pray, care",22,"ask, pray, inquire, care",46,"rejoice, care, heed, counsel",89,"care, rejoice, heed, attempt"
ἴφιος,13,lsj,"fat, goodly",63,"eat, devour, food, meal",6,"wind, water, pour, sea",13,"pour, wash, oil, breathe",21,"wash, oil, salt, raw",43,"wash, oil, salt, raw"
ἐξέρομαι,13,lsj,inquire into; will inquire concerning; inquire of,9,"ask, inquire, beggar, question",11,"ask, inquire, pray, care",22,"ask, pray, inquire, care",44,"ask, inquire, pay, prize",86,"ask, inquire, beg, inquiry"
ἐπικεύθω,13,lsj,"conceal, hide; will; hide; from",115,"hide, cover, shield, conceal",8,"flee, pass, away, drive",18,"flee, fear, away, hold",32,"flee, fear, wander, avoid",64,"fear, silence, conceal, alarm"
ἀριστεύω,13,lsj,to be best; bravest; gain the prize for valour; gain the highest distinction,32,"prize, contest, gain, win",11,"ask, inquire, pray, care",22,"ask, pray, inquire, care",44,"ask, inquire, pay, prize",85,"prize, gain, win, contest"
ἀφαμαρτάνω,13,lsj,"miss; lose, be deprived of",13,"desire, want, wish, need",11,"ask, inquire, pray, care",22,"ask, pray, inquire, care",46,"rejoice, care, heed, counsel",89,"care, rejoice, heed, attempt"
ἀντιάζω,13,lsj,meet face to face; encounter; shall answer to; approach as suppliants,11,"meet, face, fall, partake",3,"meet, bind, round, stretch",8,"meet, bind, ready, gather",10,"meet, gather, pick, assembly",25,"meet, gather, assembly, face"
σέλας,13,lsj,"light, brightness, flame; light; lightning, flash of lightning; meteor",7,"bright, light, kindle, star",5,"day, funeral, black, cloud",12,"funeral, long, day, time",20,"funeral, dead, snow, kindle",41,"kindle, snow, cloud, fires"
ἔρρω,13,lsj,go slowly; limping; wandering; come to oneʼs own harm,62,"wander, roam, harm, away",11,"ask, inquire, pray, care",22,"ask, pray, inquire, care",46,"rejoice, care, heed, counsel",89,"care, rejoice, heed, attempt"
κάρτος,13,lsj,"strength, vigour; violence, force",89,"strength, force, better, mighty",9,"desire, noble, strength, easy",20,"noble, strength, swift, little",38,"strength, force, high, courage",74,"high, courage, better, stout"
βρίθω,13,lsj,to be heavy; weighed down with; to be laden with; full of,82,"stout, strong, sturdy, heavy",9,"desire, noble, strength, easy",20,"noble, strength, swift, little",38,"strength, force, high, courage",73,"strength, force, heavy, feeble"
ξύλον,13,lsj,"Abh. Berl. Akad; wood; firewood, timber; timber",109,"tree, wood, garden, fir",4,"spear, bronze, eat, silver",10,"eat, tree, heracles, meal",17,"tree, barley, garden, wood",36,"tree, wood, barley, garden"
ἰαύω,13,lsj,"Graffītes Grecs du Memnonion d’ Abydos; sleep, pass the night; enjoy; sleeping",1,"memnonion, du, des, grecs",1,"son, chariot, lord, old",1,"troy, athens, trojan, phthia",1,"troy, trojan, athens, thebes",3,"phthia, lesbos, hang, club"
σανίς,13,lsj,"board, plank, timber; anything made thereof; door; folding doors",-1,(outlier),3,"meet, bind, round, stretch",8,"meet, bind, ready, gather",9,"bind, ready, fast, make",23,"ready, bind, fast, make"
ἄλαλκε,13,lsj,"ward, keep off",-1,(outlier),8,"flee, pass, away, drive",18,"flee, fear, away, hold",31,"hold, leave, stay, retire",62,"leave, retire, away, ward"
κῶας,13,lsj,fleece; Golden Fleece,21,"golden, robe, flowers, soft",4,"spear, bronze, eat, silver",9,"spear, bronze, breast, arrow",13,"helmet, hair, head, cloth",29,"cloth, garment, skin, cloak"
ἄλλυδις,13,lsj,"elsewhither; hither; thither; now one way, now another",59,"hither, wherefore, place, way",7,"come, return, near, arrive",16,"come, return, hither, arrive",28,"hither, wherefore, way, just",54,"hither, wherefore, way, just"
νομεύς,13,lsj,"herdsman; dealer out, distributor; ribs",-1,(outlier),4,"spear, bronze, eat, silver",9,"spear, bronze, breast, arrow",11,"breast, thigh, knee, arm",26,"breast, thigh, knee, arm"
δέμνιον,13,lsj,"bedstead, mattress; bed",136,"precinct, bed, grove, sacred",2,"chamber, sleep, sit, bed",5,"sleep, sit, seat, bed",6,"sleep, sit, seat, bed",15,"sleep, bed, lie, lay"
ἐννῆμαρ,12,lsj,for nine days,50,"years, tenth, period, ninth",5,"day, funeral, black, cloud",12,"funeral, long, day, time",19,"long, day, time, morning",38,"long, years, time, late"
εὐχωλή,12,lsj,"prayer, vow; votive offering; boast, vaunt; shout of triumph",71,"pray, vow, boast, votive offering",11,"ask, inquire, pray, care",22,"ask, pray, inquire, care",45,"pray, oath, herald, command",88,"pray, oath, herald, command"
ἐξαλαπάζω,12,lsj,"sack, storm; empty; of its inhabitants, clear; out",80,"destroy, waste, bane, sack",6,"wind, water, pour, sea",13,"pour, wash, oil, breathe",22,"pour, breathe, flow, spread",45,"breathe, disperse, sprinkle, spread"
ἀναιδής,12,lsj,"shameless; ruthless; the reckless, ruthless; greedy",111,"hateful, hated, ruthless, terrible",10,"wound, destroy, slay, kill",21,"wound, destroy, slay, cut",41,"destiny, dishonour, wretched, hateful",79,"destiny, wretched, hateful, wrath"
ποθή,12,lsj,"longing, desire for; from longing after; want",13,"desire, want, wish, need",9,"desire, noble, strength, easy",19,"desire, wish, love, want",33,"wish, need, want, desire",65,"wish, need, want, desire"
γλῶσσα,12,lsj,tongue; larynx; of talking; frankness of speech,41,"voice, sound, speech, hear",12,"shout, speak, rouse, speech",25,"speak, speech, voice, address",50,"speak, speech, voice, address",100,"speech, voice, speak, clear"
τρίτατος,12,lsj,in the third place,59,"hither, wherefore, place, way",7,"come, return, near, arrive",16,"come, return, hither, arrive",28,"hither, wherefore, way, just",54,"hither, wherefore, way, just"
ἐπιείκελος,12,lsj,like,69,"like, equal, age, resembling",9,"desire, noble, strength, easy",20,"noble, strength, swift, little",35,"like, resembling, mighty, sort",68,"like, resembling, opportune, fond war"
πρύμνα,12,lsj,"stern, poop; retire, draw back; the Acropolis; the vessel",-1,(outlier),1,"son, chariot, lord, old",3,"divine, honour, zeus, wonder",3,"divine, honour, zeus, god",8,"honour, wonder, reverence, gift"
ἐπαυρέω,12,lsj,"partake of, share; enjoys; share; have had enjoyment of",-1,(outlier),9,"desire, noble, strength, easy",19,"desire, wish, love, want",34,"love, heart, sweet, warm",67,"sweet, warm, glad, delight"
ἀποπαύω,12,lsj,"stop; hinder from, make to cease from; hinder; leave off, cease from",85,"stay, remain, restrain, stop",8,"flee, pass, away, drive",18,"flee, fear, away, hold",31,"hold, leave, stay, retire",62,"leave, retire, away, ward"
ἐκτέμνω,12,lsj,cut out; cut; from; out,83,"strip, cut, loose, belch",10,"wound, destroy, slay, kill",21,"wound, destroy, slay, cut",42,"wound, cut, tears, toil",80,"wound, cut, strip, blood"
πανημέριος,12,lsj,all day long; in a whole dayʼs sail; of the whole day,8,"day, light, morning, early",5,"day, funeral, black, cloud",12,"funeral, long, day, time",19,"long, day, time, morning",39,"day, morning, dawn, early"
ἀπεῖπον,12,lsj,"speak out, tell out, declare; to give; full notice; to deliver",68,"herald, report, message, tidings",12,"shout, speak, rouse, speech",25,"speak, speech, voice, address",50,"speak, speech, voice, address",100,"speech, voice, speak, clear"
λαμπρός,12,lsj,"bright, radiant; bright; toga candida; clear, limpid",7,"bright, light, kindle, star",5,"day, funeral, black, cloud",11,"black, dark, bright, shine",18,"black, dark, bright, shine",37,"black, dark, bright, light"
νήδυμος,12,lsj,"sweet, delightful",112,"glad, welcome, lovely, beautiful",9,"desire, noble, strength, easy",19,"desire, wish, love, want",34,"love, heart, sweet, warm",67,"sweet, warm, glad, delight"
εὐρυάγυια,12,lsj,with wide streets; public,126,"dwell, inhabit, people, situated",11,"ask, inquire, pray, care",22,"ask, pray, inquire, care",44,"ask, inquire, pay, prize",87,"pay, debt, receive, price"
ἠμαθόεις,12,lsj,sandy,-1,(outlier),1,"son, chariot, lord, old",1,"troy, athens, trojan, phthia",1,"troy, trojan, athens, thebes",3,"phthia, lesbos, hang, club"
ἠιών,12,lsj (relaxed match),"shore, beach; banks; lower part of the face",133,"banks, shore, dyke, headland",2,"chamber, sleep, sit, bed",6,"chamber, house, ground, inner",7,"chamber, house, ground, mountain",17,"peak, mountain, hill, headland"
σπουδή,12,lsj,"haste, speed; haste; I am hastening; in haste",99,"haste, eager, furiously, rage",9,"desire, noble, strength, easy",20,"noble, strength, swift, little",36,"swift, little, haste, eager",70,"swift, haste, eager, quick"
ἕδρα,12,lsj,"sitting-place; seat, chair, stool, bench; seat of honour; throne",127,"sit, seat, chair, place",2,"chamber, sleep, sit, bed",5,"sleep, sit, seat, bed",6,"sleep, sit, seat, bed",14,"sit, seat, chair, throne"
ἐπακούω,12,lsj,hear; wilt; be answered; overhear,41,"voice, sound, speech, hear",12,"shout, speak, rouse, speech",25,"speak, speech, voice, address",50,"speak, speech, voice, address",100,"speech, voice, speak, clear"
κοιρανέω,12,lsj,"to be lord; master, rule, command; to be lord of; lead, arrange",101,"lord, queen, master, ruler",1,"son, chariot, lord, old",4,"chariot, lord, guest, master",5,"chariot, lord, shield, master",12,"lord, king, master, leader"
ἐλεεινός,12,lsj,"finding pity, pitied; moving pity, piteous; piteous; having received mercy",79,"grieving, distressed, wretched, pity",10,"wound, destroy, slay, kill",21,"wound, destroy, slay, cut",41,"destiny, dishonour, wretched, hateful",78,"dishonour, pity, disgrace, reproach"
Παναχαιοί,12,lsj,all the Achaeans; all Achaea,-1,(outlier),1,"son, chariot, lord, old",1,"troy, athens, trojan, phthia",1,"troy, trojan, athens, thebes",1,"troy, trojan, athens, thebes"
αἰγίς,12,lsj,"goatskin; aegis; cuirass; rushing storm, hurricane",18,"wind, cloud, mist, stormy",6,"wind, water, pour, sea",14,"wind, sea, stream, water",23,"wind, storm, breeze, wintry",46,"wind, storm, wintry, hurricane"
ἀγέλη,12,lsj,herd; any herd; company; shoal,135,"herd, serpent, boar, wolf",4,"spear, bronze, eat, silver",10,"eat, tree, heracles, meal",15,"heracles, bird, fish, fly",34,"heracles, bird, fish, fly"
ζείδωρος,12,lsj,zea-giving; life-giving; mamma,-1,(outlier),1,"son, chariot, lord, old",2,"old, mother, son, wife",2,"old, son, mother, wife",5,"son, child, mother, father"
ἀρνειός,12,lsj,"ram, wether; Aries",-1,(outlier),1,"son, chariot, lord, old",1,"troy, athens, trojan, phthia",1,"troy, trojan, athens, thebes",3,"phthia, lesbos, hang, club"
κοσμέω,12,lsj,"order, arrange; set; in array, marshal; marshalled",14,"ready, make, order, prepare",3,"meet, bind, round, stretch",8,"meet, bind, ready, gather",9,"bind, ready, fast, make",23,"ready, bind, fast, make"
πυκάζω,12,lsj,cover closely; protection; surround; so as to protect,115,"hide, cover, shield, conceal",2,"chamber, sleep, sit, bed",6,"chamber, house, ground, inner",7,"chamber, house, ground, mountain",18,"house, chamber, wall, court"
βῆσσα,12,lsj,"wooded combe, glen; glens; drinkingcup",109,"tree, wood, garden, fir",2,"chamber, sleep, sit, bed",6,"chamber, house, ground, inner",7,"chamber, house, ground, mountain",17,"peak, mountain, hill, headland"
ἀλλοδαπός,12,lsj,"aliud; long-inquus) belonging to another people; land, foreign; in foreign parts",126,"dwell, inhabit, people, situated",1,"son, chariot, lord, old",2,"old, mother, son, wife",2,"old, son, mother, wife",5,"son, child, mother, father"
ξενίζω,12,lsj,receive; entertain as a guest; to present with; with,34,"guest, banquet, meal, feast",1,"son, chariot, lord, old",4,"chariot, lord, guest, master",4,"guest, slave, serve, banquet",9,"guest, banquet, dinner, meal"
ἀσπαίρω,12,lsj,"pant, gasp, struggle; made a struggle, resisted",27,"battle, quarrel, fight, strife",12,"shout, speak, rouse, speech",23,"rouse, stir, anger, fight",47,"fight, quarrel, anger, battle",93,"fight, battle, quarrel, anger"
ἄψορρος,12,lsj,"going back, backwards; backward, back again",43,"return, backwards, rear, home",7,"come, return, near, arrive",16,"come, return, hither, arrive",27,"return, time, fifth, backwards",52,"return, backwards, anew, come home"
ἁπαλός,12,lsj,"soft to the touch, tender; young; delicate; raw",-1,(outlier),9,"desire, noble, strength, easy",19,"desire, wish, love, want",34,"love, heart, sweet, warm",67,"sweet, warm, glad, delight"
ἀστερόεις,12,lsj,"like a star, sparkling; a half-moon",7,"bright, light, kindle, star",5,"day, funeral, black, cloud",12,"funeral, long, day, time",20,"funeral, dead, snow, kindle",42,"star, olympus, heaven, middle"
ναύτης,12,lsj,"seaman, sailor; by sea; passenger by sea; mates",131,"sail, ship, sea, float",6,"wind, water, pour, sea",14,"wind, sea, stream, water",24,"sea, stream, wine, water",47,"sea, sail, strait, ship"
τέκτων,12,lsj,"worker in wood, carpenter, joiner; craftsman; workman; a worker",-1,(outlier),4,"spear, bronze, eat, silver",10,"eat, tree, heracles, meal",17,"tree, barley, garden, wood",36,"tree, wood, barley, garden"
μέτωπον,12,lsj,"the space between the eyes; brow, forehead; front, face; face",23,"eye, face, roots, round",4,"spear, bronze, eat, silver",9,"spear, bronze, breast, arrow",13,"helmet, hair, head, cloth",30,"hair, helmet, head, face"
αἰών,12,lsj,"aevum; period of existence; lifetime, life; the Aeacidae",-1,(outlier),4,"spear, bronze, eat, silver",10,"eat, tree, heracles, meal",15,"heracles, bird, fish, fly",34,"heracles, bird, fish, fly"
χωρέω,12,lsj,"make room for another, give way, withdraw; gave way; put back, retire; begone!",84,"leave, retire, gone, withdraw",8,"flee, pass, away, drive",18,"flee, fear, away, hold",31,"hold, leave, stay, retire",62,"leave, retire, away, ward"
πεδάω,12,lsj,"bind with fetters; bind, make fast; shackle, trammel; constrained",48,"bind, fast, tie, fix",3,"meet, bind, round, stretch",8,"meet, bind, ready, gather",9,"bind, ready, fast, make",23,"ready, bind, fast, make"
θάρσος,12,lsj,courage; courage to do; courage against; courage!,96,"courage, good, arrogant, manly",9,"desire, noble, strength, easy",20,"noble, strength, swift, little",38,"strength, force, high, courage",74,"high, courage, better, stout"
Σκάμανδρος,12,lsj,Scamander; Scamandrian,135,"herd, serpent, boar, wolf",4,"spear, bronze, eat, silver",9,"spear, bronze, breast, arrow",14,"bronze, silver, hollow, gold",33,"lycia, stone, grind, goblet"
ἐκβάλλω,12,lsj,throw; cast out of; throw out; threw,91,"throw, send, fall, forth",8,"flee, pass, away, drive",17,"pass, lead, come, throw",30,"pass, lead, come, throw",59,"throw, send, forth, forward"
ἰοχέαιρα,12,lsj,"arrow-pourer, shooter of arrows; poison-shedding",77,"arrow, bow, javelin, shoot",4,"spear, bronze, eat, silver",9,"spear, bronze, breast, arrow",12,"spear, arrow, sword, girdle",27,"arrow, bow, shoot, sagitta"
ἐμμεμαώς,12,lsj,"in eager haste, eager",99,"haste, eager, furiously, rage",9,"desire, noble, strength, easy",20,"noble, strength, swift, little",36,"swift, little, haste, eager",70,"swift, haste, eager, quick"
φέβομαι,12,lsj,"to be put to flight, flee in terror; flee from; bègti",61,"flee, escape, avoid, shun",8,"flee, pass, away, drive",18,"flee, fear, away, hold",32,"flee, fear, wander, avoid",63,"flee, wander, avoid, escape"
ῥινόν,12,lsj,hide; shield,115,"hide, cover, shield, conceal",1,"son, chariot, lord, old",4,"chariot, lord, guest, master",5,"chariot, lord, shield, master",13,"shield, ranks, warrior, men"
δάμνημι,12,lsj,"forced, seduced",13,"desire, want, wish, need",11,"ask, inquire, pray, care",22,"ask, pray, inquire, care",46,"rejoice, care, heed, counsel",90,"trusty, cheat, truth, trusted"
ἄημι,12,lsj,vā´ti; vējas; breathe hard; blow,-1,(outlier),6,"wind, water, pour, sea",13,"pour, wash, oil, breathe",22,"pour, breathe, flow, spread",45,"breathe, disperse, sprinkle, spread"
ἐμπνέω,12,lsj,"blow; breathe upon; to breathe upon; breathe into, play",-1,(outlier),6,"wind, water, pour, sea",13,"pour, wash, oil, breathe",22,"pour, breathe, flow, spread",45,"breathe, disperse, sprinkle, spread"
ὕπατος,12,lsj,"highest, uppermost; above; the very top; lowest",93,"set, beneath, lowest, high",7,"come, return, near, arrive",15,"near, nigh, far, hand",25,"beneath, lowest, hindmost, atop",49,"beneath, lowest, high, aloft"
κάπρος,12,lsj,"boar; wild boar; sow; sea-fish, Capros aper",135,"herd, serpent, boar, wolf",4,"spear, bronze, eat, silver",10,"eat, tree, heracles, meal",15,"heracles, bird, fish, fly",34,"heracles, bird, fish, fly"
ἰότης,12,lsj,"will, desire; by the will; will; for the sake of",13,"desire, want, wish, need",9,"desire, noble, strength, easy",19,"desire, wish, love, want",33,"wish, need, want, desire",65,"wish, need, want, desire"
ἔναρα,12,lsj,"arms and trappings of a slain foe, spoils; taken from; spoil, booty",74,"slay, slaughter, kill, sacrifice",10,"wound, destroy, slay, kill",21,"wound, destroy, slay, cut",39,"slay, kill, destroy, waste",76,"slay, slaughter, kill, sacrifice"
ἀπολήγω,12,lsj,"leave off, desist from; leave off; cease, desist; fall",84,"leave, retire, gone, withdraw",8,"flee, pass, away, drive",18,"flee, fear, away, hold",31,"hold, leave, stay, retire",62,"leave, retire, away, ward"
κατέδω,12,lsj,"eat up, devour; eat up; eating",63,"eat, devour, food, meal",4,"spear, bronze, eat, silver",10,"eat, tree, heracles, meal",16,"eat, meal, food, devour",35,"eat, food, meal, devour"
αἰσχύνω,12,lsj,"make ugly, disfigure; give; a bad form; dishonour, tarnish",-1,(outlier),10,"wound, destroy, slay, kill",21,"wound, destroy, slay, cut",41,"destiny, dishonour, wretched, hateful",78,"dishonour, pity, disgrace, reproach"
εἰσάγω,12,lsj,"lead in; into; into oneʼs dwelling, introduce; he led",-1,(outlier),8,"flee, pass, away, drive",17,"pass, lead, come, throw",30,"pass, lead, come, throw",60,"lead, end, shut, fulfil"
φυτεύω,12,lsj,"of the thing planted, plant; plant for oneself; beget, engender; father",105,"born, beget, bring forth, engender",1,"son, chariot, lord, old",2,"old, mother, son, wife",2,"old, son, mother, wife",5,"son, child, mother, father"
ἐφάλλομαι,12,lsj,spring upon; attack; having leaped upon,117,"leap, rush, run, chase",12,"shout, speak, rouse, speech",23,"rouse, stir, anger, fight",48,"rouse, stir, dance, song",95,"spring, dart, rush, leap"
τελέθω,12,lsj,come into being; to be; become,105,"born, beget, bring forth, engender",7,"come, return, near, arrive",16,"come, return, hither, arrive",29,"come, arrive, home, house",56,"come, arrive, reach, born"
ἐναντίβιος,12,agwn,"being below the horizon: ""the moon is set""",-1,(outlier),5,"day, funeral, black, cloud",12,"funeral, long, day, time",20,"funeral, dead, snow, kindle",42,"star, olympus, heaven, middle"
κρύπτω,12,lsj,"hide, cover; hide; cover; having cloaked his",115,"hide, cover, shield, conceal",4,"spear, bronze, eat, silver",9,"spear, bronze, breast, arrow",13,"helmet, hair, head, cloth",29,"cloth, garment, skin, cloak"
ὀπυίω,12,lsj,"marry, take to wife; marry; wedded; to be married",110,"wife, marry, marriage, wedded",1,"son, chariot, lord, old",2,"old, mother, son, wife",2,"old, son, mother, wife",4,"wife, sister, brother, marry"
νευρά,12,lsj,string; cord of sinew; bowstring; harpstring,141,"strap, cord, thong, bar",4,"spear, bronze, eat, silver",9,"spear, bronze, breast, arrow",12,"spear, arrow, sword, girdle",28,"spear, sword, girdle, belt"
ἐδωδή,12,lsj,"food, meat, victuals; forage, fodder; bait; act of eating",63,"eat, devour, food, meal",4,"spear, bronze, eat, silver",10,"eat, tree, heracles, meal",16,"eat, meal, food, devour",35,"eat, food, meal, devour"
ληίς,12,lsj (relaxed match),"booty, spoil; booty; cattle, stock",-1,(outlier),4,"spear, bronze, eat, silver",10,"eat, tree, heracles, meal",15,"heracles, bird, fish, fly",34,"heracles, bird, fish, fly"
Ἐρινύς,12,lsj,"the Erinys; guilt, punishment invoked; curses from; frenzy",98,"anger, wrath, angry, rage",10,"wound, destroy, slay, kill",21,"wound, destroy, slay, cut",41,"destiny, dishonour, wretched, hateful",79,"destiny, wretched, hateful, wrath"
βιάω,12,lsj,constrain; to be forcibly driven; will; yield to force,88,"force, feeble, forcibly, powerless",9,"desire, noble, strength, easy",20,"noble, strength, swift, little",38,"strength, force, high, courage",73,"strength, force, heavy, feeble"
ἀποίχομαι,12,lsj,"to be gone away, to be far from, keep aloof from; hast forsaken; to be gone, to have departed; he has been gone",84,"leave, retire, gone, withdraw",8,"flee, pass, away, drive",18,"flee, fear, away, hold",31,"hold, leave, stay, retire",62,"leave, retire, away, ward"
ζόφος,12,lsj,"nether darkness; the realms of gloom; gloom, darkness; the gloom",4,"dark, black, murky, gloom",5,"day, funeral, black, cloud",11,"black, dark, bright, shine",18,"black, dark, bright, shine",37,"black, dark, bright, light"
ῥάβδος,12,lsj,"rod, wand; magic wand; divining-rod; fishing-rod",140,"spear, axe, sword, wand",4,"spear, bronze, eat, silver",9,"spear, bronze, breast, arrow",12,"spear, arrow, sword, girdle",28,"spear, sword, girdle, belt"
πομπός,12,lsj,"conductor, escort, guide; attendants, guards; conductress; conveyor, carrier of",-1,(outlier),1,"son, chariot, lord, old",4,"chariot, lord, guest, master",4,"guest, slave, serve, banquet",10,"slave, mistress, care, queen"
τίη,12,lsj,"why? wherefore?; why so, tell me?",59,"hither, wherefore, place, way",7,"come, return, near, arrive",16,"come, return, hither, arrive",28,"hither, wherefore, way, just",54,"hither, wherefore, way, just"
διέκ,12,lsj,out through,-1,(outlier),7,"come, return, near, arrive",16,"come, return, hither, arrive",29,"come, arrive, home, house",55,"home, house, inside, come forth"
κυανόπρῳρος,12,lsj,darkprowed,4,"dark, black, murky, gloom",5,"day, funeral, black, cloud",11,"black, dark, bright, shine",18,"black, dark, bright, shine",37,"black, dark, bright, light"
ἐλαία,12,lsj,olive-tree; the olives; Olea cuspidata; olive,109,"tree, wood, garden, fir",4,"spear, bronze, eat, silver",10,"eat, tree, heracles, meal",17,"tree, barley, garden, wood",36,"tree, wood, barley, garden"
ἠῶθεν,12,lsj,"from morn; at dawn, at break of day; to-morrow morning; in the morning",8,"day, light, morning, early",5,"day, funeral, black, cloud",12,"funeral, long, day, time",19,"long, day, time, morning",39,"day, morning, dawn, early"
εἰκοστός,12,lsj,twentieth; a tax of a twentieth; vicesima manumissionum,50,"years, tenth, period, ninth",11,"ask, inquire, pray, care",22,"ask, pray, inquire, care",44,"ask, inquire, pay, prize",87,"pay, debt, receive, price"
κίων,12,lsj,pillar; pillars; the Pillars; columnar gravestone,-1,(outlier),1,"son, chariot, lord, old",3,"divine, honour, zeus, wonder",3,"divine, honour, zeus, god",8,"honour, wonder, reverence, gift"
μαῖα,12,lsj,good mother; foster-mother; mother; midwife,-1,(outlier),1,"son, chariot, lord, old",2,"old, mother, son, wife",2,"old, son, mother, wife",5,"son, child, mother, father"
ἄντρον,12,lsj,"cave; inner chamber, closet",137,"house, chamber, inner, room",2,"chamber, sleep, sit, bed",6,"chamber, house, ground, inner",7,"chamber, house, ground, mountain",17,"peak, mountain, hill, headland"
Σκύλλα,12,lsj,Scylla,142,"thracian, scylla seal, monachus calchas, calypso icarian",1,"son, chariot, lord, old",1,"troy, athens, trojan, phthia",1,"troy, trojan, athens, thebes",3,"phthia, lesbos, hang, club"
ἀλήτης,12,lsj,"wanderer, vagabond; one who has wandered; vagrant, roving",62,"wander, roam, harm, away",10,"wound, destroy, slay, kill",21,"wound, destroy, slay, cut",42,"wound, cut, tears, toil",81,"toil, tears, pain, distressed"
Ἶρος,12,lsj,Irus; an Irus; a beggar,9,"ask, inquire, beggar, question",11,"ask, inquire, pray, care",22,"ask, pray, inquire, care",46,"rejoice, care, heed, counsel",89,"care, rejoice, heed, attempt"
ἀποδίδωμι,11,lsj,"give up; back, restore, return; render what is due, pay; give",30,"pay, price, debt, obligation",11,"ask, inquire, pray, care",22,"ask, pray, inquire, care",44,"ask, inquire, pay, prize",87,"pay, debt, receive, price"
κολεόν,11,lsj,"sheath, scabbard; sheath, wing-case",141,"strap, cord, thong, bar",4,"spear, bronze, eat, silver",9,"spear, bronze, breast, arrow",12,"spear, arrow, sword, girdle",28,"spear, sword, girdle, belt"
ναί,11,lsj,"yea, verily; yea; yea by; yes",-1,(outlier),7,"come, return, near, arrive",16,"come, return, hither, arrive",28,"hither, wherefore, way, just",54,"hither, wherefore, way, just"
ἠγάθεος,11,lsj,most holy,100,"divine, mortal, god, zeus",1,"son, chariot, lord, old",3,"divine, honour, zeus, wonder",3,"divine, honour, zeus, god",7,"divine, zeus, god, holy"
κράτιστος,11,agwn,"having or showing or arising from a desire to promote the welfare or happiness of others: ""his benevolent smile""; ""a ben",113,"delight, joy, pleasure, rejoice",9,"desire, noble, strength, easy",19,"desire, wish, love, want",34,"love, heart, sweet, warm",67,"sweet, warm, glad, delight"
ὄνειδος,11,lsj,"reproach, rebuke, censure, blame; in disgrace; reproach; with censures",97,"reproach, disgrace, reproof, rebuke",10,"wound, destroy, slay, kill",21,"wound, destroy, slay, cut",41,"destiny, dishonour, wretched, hateful",78,"dishonour, pity, disgrace, reproach"
ἐρωέω,11,lsj,"rush, rush forth; started back; escape harm; draw back",62,"wander, roam, harm, away",8,"flee, pass, away, drive",17,"pass, lead, come, throw",30,"pass, lead, come, throw",57,"drive, pass, rush, path"
ἀπηνής,11,lsj,"ungentle, rough, hard; cruel; cruel thoughts; hard",111,"hateful, hated, ruthless, terrible",10,"wound, destroy, slay, kill",21,"wound, destroy, slay, cut",41,"destiny, dishonour, wretched, hateful",79,"destiny, wretched, hateful, wrath"
βένθος,11,lsj,depth,116,"earth, ground, surface, deep",2,"chamber, sleep, sit, bed",6,"chamber, house, ground, inner",7,"chamber, house, ground, mountain",16,"ground, trench, earth, dug"
δωδέκατος,11,lsj,twelfth,50,"years, tenth, period, ninth",1,"son, chariot, lord, old",1,"troy, athens, trojan, phthia",1,"troy, trojan, athens, thebes",2,"tenth, eleventh, number, seven"
εὔδμητος,11,lsj,well-built,73,"wrought, good dwell, poised, built",9,"desire, noble, strength, easy",20,"noble, strength, swift, little",37,"noble, wrought, glorious, splendid",72,"noble, wrought, glorious, splendid"
ποτός,11,lsj,"drunk, for drinking; that which one drinks, drink; drink; drinking water",28,"wine, drink, mix, lesbos",6,"wind, water, pour, sea",14,"wind, sea, stream, water",24,"sea, stream, wine, water",48,"stream, wine, water, drink"
Ἑκάεργος,11,lsj,nine,50,"years, tenth, period, ninth",1,"son, chariot, lord, old",1,"troy, athens, trojan, phthia",1,"troy, trojan, athens, thebes",2,"tenth, eleventh, number, seven"
Οὐρανίωνες,11,lsj,"the heavenly ones, gods; children of Uranos",104,"olympus, phthia, cronos, ares",1,"son, chariot, lord, old",3,"divine, honour, zeus, wonder",3,"divine, honour, zeus, god",7,"divine, zeus, god, holy"
ἔνειμι,11,lsj,sum; to be in; to be among; is in,-1,(outlier),11,"ask, inquire, pray, care",22,"ask, pray, inquire, care",43,"know, appear, perceive, look",84,"watch, count, sum, visit"
πρόπας,11,lsj,all; long; together; utterly,57,"just, exceedingly, altogether, greater",9,"desire, noble, strength, easy",20,"noble, strength, swift, little",35,"like, resembling, mighty, sort",69,"great, mighty, sort, exceedingly"
πραπίδες,11,lsj,"midriff, diaphragm; understanding, mind; heart",-1,(outlier),9,"desire, noble, strength, easy",19,"desire, wish, love, want",34,"love, heart, sweet, warm",66,"heart, love, affection, desire"
πολυκλήις,11,lsj (relaxed match),with many benches,-1,(outlier),4,"spear, bronze, eat, silver",9,"spear, bronze, breast, arrow",11,"breast, thigh, knee, arm",26,"breast, thigh, knee, arm"
ψεῦδος,11,lsj,"falsehood, lie; lie; deceit; false conclusion, fallacy",90,"true, trusty, truth, cheat",11,"ask, inquire, pray, care",22,"ask, pray, inquire, care",46,"rejoice, care, heed, counsel",90,"trusty, cheat, truth, trusted"
ἄνθος,11,lsj,"blossom, flower; the chaplets of flowers; anything thrown out upon the surface, eruption; froth",21,"golden, robe, flowers, soft",4,"spear, bronze, eat, silver",10,"eat, tree, heracles, meal",17,"tree, barley, garden, wood",36,"tree, wood, barley, garden"
ὑπένερθε,11,lsj,"underneath; under the earth, in the nether world; under, beneath",93,"set, beneath, lowest, high",7,"come, return, near, arrive",15,"near, nigh, far, hand",25,"beneath, lowest, hindmost, atop",49,"beneath, lowest, high, aloft"
βασιλεύω,11,lsj,"to be king, rule, reign; was king; reigned as queen; to have become king",101,"lord, queen, master, ruler",1,"son, chariot, lord, old",4,"chariot, lord, guest, master",5,"chariot, lord, shield, master",12,"lord, king, master, leader"
ἠχή,11,lsj,"sound, noise; cry; wail; rumour, talk",41,"voice, sound, speech, hear",12,"shout, speak, rouse, speech",25,"speak, speech, voice, address",50,"speak, speech, voice, address",100,"speech, voice, speak, clear"
στείχω,11,lsj,"walk, march, go; come; towards; go to, approach",-1,(outlier),8,"flee, pass, away, drive",17,"pass, lead, come, throw",30,"pass, lead, come, throw",57,"drive, pass, rush, path"
ἀλαπάζω,11,lsj,"empty, drain, exhaust; sack, plunder; overpower, destroy",80,"destroy, waste, bane, sack",10,"wound, destroy, slay, kill",21,"wound, destroy, slay, cut",39,"slay, kill, destroy, waste",75,"waste, destroy, sack, perish"
ἀφραδία,11,lsj,"folly, thoughtlessness",128,"vain, fruitless, useless, idle",10,"wound, destroy, slay, kill",21,"wound, destroy, slay, cut",41,"destiny, dishonour, wretched, hateful",79,"destiny, wretched, hateful, wrath"
αἰπόλος,11,lsj,goatherd,135,"herd, serpent, boar, wolf",4,"spear, bronze, eat, silver",9,"spear, bronze, breast, arrow",14,"bronze, silver, hollow, gold",33,"lycia, stone, grind, goblet"
ἀμφιέπω,11,lsj,"go about, be all round; crowns; beset, press hard; to be busy about, look after",99,"haste, eager, furiously, rage",11,"ask, inquire, pray, care",22,"ask, pray, inquire, care",46,"rejoice, care, heed, counsel",89,"care, rejoice, heed, attempt"
τραχύς,11,lsj,jagged; prickly; rugged; rough,72,"sharp, keen, smooth, rugged",9,"desire, noble, strength, easy",20,"noble, strength, swift, little",36,"swift, little, haste, eager",71,"little, softly, firm, small"
λίμνη,11,lsj,"pool of standing water; marshy lake, mere; artificial pool; basin",38,"stream, water, river, spring",6,"wind, water, pour, sea",14,"wind, sea, stream, water",24,"sea, stream, wine, water",48,"stream, wine, water, drink"
νόθος,11,lsj,"bastard, baseborn; child of a citizen father and an alien mother; temple-attendants; cross-bred",121,"race, descent, father, family",1,"son, chariot, lord, old",2,"old, mother, son, wife",2,"old, son, mother, wife",5,"son, child, mother, father"
Ἑλλήσποντος,11,lsj,Hellespont; sea of Helle; the Dardanelles; the adjacent country,130,"sea, stillness, gulf, calm",1,"son, chariot, lord, old",1,"troy, athens, trojan, phthia",1,"troy, trojan, athens, thebes",1,"troy, trojan, athens, thebes"
ἐρωή,11,lsj,"quick motion, rush, force; throw; the force; swing",117,"leap, rush, run, chase",12,"shout, speak, rouse, speech",23,"rouse, stir, anger, fight",48,"rouse, stir, dance, song",95,"spring, dart, rush, leap"
ἐρικυδής,11,lsj,"very famous, glorious; a splendid",81,"glorious, noble, famous, renowned",9,"desire, noble, strength, easy",20,"noble, strength, swift, little",37,"noble, wrought, glorious, splendid",72,"noble, wrought, glorious, splendid"
ἀρχή,11,lsj,"beginning, origin; a foundation; source; the beginning",-1,(outlier),11,"ask, inquire, pray, care",22,"ask, pray, inquire, care",44,"ask, inquire, pay, prize",85,"prize, gain, win, contest"
γῆ,11,lsj,earth; heaven; land; sea,116,"earth, ground, surface, deep",5,"day, funeral, black, cloud",12,"funeral, long, day, time",20,"funeral, dead, snow, kindle",42,"star, olympus, heaven, middle"
πῶυ,11,lsj,flock,58,"crowded, people, pile, heaps",3,"meet, bind, round, stretch",8,"meet, bind, ready, gather",10,"meet, gather, pick, assembly",25,"meet, gather, assembly, face"
ποινή,11,lsj,"bloodmoney, were-gild, fine; price paid, satisfaction, requital, penalty; in return for; satisfaction for",30,"pay, price, debt, obligation",11,"ask, inquire, pray, care",22,"ask, pray, inquire, care",44,"ask, inquire, pay, prize",87,"pay, debt, receive, price"
οἶτος,11,lsj,"fate, doom; lot; ibo",49,"destiny, doom, fate, destined",10,"wound, destroy, slay, kill",21,"wound, destroy, slay, cut",41,"destiny, dishonour, wretched, hateful",79,"destiny, wretched, hateful, wrath"
ἀσπιστής,11,lsj,"one armed with a shield, warrior; shield",115,"hide, cover, shield, conceal",1,"son, chariot, lord, old",4,"chariot, lord, guest, master",5,"chariot, lord, shield, master",13,"shield, ranks, warrior, men"
μῆλον2,11,lsj (homograph 2),"apple; treefruit; crab, Pyrus acerba; apricot, Prunus armeniaca",109,"tree, wood, garden, fir",4,"spear, bronze, eat, silver",10,"eat, tree, heracles, meal",17,"tree, barley, garden, wood",36,"tree, wood, barley, garden"
ὁμοίιος,11,lsj,distressing; common to all; impartial,79,"grieving, distressed, wretched, pity",10,"wound, destroy, slay, kill",21,"wound, destroy, slay, cut",42,"wound, cut, tears, toil",81,"toil, tears, pain, distressed"
ἐφοπλίζω,11,lsj,"get ready; we will get ready our; fit out, equip, make ready; arm against",14,"ready, make, order, prepare",3,"meet, bind, round, stretch",8,"meet, bind, ready, gather",9,"bind, ready, fast, make",23,"ready, bind, fast, make"
ἀντάω,11,lsj,"come opposite to, meet face to face, meet with; meet; she reached, went up to; meet with, take part in, partake in",11,"meet, face, fall, partake",3,"meet, bind, round, stretch",8,"meet, bind, ready, gather",10,"meet, gather, pick, assembly",25,"meet, gather, assembly, face"
ἱππηλάτης,11,agwn,"the smallest whole number or a numeral representing this number: ""he has the one but will need a two and three to go wit",55,"fifth, half, fourth, thrice",1,"son, chariot, lord, old",1,"troy, athens, trojan, phthia",1,"troy, trojan, athens, thebes",2,"tenth, eleventh, number, seven"
ἀτασθαλία,11,lsj,"presumptuous sin, recklessness, wickedness",111,"hateful, hated, ruthless, terrible",10,"wound, destroy, slay, kill",21,"wound, destroy, slay, cut",41,"destiny, dishonour, wretched, hateful",79,"destiny, wretched, hateful, wrath"
ἑτέρωσε,11,lsj,"to the other side; on one side; on the other side; elsewhither, aside",60,"hand, left, right, sides",3,"meet, bind, round, stretch",7,"round, stretch, straight, turn",8,"round, straight, stretch, turn",19,"straight, right, hand, opposite"
κρόταφος,11,lsj,"side of the forehead; temples; side edge, profile; sideways, horizontally",119,"helmet, head, peak, brim",4,"spear, bronze, eat, silver",9,"spear, bronze, breast, arrow",13,"helmet, hair, head, cloth",30,"hair, helmet, head, face"
πελεμίζω,11,lsj,"shake, cause to quiver; tremble; struggle at; to be shaken, tremble, quake",24,"silence, shake, tremble, softly",12,"shout, speak, rouse, speech",23,"rouse, stir, anger, fight",48,"rouse, stir, dance, song",96,"rouse, stir, shake, tremble"
κατάγω,11,lsj,lead down; into the nether world; bring down; draw down,-1,(outlier),3,"meet, bind, round, stretch",7,"round, stretch, straight, turn",8,"round, straight, stretch, turn",22,"draw, raise, drag, stand"
ὀξυόεις,11,lsj,"with beechen shaft, beechen",-1,(outlier),4,"spear, bronze, eat, silver",9,"spear, bronze, breast, arrow",12,"spear, arrow, sword, girdle",28,"spear, sword, girdle, belt"
διδάσκω,11,lsj,instruct; teach; taught; taught how,17,"know, perceive, discover, recognize",11,"ask, inquire, pray, care",22,"ask, pray, inquire, care",43,"know, appear, perceive, look",82,"know, appear, perceive, bring light"
ἐξαπίνης,11,agwn,"happening or coming quickly and without warning: ""a sudden unexpected development""",-1,(outlier),11,"ask, inquire, pray, care",22,"ask, pray, inquire, care",46,"rejoice, care, heed, counsel",89,"care, rejoice, heed, attempt"
κτῆσις,11,lsj,acquisition; success in; possession; your having,32,"prize, contest, gain, win",11,"ask, inquire, pray, care",22,"ask, pray, inquire, care",44,"ask, inquire, pay, prize",85,"prize, gain, win, contest"
ἀτιτάλλω,11,lsj,"rear, tend; cherish; beguile, cajole",43,"return, backwards, rear, home",4,"spear, bronze, eat, silver",9,"spear, bronze, breast, arrow",12,"spear, arrow, sword, girdle",28,"spear, sword, girdle, belt"
ὀδών,11,agwn,"an ability to perform well: ""he was at the top of his form""; ""the team was off form last night""",-1,(outlier),4,"spear, bronze, eat, silver",9,"spear, bronze, breast, arrow",11,"breast, thigh, knee, arm",26,"breast, thigh, knee, arm"
μαστίζω,11,lsj,"whip, flog; whipped; stimulate",-1,(outlier),6,"wind, water, pour, sea",13,"pour, wash, oil, breathe",22,"pour, breathe, flow, spread",45,"breathe, disperse, sprinkle, spread"
καρπός2,11,lsj (homograph 2),wrist; huerfa,-1,(outlier),1,"son, chariot, lord, old",1,"troy, athens, trojan, phthia",1,"troy, trojan, athens, thebes",3,"phthia, lesbos, hang, club"
ἐρίγδουπος,11,lsj,"loud-sounding, thundering",-1,(outlier),12,"shout, speak, rouse, speech",24,"shout, lament, wail, loud",49,"shout, lament, wail, loud",97,"loud, laugh, crash, sound"
ἐπαμύνω,11,lsj,"come to aid, succour; apologetic; to prove; ward off",-1,(outlier),11,"ask, inquire, pray, care",22,"ask, pray, inquire, care",46,"rejoice, care, heed, counsel",89,"care, rejoice, heed, attempt"
ἐπόρνυμι,11,lsj,"stir up, arouse, excite; called up; rouse and send against; sent",94,"stir, rouse, urge, excite",12,"shout, speak, rouse, speech",23,"rouse, stir, anger, fight",48,"rouse, stir, dance, song",96,"rouse, stir, shake, tremble"
ζώννυμι,11,lsj,gird; gird round the loins; hug; gird oneself,-1,(outlier),4,"spear, bronze, eat, silver",9,"spear, bronze, breast, arrow",12,"spear, arrow, sword, girdle",28,"spear, sword, girdle, belt"
κυκάω,11,lsj,stir; mix; mix for oneself; stir up,94,"stir, rouse, urge, excite",3,"meet, bind, round, stretch",8,"meet, bind, ready, gather",10,"meet, gather, pick, assembly",24,"mix, equal, alike, separate"
ἐγγύθι,11,lsj,"hard by, near; nigh at hand",44,"near, nigh, hand, hard",7,"come, return, near, arrive",15,"near, nigh, far, hand",26,"near, far, nigh, hand",51,"near, nigh, hand, close"
μητιάω,11,lsj,"meditate, deliberate; consider among you; plan, devise",16,"counsel, craft, wise, plan",11,"ask, inquire, pray, care",22,"ask, pray, inquire, care",46,"rejoice, care, heed, counsel",92,"dwell, set, situated, devise"
πειρητίζω,11,lsj,"attempt, try, prove; touched the strings; make trial of; attempt",-1,(outlier),11,"ask, inquire, pray, care",22,"ask, pray, inquire, care",46,"rejoice, care, heed, counsel",89,"care, rejoice, heed, attempt"
ἄρσην,11,lsj,male; the male; the male sex; masculine,101,"lord, queen, master, ruler",5,"day, funeral, black, cloud",12,"funeral, long, day, time",20,"funeral, dead, snow, kindle",40,"funeral, dead, mortal, alive"
πυρός,11,lsj,"wheat, Triticum vulgare; a grain of wheat; pūraĩ",108,"barley, corn, grain, groats",4,"spear, bronze, eat, silver",10,"eat, tree, heracles, meal",17,"tree, barley, garden, wood",36,"tree, wood, barley, garden"
ἔνερθε,11,lsj,"from beneath, up from below; beneath, below; below; from below",93,"set, beneath, lowest, high",7,"come, return, near, arrive",15,"near, nigh, far, hand",25,"beneath, lowest, hindmost, atop",49,"beneath, lowest, high, aloft"
στονόεις,11,lsj,causing groans; sighs; full of moaning; moaning,52,"bewail, groaning, lament, sigh",12,"shout, speak, rouse, speech",24,"shout, lament, wail, loud",49,"shout, lament, wail, loud",98,"shout, lament, wail, shriek"
μεταστρέφω,11,lsj,"turn about, turn round; turn oneself about, turn about; turn round; turn about",107,"round, turn, circle, wheel",3,"meet, bind, round, stretch",7,"round, stretch, straight, turn",8,"round, straight, stretch, turn",21,"round, turn, circle, rim"
δύναμις,11,lsj,"power, might; bodily strength; strength, power, ability; strength",89,"strength, force, better, mighty",9,"desire, noble, strength, easy",20,"noble, strength, swift, little",38,"strength, force, high, courage",73,"strength, force, heavy, feeble"
ἀλέγω,11,lsj,"have a care, mind, heed; have; care; with good heed",6,"care, heed, bestowed, busy oneself",11,"ask, inquire, pray, care",22,"ask, pray, inquire, care",46,"rejoice, care, heed, counsel",89,"care, rejoice, heed, attempt"
τάπης,11,lsj,"carpet, rug",114,"garment, cloth, skin, cloak",4,"spear, bronze, eat, silver",9,"spear, bronze, breast, arrow",13,"helmet, hair, head, cloth",29,"cloth, garment, skin, cloak"
ἐντύνω,11,lsj,"equip, deck out, get ready; was harnessing; were getting; ready",14,"ready, make, order, prepare",3,"meet, bind, round, stretch",8,"meet, bind, ready, gather",9,"bind, ready, fast, make",23,"ready, bind, fast, make"
ἀργυρόπεζα,11,lsj,silver-footed; sandalled,-1,(outlier),4,"spear, bronze, eat, silver",9,"spear, bronze, breast, arrow",12,"spear, arrow, sword, girdle",28,"spear, sword, girdle, belt"
ἀργιόδους,11,lsj,"white-toothed, white-tusked",-1,(outlier),4,"spear, bronze, eat, silver",9,"spear, bronze, breast, arrow",14,"bronze, silver, hollow, gold",33,"lycia, stone, grind, goblet"
Αἶσα,11,lsj,"who dispenses to every one his lot; destiny; decree, dispensation; destiny decreed",49,"destiny, doom, fate, destined",10,"wound, destroy, slay, kill",21,"wound, destroy, slay, cut",41,"destiny, dishonour, wretched, hateful",79,"destiny, wretched, hateful, wrath"
ἀκαχμένος,11,lsj,sharp-edged; armed,72,"sharp, keen, smooth, rugged",9,"desire, noble, strength, easy",20,"noble, strength, swift, little",36,"swift, little, haste, eager",71,"little, softly, firm, small"
ἄπειμι2,11,lsj (homograph 2),"ibo; go away, depart; begone; will retreat",122,"come, ibo, pass, approach",8,"flee, pass, away, drive",17,"pass, lead, come, throw",30,"pass, lead, come, throw",58,"ibo, sink, fall, come"
ἐσχάρα,11,lsj,"hearth, fire-place; pan of coals, brazier; watch-fires; sacrificial hearth",-1,(outlier),5,"day, funeral, black, cloud",12,"funeral, long, day, time",20,"funeral, dead, snow, kindle",41,"kindle, snow, cloud, fires"
κτύπος,11,agwn,"the price charged for some article or service: ""the admission charge""",30,"pay, price, debt, obligation",11,"ask, inquire, pray, care",22,"ask, pray, inquire, care",44,"ask, inquire, pay, prize",87,"pay, debt, receive, price"
ἀσάμινθος,11,lsj,bathing-tub; as large as a bath,25,"wash, oil, dry, salt",6,"wind, water, pour, sea",13,"pour, wash, oil, breathe",21,"wash, oil, salt, raw",43,"wash, oil, salt, raw"
σπέρχω,11,lsj,"set in rapid motion; to haste, be in haste; rage; in haste, hurriedly",99,"haste, eager, furiously, rage",9,"desire, noble, strength, easy",20,"noble, strength, swift, little",36,"swift, little, haste, eager",70,"swift, haste, eager, quick"
γναμπτός,11,lsj,"curved, bent; supple, pliant; pliable",106,"stretch, bend, curved, tight",3,"meet, bind, round, stretch",7,"round, stretch, straight, turn",8,"round, straight, stretch, turn",20,"bend, curved, twisted, stretch"
χρέος,11,lsj,"that which one needs must pay, obligation, debt; the obligation to restore or pay for ‘lified’ cattle and plunder; debt; the debt demanded by",30,"pay, price, debt, obligation",11,"ask, inquire, pray, care",22,"ask, pray, inquire, care",44,"ask, inquire, pay, prize",87,"pay, debt, receive, price"
δοάσσατο,11,lsj,it seemed; appear,20,"appear, bring light, seen, forth",11,"ask, inquire, pray, care",22,"ask, pray, inquire, care",43,"know, appear, perceive, look",82,"know, appear, perceive, bring light"
θρῆνυς,11,lsj,footstool; bench; helmsmanʼs bench; bridge,-1,(outlier),4,"spear, bronze, eat, silver",9,"spear, bronze, breast, arrow",11,"breast, thigh, knee, arm",26,"breast, thigh, knee, arm"
ἐκεῖθεν,11,lsj,"from that place, thence; on his part; on yon side of; thence, from that fact",60,"hand, left, right, sides",3,"meet, bind, round, stretch",7,"round, stretch, straight, turn",8,"round, straight, stretch, turn",19,"straight, right, hand, opposite"
ἐπιχέω,11,lsj,pour over; pour; over; heap up,29,"pour, filled, spread, fish",6,"wind, water, pour, sea",13,"pour, wash, oil, breathe",22,"pour, breathe, flow, spread",44,"pour, flow, filled, shed"
ἴκρια,11,lsj,"halfdeck; platform, stage; scaffolding; benches",-1,(outlier),3,"meet, bind, round, stretch",8,"meet, bind, ready, gather",9,"bind, ready, fast, make",23,"ready, bind, fast, make"
ἐμπάζομαι,11,lsj,"busy oneself about, take heed of, care for",6,"care, heed, bestowed, busy oneself",11,"ask, inquire, pray, care",22,"ask, pray, inquire, care",46,"rejoice, care, heed, counsel",89,"care, rejoice, heed, attempt"
κεάζω,11,lsj,"split, cleave; shiver; was cloven; pound, rub to pieces",47,"break, shiver, broken, shrink",6,"wind, water, pour, sea",13,"pour, wash, oil, breathe",22,"pour, breathe, flow, spread",45,"breathe, disperse, sprinkle, spread"
γυμνός,11,lsj,"naked, unclad; unarmed; parts not covered by armour, exposed parts; right side",114,"garment, cloth, skin, cloak",4,"spear, bronze, eat, silver",9,"spear, bronze, breast, arrow",14,"bronze, silver, hollow, gold",33,"lycia, stone, grind, goblet"
κωκύω,11,lsj,"shriek, wail; lament; shriek over; káuti",-1,(outlier),12,"shout, speak, rouse, speech",24,"shout, lament, wail, loud",49,"shout, lament, wail, loud",98,"shout, lament, wail, shriek"
δρόμος,11,lsj,"course, race; course; speed; any quick movement",117,"leap, rush, run, chase",8,"flee, pass, away, drive",17,"pass, lead, come, throw",30,"pass, lead, come, throw",57,"drive, pass, rush, path"
τέως,11,lsj,"so long, in the meantime; until then, during that time; for that number of days; for a time, a while",66,"time, long, partly, old",5,"day, funeral, black, cloud",12,"funeral, long, day, time",19,"long, day, time, morning",38,"long, years, time, late"
βρῶσις,11,lsj,"meat; pasture; eating; taste, flavour",63,"eat, devour, food, meal",4,"spear, bronze, eat, silver",10,"eat, tree, heracles, meal",16,"eat, meal, food, devour",35,"eat, food, meal, devour"
δειπνέω,11,lsj,"make a meal; take the chief meal, dine; make; serve as dinner",34,"guest, banquet, meal, feast",1,"son, chariot, lord, old",4,"chariot, lord, guest, master",4,"guest, slave, serve, banquet",9,"guest, banquet, dinner, meal"
πόλινδε,11,lsj,into; to the city,95,"enter, come, inspire, city",7,"come, return, near, arrive",16,"come, return, hither, arrive",29,"come, arrive, home, house",56,"come, arrive, reach, born"
ῥάκος,11,lsj,"ragged, tattered garment; rags, tatters; strip of cloth; strip",114,"garment, cloth, skin, cloak",6,"wind, water, pour, sea",13,"pour, wash, oil, breathe",22,"pour, breathe, flow, spread",45,"breathe, disperse, sprinkle, spread"
τέλλω,10,lsj,accomplish; perform; come into being; turns,102,"accomplish, fulfil, pass, perform",8,"flee, pass, away, drive",17,"pass, lead, come, throw",30,"pass, lead, come, throw",60,"lead, end, shut, fulfil"
ἀμφιβαίνω,10,lsj,go about; around; in his course had reached; bestride,122,"come, ibo, pass, approach",8,"flee, pass, away, drive",17,"pass, lead, come, throw",30,"pass, lead, come, throw",57,"drive, pass, rush, path"
ἔλδωρ,10,lsj,"wish, longing, desire",13,"desire, want, wish, need",9,"desire, noble, strength, easy",19,"desire, wish, love, want",33,"wish, need, want, desire",65,"wish, need, want, desire"
ὁμηγερής,10,lsj,assembled; all assembled,56,"gather, assemble, collect, lists",3,"meet, bind, round, stretch",8,"meet, bind, ready, gather",9,"bind, ready, fast, make",23,"ready, bind, fast, make"
φυή,10,lsj,"growth, stature; fine growth, noble stature; in size; growth",-1,(outlier),9,"desire, noble, strength, easy",20,"noble, strength, swift, little",38,"strength, force, high, courage",74,"high, courage, better, stout"
στυγέω,10,lsj,"hate, abhor; to show hatred; hate; fear",111,"hateful, hated, ruthless, terrible",10,"wound, destroy, slay, kill",21,"wound, destroy, slay, cut",41,"destiny, dishonour, wretched, hateful",79,"destiny, wretched, hateful, wrath"
μέροψ,10,lsj,"dividing the voice; articulate; bee-eater, Merops apiaster",41,"voice, sound, speech, hear",12,"shout, speak, rouse, speech",25,"speak, speech, voice, address",50,"speak, speech, voice, address",100,"speech, voice, speak, clear"
ὑπείκω,10,lsj,"retire, withdraw, depart; from; retire from; for",84,"leave, retire, gone, withdraw",8,"flee, pass, away, drive",18,"flee, fear, away, hold",31,"hold, leave, stay, retire",62,"leave, retire, away, ward"
χθιζός,10,lsj,of yesterday; yesterdayʼs; yesterday; yesterday!,8,"day, light, morning, early",5,"day, funeral, black, cloud",12,"funeral, long, day, time",19,"long, day, time, morning",39,"day, morning, dawn, early"
στέλλω,10,lsj,make ready; rig; fit; out,14,"ready, make, order, prepare",3,"meet, bind, round, stretch",8,"meet, bind, ready, gather",9,"bind, ready, fast, make",23,"ready, bind, fast, make"
δέρω,10,lsj,"skin, flay; to have oneʼs; flayed off; will make",-1,(outlier),4,"spear, bronze, eat, silver",9,"spear, bronze, breast, arrow",14,"bronze, silver, hollow, gold",33,"lycia, stone, grind, goblet"
μιστύλλω,10,lsj,cut up,83,"strip, cut, loose, belch",10,"wound, destroy, slay, kill",21,"wound, destroy, slay, cut",42,"wound, cut, tears, toil",80,"wound, cut, strip, blood"
σκίδνημι,10,lsj,"disperse; to be spread; scattered, disperse; began to spread his light",-1,(outlier),6,"wind, water, pour, sea",13,"pour, wash, oil, breathe",22,"pour, breathe, flow, spread",45,"breathe, disperse, sprinkle, spread"
πωλέομαι,10,lsj,go up and down; to and fro; come frequently; she goes,-1,(outlier),3,"meet, bind, round, stretch",7,"round, stretch, straight, turn",8,"round, straight, stretch, turn",22,"draw, raise, drag, stand"
ἐφετμή,10,lsj,"command, behest; behests; demands, prayers",71,"pray, vow, boast, votive offering",11,"ask, inquire, pray, care",22,"ask, pray, inquire, care",45,"pray, oath, herald, command",88,"pray, oath, herald, command"
διατμήγω,10,lsj,cut in twain; having cut; in twain; distinguish,83,"strip, cut, loose, belch",10,"wound, destroy, slay, kill",21,"wound, destroy, slay, cut",42,"wound, cut, tears, toil",80,"wound, cut, strip, blood"
ἐπιεικής,10,lsj,"fitting, meet, suitable; meet; a fair; reasonable",11,"meet, face, fall, partake",3,"meet, bind, round, stretch",8,"meet, bind, ready, gather",10,"meet, gather, pick, assembly",25,"meet, gather, assembly, face"
κύπελλον,10,lsj,"big-bellied drinking-vessel, beaker, goblet; milk-vessel; fragments of bread left on table",-1,(outlier),4,"spear, bronze, eat, silver",9,"spear, bronze, breast, arrow",14,"bronze, silver, hollow, gold",33,"lycia, stone, grind, goblet"
ἐφάπτω,10,lsj,bind on; having fixed; by making fast; had made fast,48,"bind, fast, tie, fix",3,"meet, bind, round, stretch",8,"meet, bind, ready, gather",9,"bind, ready, fast, make",23,"ready, bind, fast, make"
μελίφρων,10,lsj,"sweet to the mind, delicious; whose care is honey",-1,(outlier),9,"desire, noble, strength, easy",19,"desire, wish, love, want",34,"love, heart, sweet, warm",67,"sweet, warm, glad, delight"
μέγεθος,10,lsj,"greatness, magnitude; stature; size; loudness",-1,(outlier),9,"desire, noble, strength, easy",20,"noble, strength, swift, little",38,"strength, force, high, courage",74,"high, courage, better, stout"
ἐξάρχω,10,lsj,"begin, take the lead in, initiate; teach; dictate; hold office",-1,(outlier),11,"ask, inquire, pray, care",22,"ask, pray, inquire, care",44,"ask, inquire, pay, prize",85,"prize, gain, win, contest"
ἁδινός,10,lsj,"close, thick; crowded, thronging; vehement, loud; loud-voiced",-1,(outlier),12,"shout, speak, rouse, speech",24,"shout, lament, wail, loud",49,"shout, lament, wail, loud",97,"loud, laugh, crash, sound"
αἰσχρός,10,lsj,"causing shame, dishonouring, reproachful; ugly, ill-favoured; deformed; with an ugly",-1,(outlier),10,"wound, destroy, slay, kill",21,"wound, destroy, slay, cut",41,"destiny, dishonour, wretched, hateful",78,"dishonour, pity, disgrace, reproach"
προφέρω,10,lsj,bring before; present; cast; teeth,-1,(outlier),4,"spear, bronze, eat, silver",9,"spear, bronze, breast, arrow",14,"bronze, silver, hollow, gold",33,"lycia, stone, grind, goblet"
ἠβαιός,10,lsj,small; the least; a few; in the least,-1,(outlier),9,"desire, noble, strength, easy",20,"noble, strength, swift, little",36,"swift, little, haste, eager",71,"little, softly, firm, small"
κεδάννυμι,10,lsj,"break up, scatter; was broken up; was shed",47,"break, shiver, broken, shrink",6,"wind, water, pour, sea",13,"pour, wash, oil, breathe",22,"pour, breathe, flow, spread",45,"breathe, disperse, sprinkle, spread"
ὑπερέχω,10,lsj,hold over; held; over; holding,-1,(outlier),8,"flee, pass, away, drive",18,"flee, fear, away, hold",31,"hold, leave, stay, retire",61,"hold, seize, stay, remain"
ἀίδηλος,10,lsj (relaxed match),"making unseen, annihilating, destructive; unseen, unknown, obscure; unforeseen; formless",129,"unresting, ungovernable, unseen, ceaseless",10,"wound, destroy, slay, kill",21,"wound, destroy, slay, cut",40,"vain, unceasing, unbroken, fruitless",77,"vain, unceasing, unbroken, unharmed"
πετεινός,10,lsj,"able to fly, full-fledged; able to fly, winged; winged fowl; a bird",118,"fly, winged, dart, riot",4,"spear, bronze, eat, silver",10,"eat, tree, heracles, meal",15,"heracles, bird, fish, fly",34,"heracles, bird, fish, fly"
διαρραίω,10,lsj,"dash in pieces, destroy; to be destroyed, perish",80,"destroy, waste, bane, sack",10,"wound, destroy, slay, kill",21,"wound, destroy, slay, cut",42,"wound, cut, tears, toil",80,"wound, cut, strip, blood"
ἄρρηκτος,10,lsj,"unbroken, not to be broken; invulnerable; unploughed; with unbroken courage",-1,(outlier),10,"wound, destroy, slay, kill",21,"wound, destroy, slay, cut",40,"vain, unceasing, unbroken, fruitless",77,"vain, unceasing, unbroken, unharmed"
εὐρύχορος,10,agwn,"broad in scope or content: ""across-the-board pay increases""; ""an all-embracing definition""; ""blanket sanctions against h",30,"pay, price, debt, obligation",11,"ask, inquire, pray, care",22,"ask, pray, inquire, care",44,"ask, inquire, pay, prize",87,"pay, debt, receive, price"
ἀμφινέμομαι,10,lsj,dwell round; encompasses,126,"dwell, inhabit, people, situated",3,"meet, bind, round, stretch",7,"round, stretch, straight, turn",8,"round, straight, stretch, turn",21,"round, turn, circle, rim"
τεσσαράκοντα,10,lsj,forty; the Forty; Forty,50,"years, tenth, period, ninth",1,"son, chariot, lord, old",1,"troy, athens, trojan, phthia",1,"troy, trojan, athens, thebes",2,"tenth, eleventh, number, seven"
γηράσκω,10,lsj,grow old; to be so; grew old; bring to old age,-1,(outlier),1,"son, chariot, lord, old",2,"old, mother, son, wife",2,"old, son, mother, wife",6,"old, age, youth, elders"
Ἑλλάς,10,lsj,Hellas; part of Phthiotis; Northern Greece; Greece,143,"troy, athens, trojan, greece",1,"son, chariot, lord, old",1,"troy, athens, trojan, phthia",1,"troy, trojan, athens, thebes",1,"troy, trojan, athens, thebes"
δυσηχής,10,lsj,ill-sounding; giving a dull sound; bringer of great woe; of ill-repute,-1,(outlier),6,"wind, water, pour, sea",13,"pour, wash, oil, breathe",22,"pour, breathe, flow, spread",45,"breathe, disperse, sprinkle, spread"
μενεπτόλεμος,10,lsj,"staunch in battle, steadfast",-1,(outlier),9,"desire, noble, strength, easy",20,"noble, strength, swift, little",38,"strength, force, high, courage",74,"high, courage, better, stout"
ποδήνεμος,10,lsj,wind-swift,18,"wind, cloud, mist, stormy",6,"wind, water, pour, sea",14,"wind, sea, stream, water",23,"wind, storm, breeze, wintry",46,"wind, storm, wintry, hurricane"
ἄκριτος,10,lsj,"undistinguishable, confused; common undistinguished; confused; continual, unceasing",129,"unresting, ungovernable, unseen, ceaseless",10,"wound, destroy, slay, kill",21,"wound, destroy, slay, cut",40,"vain, unceasing, unbroken, fruitless",77,"vain, unceasing, unbroken, unharmed"
καμπύλος,10,lsj,"bent, curved; of varied metre",106,"stretch, bend, curved, tight",3,"meet, bind, round, stretch",7,"round, stretch, straight, turn",8,"round, straight, stretch, turn",20,"bend, curved, twisted, stretch"
τέρην,10,lsj,"soft, delicate; tender; that causes tender feelings; tereno",78,"heart, affection, gentle, love",9,"desire, noble, strength, easy",19,"desire, wish, love, want",34,"love, heart, sweet, warm",67,"sweet, warm, glad, delight"
ὁμηλικία,10,lsj,sameness of age; those of the same age; of the same age with,69,"like, equal, age, resembling",1,"son, chariot, lord, old",2,"old, mother, son, wife",2,"old, son, mother, wife",6,"old, age, youth, elders"
διέρχομαι,10,lsj,"go through, pass through; pass through, complete; went abroad, spread; shoot through",122,"come, ibo, pass, approach",8,"flee, pass, away, drive",17,"pass, lead, come, throw",30,"pass, lead, come, throw",57,"drive, pass, rush, path"
ἐγκέφαλος,10,lsj,within the head; brain; the heart; cabbage,78,"heart, affection, gentle, love",9,"desire, noble, strength, easy",19,"desire, wish, love, want",34,"love, heart, sweet, warm",66,"heart, love, affection, desire"
εὔτυκτος,10,lsj,"well-made, well-wrought; ready for eating",73,"wrought, good dwell, poised, built",9,"desire, noble, strength, easy",20,"noble, strength, swift, little",37,"noble, wrought, glorious, splendid",72,"noble, wrought, glorious, splendid"
πολυδαίδαλος,10,lsj,"highly, richly wrought; working with great art; skill, very skilful",73,"wrought, good dwell, poised, built",9,"desire, noble, strength, easy",20,"noble, strength, swift, little",37,"noble, wrought, glorious, splendid",72,"noble, wrought, glorious, splendid"
ἀσκέω,10,lsj,"work; work curiously, form by art; smoothed; elaborately",-1,(outlier),9,"desire, noble, strength, easy",20,"noble, strength, swift, little",36,"swift, little, haste, eager",71,"little, softly, firm, small"
ἱμερόεις,10,lsj,"exciting desire, lovely, charming",13,"desire, want, wish, need",9,"desire, noble, strength, easy",19,"desire, wish, love, want",34,"love, heart, sweet, warm",66,"heart, love, affection, desire"
ἀπεχθάνομαι,10,lsj,"to be hated, incur hatred; to be or become hateful to; incur; hate",111,"hateful, hated, ruthless, terrible",10,"wound, destroy, slay, kill",21,"wound, destroy, slay, cut",41,"destiny, dishonour, wretched, hateful",79,"destiny, wretched, hateful, wrath"
αἰνέω,10,lsj,"tell, speak of; reports of; praise, approve; glorify",68,"herald, report, message, tidings",1,"son, chariot, lord, old",3,"divine, honour, zeus, wonder",3,"divine, honour, zeus, god",8,"honour, wonder, reverence, gift"
δάπεδον,10,lsj,"level surface; floor of a chamber; ground, soil; ground",116,"earth, ground, surface, deep",2,"chamber, sleep, sit, bed",6,"chamber, house, ground, inner",7,"chamber, house, ground, mountain",16,"ground, trench, earth, dug"
χανδάνω,10,lsj,"take in, hold, contain; could; contain; could hold",87,"seize, hold, receive, caught",8,"flee, pass, away, drive",18,"flee, fear, away, hold",31,"hold, leave, stay, retire",61,"hold, seize, stay, remain"
ἀνακλίνω,10,lsj,lean; upon; having laid; cause to recline,103,"raise, lean, inclining, make stand",3,"meet, bind, round, stretch",7,"round, stretch, straight, turn",8,"round, straight, stretch, turn",22,"draw, raise, drag, stand"
ἐλέφας,10,lsj,"elephant; elephantʼs tusk, ivory; precious stone; cup",-1,(outlier),4,"spear, bronze, eat, silver",10,"eat, tree, heracles, meal",17,"tree, barley, garden, wood",36,"tree, wood, barley, garden"
νεβρός,10,lsj,"young of the deer, fawn; fawn",134,"goose, wild, fawn, mule",4,"spear, bronze, eat, silver",10,"eat, tree, heracles, meal",15,"heracles, bird, fish, fly",34,"heracles, bird, fish, fly"
ἀρέσκω,10,lsj,"make good, make amends; make full; appease, conciliate; sated their",75,"persuade, assent, refuse, appease",11,"ask, inquire, pray, care",22,"ask, pray, inquire, care",45,"pray, oath, herald, command",88,"pray, oath, herald, command"
κολλητός,10,lsj,"glued together, closely joined; with figures welded",56,"gather, assemble, collect, lists",3,"meet, bind, round, stretch",8,"meet, bind, ready, gather",9,"bind, ready, fast, make",23,"ready, bind, fast, make"
ὁμός,10,lsj,"one and the same, common, joint; one; unite; samá",69,"like, equal, age, resembling",3,"meet, bind, round, stretch",8,"meet, bind, ready, gather",10,"meet, gather, pick, assembly",24,"mix, equal, alike, separate"
κασιγνήτη,10,lsj,sister,124,"brother, sister, law, cousin",1,"son, chariot, lord, old",2,"old, mother, son, wife",2,"old, son, mother, wife",4,"wife, sister, brother, marry"
ῥινός,10,lsj,skin; hide; ox-hide; oxhide shield,115,"hide, cover, shield, conceal",1,"son, chariot, lord, old",4,"chariot, lord, guest, master",5,"chariot, lord, shield, master",13,"shield, ranks, warrior, men"
ἰαχή,10,lsj,"cry, shout; wail, shriek; a joyous sound; shouts of joy",64,"sound, roar, shriek, clash",12,"shout, speak, rouse, speech",24,"shout, lament, wail, loud",49,"shout, lament, wail, loud",98,"shout, lament, wail, shriek"
λύκος,10,lsj,wolf; grisly; jackals; a wolf,135,"herd, serpent, boar, wolf",4,"spear, bronze, eat, silver",10,"eat, tree, heracles, meal",15,"heracles, bird, fish, fly",34,"heracles, bird, fish, fly"
ἀραβέω,10,lsj,"rattle, ring; gnash; gnash, grind",-1,(outlier),4,"spear, bronze, eat, silver",9,"spear, bronze, breast, arrow",14,"bronze, silver, hollow, gold",33,"lycia, stone, grind, goblet"
ἀκάματος,10,lsj,"without sense of toil; untiring, unresting; that never rests; inexhaustible",129,"unresting, ungovernable, unseen, ceaseless",10,"wound, destroy, slay, kill",21,"wound, destroy, slay, cut",40,"vain, unceasing, unbroken, fruitless",77,"vain, unceasing, unbroken, unharmed"
θέσφατος,10,lsj,"spoken by God, decreed; ordained; divine decrees, oracles; wonderful, mighty",-1,(outlier),1,"son, chariot, lord, old",3,"divine, honour, zeus, wonder",3,"divine, honour, zeus, god",7,"divine, zeus, god, holy"
ἀχλύς,10,lsj,mist; a mist over the eyes; Sorrow,18,"wind, cloud, mist, stormy",6,"wind, water, pour, sea",13,"pour, wash, oil, breathe",22,"pour, breathe, flow, spread",45,"breathe, disperse, sprinkle, spread"
ἐλύω,10,lsj,"roll round; rolled; rolled up, crouching; coiled",106,"stretch, bend, curved, tight",3,"meet, bind, round, stretch",7,"round, stretch, straight, turn",8,"round, straight, stretch, turn",20,"bend, curved, twisted, stretch"
εἰλύω,10,lsj,"enfold, enwrap; to be wrapped, covered; crawl, wriggle along; rolled up, crouching",10,"double, fold, handled, wrapped covered",3,"meet, bind, round, stretch",7,"round, stretch, straight, turn",8,"round, straight, stretch, turn",20,"bend, curved, twisted, stretch"
φείδομαι,10,lsj,"spare; not destroy; spare, be merciful; use sparingly",80,"destroy, waste, bane, sack",10,"wound, destroy, slay, kill",21,"wound, destroy, slay, cut",40,"vain, unceasing, unbroken, fruitless",77,"vain, unceasing, unbroken, unharmed"
ἔθω,10,lsj,"to be accustomed, to be wont; after his wont",13,"desire, want, wish, need",11,"ask, inquire, pray, care",22,"ask, pray, inquire, care",46,"rejoice, care, heed, counsel",89,"care, rejoice, heed, attempt"
ῥέα,10,lsj,"easily, lightly",-1,(outlier),9,"desire, noble, strength, easy",20,"noble, strength, swift, little",36,"swift, little, haste, eager",71,"little, softly, firm, small"
καταθνητός,10,lsj,mortal,100,"divine, mortal, god, zeus",5,"day, funeral, black, cloud",12,"funeral, long, day, time",20,"funeral, dead, snow, kindle",40,"funeral, dead, mortal, alive"
τηλοῦ,10,lsj,"afar, far away, in a far country; in a far-away corner; long ago, of old; olden times",45,"far, away, apart, aloof",7,"come, return, near, arrive",15,"near, nigh, far, hand",26,"near, far, nigh, hand",50,"far, away, distance, distant"
ὁδός,10,lsj,"way, road; course, channel; to truth; further on the way, forwards",-1,(outlier),8,"flee, pass, away, drive",17,"pass, lead, come, throw",30,"pass, lead, come, throw",57,"drive, pass, rush, path"
ἀρκέω,10,lsj,"ward off, keep off; would; keep off; defend",-1,(outlier),8,"flee, pass, away, drive",18,"flee, fear, away, hold",31,"hold, leave, stay, retire",62,"leave, retire, away, ward"
σήμερον,10,lsj,to-day; kyo; ci-tra,-1,(outlier),1,"son, chariot, lord, old",1,"troy, athens, trojan, phthia",1,"troy, trojan, athens, thebes",3,"phthia, lesbos, hang, club"
καταπαύω,10,lsj,"put an end to, stop; bring to a close; conclude; and proceed",85,"stay, remain, restrain, stop",8,"flee, pass, away, drive",17,"pass, lead, come, throw",30,"pass, lead, come, throw",60,"lead, end, shut, fulfil"
πρόσωπον,10,lsj,"face, countenance; in front, facing; facing, fronting; in person",39,"face, opposite, straight, right",4,"spear, bronze, eat, silver",9,"spear, bronze, breast, arrow",13,"helmet, hair, head, cloth",30,"hair, helmet, head, face"
ἔκτοσθε,10,lsj,outside; out of the number of; delirious,-1,(outlier),7,"come, return, near, arrive",16,"come, return, hither, arrive",29,"come, arrive, home, house",55,"home, house, inside, come forth"
ἕωθεν,10,lsj,from morn; at earliest dawn; early,8,"day, light, morning, early",5,"day, funeral, black, cloud",12,"funeral, long, day, time",19,"long, day, time, morning",39,"day, morning, dawn, early"
ὑποτίθημι,10,lsj,place under; puts; under; putting,93,"set, beneath, lowest, high",7,"come, return, near, arrive",15,"near, nigh, far, hand",25,"beneath, lowest, hindmost, atop",49,"beneath, lowest, high, aloft"
ἀμήχανος,10,lsj,"without means; resources, helpless; incapable, awkward; awkward at",128,"vain, fruitless, useless, idle",10,"wound, destroy, slay, kill",21,"wound, destroy, slay, cut",40,"vain, unceasing, unbroken, fruitless",77,"vain, unceasing, unbroken, unharmed"
πήληξ,10,lsj,helmet; crest,119,"helmet, head, peak, brim",4,"spear, bronze, eat, silver",9,"spear, bronze, breast, arrow",13,"helmet, hair, head, cloth",30,"hair, helmet, head, face"
τολμάω,10,lsj,"Bodl. Quarterly Record; undertake, take heart; to do; bear",46,"ti, quarterly, shear lay, bit",11,"ask, inquire, pray, care",22,"ask, pray, inquire, care",44,"ask, inquire, pay, prize",87,"pay, debt, receive, price"
καταδέω,10,lsj,"bind on; to, bind fast; bind to oneself; tie up for oneself",48,"bind, fast, tie, fix",3,"meet, bind, round, stretch",8,"meet, bind, ready, gather",9,"bind, ready, fast, make",23,"ready, bind, fast, make"
αὔριον,10,lsj,to-morrow; tomorrow; on the morrow; till morning,8,"day, light, morning, early",5,"day, funeral, black, cloud",12,"funeral, long, day, time",19,"long, day, time, morning",39,"day, morning, dawn, early"
ἀλοιφή,10,lsj,"anything with which one can smear; anoint; hogʼs-lard, grease; unguent",25,"wash, oil, dry, salt",6,"wind, water, pour, sea",13,"pour, wash, oil, breathe",22,"pour, breathe, flow, spread",45,"breathe, disperse, sprinkle, spread"
ἐρυθρός,10,lsj,"red; red pimples, eruption; yolk; Red Sea",25,"wash, oil, dry, salt",6,"wind, water, pour, sea",13,"pour, wash, oil, breathe",21,"wash, oil, salt, raw",43,"wash, oil, salt, raw"
ἐχθαίρω,10,lsj,"hate, detest; bear; hatred; to be hateful",111,"hateful, hated, ruthless, terrible",10,"wound, destroy, slay, kill",21,"wound, destroy, slay, cut",41,"destiny, dishonour, wretched, hateful",79,"destiny, wretched, hateful, wrath"
ἀπαγγέλλω,10,lsj,"bring tidings, report; bring back tidings, report in answer; he was reported; was reported",68,"herald, report, message, tidings",11,"ask, inquire, pray, care",22,"ask, pray, inquire, care",45,"pray, oath, herald, command",88,"pray, oath, herald, command"
ἐξερεείνω,10,lsj,inquire into; inquire after; inquire of; make inquiry,9,"ask, inquire, beggar, question",11,"ask, inquire, pray, care",22,"ask, pray, inquire, care",44,"ask, inquire, pay, prize",86,"ask, inquire, beg, inquiry"
λαιψηρός,10,lsj,"light, nimble, swift; light-footed, swift; swiftly",2,"swift, quick, hasty, light",9,"desire, noble, strength, easy",20,"noble, strength, swift, little",36,"swift, little, haste, eager",70,"swift, haste, eager, quick"
εἰσβαίνω,10,lsj,go on board; embark; enter; come into,95,"enter, come, inspire, city",8,"flee, pass, away, drive",17,"pass, lead, come, throw",30,"pass, lead, come, throw",57,"drive, pass, rush, path"
ἀλείφω,10,lsj,anoint the skin with oil; anointing for gymnastic exercises; anointing; supply oil,25,"wash, oil, dry, salt",6,"wind, water, pour, sea",13,"pour, wash, oil, breathe",21,"wash, oil, salt, raw",43,"wash, oil, salt, raw"
κασσίτερος,10,lsj,tin; plates of tin; kassi-tira; kastīram,0,"bronze, silver, copper, metal",4,"spear, bronze, eat, silver",9,"spear, bronze, breast, arrow",14,"bronze, silver, hollow, gold",33,"lycia, stone, grind, goblet"
πτερόν,10,lsj,feathers; feather; quill; plumage,-1,(outlier),4,"spear, bronze, eat, silver",10,"eat, tree, heracles, meal",15,"heracles, bird, fish, fly",34,"heracles, bird, fish, fly"
ποτής,10,lsj,drink,28,"wine, drink, mix, lesbos",6,"wind, water, pour, sea",14,"wind, sea, stream, water",24,"sea, stream, wine, water",48,"stream, wine, water, drink"
χεῖλος,10,lsj,lip; with the lips only; the lips; on the surface only,-1,(outlier),4,"spear, bronze, eat, silver",9,"spear, bronze, breast, arrow",14,"bronze, silver, hollow, gold",33,"lycia, stone, grind, goblet"
ἔπαλξις,10,lsj,"means of defence; battlements; line of battlements, parapet; crenellations",-1,(outlier),1,"son, chariot, lord, old",4,"chariot, lord, guest, master",5,"chariot, lord, shield, master",13,"shield, ranks, warrior, men"
καθαίρω,10,lsj,"cleanse; clear; purify, refine; purge, clear",25,"wash, oil, dry, salt",6,"wind, water, pour, sea",13,"pour, wash, oil, breathe",21,"wash, oil, salt, raw",43,"wash, oil, salt, raw"
ἀρνέομαι,10,lsj,"deny, disown; negative; refuse; decline, renounce",75,"persuade, assent, refuse, appease",11,"ask, inquire, pray, care",22,"ask, pray, inquire, care",45,"pray, oath, herald, command",88,"pray, oath, herald, command"
φιλοπόλεμος,10,lsj,"fond of war, warlike",27,"battle, quarrel, fight, strife",9,"desire, noble, strength, easy",20,"noble, strength, swift, little",35,"like, resembling, mighty, sort",68,"like, resembling, opportune, fond war"
οὖλος2,10,lsj (homograph 2),"woolly, of thick, fleecy wool; crisp, close-curling; crisp, woolly; twisted, twined, curly, crinkled",21,"golden, robe, flowers, soft",9,"desire, noble, strength, easy",20,"noble, strength, swift, little",36,"swift, little, haste, eager",71,"little, softly, firm, small"
ὄλβος,10,lsj,"happiness, bliss; worldly happiness, weal; algà; olgṷā",-1,(outlier),1,"son, chariot, lord, old",1,"troy, athens, trojan, phthia",1,"troy, trojan, athens, thebes",3,"phthia, lesbos, hang, club"
ὑπέρβιος,10,lsj,"of overwhelming strength; might; overweening, lawless, wanton",89,"strength, force, better, mighty",9,"desire, noble, strength, easy",20,"noble, strength, swift, little",38,"strength, force, high, courage",73,"strength, force, heavy, feeble"
πολύφρων,10,lsj,"ingenious, inventive; embodying much thought",16,"counsel, craft, wise, plan",3,"meet, bind, round, stretch",8,"meet, bind, ready, gather",9,"bind, ready, fast, make",23,"ready, bind, fast, make"
δίχα,10,lsj,"in two, asunder; divided; divided against itself; apart, aloof",70,"apart, separate, divide, choose",11,"ask, inquire, pray, care",22,"ask, pray, inquire, care",46,"rejoice, care, heed, counsel",89,"care, rejoice, heed, attempt"
λοχάω,10,lsj,"lie in wait for, waylay; lie in wait, ambush; in ambush; occupy with an ambuscade",117,"leap, rush, run, chase",8,"flee, pass, away, drive",17,"pass, lead, come, throw",30,"pass, lead, come, throw",57,"drive, pass, rush, path"
ἐρίδουπος,10,lsj,resounding,64,"sound, roar, shriek, clash",12,"shout, speak, rouse, speech",24,"shout, lament, wail, loud",49,"shout, lament, wail, loud",97,"loud, laugh, crash, sound"
εἰσαφικνέομαι,10,lsj,"come into; to, arrive at; go into; arrive",123,"arrive, reach, come, attain",7,"come, return, near, arrive",16,"come, return, hither, arrive",29,"come, arrive, home, house",56,"come, arrive, reach, born"
λέκτρον,10,lsj,"couch, bed; to bed; marriage-bed; the fruit of marriage, a child",110,"wife, marry, marriage, wedded",2,"chamber, sleep, sit, bed",5,"sleep, sit, seat, bed",6,"sleep, sit, seat, bed",15,"sleep, bed, lie, lay"
κοῖτος,10,lsj,"resting-place, bed; stall, fold; pen; sleep",92,"sleep, lie, lay, bed",2,"chamber, sleep, sit, bed",5,"sleep, sit, seat, bed",6,"sleep, sit, seat, bed",15,"sleep, bed, lie, lay"
Αἴγυπτος,10,lsj,the river Nile; King Aegyptus; Egypt; to Egypt,-1,(outlier),1,"son, chariot, lord, old",1,"troy, athens, trojan, phthia",1,"troy, trojan, athens, thebes",1,"troy, trojan, athens, thebes"
δέσποινα,10,lsj,"mistress, lady of the house; mistress; princess, queen; Empress",101,"lord, queen, master, ruler",1,"son, chariot, lord, old",4,"chariot, lord, guest, master",4,"guest, slave, serve, banquet",10,"slave, mistress, care, queen"
αἰτίζω,10,lsj,"ask, beg; ask; beg of; beg",9,"ask, inquire, beggar, question",11,"ask, inquire, pray, care",22,"ask, pray, inquire, care",44,"ask, inquire, pay, prize",86,"ask, inquire, beg, inquiry"
ἑκηβόλος,9,lsj,attaining his aim; far-shooting,-1,(outlier),12,"shout, speak, rouse, speech",23,"rouse, stir, anger, fight",48,"rouse, stir, dance, song",95,"spring, dart, rush, leap"
ἱερεύς,9,lsj,"priest, sacrificer, diviner; pontifex; pont. maximus; a minister",101,"lord, queen, master, ruler",1,"son, chariot, lord, old",3,"divine, honour, zeus, wonder",3,"divine, honour, zeus, god",8,"honour, wonder, reverence, gift"
ἐρεθίζω,9,lsj,"rouse to anger, rouse to fight; challenge to; provoke to curiosity; excite, chafe",94,"stir, rouse, urge, excite",12,"shout, speak, rouse, speech",23,"rouse, stir, anger, fight",48,"rouse, stir, dance, song",96,"rouse, stir, shake, tremble"
ἀναφαίνω,9,lsj,"cause to give light, make to blaze up; bring to light, produce; show forth, make known, display; send forth a loud",20,"appear, bring light, seen, forth",11,"ask, inquire, pray, care",22,"ask, pray, inquire, care",43,"know, appear, perceive, look",82,"know, appear, perceive, bring light"
ὄσσομαι,9,lsj,"oqṷ-yo; see, look; Fr.anon; see in spirit",22,"look, gaze, behold, observe",11,"ask, inquire, pray, care",22,"ask, pray, inquire, care",46,"rejoice, care, heed, counsel",89,"care, rejoice, heed, attempt"
ἐπιέννυμι,9,lsj,put on besides; over; threw; clad in,91,"throw, send, fall, forth",3,"meet, bind, round, stretch",8,"meet, bind, ready, gather",9,"bind, ready, fast, make",23,"ready, bind, fast, make"
ἀντίβιος,9,lsj,opposing force to force; wrangling; hostile; enemy,-1,(outlier),12,"shout, speak, rouse, speech",23,"rouse, stir, anger, fight",47,"fight, quarrel, anger, battle",93,"fight, battle, quarrel, anger"
ἐπιπλέω,9,lsj,"sail upon; over; sail against, attack by sea; sail on",131,"sail, ship, sea, float",6,"wind, water, pour, sea",14,"wind, sea, stream, water",24,"sea, stream, wine, water",47,"sea, sail, strait, ship"
ἤ2,9,lsj (homograph 2),"when, after; after; from the time of",66,"time, long, partly, old",5,"day, funeral, black, cloud",12,"funeral, long, day, time",19,"long, day, time, morning",39,"day, morning, dawn, early"
σπλάγχνον,9,lsj,inward parts; sacrificial feast; any part of the inwards; womb,139,"breast, hollow, lap, guts",1,"son, chariot, lord, old",2,"old, mother, son, wife",2,"old, son, mother, wife",5,"son, child, mother, father"
μολπή,9,lsj,dance; rhythmic movement with song; song; the note,53,"song, dance, sing, play",12,"shout, speak, rouse, speech",23,"rouse, stir, anger, fight",48,"rouse, stir, dance, song",94,"song, dance, choir, music"
ὑψοῦ,9,lsj,high; out; to a great height; highly,5,"high, lofty, height, feet",9,"desire, noble, strength, easy",20,"noble, strength, swift, little",38,"strength, force, high, courage",74,"high, courage, better, stout"
κυδιάνειρα,9,lsj,"bringing men glory; renown; glorified by men, famous for men",26,"honour, wonder, reverence, glory",1,"son, chariot, lord, old",4,"chariot, lord, guest, master",5,"chariot, lord, shield, master",13,"shield, ranks, warrior, men"
ἧχι,9,lsj,where,59,"hither, wherefore, place, way",7,"come, return, near, arrive",16,"come, return, hither, arrive",28,"hither, wherefore, way, just",54,"hither, wherefore, way, just"
ἄφθιτος,9,lsj,"not liable to perish, undecaying, imperishable; immortal; unceasing; unchanging, unchangeable",129,"unresting, ungovernable, unseen, ceaseless",10,"wound, destroy, slay, kill",21,"wound, destroy, slay, cut",40,"vain, unceasing, unbroken, fruitless",77,"vain, unceasing, unbroken, unharmed"
προσβαίνω,9,lsj,"put oneʼs foot against; approach; mount, ascend; climb up",-1,(outlier),3,"meet, bind, round, stretch",7,"round, stretch, straight, turn",8,"round, straight, stretch, turn",22,"draw, raise, drag, stand"
στιχάομαι,9,lsj,march in rows; ranks; marching; stand in rows,51,"oar, ranks, rows, handle",1,"son, chariot, lord, old",4,"chariot, lord, guest, master",5,"chariot, lord, shield, master",13,"shield, ranks, warrior, men"
μάψ,9,lsj,"in vain, without result; without aim or object; vainly, falsely; thoughtlessly, recklessly",128,"vain, fruitless, useless, idle",10,"wound, destroy, slay, kill",21,"wound, destroy, slay, cut",40,"vain, unceasing, unbroken, fruitless",77,"vain, unceasing, unbroken, unharmed"
ἐφευρίσκω,9,lsj,"find; discover, find anywhere; discovered; discover besides",17,"know, perceive, discover, recognize",11,"ask, inquire, pray, care",22,"ask, pray, inquire, care",43,"know, appear, perceive, look",82,"know, appear, perceive, bring light"
ἀτρέμας,9,lsj,"without trembling, without motion; still!; quiet; gently, softly",24,"silence, shake, tremble, softly",9,"desire, noble, strength, easy",20,"noble, strength, swift, little",36,"swift, little, haste, eager",71,"little, softly, firm, small"
πληγή,9,lsj,"blow, stroke; blow; stroke by lightning; strokes",18,"wind, cloud, mist, stormy",6,"wind, water, pour, sea",14,"wind, sea, stream, water",23,"wind, storm, breeze, wintry",46,"wind, storm, wintry, hurricane"
ἐπιφράζω,9,lsj,"say besides; think of; take into oneʼs head to; devise, contrive",16,"counsel, craft, wise, plan",11,"ask, inquire, pray, care",22,"ask, pray, inquire, care",46,"rejoice, care, heed, counsel",92,"dwell, set, situated, devise"
νεμεσίζομαι,9,lsj,feel righteous indignation; to be angry; amazed; stand in awe of,35,"fear, alarm, amazed, stand awe",11,"ask, inquire, pray, care",22,"ask, pray, inquire, care",46,"rejoice, care, heed, counsel",89,"care, rejoice, heed, attempt"
δράκων,9,lsj,"dragon, serpent; water-snake; Draco; the great weever",135,"herd, serpent, boar, wolf",4,"spear, bronze, eat, silver",10,"eat, tree, heracles, meal",15,"heracles, bird, fish, fly",34,"heracles, bird, fish, fly"
συνάγω,9,lsj,"bring together, gather together; crowd; bring together; hold a club dinner",56,"gather, assemble, collect, lists",1,"son, chariot, lord, old",4,"chariot, lord, guest, master",4,"guest, slave, serve, banquet",9,"guest, banquet, dinner, meal"
σκόπελος,9,lsj,"lookoutplace; peak, headland, promontory; watch-tower",-1,(outlier),2,"chamber, sleep, sit, bed",6,"chamber, house, ground, inner",7,"chamber, house, ground, mountain",17,"peak, mountain, hill, headland"
ὀδάξ,9,lsj,by biting with the teeth; biting the lips; tooth; bite,-1,(outlier),4,"spear, bronze, eat, silver",9,"spear, bronze, breast, arrow",14,"bronze, silver, hollow, gold",33,"lycia, stone, grind, goblet"
ἀγήραος,9,lsj,"ageless, undecaying",129,"unresting, ungovernable, unseen, ceaseless",10,"wound, destroy, slay, kill",21,"wound, destroy, slay, cut",40,"vain, unceasing, unbroken, fruitless",77,"vain, unceasing, unbroken, unharmed"
ἑκατόν,9,lsj,a hundred; very many; sém kṃtóm; centum,-1,(outlier),1,"son, chariot, lord, old",1,"troy, athens, trojan, phthia",1,"troy, trojan, athens, thebes",3,"phthia, lesbos, hang, club"
χήν,9,lsj,"wild goose, Anser cinereus; tame goose; haṃsás; gans",134,"goose, wild, fawn, mule",4,"spear, bronze, eat, silver",10,"eat, tree, heracles, meal",15,"heracles, bird, fish, fly",34,"heracles, bird, fish, fly"
πλατύς,9,lsj,"wide, broad; broad; large; spread over a wide space",-1,(outlier),3,"meet, bind, round, stretch",7,"round, stretch, straight, turn",8,"round, straight, stretch, turn",20,"bend, curved, twisted, stretch"
ἄλσος,9,lsj,grove; sacred grove; any hallowed precinct; plain,136,"precinct, bed, grove, sacred",2,"chamber, sleep, sit, bed",6,"chamber, house, ground, inner",7,"chamber, house, ground, mountain",17,"peak, mountain, hill, headland"
προγενής,9,lsj,"born before, primeval; earlier in birth; older; those who have gone before us, our predecessors",105,"born, beget, bring forth, engender",1,"son, chariot, lord, old",2,"old, mother, son, wife",2,"old, son, mother, wife",5,"son, child, mother, father"
Ἐνυάλιος,9,lsj,the Warlike; temple of; battle; battle-cry,27,"battle, quarrel, fight, strife",12,"shout, speak, rouse, speech",23,"rouse, stir, anger, fight",47,"fight, quarrel, anger, battle",93,"fight, battle, quarrel, anger"
λάινος,9,lsj (relaxed match),of stone; marble; stony-hearted,132,"stone, hewn, block, boulder shape",4,"spear, bronze, eat, silver",9,"spear, bronze, breast, arrow",14,"bronze, silver, hollow, gold",33,"lycia, stone, grind, goblet"
τέχνη,9,lsj,"art, skill, cunning of hand; craft, cunning; arts, wiles; arts",-1,(outlier),9,"desire, noble, strength, easy",20,"noble, strength, swift, little",37,"noble, wrought, glorious, splendid",72,"noble, wrought, glorious, splendid"
ἦκα,9,lsj,"slightly, a little; a little; softly, gently; softly, low",-1,(outlier),9,"desire, noble, strength, easy",20,"noble, strength, swift, little",36,"swift, little, haste, eager",71,"little, softly, firm, small"
νέμεσις,9,lsj,distribution of what is due; retribution; righteous anger; cause for anger,98,"anger, wrath, angry, rage",12,"shout, speak, rouse, speech",23,"rouse, stir, anger, fight",47,"fight, quarrel, anger, battle",93,"fight, battle, quarrel, anger"
ἐκχέω,9,lsj,"pour out; is spilt, Ev. Matt; poured forth his; pour away",29,"pour, filled, spread, fish",6,"wind, water, pour, sea",13,"pour, wash, oil, breathe",22,"pour, breathe, flow, spread",44,"pour, flow, filled, shed"
ἐτώσιος,9,lsj,"to no purpose, fruitless; fruitless; useless, unprofitable; undone",128,"vain, fruitless, useless, idle",10,"wound, destroy, slay, kill",21,"wound, destroy, slay, cut",40,"vain, unceasing, unbroken, fruitless",77,"vain, unceasing, unbroken, unharmed"
ἱπποδάσεια,9,lsj,bushy with horsehair,120,"hair, mane, neck, bushy",4,"spear, bronze, eat, silver",9,"spear, bronze, breast, arrow",13,"helmet, hair, head, cloth",30,"hair, helmet, head, face"
ἑανός,9,lsj,fine; beaten out fine; fine robe; sail,21,"golden, robe, flowers, soft",4,"spear, bronze, eat, silver",9,"spear, bronze, breast, arrow",13,"helmet, hair, head, cloth",29,"cloth, garment, skin, cloak"
μαρμαίρω,9,lsj,"flash, sparkle, gleam; darting, quivering; sparkling",7,"bright, light, kindle, star",5,"day, funeral, black, cloud",11,"black, dark, bright, shine",18,"black, dark, bright, shine",37,"black, dark, bright, light"
ὑψόροφος,9,lsj,"high-roofed, high-ceiled",-1,(outlier),2,"chamber, sleep, sit, bed",6,"chamber, house, ground, inner",7,"chamber, house, ground, mountain",18,"house, chamber, wall, court"
φθονέω,9,lsj,"bear ill-will; malice, grudge, be envious; jealous; envy",-1,(outlier),10,"wound, destroy, slay, kill",21,"wound, destroy, slay, cut",41,"destiny, dishonour, wretched, hateful",79,"destiny, wretched, hateful, wrath"
πάμπρωτος,9,lsj,"the very first, first of all",-1,(outlier),11,"ask, inquire, pray, care",22,"ask, pray, inquire, care",44,"ask, inquire, pay, prize",85,"prize, gain, win, contest"
ἐκβαίνω,9,lsj,"step out of; off from; disembark, dismount; debouch from",-1,(outlier),8,"flee, pass, away, drive",18,"flee, fear, away, hold",31,"hold, leave, stay, retire",62,"leave, retire, away, ward"
κορώνη,9,lsj,"shearwater, Puffinus Kuhlii; P. anglorum; crow; hooded crow, Corvus cornix",134,"goose, wild, fawn, mule",4,"spear, bronze, eat, silver",10,"eat, tree, heracles, meal",15,"heracles, bird, fish, fly",34,"heracles, bird, fish, fly"
πάσσω,9,lsj,sprinkle; laying; upon; sprinkle some,92,"sleep, lie, lay, bed",6,"wind, water, pour, sea",13,"pour, wash, oil, breathe",22,"pour, breathe, flow, spread",45,"breathe, disperse, sprinkle, spread"
κεράννυμι,9,lsj,"mix, mingle; let us mix a cup of wine; give to drink; mix their",28,"wine, drink, mix, lesbos",3,"meet, bind, round, stretch",8,"meet, bind, ready, gather",10,"meet, gather, pick, assembly",24,"mix, equal, alike, separate"
τέτμον,9,lsj,"overtake, reach, find; partake of, have allotted one",122,"come, ibo, pass, approach",8,"flee, pass, away, drive",17,"pass, lead, come, throw",30,"pass, lead, come, throw",57,"drive, pass, rush, path"
πτώσσω,9,lsj,"shrink from, shrink; flee; skulk, slink; flee cowering",47,"break, shiver, broken, shrink",4,"spear, bronze, eat, silver",9,"spear, bronze, breast, arrow",13,"helmet, hair, head, cloth",29,"cloth, garment, skin, cloak"
ἀνέρχομαι,9,lsj,go up; mount the tribune; go up from; come up from,-1,(outlier),3,"meet, bind, round, stretch",7,"round, stretch, straight, turn",8,"round, straight, stretch, turn",22,"draw, raise, drag, stand"
ἄκρα,9,lsj,"highest; farthest point; headland, cape; hill-top, height",-1,(outlier),2,"chamber, sleep, sit, bed",6,"chamber, house, ground, inner",7,"chamber, house, ground, mountain",17,"peak, mountain, hill, headland"
ἄμοτον,9,lsj,"insatiably, incessantly; insatiate; continually; implacably",-1,(outlier),11,"ask, inquire, pray, care",22,"ask, pray, inquire, care",46,"rejoice, care, heed, counsel",90,"trusty, cheat, truth, trusted"
σύνειμι2,9,lsj (homograph 2),"ibo; come together, assemble; meet in battle; engage in war",122,"come, ibo, pass, approach",8,"flee, pass, away, drive",17,"pass, lead, come, throw",30,"pass, lead, come, throw",58,"ibo, sink, fall, come"
ὁρμή,9,lsj,"rapid motion forwards, onrush, onset, assault; attack, invasion; impulse; rage",117,"leap, rush, run, chase",12,"shout, speak, rouse, speech",23,"rouse, stir, anger, fight",48,"rouse, stir, dance, song",95,"spring, dart, rush, leap"
ἐκφαίνω,9,lsj,"bring to light, reveal; produce; showed himself, came forth to view; came up from out",20,"appear, bring light, seen, forth",11,"ask, inquire, pray, care",22,"ask, pray, inquire, care",43,"know, appear, perceive, look",82,"know, appear, perceive, bring light"
ἠίθεος,9,lsj,unmarried youth; unmated; ghosts of those who die unmarried,3,"funeral, dead, rites, burial",1,"son, chariot, lord, old",2,"old, mother, son, wife",2,"old, son, mother, wife",4,"wife, sister, brother, marry"
τένων,9,lsj,"sinew, tendon; foot; ridge",138,"shoulder, thigh, limb, ankle",6,"wind, water, pour, sea",13,"pour, wash, oil, breathe",21,"wash, oil, salt, raw",43,"wash, oil, salt, raw"
δαίω2,9,lsj (homograph 2),"divide; is torn, distracted; distribute; feast",70,"apart, separate, divide, choose",3,"meet, bind, round, stretch",8,"meet, bind, ready, gather",10,"meet, gather, pick, assembly",24,"mix, equal, alike, separate"
ψυχρός,9,lsj,"cold; in the cold; ineffectual, vain; a cold business",-1,(outlier),6,"wind, water, pour, sea",13,"pour, wash, oil, breathe",22,"pour, breathe, flow, spread",45,"breathe, disperse, sprinkle, spread"
πλήθω,9,lsj,to be full; having; full of; swollen with,29,"pour, filled, spread, fish",6,"wind, water, pour, sea",13,"pour, wash, oil, breathe",22,"pour, breathe, flow, spread",44,"pour, flow, filled, shed"
ἰσχανάω,9,lsj,"hold back, stay; hold back, wait; to be stayed; cling to",85,"stay, remain, restrain, stop",8,"flee, pass, away, drive",18,"flee, fear, away, hold",31,"hold, leave, stay, retire",61,"hold, seize, stay, remain"
εἶθαρ,9,lsj,"at once, forthwith",67,"forthwith, soon, longer, second",7,"come, return, near, arrive",16,"come, return, hither, arrive",27,"return, time, fifth, backwards",53,"time, fifth, forthwith, fourth"
μαψίδιος,9,lsj,"vain, false; useless, worthless; thoughtlessly, at random; without reason",128,"vain, fruitless, useless, idle",10,"wound, destroy, slay, kill",21,"wound, destroy, slay, cut",40,"vain, unceasing, unbroken, fruitless",77,"vain, unceasing, unbroken, unharmed"
ἀκέομαι,9,lsj,"heal, cure; stanch, quench; mend, repair; mending",-1,(outlier),11,"ask, inquire, pray, care",22,"ask, pray, inquire, care",46,"rejoice, care, heed, counsel",89,"care, rejoice, heed, attempt"
ἐπιδευής,9,lsj,"in need; want of, lacking; lacking; in want",13,"desire, want, wish, need",9,"desire, noble, strength, easy",19,"desire, wish, love, want",33,"wish, need, want, desire",65,"wish, need, want, desire"
ἕλωρ,9,lsj,"spoil, prey; penalty for the slaughter",74,"slay, slaughter, kill, sacrifice",4,"spear, bronze, eat, silver",10,"eat, tree, heracles, meal",15,"heracles, bird, fish, fly",34,"heracles, bird, fish, fly"
ὑπομένω,9,lsj,"stay behind; remain alive; to be left behind, remain; to be permanent",85,"stay, remain, restrain, stop",7,"come, return, near, arrive",15,"near, nigh, far, hand",25,"beneath, lowest, hindmost, atop",49,"beneath, lowest, high, aloft"
τρέχω,9,lsj,run; run and; move quickly; trippingly,117,"leap, rush, run, chase",8,"flee, pass, away, drive",17,"pass, lead, come, throw",30,"pass, lead, come, throw",57,"drive, pass, rush, path"
χαλκοκορυστής,9,lsj,"bronze-armed, equipped with bronze",0,"bronze, silver, copper, metal",4,"spear, bronze, eat, silver",9,"spear, bronze, breast, arrow",14,"bronze, silver, hollow, gold",31,"bronze, silver, gold, copper"
κύκλος,9,lsj,"ring, circle; circle; circles; in a circle",107,"round, turn, circle, wheel",3,"meet, bind, round, stretch",7,"round, stretch, straight, turn",8,"round, straight, stretch, turn",21,"round, turn, circle, rim"
Θῆβαι,9,lsj,Thebes; to Thebes; at Thebes; from Thebes,143,"troy, athens, trojan, greece",1,"son, chariot, lord, old",1,"troy, athens, trojan, phthia",1,"troy, trojan, athens, thebes",1,"troy, trojan, athens, thebes"
βραχεῖν,9,lsj,"rattle, clash, ring; roar; creak; shriek",64,"sound, roar, shriek, clash",12,"shout, speak, rouse, speech",24,"shout, lament, wail, loud",49,"shout, lament, wail, loud",97,"loud, laugh, crash, sound"
ὀδύσσομαι,9,lsj,"to be wroth against, hate; hated",111,"hateful, hated, ruthless, terrible",10,"wound, destroy, slay, kill",21,"wound, destroy, slay, cut",41,"destiny, dishonour, wretched, hateful",79,"destiny, wretched, hateful, wrath"
τηλεθάω,9,lsj,"luxuriant, flourishing; blooming; luxuriant; blooming with",-1,(outlier),4,"spear, bronze, eat, silver",10,"eat, tree, heracles, meal",17,"tree, barley, garden, wood",36,"tree, wood, barley, garden"
ξεινήιον,9,lsj (relaxed match),hostʼs gift; provision made for a guest; gifts of (guest-) friendship,34,"guest, banquet, meal, feast",1,"son, chariot, lord, old",4,"chariot, lord, guest, master",4,"guest, slave, serve, banquet",9,"guest, banquet, dinner, meal"
ἔτης,9,lsj,clansmen; kinsmen and dependents of a great house; citizen; a private citizen,-1,(outlier),1,"son, chariot, lord, old",2,"old, mother, son, wife",2,"old, son, mother, wife",5,"son, child, mother, father"
ἀληθής,9,lsj,"unconcealed; true, real; false, apparent; truthful, honest",90,"true, trusty, truth, cheat",11,"ask, inquire, pray, care",22,"ask, pray, inquire, care",46,"rejoice, care, heed, counsel",90,"trusty, cheat, truth, trusted"
εἰλίπους,9,lsj,rolling in their gait; bring round their hind legs with a circling; rolling motion; oxen,107,"round, turn, circle, wheel",3,"meet, bind, round, stretch",7,"round, stretch, straight, turn",8,"round, straight, stretch, turn",21,"round, turn, circle, rim"
ἀριπρεπής,9,lsj,very distinguished; very bright; conspicuous; famous,81,"glorious, noble, famous, renowned",9,"desire, noble, strength, easy",20,"noble, strength, swift, little",37,"noble, wrought, glorious, splendid",72,"noble, wrought, glorious, splendid"
βροτόεις,9,lsj,gory,-1,(outlier),4,"spear, bronze, eat, silver",9,"spear, bronze, breast, arrow",14,"bronze, silver, hollow, gold",33,"lycia, stone, grind, goblet"
χώρα,9,lsj,space; room in which a thing is; partly occupied space; country,126,"dwell, inhabit, people, situated",5,"day, funeral, black, cloud",12,"funeral, long, day, time",20,"funeral, dead, snow, kindle",42,"star, olympus, heaven, middle"
ἐφανδάνω,9,lsj,"please, be grateful to",112,"glad, welcome, lovely, beautiful",9,"desire, noble, strength, easy",19,"desire, wish, love, want",34,"love, heart, sweet, warm",67,"sweet, warm, glad, delight"
τρομέω,9,lsj,"tremble, quake, quiver; fear; quiver; tremble before",24,"silence, shake, tremble, softly",12,"shout, speak, rouse, speech",23,"rouse, stir, anger, fight",48,"rouse, stir, dance, song",96,"rouse, stir, shake, tremble"
αὐτοσχεδόν,9,lsj,"near at hand, hand to hand; near, close to; on the spot, at once",44,"near, nigh, hand, hard",7,"come, return, near, arrive",15,"near, nigh, far, hand",26,"near, far, nigh, hand",51,"near, nigh, hand, close"
διηνεκής,9,lsj,"continuous, unbroken; cut the whole length; regularity; perpetual",-1,(outlier),10,"wound, destroy, slay, kill",21,"wound, destroy, slay, cut",40,"vain, unceasing, unbroken, fruitless",77,"vain, unceasing, unbroken, unharmed"
σκεδάννυμι,9,lsj,"scatter, disperse; shed; all round; will shiver",47,"break, shiver, broken, shrink",6,"wind, water, pour, sea",13,"pour, wash, oil, breathe",22,"pour, breathe, flow, spread",45,"breathe, disperse, sprinkle, spread"
πυρκαιά,9,lsj (relaxed match),funeral pyre; the burning pyre; conflagration; arson,3,"funeral, dead, rites, burial",5,"day, funeral, black, cloud",12,"funeral, long, day, time",20,"funeral, dead, snow, kindle",40,"funeral, dead, mortal, alive"
σκόλοψ,9,lsj,"anything pointed; pale, stake; palisade; thorn",-1,(outlier),4,"spear, bronze, eat, silver",9,"spear, bronze, breast, arrow",12,"spear, arrow, sword, girdle",28,"spear, sword, girdle, belt"
ἠερόεις,9,lsj,"cloudy, murky; the murky; livid",4,"dark, black, murky, gloom",6,"wind, water, pour, sea",13,"pour, wash, oil, breathe",22,"pour, breathe, flow, spread",45,"breathe, disperse, sprinkle, spread"
κομέω,9,lsj,"take care of, tend",6,"care, heed, bestowed, busy oneself",11,"ask, inquire, pray, care",22,"ask, pray, inquire, care",46,"rejoice, care, heed, counsel",89,"care, rejoice, heed, attempt"
προφαίνω,9,lsj,"bring to light, show forth, manifest; let; be seen; display",20,"appear, bring light, seen, forth",11,"ask, inquire, pray, care",22,"ask, pray, inquire, care",43,"know, appear, perceive, look",82,"know, appear, perceive, bring light"
καθαρός,9,lsj,"physically clean, spotless; cleanly; clear of admixture, clear, pure; white",25,"wash, oil, dry, salt",6,"wind, water, pour, sea",13,"pour, wash, oil, breathe",21,"wash, oil, salt, raw",43,"wash, oil, salt, raw"
νηέω,9,lsj,"heap, pile up; heaped; piled; pile, load",58,"crowded, people, pile, heaps",3,"meet, bind, round, stretch",7,"round, stretch, straight, turn",8,"round, straight, stretch, turn",22,"draw, raise, drag, stand"
σίαλος,9,lsj,"fat hog; fat, grease",63,"eat, devour, food, meal",6,"wind, water, pour, sea",13,"pour, wash, oil, breathe",22,"pour, breathe, flow, spread",45,"breathe, disperse, sprinkle, spread"
ἐφύπερθε,9,lsj,"above, atop; from above; above",93,"set, beneath, lowest, high",7,"come, return, near, arrive",15,"near, nigh, far, hand",25,"beneath, lowest, hindmost, atop",49,"beneath, lowest, high, aloft"
κηρόθι,9,lsj,"with all the heart, heartily",78,"heart, affection, gentle, love",9,"desire, noble, strength, easy",19,"desire, wish, love, want",34,"love, heart, sweet, warm",66,"heart, love, affection, desire"
ἐχέφρων,9,lsj,"sensible, prudent",-1,(outlier),11,"ask, inquire, pray, care",22,"ask, pray, inquire, care",46,"rejoice, care, heed, counsel",90,"trusty, cheat, truth, trusted"
Φθία,9,lsj,Phthia; to Phthia; at Phthia; a man of Phthia,104,"olympus, phthia, cronos, ares",1,"son, chariot, lord, old",1,"troy, athens, trojan, phthia",1,"troy, trojan, athens, thebes",3,"phthia, lesbos, hang, club"
Αἰγύπτιος,9,lsj,Egyptian; in Egyptian style,-1,(outlier),1,"son, chariot, lord, old",1,"troy, athens, trojan, phthia",1,"troy, trojan, athens, thebes",1,"troy, trojan, athens, thebes"
κόνις,9,lsj,dust; ashes; lye; cinis,-1,(outlier),6,"wind, water, pour, sea",13,"pour, wash, oil, breathe",21,"wash, oil, salt, raw",43,"wash, oil, salt, raw"
δήω,9,lsj,"find, meet with",11,"meet, face, fall, partake",3,"meet, bind, round, stretch",8,"meet, bind, ready, gather",10,"meet, gather, pick, assembly",25,"meet, gather, assembly, face"
στερεός,9,lsj,"firm, solid; solid; costive; firmly, fast",72,"sharp, keen, smooth, rugged",9,"desire, noble, strength, easy",20,"noble, strength, swift, little",36,"swift, little, haste, eager",71,"little, softly, firm, small"
ἔξω,9,lsj,out; out of; outside; prominency,-1,(outlier),7,"come, return, near, arrive",16,"come, return, hither, arrive",29,"come, arrive, home, house",55,"home, house, inside, come forth"
ἄγραυλος,9,lsj,dwelling in the field; a boor; rustic,-1,(outlier),2,"chamber, sleep, sit, bed",6,"chamber, house, ground, inner",7,"chamber, house, ground, mountain",17,"peak, mountain, hill, headland"
ἀποτρέπω,9,lsj,turn away from; deter; dissuade from; Supp,-1,(outlier),8,"flee, pass, away, drive",18,"flee, fear, away, hold",31,"hold, leave, stay, retire",62,"leave, retire, away, ward"
περιχέω,9,lsj,"pour, spread; scatter round; over; having spread",29,"pour, filled, spread, fish",6,"wind, water, pour, sea",13,"pour, wash, oil, breathe",22,"pour, breathe, flow, spread",44,"pour, flow, filled, shed"
μισθός,9,lsj,hire; wages; of our hired service; for hire,30,"pay, price, debt, obligation",1,"son, chariot, lord, old",4,"chariot, lord, guest, master",4,"guest, slave, serve, banquet",10,"slave, mistress, care, queen"
λίπα,9,lsj,richly,-1,(outlier),4,"spear, bronze, eat, silver",9,"spear, bronze, breast, arrow",14,"bronze, silver, hollow, gold",31,"bronze, silver, gold, copper"
ῥώομαι,9,lsj,"move with speed; violence, rush on; ran; dance",117,"leap, rush, run, chase",8,"flee, pass, away, drive",17,"pass, lead, come, throw",30,"pass, lead, come, throw",57,"drive, pass, rush, path"
θάμνος,9,lsj,"bush, shrub; copse; bushy",120,"hair, mane, neck, bushy",4,"spear, bronze, eat, silver",9,"spear, bronze, breast, arrow",13,"helmet, hair, head, cloth",30,"hair, helmet, head, face"
ἀριδείκετος,9,lsj,"famous, glorious; clear, distinct; decus",81,"glorious, noble, famous, renowned",9,"desire, noble, strength, easy",20,"noble, strength, swift, little",37,"noble, wrought, glorious, splendid",72,"noble, wrought, glorious, splendid"
ἐξοπίσω,9,lsj,"backwards, back again; behind; hereafter",43,"return, backwards, rear, home",7,"come, return, near, arrive",16,"come, return, hither, arrive",27,"return, time, fifth, backwards",52,"return, backwards, anew, come home"
ἧπαρ,9,lsj,liver; pregnant; fruitful land; yēqṷṛt,-1,(outlier),1,"son, chariot, lord, old",2,"old, mother, son, wife",2,"old, son, mother, wife",5,"son, child, mother, father"
ἄλεισον,9,lsj,"cup, goblet; hip-socket",-1,(outlier),4,"spear, bronze, eat, silver",9,"spear, bronze, breast, arrow",14,"bronze, silver, hollow, gold",33,"lycia, stone, grind, goblet"
ἀράσσω,9,lsj,"smite, dash in pieces; rattling, clanging; knock at; open with a crash",-1,(outlier),12,"shout, speak, rouse, speech",24,"shout, lament, wail, loud",49,"shout, lament, wail, loud",97,"loud, laugh, crash, sound"
πάντοθεν,9,lsj,"from all quarters, from every side",60,"hand, left, right, sides",7,"come, return, near, arrive",16,"come, return, hither, arrive",28,"hither, wherefore, way, just",54,"hither, wherefore, way, just"
ὕψι,9,lsj,"on high, aloft; high on; out at sea",93,"set, beneath, lowest, high",7,"come, return, near, arrive",15,"near, nigh, far, hand",25,"beneath, lowest, hindmost, atop",49,"beneath, lowest, high, aloft"
ἀμφίγυος,9,lsj,"with a limb at each end, double-pointed; bending both ways, elastic; stout rivals",106,"stretch, bend, curved, tight",3,"meet, bind, round, stretch",7,"round, stretch, straight, turn",8,"round, straight, stretch, turn",20,"bend, curved, twisted, stretch"
νηπύτιος,9,agwn,"a small amount or duration: ""he accepted the little they gave him""",-1,(outlier),9,"desire, noble, strength, easy",20,"noble, strength, swift, little",36,"swift, little, haste, eager",71,"little, softly, firm, small"
κατακλάω,9,lsj,"break short, snap off; bowed; down; ogle",47,"break, shiver, broken, shrink",10,"wound, destroy, slay, kill",21,"wound, destroy, slay, cut",42,"wound, cut, tears, toil",80,"wound, cut, strip, blood"
ἐπελαύνω,9,lsj,drive upon; upon; drive to; lay,-1,(outlier),8,"flee, pass, away, drive",17,"pass, lead, come, throw",30,"pass, lead, come, throw",57,"drive, pass, rush, path"
θαμά,9,lsj,often,57,"just, exceedingly, altogether, greater",9,"desire, noble, strength, easy",20,"noble, strength, swift, little",35,"like, resembling, mighty, sort",69,"great, mighty, sort, exceedingly"
μινύθω,9,agwn,"be born, used chiefly of lambs: ""The lambs fell in the afternoon""",105,"born, beget, bring forth, engender",1,"son, chariot, lord, old",2,"old, mother, son, wife",2,"old, son, mother, wife",5,"son, child, mother, father"
εἴβω,9,lsj,"drop, let fall in drops; trickle down",91,"throw, send, fall, forth",6,"wind, water, pour, sea",13,"pour, wash, oil, breathe",22,"pour, breathe, flow, spread",44,"pour, flow, filled, shed"
χηλός,9,lsj,"large chest, coffer; coffin",3,"funeral, dead, rites, burial",1,"son, chariot, lord, old",3,"divine, honour, zeus, wonder",3,"divine, honour, zeus, god",8,"honour, wonder, reverence, gift"
ῥαίω,9,lsj,"break, shiver, shatter; wreck; cause; to suffer shipwreck",47,"break, shiver, broken, shrink",10,"wound, destroy, slay, kill",21,"wound, destroy, slay, cut",42,"wound, cut, tears, toil",80,"wound, cut, strip, blood"
ζῶ,9,lsj,"gṷiē-, gṷiō; live; of living men; living",1,"memnonion, du, des, grecs",1,"son, chariot, lord, old",1,"troy, athens, trojan, phthia",1,"troy, trojan, athens, thebes",3,"phthia, lesbos, hang, club"
εὐσταθής,9,lsj,"well-based, well-built; steadfast, tranquil; sound, healthy; healthy, sound",-1,(outlier),9,"desire, noble, strength, easy",20,"noble, strength, swift, little",36,"swift, little, haste, eager",71,"little, softly, firm, small"
προβλώσκω,9,lsj,"come forth, go out of the house",-1,(outlier),7,"come, return, near, arrive",16,"come, return, hither, arrive",29,"come, arrive, home, house",55,"home, house, inside, come forth"
ἐργάζομαι,9,lsj,"work, labour; working; works; goes on",31,"toil, work, suffer, labour",10,"wound, destroy, slay, kill",21,"wound, destroy, slay, cut",42,"wound, cut, tears, toil",81,"toil, tears, pain, distressed"
τιμήεις,9,lsj,"honoured, esteemed; prized, costly",-1,(outlier),1,"son, chariot, lord, old",3,"divine, honour, zeus, wonder",3,"divine, honour, zeus, god",8,"honour, wonder, reverence, gift"
κυβερνήτης,9,lsj,"steersman, pilot; skipper; guide, governor",51,"oar, ranks, rows, handle",1,"son, chariot, lord, old",4,"chariot, lord, guest, master",4,"guest, slave, serve, banquet",10,"slave, mistress, care, queen"
λαῖτμα,9,lsj,depth; gulf,130,"sea, stillness, gulf, calm",2,"chamber, sleep, sit, bed",6,"chamber, house, ground, inner",7,"chamber, house, ground, mountain",16,"ground, trench, earth, dug"
θάπτω,9,lsj,honour with funeral rites; to carry out to burial; burial expenses,3,"funeral, dead, rites, burial",5,"day, funeral, black, cloud",12,"funeral, long, day, time",20,"funeral, dead, snow, kindle",40,"funeral, dead, mortal, alive"
πέλεια,9,lsj,"dove; pigeon; wild rock-pigeon, Columba livia; prophetic priestesses",134,"goose, wild, fawn, mule",4,"spear, bronze, eat, silver",10,"eat, tree, heracles, meal",15,"heracles, bird, fish, fly",34,"heracles, bird, fish, fly"
ἑσπέριος,9,lsj,towards evening; at eventide; at even; western,8,"day, light, morning, early",5,"day, funeral, black, cloud",12,"funeral, long, day, time",19,"long, day, time, morning",39,"day, morning, dawn, early"
προέχω,9,lsj,hold before; hold before oneself; hold out before one; held,-1,(outlier),8,"flee, pass, away, drive",18,"flee, fear, away, hold",31,"hold, leave, stay, retire",61,"hold, seize, stay, remain"
τέρμα,9,lsj,"end, boundary; goal round which horses and chariots had to turn; mark set to show how far a quoit was thrown; issue, event",15,"chariot, car, driver, horse",8,"flee, pass, away, drive",17,"pass, lead, come, throw",30,"pass, lead, come, throw",60,"lead, end, shut, fulfil"
τάφος,9,lsj,funeral-rites; funeral-feast; the funeral-rites; the rites of burial,3,"funeral, dead, rites, burial",5,"day, funeral, black, cloud",12,"funeral, long, day, time",20,"funeral, dead, snow, kindle",40,"funeral, dead, mortal, alive"
ἀμφιφορεύς,9,lsj,large jar; pitcher with two handles; cinerary urn,-1,(outlier),4,"spear, bronze, eat, silver",9,"spear, bronze, breast, arrow",14,"bronze, silver, hollow, gold",33,"lycia, stone, grind, goblet"
ἀλήθεια,9,lsj,truth; lie; mere appearance; a lie,90,"true, trusty, truth, cheat",11,"ask, inquire, pray, care",22,"ask, pray, inquire, care",46,"rejoice, care, heed, counsel",90,"trusty, cheat, truth, trusted"
δόμονδε,9,lsj,homeward; house,40,"home, house, inside, domestic",7,"come, return, near, arrive",16,"come, return, hither, arrive",29,"come, arrive, home, house",55,"home, house, inside, come forth"
δαιτυμών,9,lsj,"one that is entertained, guest; those who bring each his portion",34,"guest, banquet, meal, feast",1,"son, chariot, lord, old",4,"chariot, lord, guest, master",4,"guest, slave, serve, banquet",9,"guest, banquet, dinner, meal"
νήχω,9,lsj,swim,-1,(outlier),6,"wind, water, pour, sea",14,"wind, sea, stream, water",24,"sea, stream, wine, water",48,"stream, wine, water, drink"
Χάρυβδις,9,lsj,"Charybdis; whirlpool, gulf",130,"sea, stillness, gulf, calm",6,"wind, water, pour, sea",14,"wind, sea, stream, water",24,"sea, stream, wine, water",48,"stream, wine, water, drink"
ἅζομαι,8,lsj,"stand in awe of, esp. gods and oneʼs parents; respects; I fear; reverently, in holy fear",35,"fear, alarm, amazed, stand awe",11,"ask, inquire, pray, care",22,"ask, pray, inquire, care",46,"rejoice, care, heed, counsel",89,"care, rejoice, heed, attempt"
πολύφλοισβος,8,lsj,loud-roaring; confused,64,"sound, roar, shriek, clash",12,"shout, speak, rouse, speech",24,"shout, lament, wail, loud",49,"shout, lament, wail, loud",97,"loud, laugh, crash, sound"
κλαγγή,8,lsj,any sharp sound; twang; scream; confused cries of a throng,-1,(outlier),12,"shout, speak, rouse, speech",24,"shout, lament, wail, loud",49,"shout, lament, wail, loud",97,"loud, laugh, crash, sound"
σύμπας,8,lsj,"all together, all at once; the whole; as a whole; general",57,"just, exceedingly, altogether, greater",9,"desire, noble, strength, easy",20,"noble, strength, swift, little",35,"like, resembling, mighty, sort",69,"great, mighty, sort, exceedingly"
ἀπολύω,8,lsj,"loose from; from; undo; set free, release, relieve from",83,"strip, cut, loose, belch",8,"flee, pass, away, drive",18,"flee, fear, away, hold",31,"hold, leave, stay, retire",62,"leave, retire, away, ward"
παρέρχομαι,8,lsj,"ibo; go by, beside; past, pass by; passed away",122,"come, ibo, pass, approach",8,"flee, pass, away, drive",17,"pass, lead, come, throw",30,"pass, lead, come, throw",58,"ibo, sink, fall, come"
ἐρέτης,8,lsj,rowers; oars; era; aritár,51,"oar, ranks, rows, handle",4,"spear, bronze, eat, silver",9,"spear, bronze, breast, arrow",11,"breast, thigh, knee, arm",26,"breast, thigh, knee, arm"
πλοῦτος,8,lsj,"wealth, riches; treasures; treasure; Plutus",-1,(outlier),9,"desire, noble, strength, easy",20,"noble, strength, swift, little",37,"noble, wrought, glorious, splendid",72,"noble, wrought, glorious, splendid"
μηνίω,8,lsj,"cherish wrath, be wroth against; because of",98,"anger, wrath, angry, rage",10,"wound, destroy, slay, kill",21,"wound, destroy, slay, cut",41,"destiny, dishonour, wretched, hateful",79,"destiny, wretched, hateful, wrath"
μείρομαι,8,lsj,receive as oneʼs portion; oneʼs due; take; as thy due,-1,(outlier),11,"ask, inquire, pray, care",22,"ask, pray, inquire, care",44,"ask, inquire, pay, prize",87,"pay, debt, receive, price"
σκηπτοῦχος,8,lsj,"bearing a staff, baton; sceptre; sceptred; wand-bearer",140,"spear, axe, sword, wand",4,"spear, bronze, eat, silver",9,"spear, bronze, breast, arrow",12,"spear, arrow, sword, girdle",28,"spear, sword, girdle, belt"
μάρτυρος,8,agwn,a person who attests to the genuineness of a document or signature by adding their own signature,-1,(outlier),4,"spear, bronze, eat, silver",9,"spear, bronze, breast, arrow",14,"bronze, silver, hollow, gold",33,"lycia, stone, grind, goblet"
μινυνθάδιος,8,lsj,short-lived; small,-1,(outlier),5,"day, funeral, black, cloud",12,"funeral, long, day, time",19,"long, day, time, morning",38,"long, years, time, late"
καταρρέζω,8,lsj,"pat, stroke, caress",-1,(outlier),1,"son, chariot, lord, old",1,"troy, athens, trojan, phthia",1,"troy, trojan, athens, thebes",3,"phthia, lesbos, hang, club"
διαπράσσω,8,lsj,pass over; made their way over; may finish; went through,122,"come, ibo, pass, approach",8,"flee, pass, away, drive",17,"pass, lead, come, throw",30,"pass, lead, come, throw",57,"drive, pass, rush, path"
ὀνείδειος,8,lsj,reproachful; of reproach; dishonourable,97,"reproach, disgrace, reproof, rebuke",10,"wound, destroy, slay, kill",21,"wound, destroy, slay, cut",41,"destiny, dishonour, wretched, hateful",78,"dishonour, pity, disgrace, reproach"
δικάζω,8,lsj,"Bis Acc; judge, sit in judgement; sit as a juror; give judgement on, decide, determine",16,"counsel, craft, wise, plan",11,"ask, inquire, pray, care",22,"ask, pray, inquire, care",45,"pray, oath, herald, command",88,"pray, oath, herald, command"
ἐριδαίνω,8,lsj,"wrangle, quarrel; strive; compete in",27,"battle, quarrel, fight, strife",12,"shout, speak, rouse, speech",23,"rouse, stir, anger, fight",47,"fight, quarrel, anger, battle",93,"fight, battle, quarrel, anger"
γέλως,8,lsj,laughter; ridiculous; joke; laugh,-1,(outlier),12,"shout, speak, rouse, speech",24,"shout, lament, wail, loud",49,"shout, lament, wail, loud",97,"loud, laugh, crash, sound"
ἥλιος,8,lsj,"sun; the light of life, live; East; eastern",8,"day, light, morning, early",5,"day, funeral, black, cloud",11,"black, dark, bright, shine",18,"black, dark, bright, shine",37,"black, dark, bright, light"
οὖλος3,8,lsj (homograph 3),"destructive, baneful, cruel; cruel; death-cry",80,"destroy, waste, bane, sack",10,"wound, destroy, slay, kill",21,"wound, destroy, slay, cut",41,"destiny, dishonour, wretched, hateful",79,"destiny, wretched, hateful, wrath"
κηρύσσω,8,lsj,"to be a herald, officiate as herald; to be an auctioneer; make proclamation as a herald; by voice of herald",68,"herald, report, message, tidings",11,"ask, inquire, pray, care",22,"ask, pray, inquire, care",45,"pray, oath, herald, command",88,"pray, oath, herald, command"
ἀλαλητός,8,lsj,"shout of victory; war-cry, battle-shout; loud shouting; halloo",65,"shout, battle, war, aloud",12,"shout, speak, rouse, speech",24,"shout, lament, wail, loud",49,"shout, lament, wail, loud",98,"shout, lament, wail, shriek"
δειδίσσομαι,8,lsj,"frighten, alarm; to scare; away; fear",35,"fear, alarm, amazed, stand awe",8,"flee, pass, away, drive",18,"flee, fear, away, hold",32,"flee, fear, wander, avoid",64,"fear, silence, conceal, alarm"
κοίρανος,8,lsj,"king; ruler; leader, commander; lord, master",101,"lord, queen, master, ruler",1,"son, chariot, lord, old",4,"chariot, lord, guest, master",5,"chariot, lord, shield, master",12,"lord, king, master, leader"
ἀπονόσφι,8,lsj,"far apart, aloof; far away from",45,"far, away, apart, aloof",7,"come, return, near, arrive",15,"near, nigh, far, hand",26,"near, far, nigh, hand",50,"far, away, distance, distant"
κερτομέω,8,lsj,"taunt, sneer at; sneer",-1,(outlier),4,"spear, bronze, eat, silver",9,"spear, bronze, breast, arrow",14,"bronze, silver, hollow, gold",33,"lycia, stone, grind, goblet"
ἄνεω,8,lsj,"without a sound, in silence",24,"silence, shake, tremble, softly",8,"flee, pass, away, drive",18,"flee, fear, away, hold",32,"flee, fear, wander, avoid",64,"fear, silence, conceal, alarm"
πολεμήιος,8,lsj (relaxed match),warlike; war,27,"battle, quarrel, fight, strife",9,"desire, noble, strength, easy",20,"noble, strength, swift, little",35,"like, resembling, mighty, sort",68,"like, resembling, opportune, fond war"
ἱδρόω,8,lsj,"sweat, perspire; shall reek with sweat",25,"wash, oil, dry, salt",6,"wind, water, pour, sea",13,"pour, wash, oil, breathe",21,"wash, oil, salt, raw",43,"wash, oil, salt, raw"
μέλαθρον,8,lsj,"roof-tree, ridgepole; beam; roof; house",-1,(outlier),2,"chamber, sleep, sit, bed",6,"chamber, house, ground, inner",7,"chamber, house, ground, mountain",18,"house, chamber, wall, court"
νομός,8,lsj,"place of pasturage; pasture; herbage, pasture; food",-1,(outlier),4,"spear, bronze, eat, silver",10,"eat, tree, heracles, meal",16,"eat, meal, food, devour",35,"eat, food, meal, devour"
ποιήεις,8,lsj,grassy,108,"barley, corn, grain, groats",4,"spear, bronze, eat, silver",10,"eat, tree, heracles, meal",17,"tree, barley, garden, wood",36,"tree, wood, barley, garden"
Ἀθῆναι,8,lsj,the city of Athens; to Athens; from Athens; at Athens,143,"troy, athens, trojan, greece",1,"son, chariot, lord, old",1,"troy, athens, trojan, phthia",1,"troy, trojan, athens, thebes",1,"troy, trojan, athens, thebes"
Μυκήνη,8,lsj,"Mycene, Mycenae; Mycenaean; a Mycenaean; from Mycene",143,"troy, athens, trojan, greece",4,"spear, bronze, eat, silver",9,"spear, bronze, breast, arrow",14,"bronze, silver, hollow, gold",33,"lycia, stone, grind, goblet"
νῶροψ,8,lsj,flashing; bright,7,"bright, light, kindle, star",5,"day, funeral, black, cloud",11,"black, dark, bright, shine",18,"black, dark, bright, shine",37,"black, dark, bright, light"
ἄντομαι,8,lsj,"meet; opposed; stopped; meet with favour, greet",11,"meet, face, fall, partake",3,"meet, bind, round, stretch",8,"meet, bind, ready, gather",10,"meet, gather, pick, assembly",25,"meet, gather, assembly, face"
στεῦμαι,8,lsj,"make as if one would.., promise; threaten that one will; declares; boasts",76,"oath, swear, affirm, think deem",11,"ask, inquire, pray, care",22,"ask, pray, inquire, care",45,"pray, oath, herald, command",88,"pray, oath, herald, command"
ἐμβαίνω,8,lsj,"step in; go on, go quickly; advance!; embark",117,"leap, rush, run, chase",8,"flee, pass, away, drive",17,"pass, lead, come, throw",30,"pass, lead, come, throw",57,"drive, pass, rush, path"
δυώδεκα,8,lsj,twelve,50,"years, tenth, period, ninth",1,"son, chariot, lord, old",1,"troy, athens, trojan, phthia",1,"troy, trojan, athens, thebes",2,"tenth, eleventh, number, seven"
ἀγέρωχος,8,lsj,"high-minded, lordly; noble; lordly; high-spirited",96,"courage, good, arrogant, manly",9,"desire, noble, strength, easy",20,"noble, strength, swift, little",38,"strength, force, high, courage",74,"high, courage, better, stout"
λωτός,8,lsj,"clover, trefoil, Trifolium fragiferum; fellbloom, Lotus corniculatus; fenugreek, Trigonella Foenum-graecum; wild fenugreek, T. gladiata",109,"tree, wood, garden, fir",4,"spear, bronze, eat, silver",10,"eat, tree, heracles, meal",17,"tree, barley, garden, wood",36,"tree, wood, barley, garden"
ἱμάσσω,8,lsj,flog; smote; smites; with lightnings,18,"wind, cloud, mist, stormy",5,"day, funeral, black, cloud",12,"funeral, long, day, time",20,"funeral, dead, snow, kindle",41,"kindle, snow, cloud, fires"
ἀγρότερος,8,lsj,"wild; countrymen; fond of the chase, huntress; the huntress",-1,(outlier),2,"chamber, sleep, sit, bed",6,"chamber, house, ground, inner",7,"chamber, house, ground, mountain",17,"peak, mountain, hill, headland"
κεραίζω,8,lsj (relaxed match),"ravage, plunder; sink, disable; slaughter; carry off as plunder",80,"destroy, waste, bane, sack",10,"wound, destroy, slay, kill",21,"wound, destroy, slay, cut",39,"slay, kill, destroy, waste",75,"waste, destroy, sack, perish"
ἐνοπή,8,lsj,"crying, shouting; war-cry, battle-shout; battle; cry",65,"shout, battle, war, aloud",12,"shout, speak, rouse, speech",24,"shout, lament, wail, loud",49,"shout, lament, wail, loud",98,"shout, lament, wail, shriek"
ἀθέσφατος,8,lsj,"beyond even a godʼs power to express, unutterable; not according to a godʼs utterance, unblest, portentous, awful; vast",-1,(outlier),10,"wound, destroy, slay, kill",21,"wound, destroy, slay, cut",40,"vain, unceasing, unbroken, fruitless",77,"vain, unceasing, unbroken, unharmed"
σῶμα,8,lsj,"body; dead body, corpse; living body; life",3,"funeral, dead, rites, burial",5,"day, funeral, black, cloud",12,"funeral, long, day, time",20,"funeral, dead, snow, kindle",40,"funeral, dead, mortal, alive"
πρόμος,8,lsj,foremost man; opposed to; in the front rank; chief,101,"lord, queen, master, ruler",1,"son, chariot, lord, old",4,"chariot, lord, guest, master",5,"chariot, lord, shield, master",12,"lord, king, master, leader"
χάρμα,8,lsj,"source of joy, delight; source of malignant joy; joy, delight",113,"delight, joy, pleasure, rejoice",9,"desire, noble, strength, easy",19,"desire, wish, love, want",34,"love, heart, sweet, warm",67,"sweet, warm, glad, delight"
πολυβότειρα,8,lsj,much; all-nourishing,-1,(outlier),6,"wind, water, pour, sea",13,"pour, wash, oil, breathe",21,"wash, oil, salt, raw",43,"wash, oil, salt, raw"
γνωτός,8,lsj,"perceived, understood, known; well-known",17,"know, perceive, discover, recognize",11,"ask, inquire, pray, care",22,"ask, pray, inquire, care",43,"know, appear, perceive, look",82,"know, appear, perceive, bring light"
τηλύγετος,8,lsj,"a darling son, petted child; only; of oneʼs old age; the only",125,"son, child, infant, father",1,"son, chariot, lord, old",2,"old, mother, son, wife",2,"old, son, mother, wife",5,"son, child, mother, father"
πύξ,8,lsj,with the fist; at boxing; by boxing; clenched,-1,(outlier),12,"shout, speak, rouse, speech",23,"rouse, stir, anger, fight",47,"fight, quarrel, anger, battle",93,"fight, battle, quarrel, anger"
αἶσχος,8,lsj,"shame, disgrace; disgraceful deeds; ugliness, deformity",111,"hateful, hated, ruthless, terrible",10,"wound, destroy, slay, kill",21,"wound, destroy, slay, cut",41,"destiny, dishonour, wretched, hateful",78,"dishonour, pity, disgrace, reproach"
ἀσκός,8,lsj,"skin, hide; skin made into a bag; wineskin; bag",114,"garment, cloth, skin, cloak",4,"spear, bronze, eat, silver",9,"spear, bronze, breast, arrow",13,"helmet, hair, head, cloth",29,"cloth, garment, skin, cloak"
κνημίς,8,lsj,"greave, legging; leggings; spoke of a wheel",-1,(outlier),4,"spear, bronze, eat, silver",9,"spear, bronze, breast, arrow",12,"spear, arrow, sword, girdle",28,"spear, sword, girdle, belt"
δολοφρονέων,8,lsj,"planning craft, wily-minded",16,"counsel, craft, wise, plan",3,"meet, bind, round, stretch",8,"meet, bind, ready, gather",9,"bind, ready, fast, make",23,"ready, bind, fast, make"
νεμεσητός,8,lsj,"causing indignation; wrath, worthy of it; it is matter for indignation; retributive",98,"anger, wrath, angry, rage",10,"wound, destroy, slay, kill",21,"wound, destroy, slay, cut",41,"destiny, dishonour, wretched, hateful",79,"destiny, wretched, hateful, wrath"
ἀργής,8,lsj,"bright, glancing; vivid; fire; shining, white",7,"bright, light, kindle, star",5,"day, funeral, black, cloud",11,"black, dark, bright, shine",18,"black, dark, bright, shine",37,"black, dark, bright, light"
μεγαίρω,8,lsj,regard as too great; grudge; as too great; complain,-1,(outlier),10,"wound, destroy, slay, kill",21,"wound, destroy, slay, cut",41,"destiny, dishonour, wretched, hateful",79,"destiny, wretched, hateful, wrath"
πρέσβυς,8,lsj,old man; the elder; elders; elder,101,"lord, queen, master, ruler",1,"son, chariot, lord, old",2,"old, mother, son, wife",2,"old, son, mother, wife",6,"old, age, youth, elders"
φοῖνιξ,8,agwn,a document that states some contractual relationship or grants some right,32,"prize, contest, gain, win",11,"ask, inquire, pray, care",22,"ask, pray, inquire, care",44,"ask, inquire, pay, prize",87,"pay, debt, receive, price"
ἄγαλμα,8,lsj,"glory, delight, honour; mere ornaments; pleasing gift; statue in honour of a god",26,"honour, wonder, reverence, glory",1,"son, chariot, lord, old",3,"divine, honour, zeus, wonder",3,"divine, honour, zeus, god",8,"honour, wonder, reverence, gift"
ἀναπίμπλημι,8,lsj,fill up; accomplish; having filled up the full measure; fill full of,29,"pour, filled, spread, fish",6,"wind, water, pour, sea",13,"pour, wash, oil, breathe",22,"pour, breathe, flow, spread",44,"pour, flow, filled, shed"
χάσκω,8,lsj,"yawn, gape; may; yawn; opening the mouth wide",-1,(outlier),6,"wind, water, pour, sea",13,"pour, wash, oil, breathe",22,"pour, breathe, flow, spread",45,"breathe, disperse, sprinkle, spread"
ἀμφιπένομαι,8,lsj,"to be busied about, take charge of; tending; made; a meal of",34,"guest, banquet, meal, feast",1,"son, chariot, lord, old",4,"chariot, lord, guest, master",4,"guest, slave, serve, banquet",10,"slave, mistress, care, queen"
φρίσσω,8,lsj,"to be rough; uneven on the surface, bristle; bristle up, stand on end; having set up his bristly",-1,(outlier),3,"meet, bind, round, stretch",7,"round, stretch, straight, turn",8,"round, straight, stretch, turn",22,"draw, raise, drag, stand"
ψεύδω,8,lsj,"cheat by lies, beguile; to be cheated, deceived; I am; deceived",90,"true, trusty, truth, cheat",11,"ask, inquire, pray, care",22,"ask, pray, inquire, care",46,"rejoice, care, heed, counsel",90,"trusty, cheat, truth, trusted"
κάτειμι,8,lsj,"ibo; go, come down; go down; sail down",-1,(outlier),8,"flee, pass, away, drive",17,"pass, lead, come, throw",30,"pass, lead, come, throw",58,"ibo, sink, fall, come"
Σιμόεις,8,lsj,Simois,-1,(outlier),1,"son, chariot, lord, old",1,"troy, athens, trojan, phthia",1,"troy, trojan, athens, thebes",3,"phthia, lesbos, hang, club"
αἴγειρος,8,lsj,"black poplar, Populus nigra",-1,(outlier),4,"spear, bronze, eat, silver",9,"spear, bronze, breast, arrow",14,"bronze, silver, hollow, gold",33,"lycia, stone, grind, goblet"
λεῖος,8,lsj,"smooth; smooth, plain, not embroidered; unsculptured; unembossed",72,"sharp, keen, smooth, rugged",9,"desire, noble, strength, easy",20,"noble, strength, swift, little",36,"swift, little, haste, eager",71,"little, softly, firm, small"
ὀμφαλός,8,lsj,navel; umbilical cord; anything; like a navel,139,"breast, hollow, lap, guts",4,"spear, bronze, eat, silver",9,"spear, bronze, breast, arrow",11,"breast, thigh, knee, arm",26,"breast, thigh, knee, arm"
παμφαίνω,8,lsj,shine; beam brightly; white-gleaming,7,"bright, light, kindle, star",5,"day, funeral, black, cloud",11,"black, dark, bright, shine",18,"black, dark, bright, shine",37,"black, dark, bright, light"
θηρατήρ,8,agwn,a watch with a hinged metal lid to protect the crystal,19,"watch, visit, ward, observe",11,"ask, inquire, pray, care",22,"ask, pray, inquire, care",43,"know, appear, perceive, look",84,"watch, count, sum, visit"
αἰόλος,8,lsj,"quick-moving, nimble; wriggling; glittering; changeful of hue, sheeny",7,"bright, light, kindle, star",5,"day, funeral, black, cloud",11,"black, dark, bright, shine",18,"black, dark, bright, shine",37,"black, dark, bright, light"
πῆχυς,8,lsj,"forearm; arm; ulna; centrepiece, which joined the two horns of the bow",77,"arrow, bow, javelin, shoot",4,"spear, bronze, eat, silver",9,"spear, bronze, breast, arrow",11,"breast, thigh, knee, arm",26,"breast, thigh, knee, arm"
κυδαίνω,8,lsj,give; do honour to; glorified; delight,26,"honour, wonder, reverence, glory",1,"son, chariot, lord, old",3,"divine, honour, zeus, wonder",3,"divine, honour, zeus, god",8,"honour, wonder, reverence, gift"
ἀγκών,8,lsj,bend of the arm; elbow; arm; bend,106,"stretch, bend, curved, tight",3,"meet, bind, round, stretch",7,"round, stretch, straight, turn",8,"round, straight, stretch, turn",20,"bend, curved, twisted, stretch"
λάξ,8,lsj,with the foot; under foot,93,"set, beneath, lowest, high",4,"spear, bronze, eat, silver",9,"spear, bronze, breast, arrow",11,"breast, thigh, knee, arm",26,"breast, thigh, knee, arm"
Ἡρακλέης,8,lsj,Heracles; like Heracles,-1,(outlier),4,"spear, bronze, eat, silver",10,"eat, tree, heracles, meal",15,"heracles, bird, fish, fly",34,"heracles, bird, fish, fly"
ἐρεβεννός,8,lsj,"dark, gloomy",4,"dark, black, murky, gloom",5,"day, funeral, black, cloud",11,"black, dark, bright, shine",18,"black, dark, bright, shine",37,"black, dark, bright, light"
εὐφραίνω,8,lsj,"cheer, gladden; make merry, enjoy oneself; was rejoiced at; enjoy a pleasure",113,"delight, joy, pleasure, rejoice",9,"desire, noble, strength, easy",19,"desire, wish, love, want",34,"love, heart, sweet, warm",67,"sweet, warm, glad, delight"
φηγός,8,lsj,"Valonia oak, Quercus Aegilops; the oak; acorn of the same tree; fāgus",109,"tree, wood, garden, fir",4,"spear, bronze, eat, silver",10,"eat, tree, heracles, meal",17,"tree, barley, garden, wood",36,"tree, wood, barley, garden"
μυκάομαι,8,lsj,"low, bellow; rang; bellowed",64,"sound, roar, shriek, clash",12,"shout, speak, rouse, speech",23,"rouse, stir, anger, fight",47,"fight, quarrel, anger, battle",93,"fight, battle, quarrel, anger"
ἐπιτάρροθος,8,lsj,"helper, defender; master, lord",101,"lord, queen, master, ruler",1,"son, chariot, lord, old",4,"chariot, lord, guest, master",5,"chariot, lord, shield, master",13,"shield, ranks, warrior, men"
ἀκήριος,8,lsj,unharmed by the; unharmed; free from power of the Fates; having no,-1,(outlier),10,"wound, destroy, slay, kill",21,"wound, destroy, slay, cut",40,"vain, unceasing, unbroken, fruitless",77,"vain, unceasing, unbroken, unharmed"
ὑπέκ,8,lsj,"out from under, from beneath, away from",93,"set, beneath, lowest, high",7,"come, return, near, arrive",15,"near, nigh, far, hand",25,"beneath, lowest, hindmost, atop",49,"beneath, lowest, high, aloft"
ἄσχετος,8,lsj,"not to be checked, ungovernable; resistless; ungovernable, unmanageable; not held together",129,"unresting, ungovernable, unseen, ceaseless",10,"wound, destroy, slay, kill",21,"wound, destroy, slay, cut",40,"vain, unceasing, unbroken, fruitless",77,"vain, unceasing, unbroken, unharmed"
ἕκτωρ,8,lsj,"holding fast; hair-net; Hector, the prop; stay",-1,(outlier),12,"shout, speak, rouse, speech",23,"rouse, stir, anger, fight",48,"rouse, stir, dance, song",95,"spring, dart, rush, leap"
ἀφικάνω,8,lsj,arrive at,123,"arrive, reach, come, attain",7,"come, return, near, arrive",16,"come, return, hither, arrive",29,"come, arrive, home, house",56,"come, arrive, reach, born"
ἀμφιμάχομαι,8,lsj,"fight round; assail, besiege; fight for",27,"battle, quarrel, fight, strife",12,"shout, speak, rouse, speech",23,"rouse, stir, anger, fight",47,"fight, quarrel, anger, battle",93,"fight, battle, quarrel, anger"
παραπείθω,8,lsj,"win by persuasive arts, prevail upon; beguile, cajole; may cajole; to be beguiled",32,"prize, contest, gain, win",11,"ask, inquire, pray, care",22,"ask, pray, inquire, care",44,"ask, inquire, pay, prize",85,"prize, gain, win, contest"
εὐφρονέων,8,lsj,with kind; prudent) mind,-1,(outlier),11,"ask, inquire, pray, care",22,"ask, pray, inquire, care",46,"rejoice, care, heed, counsel",90,"trusty, cheat, truth, trusted"
δεῦτε,8,lsj,come hither!,59,"hither, wherefore, place, way",7,"come, return, near, arrive",16,"come, return, hither, arrive",28,"hither, wherefore, way, just",54,"hither, wherefore, way, just"
τῆμος,8,lsj,"then, thereupon; to-day",-1,(outlier),1,"son, chariot, lord, old",1,"troy, athens, trojan, phthia",1,"troy, trojan, athens, thebes",3,"phthia, lesbos, hang, club"
κτυπέω,8,lsj,"crash; ring, resound; rang; stamp loudly",64,"sound, roar, shriek, clash",12,"shout, speak, rouse, speech",24,"shout, lament, wail, loud",49,"shout, lament, wail, loud",97,"loud, laugh, crash, sound"
πολυπῖδαξ,8,lsj,"with many springs, many-fountained",38,"stream, water, river, spring",6,"wind, water, pour, sea",14,"wind, sea, stream, water",24,"sea, stream, wine, water",48,"stream, wine, water, drink"
τανηλεγής,8,lsj,bringing long woe,-1,(outlier),5,"day, funeral, black, cloud",12,"funeral, long, day, time",19,"long, day, time, morning",38,"long, years, time, late"
ἐμπρήθω,8,lsj,"blow up, inflate; to be bloated; swollen; burn",25,"wash, oil, dry, salt",6,"wind, water, pour, sea",13,"pour, wash, oil, breathe",21,"wash, oil, salt, raw",43,"wash, oil, salt, raw"
κήλεος,8,lsj,burning; dry,-1,(outlier),5,"day, funeral, black, cloud",12,"funeral, long, day, time",20,"funeral, dead, snow, kindle",40,"funeral, dead, mortal, alive"
εὔτροχος,8,lsj,"well-wheeled; smoothlyrunning; running easily; ready, glib",-1,(outlier),3,"meet, bind, round, stretch",8,"meet, bind, ready, gather",9,"bind, ready, fast, make",23,"ready, bind, fast, make"
Ὑπερίων,8,lsj,Hyperion,-1,(outlier),4,"spear, bronze, eat, silver",9,"spear, bronze, breast, arrow",14,"bronze, silver, hollow, gold",31,"bronze, silver, gold, copper"
φύλαξ,8,lsj,"watcher, guard, sentinel; garrison; guards; of reserve",-1,(outlier),1,"son, chariot, lord, old",4,"chariot, lord, guest, master",5,"chariot, lord, shield, master",13,"shield, ranks, warrior, men"
θάλλω,8,lsj,"sprout, grow, thrive; luxuriant; grew; bloom",108,"barley, corn, grain, groats",4,"spear, bronze, eat, silver",10,"eat, tree, heracles, meal",17,"tree, barley, garden, wood",36,"tree, wood, barley, garden"
σβέννυμι,8,lsj,"quench, put out; dry up; quench, quell, check; cooling",25,"wash, oil, dry, salt",6,"wind, water, pour, sea",13,"pour, wash, oil, breathe",22,"pour, breathe, flow, spread",45,"breathe, disperse, sprinkle, spread"
πρόδομος,8,lsj,chamber entered immediately from the fore-court,137,"house, chamber, inner, room",2,"chamber, sleep, sit, bed",6,"chamber, house, ground, inner",7,"chamber, house, ground, mountain",18,"house, chamber, wall, court"
ῥίζα,8,lsj,root; roots; roots of the eye; streaks,23,"eye, face, roots, round",11,"ask, inquire, pray, care",22,"ask, pray, inquire, care",43,"know, appear, perceive, look",83,"look, gaze, eye, behold"
ἀναρπάζω,8,lsj,"snatch up; causing; to evaporate; snatch away, carry off",86,"carry, snatch, away, evaporate",8,"flee, pass, away, drive",18,"flee, fear, away, hold",31,"hold, leave, stay, retire",62,"leave, retire, away, ward"
ἄττα,8,lsj,father,125,"son, child, infant, father",1,"son, chariot, lord, old",2,"old, mother, son, wife",2,"old, son, mother, wife",4,"wife, sister, brother, marry"
ἀσκηθής,8,lsj,"unhurt, unscathed; sound, healthy; unblemished; safe",-1,(outlier),10,"wound, destroy, slay, kill",21,"wound, destroy, slay, cut",40,"vain, unceasing, unbroken, fruitless",77,"vain, unceasing, unbroken, unharmed"
ὀχέω,8,lsj,"hold fast; endure, suffer; bear; continue, keep doing",85,"stay, remain, restrain, stop",8,"flee, pass, away, drive",18,"flee, fear, away, hold",31,"hold, leave, stay, retire",61,"hold, seize, stay, remain"
ὑψόθεν,8,lsj,"from on high, from above; aloft, on high; above, over",93,"set, beneath, lowest, high",7,"come, return, near, arrive",15,"near, nigh, far, hand",25,"beneath, lowest, hindmost, atop",49,"beneath, lowest, high, aloft"
ταρφύς,8,lsj,"thick, close; ofttimes, often",72,"sharp, keen, smooth, rugged",9,"desire, noble, strength, easy",20,"noble, strength, swift, little",36,"swift, little, haste, eager",71,"little, softly, firm, small"
ἀνατρέχω,8,lsj,run back; return; revert; recur,43,"return, backwards, rear, home",7,"come, return, near, arrive",16,"come, return, hither, arrive",27,"return, time, fifth, backwards",52,"return, backwards, anew, come home"
ἐφίζω,8,lsj,set upon; set; ashore; having set,93,"set, beneath, lowest, high",11,"ask, inquire, pray, care",22,"ask, pray, inquire, care",46,"rejoice, care, heed, counsel",92,"dwell, set, situated, devise"
λιαρός,8,lsj,"warm, lukewarm; warm, soft; gentle, balmy",-1,(outlier),9,"desire, noble, strength, easy",19,"desire, wish, love, want",34,"love, heart, sweet, warm",67,"sweet, warm, glad, delight"
ἀνδρόμεος,8,lsj,human; of manʼs flesh; of men; máya,100,"divine, mortal, god, zeus",5,"day, funeral, black, cloud",12,"funeral, long, day, time",20,"funeral, dead, snow, kindle",40,"funeral, dead, mortal, alive"
κακόω,8,lsj,"maltreat, distress; afflict; the afflicted; to be in ill plight, be distressed",79,"grieving, distressed, wretched, pity",10,"wound, destroy, slay, kill",21,"wound, destroy, slay, cut",42,"wound, cut, tears, toil",81,"toil, tears, pain, distressed"
ὑβρίζω,8,lsj,"wax wanton, run riot; neigh; bray and prance about; run riot, grow rank and luxuriant",118,"fly, winged, dart, riot",1,"son, chariot, lord, old",1,"troy, athens, trojan, phthia",1,"troy, trojan, athens, thebes",3,"phthia, lesbos, hang, club"
ἀτέμβω,8,lsj,"maltreat; afflict, perplex; to be bereft; cheated of",79,"grieving, distressed, wretched, pity",10,"wound, destroy, slay, kill",21,"wound, destroy, slay, cut",42,"wound, cut, tears, toil",81,"toil, tears, pain, distressed"
νίσσομαι,8,lsj,"go, come; coming down; ni-ns",122,"come, ibo, pass, approach",8,"flee, pass, away, drive",17,"pass, lead, come, throw",30,"pass, lead, come, throw",58,"ibo, sink, fall, come"
θεσπιδαής,8,lsj,kindled by a god; portentous,100,"divine, mortal, god, zeus",1,"son, chariot, lord, old",3,"divine, honour, zeus, wonder",3,"divine, honour, zeus, god",7,"divine, zeus, god, holy"
ἀρή,8,lsj,"bane, ruin",80,"destroy, waste, bane, sack",10,"wound, destroy, slay, kill",21,"wound, destroy, slay, cut",41,"destiny, dishonour, wretched, hateful",79,"destiny, wretched, hateful, wrath"
γυμνόω,8,lsj,strip naked; strip; strip oneself; be stripped naked,83,"strip, cut, loose, belch",10,"wound, destroy, slay, kill",21,"wound, destroy, slay, cut",42,"wound, cut, tears, toil",80,"wound, cut, strip, blood"
ἱέραξ,8,lsj,"hawk, falcon; fish; bandage",-1,(outlier),4,"spear, bronze, eat, silver",9,"spear, bronze, breast, arrow",12,"spear, arrow, sword, girdle",28,"spear, sword, girdle, belt"
περιμήκης,8,lsj,"very tall; long; very high; very large, huge",5,"high, lofty, height, feet",9,"desire, noble, strength, easy",20,"noble, strength, swift, little",38,"strength, force, high, courage",74,"high, courage, better, stout"
ἴχνιον,8,lsj,"track, footprint; track; step; trace, remnant",-1,(outlier),8,"flee, pass, away, drive",17,"pass, lead, come, throw",30,"pass, lead, come, throw",57,"drive, pass, rush, path"
ἤια,8,lsj (relaxed match),provisions for a journey; food; husks; chaff,63,"eat, devour, food, meal",1,"son, chariot, lord, old",4,"chariot, lord, guest, master",4,"guest, slave, serve, banquet",10,"slave, mistress, care, queen"
ἀσφαλής,8,lsj,"not liable to fall, immovable, steadfast; unshaken; unfailing, trusty; safe",129,"unresting, ungovernable, unseen, ceaseless",10,"wound, destroy, slay, kill",21,"wound, destroy, slay, cut",40,"vain, unceasing, unbroken, fruitless",77,"vain, unceasing, unbroken, unharmed"
ἄνευ,8,lsj,"without; without reference to; away from, far from; except, besides",45,"far, away, apart, aloof",7,"come, return, near, arrive",15,"near, nigh, far, hand",26,"near, far, nigh, hand",50,"far, away, distance, distant"
κυανοχαίτης,8,lsj,dark-haired; dark blue; dark-maned,4,"dark, black, murky, gloom",4,"spear, bronze, eat, silver",9,"spear, bronze, breast, arrow",13,"helmet, hair, head, cloth",30,"hair, helmet, head, face"
ἀναγιγνώσκω,8,lsj,"know well, know certainly; perceive; know again, recognize; acknowledge, own",17,"know, perceive, discover, recognize",11,"ask, inquire, pray, care",22,"ask, pray, inquire, care",43,"know, appear, perceive, look",82,"know, appear, perceive, bring light"
λουτρόν,8,lsj,"bath, bathing-place; bath; washing; bathing-establishment",25,"wash, oil, dry, salt",6,"wind, water, pour, sea",13,"pour, wash, oil, breathe",21,"wash, oil, salt, raw",43,"wash, oil, salt, raw"
βέλτερος,8,lsj,"better, more excellent; it is better",89,"strength, force, better, mighty",9,"desire, noble, strength, easy",20,"noble, strength, swift, little",38,"strength, force, high, courage",74,"high, courage, better, stout"
φυτόν,8,lsj,"plant; garden plant; tree; sucker, slip",109,"tree, wood, garden, fir",4,"spear, bronze, eat, silver",10,"eat, tree, heracles, meal",17,"tree, barley, garden, wood",36,"tree, wood, barley, garden"
ἐρεύγομαι,8,lsj,"belch out, disgorge; belch; discharge itself; blurt out",83,"strip, cut, loose, belch",8,"flee, pass, away, drive",18,"flee, fear, away, hold",31,"hold, leave, stay, retire",62,"leave, retire, away, ward"
ἀεικίζω,8,lsj,"treat unseemly, injure; I will do; dishonour",-1,(outlier),10,"wound, destroy, slay, kill",21,"wound, destroy, slay, cut",41,"destiny, dishonour, wretched, hateful",78,"dishonour, pity, disgrace, reproach"
σχεδόθεν,8,lsj,"from nigh at hand; nigh at hand, near",44,"near, nigh, hand, hard",7,"come, return, near, arrive",15,"near, nigh, far, hand",26,"near, far, nigh, hand",51,"near, nigh, hand, close"
κόπρος,8,lsj,"excrement, ordure; dung, manure; filth, dirt; dunghill, byre",63,"eat, devour, food, meal",6,"wind, water, pour, sea",13,"pour, wash, oil, breathe",21,"wash, oil, salt, raw",43,"wash, oil, salt, raw"
λιμός,8,lsj,"Fr.anon; hunger, famine; a hungry wretch",63,"eat, devour, food, meal",11,"ask, inquire, pray, care",22,"ask, pray, inquire, care",46,"rejoice, care, heed, counsel",89,"care, rejoice, heed, attempt"
περάω2,8,lsj (homographs merged),drive right through; pass right across; through; traverse,-1,(outlier),8,"flee, pass, away, drive",17,"pass, lead, come, throw",30,"pass, lead, come, throw",57,"drive, pass, rush, path"
ὦνος,8,lsj,price paid; for; purchase; articles of traffic,30,"pay, price, debt, obligation",11,"ask, inquire, pray, care",22,"ask, pray, inquire, care",44,"ask, inquire, pay, prize",87,"pay, debt, receive, price"
ἀκηδής,8,lsj,uncared for; unburied; without care; sorrow,-1,(outlier),10,"wound, destroy, slay, kill",21,"wound, destroy, slay, cut",40,"vain, unceasing, unbroken, fruitless",77,"vain, unceasing, unbroken, unharmed"
συφορβός,8,lsj,swineherd,135,"herd, serpent, boar, wolf",4,"spear, bronze, eat, silver",9,"spear, bronze, breast, arrow",14,"bronze, silver, hollow, gold",33,"lycia, stone, grind, goblet"
τηλεδαπός,8,lsj,"from a far country; far off, distant",45,"far, away, apart, aloof",7,"come, return, near, arrive",15,"near, nigh, far, hand",26,"near, far, nigh, hand",50,"far, away, distance, distant"
δύσμορος,8,lsj,ill-fated; with ill fortune,49,"destiny, doom, fate, destined",10,"wound, destroy, slay, kill",21,"wound, destroy, slay, cut",41,"destiny, dishonour, wretched, hateful",79,"destiny, wretched, hateful, wrath"
ἀριφραδής,8,lsj,"clear, manifest; plainly; clear to the sight, bright; very thoughtful, wise",-1,(outlier),5,"day, funeral, black, cloud",11,"black, dark, bright, shine",18,"black, dark, bright, shine",37,"black, dark, bright, light"
πρόχοος,8,lsj,"vessel for pouring out, jug; ewer for pouring water upon the hands; wine-jug",28,"wine, drink, mix, lesbos",6,"wind, water, pour, sea",14,"wind, sea, stream, water",24,"sea, stream, wine, water",48,"stream, wine, water, drink"
ἐπικλώθω,8,lsj,spin upon; spin to; assign; its destiny,107,"round, turn, circle, wheel",10,"wound, destroy, slay, kill",21,"wound, destroy, slay, cut",41,"destiny, dishonour, wretched, hateful",79,"destiny, wretched, hateful, wrath"
χέρνιψ,8,lsj,water for washing the hands; purifications with holy water; the use of holy water; therein,25,"wash, oil, dry, salt",6,"wind, water, pour, sea",13,"pour, wash, oil, breathe",21,"wash, oil, salt, raw",43,"wash, oil, salt, raw"
νήποινος,8,lsj,"unavenged, without compensation; without share of, unblest with",129,"unresting, ungovernable, unseen, ceaseless",10,"wound, destroy, slay, kill",21,"wound, destroy, slay, cut",40,"vain, unceasing, unbroken, fruitless",77,"vain, unceasing, unbroken, unharmed"
φιλήρετμος,8,lsj,fond of the oar,51,"oar, ranks, rows, handle",4,"spear, bronze, eat, silver",9,"spear, bronze, breast, arrow",11,"breast, thigh, knee, arm",26,"breast, thigh, knee, arm"
ἐπηετανός,8,lsj,"abundant, ample, sufficient; always full; great store; thick, full",-1,(outlier),9,"desire, noble, strength, easy",20,"noble, strength, swift, little",35,"like, resembling, mighty, sort",69,"great, mighty, sort, exceedingly"
ἁλμυρός,8,lsj,"salt, briny; salt sea; salt; Acut.(Sp.)",25,"wash, oil, dry, salt",6,"wind, water, pour, sea",13,"pour, wash, oil, breathe",21,"wash, oil, salt, raw",43,"wash, oil, salt, raw"
μοχλός,8,lsj,"bar, lever, crowbar; any bar; stake; bar",141,"strap, cord, thong, bar",4,"spear, bronze, eat, silver",9,"spear, bronze, breast, arrow",12,"spear, arrow, sword, girdle",28,"spear, sword, girdle, belt"
Σειρήν,8,lsj,"Siren; Sirens; Siren, deceitful woman; the Siren charm",64,"sound, roar, shriek, clash",9,"desire, noble, strength, easy",19,"desire, wish, love, want",34,"love, heart, sweet, warm",67,"sweet, warm, glad, delight"
οὐλή,8,lsj,"wound scarred over, scar",12,"wound, blood, ulcer, scar",10,"wound, destroy, slay, kill",21,"wound, destroy, slay, cut",42,"wound, cut, tears, toil",80,"wound, cut, strip, blood"
διίστημι,7,lsj (relaxed match),"set apart, separate; set; at variance with; divide",70,"apart, separate, divide, choose",3,"meet, bind, round, stretch",8,"meet, bind, ready, gather",10,"meet, gather, pick, assembly",24,"mix, equal, alike, separate"
ζάθεος,7,lsj,"very divine, sacred",100,"divine, mortal, god, zeus",1,"son, chariot, lord, old",3,"divine, honour, zeus, wonder",3,"divine, honour, zeus, god",7,"divine, zeus, god, holy"
ἀργός,7,lsj,"shining, glistening; swift-footed; white; Swift-foot",2,"swift, quick, hasty, light",9,"desire, noble, strength, easy",20,"noble, strength, swift, little",36,"swift, little, haste, eager",70,"swift, haste, eager, quick"
κότος,7,lsj,"grudge, rancour, ill-will; vengeance",-1,(outlier),10,"wound, destroy, slay, kill",21,"wound, destroy, slay, cut",41,"destiny, dishonour, wretched, hateful",79,"destiny, wretched, hateful, wrath"
θεοπροπία,7,lsj,"prophecy, oracle",-1,(outlier),1,"son, chariot, lord, old",3,"divine, honour, zeus, wonder",3,"divine, honour, zeus, god",7,"divine, zeus, god, holy"
οἴκοι,7,lsj,"at home, in the house; domestic affairs; home products; oneʼs own country",40,"home, house, inside, domestic",7,"come, return, near, arrive",16,"come, return, hither, arrive",29,"come, arrive, home, house",55,"home, house, inside, come forth"
εὐτείχεος,7,lsj,well-walled,73,"wrought, good dwell, poised, built",9,"desire, noble, strength, easy",20,"noble, strength, swift, little",37,"noble, wrought, glorious, splendid",72,"noble, wrought, glorious, splendid"
ἱλάσκομαι,7,agwn,"fix firmly: ""He ensconced himself in the chair""",127,"sit, seat, chair, place",11,"ask, inquire, pray, care",22,"ask, pray, inquire, care",46,"rejoice, care, heed, counsel",89,"care, rejoice, heed, attempt"
κώπη,7,lsj,handle; handle of an oar; the oar; oars,51,"oar, ranks, rows, handle",4,"spear, bronze, eat, silver",9,"spear, bronze, breast, arrow",11,"breast, thigh, knee, arm",26,"breast, thigh, knee, arm"
λωίων,7,lsj (relaxed match),"more desirable, more agreeable, better; my good friend",96,"courage, good, arrogant, manly",9,"desire, noble, strength, easy",20,"noble, strength, swift, little",38,"strength, force, high, courage",74,"high, courage, better, stout"
ἀγορητής,7,lsj,speaker; public auctioneer,-1,(outlier),4,"spear, bronze, eat, silver",9,"spear, bronze, breast, arrow",14,"bronze, silver, hollow, gold",33,"lycia, stone, grind, goblet"
μέλι,7,lsj,honey; sweet gum; manna; milip,-1,(outlier),9,"desire, noble, strength, easy",19,"desire, wish, love, want",34,"love, heart, sweet, warm",67,"sweet, warm, glad, delight"
τελήεις,7,lsj,"perfect, complete; of full tale; number; of full-grown beasts",-1,(outlier),9,"desire, noble, strength, easy",20,"noble, strength, swift, little",35,"like, resembling, mighty, sort",69,"great, mighty, sort, exceedingly"
ὀτρηρός,7,lsj,"quick, nimble, busy, ready; sharp, cutting",-1,(outlier),9,"desire, noble, strength, easy",20,"noble, strength, swift, little",36,"swift, little, haste, eager",71,"little, softly, firm, small"
ἀναδύνω,7,lsj,come to the top of the water; emerge,37,"flow, tears, shed, forth",6,"wind, water, pour, sea",14,"wind, sea, stream, water",24,"sea, stream, wine, water",48,"stream, wine, water, drink"
ἑκατηβόλος,7,lsj,far-darting; shooting a hundred; hitting the mark at will,-1,(outlier),12,"shout, speak, rouse, speech",23,"rouse, stir, anger, fight",48,"rouse, stir, dance, song",95,"spring, dart, rush, leap"
ἐπασσύτερος,7,lsj,"one upon another, one after another; one after another; upon; frequent, repeated",67,"forthwith, soon, longer, second",7,"come, return, near, arrive",16,"come, return, hither, arrive",27,"return, time, fifth, backwards",53,"time, fifth, forthwith, fourth"
κλισίηθεν,7,lsj,out of; from the hut,-1,(outlier),7,"come, return, near, arrive",16,"come, return, hither, arrive",29,"come, arrive, home, house",55,"home, house, inside, come forth"
Αἰθίοψ,7,lsj,"Burnt-face; Ethiopian, negro; a fish; Ethiopian",-1,(outlier),4,"spear, bronze, eat, silver",10,"eat, tree, heracles, meal",15,"heracles, bird, fish, fly",34,"heracles, bird, fish, fly"
εὔζωνος,7,lsj,"well-girdled; girt up for exercise, active; well-equipped; well-girded",73,"wrought, good dwell, poised, built",9,"desire, noble, strength, easy",20,"noble, strength, swift, little",36,"swift, little, haste, eager",71,"little, softly, firm, small"
οὐλοχύται,7,lsj,barley-groats; coarsely-ground barley sprinkled,108,"barley, corn, grain, groats",4,"spear, bronze, eat, silver",10,"eat, tree, heracles, meal",17,"tree, barley, garden, wood",36,"tree, wood, barley, garden"
προβάλλω,7,lsj,"throw; lay before, throw to; put forward; present",91,"throw, send, fall, forth",8,"flee, pass, away, drive",17,"pass, lead, come, throw",30,"pass, lead, come, throw",59,"throw, send, forth, forward"
ἐπάρχω,7,lsj,"rule over; to be governor, commandant of; rule besides; pour the first drops",101,"lord, queen, master, ruler",1,"son, chariot, lord, old",4,"chariot, lord, guest, master",5,"chariot, lord, shield, master",12,"lord, king, master, leader"
τέκμαρ,7,lsj,"fixed mark; boundary, goal, end; goal; an end",-1,(outlier),8,"flee, pass, away, drive",17,"pass, lead, come, throw",30,"pass, lead, come, throw",60,"lead, end, shut, fulfil"
ἀγνοέω,7,lsj,not to perceive; recognize; he perceived; knew well,17,"know, perceive, discover, recognize",11,"ask, inquire, pray, care",22,"ask, pray, inquire, care",43,"know, appear, perceive, look",82,"know, appear, perceive, bring light"
ἀνεκτός,7,lsj,"bearable, sufferable, tolerable; that can be endured; tolerable; more tolerable",-1,(outlier),10,"wound, destroy, slay, kill",21,"wound, destroy, slay, cut",42,"wound, cut, tears, toil",81,"toil, tears, pain, distressed"
νέκταρ,7,lsj,nectar; wine; perfumed unguent,28,"wine, drink, mix, lesbos",6,"wind, water, pour, sea",14,"wind, sea, stream, water",24,"sea, stream, wine, water",48,"stream, wine, water, drink"
ποιπνύω,7,lsj,bustle about; make haste and; labouring,99,"haste, eager, furiously, rage",10,"wound, destroy, slay, kill",21,"wound, destroy, slay, cut",42,"wound, cut, tears, toil",81,"toil, tears, pain, distressed"
καθεύδω,7,lsj,"lie down to sleep, sleep; to sleep; pass the night; roost",92,"sleep, lie, lay, bed",2,"chamber, sleep, sit, bed",5,"sleep, sit, seat, bed",6,"sleep, sit, seat, bed",15,"sleep, bed, lie, lay"
ἀμφιχέω,7,lsj,"pour around, pour; spread over; to be poured; shed around",29,"pour, filled, spread, fish",6,"wind, water, pour, sea",13,"pour, wash, oil, breathe",22,"pour, breathe, flow, spread",44,"pour, flow, filled, shed"
Ἀτρυτώνη,7,lsj,the Unwearied,114,"garment, cloth, skin, cloak",4,"spear, bronze, eat, silver",9,"spear, bronze, breast, arrow",14,"bronze, silver, hollow, gold",33,"lycia, stone, grind, goblet"
ἀγκυλομήτης,7,lsj,crooked of counsel,16,"counsel, craft, wise, plan",11,"ask, inquire, pray, care",22,"ask, pray, inquire, care",46,"rejoice, care, heed, counsel",91,"counsel, assistant crooked, imparted, skilled"
χατίζω,7,lsj,"have need of, crave; in want; in want, needy; lack, be without",13,"desire, want, wish, need",9,"desire, noble, strength, easy",19,"desire, wish, love, want",33,"wish, need, want, desire",65,"wish, need, want, desire"
πέσσω,7,lsj,"soften, ripen; change; ripen; bring to maturity",21,"golden, robe, flowers, soft",4,"spear, bronze, eat, silver",10,"eat, tree, heracles, meal",17,"tree, barley, garden, wood",36,"tree, wood, barley, garden"
ἔπειμι,7,lsj,"sum; to be upon; to be upon, be set upon; to be attached",-1,(outlier),11,"ask, inquire, pray, care",22,"ask, pray, inquire, care",46,"rejoice, care, heed, counsel",92,"dwell, set, situated, devise"
ἀνιάω,7,lsj,"grieve, distress; to be grieved, distressed; is vexed; have",79,"grieving, distressed, wretched, pity",10,"wound, destroy, slay, kill",21,"wound, destroy, slay, cut",42,"wound, cut, tears, toil",81,"toil, tears, pain, distressed"
ἀσχαλάω,7,lsj,"to be distressed, grieved; is vexed because of",79,"grieving, distressed, wretched, pity",10,"wound, destroy, slay, kill",21,"wound, destroy, slay, cut",42,"wound, cut, tears, toil",81,"toil, tears, pain, distressed"
κενός,7,lsj,empty; pause; the void of space; cavity,139,"breast, hollow, lap, guts",5,"day, funeral, black, cloud",12,"funeral, long, day, time",20,"funeral, dead, snow, kindle",42,"star, olympus, heaven, middle"
ἀρίζηλος,7,lsj,conspicuous; plain,-1,(outlier),9,"desire, noble, strength, easy",20,"noble, strength, swift, little",37,"noble, wrought, glorious, splendid",72,"noble, wrought, glorious, splendid"
τοσοῦτος,7,lsj,"so large, so tall; so great; so many; of the same height",5,"high, lofty, height, feet",9,"desire, noble, strength, easy",20,"noble, strength, swift, little",38,"strength, force, high, courage",74,"high, courage, better, stout"
αἰειγενέτης,7,agwn,any supernatural being worshipped as controlling some part of the world or some aspect of life or who is the personifica,100,"divine, mortal, god, zeus",1,"son, chariot, lord, old",3,"divine, honour, zeus, wonder",3,"divine, honour, zeus, god",7,"divine, zeus, god, holy"
μῶλος,7,lsj,toil and moil; struggle between,31,"toil, work, suffer, labour",10,"wound, destroy, slay, kill",21,"wound, destroy, slay, cut",42,"wound, cut, tears, toil",81,"toil, tears, pain, distressed"
περιίστημι,7,lsj,place round; bring round; convert; transfer,107,"round, turn, circle, wheel",3,"meet, bind, round, stretch",7,"round, stretch, straight, turn",8,"round, straight, stretch, turn",21,"round, turn, circle, rim"
κατακαίω,7,lsj,burn completely; burn; alive; burnt,3,"funeral, dead, rites, burial",5,"day, funeral, black, cloud",12,"funeral, long, day, time",20,"funeral, dead, snow, kindle",40,"funeral, dead, mortal, alive"
ἀγάλλω,7,lsj,"glorify, exalt; pay honour to; adorn; glory, exult in",26,"honour, wonder, reverence, glory",1,"son, chariot, lord, old",3,"divine, honour, zeus, wonder",3,"divine, honour, zeus, god",8,"honour, wonder, reverence, gift"
αἰπόλιον,7,lsj,herd of goats; goat-pasture,135,"herd, serpent, boar, wolf",4,"spear, bronze, eat, silver",10,"eat, tree, heracles, meal",15,"heracles, bird, fish, fly",34,"heracles, bird, fish, fly"
Βοιωτός,7,lsj,a Boeotian; Boeotia; cattle-pastures; Boeotian,-1,(outlier),4,"spear, bronze, eat, silver",10,"eat, tree, heracles, meal",15,"heracles, bird, fish, fly",34,"heracles, bird, fish, fly"
παρθένος,7,lsj,"maiden, girl; girls; virgin; the Virgin Goddess",101,"lord, queen, master, ruler",1,"son, chariot, lord, old",2,"old, mother, son, wife",2,"old, son, mother, wife",4,"wife, sister, brother, marry"
Σπάρτη,7,lsj,Sparta; from Sparta; to Sparta; a Spartan,143,"troy, athens, trojan, greece",1,"son, chariot, lord, old",1,"troy, athens, trojan, phthia",1,"troy, trojan, athens, thebes",1,"troy, trojan, athens, thebes"
Ἡράκλειος,7,lsj,of Heracles; Heracles himself; like Heracles; temple of Heracles,-1,(outlier),4,"spear, bronze, eat, silver",10,"eat, tree, heracles, meal",15,"heracles, bird, fish, fly",34,"heracles, bird, fish, fly"
Ἐφύρα,7,lsj,Ephyra,143,"troy, athens, trojan, greece",1,"son, chariot, lord, old",1,"troy, athens, trojan, phthia",1,"troy, trojan, athens, thebes",3,"phthia, lesbos, hang, club"
οἰκέω,7,lsj,"inhabit; have, enjoy; to be inhabited; the inhabited country",126,"dwell, inhabit, people, situated",1,"son, chariot, lord, old",2,"old, mother, son, wife",2,"old, son, mother, wife",5,"son, child, mother, father"
ἀλαπαδνός,7,lsj,"easily exhausted; powerless, feeble",88,"force, feeble, forcibly, powerless",9,"desire, noble, strength, easy",20,"noble, strength, swift, little",38,"strength, force, high, courage",73,"strength, force, heavy, feeble"
ὁπλότερος,7,lsj,the younger; younger; youngest; capable of bearing arms,-1,(outlier),1,"son, chariot, lord, old",2,"old, mother, son, wife",2,"old, son, mother, wife",6,"old, age, youth, elders"
ἀλίαστος,7,lsj,"not to be turned aside, unabating; undaunted",-1,(outlier),11,"ask, inquire, pray, care",22,"ask, pray, inquire, care",46,"rejoice, care, heed, counsel",89,"care, rejoice, heed, attempt"
κνημός,7,lsj,"projecting limb, shoulder; grove",138,"shoulder, thigh, limb, ankle",4,"spear, bronze, eat, silver",9,"spear, bronze, breast, arrow",11,"breast, thigh, knee, arm",26,"breast, thigh, knee, arm"
Φόρκυς,7,lsj,Phorcys,-1,(outlier),1,"son, chariot, lord, old",1,"troy, athens, trojan, phthia",1,"troy, trojan, athens, thebes",3,"phthia, lesbos, hang, club"
ὑπερβασία,7,lsj,"passover; transgression, trespass",122,"come, ibo, pass, approach",11,"ask, inquire, pray, care",22,"ask, pray, inquire, care",46,"rejoice, care, heed, counsel",89,"care, rejoice, heed, attempt"
ἐφέζομαι,7,lsj,sit upon; sit by; near,127,"sit, seat, chair, place",2,"chamber, sleep, sit, bed",5,"sleep, sit, seat, bed",6,"sleep, sit, seat, bed",14,"sit, seat, chair, throne"
τήκω,7,lsj,"melt, melt down; bring; down in rain; dissolve",25,"wash, oil, dry, salt",6,"wind, water, pour, sea",13,"pour, wash, oil, breathe",21,"wash, oil, salt, raw",43,"wash, oil, salt, raw"
τανύπεπλος,7,lsj,with flowing robe,21,"golden, robe, flowers, soft",4,"spear, bronze, eat, silver",9,"spear, bronze, breast, arrow",13,"helmet, hair, head, cloth",29,"cloth, garment, skin, cloak"
λαπάρα,7,lsj,the soft part of the body; flank; flanks; side,139,"breast, hollow, lap, guts",4,"spear, bronze, eat, silver",9,"spear, bronze, breast, arrow",11,"breast, thigh, knee, arm",26,"breast, thigh, knee, arm"
φάλος,7,lsj,horn; boss; ornament,77,"arrow, bow, javelin, shoot",4,"spear, bronze, eat, silver",10,"eat, tree, heracles, meal",15,"heracles, bird, fish, fly",34,"heracles, bird, fish, fly"
ἠπεροπεύω,7,lsj,"cheat, cajole; seduction",90,"true, trusty, truth, cheat",11,"ask, inquire, pray, care",22,"ask, pray, inquire, care",46,"rejoice, care, heed, counsel",90,"trusty, cheat, truth, trusted"
ὑποστρέφω,7,lsj,turn round about; back; bringing back; roll up,107,"round, turn, circle, wheel",3,"meet, bind, round, stretch",7,"round, stretch, straight, turn",8,"round, straight, stretch, turn",21,"round, turn, circle, rim"
μητίομαι,7,lsj,"devise, contrive",16,"counsel, craft, wise, plan",11,"ask, inquire, pray, care",22,"ask, pray, inquire, care",46,"rejoice, care, heed, counsel",92,"dwell, set, situated, devise"
προκαλέω,7,lsj,"call forth; to be evoked; call out to fight, challenge; challenge",-1,(outlier),12,"shout, speak, rouse, speech",23,"rouse, stir, anger, fight",47,"fight, quarrel, anger, battle",93,"fight, battle, quarrel, anger"
ἔραμαι,7,lsj,"love; desire passionately, lust after; desire eagerly",13,"desire, want, wish, need",9,"desire, noble, strength, easy",19,"desire, wish, love, want",34,"love, heart, sweet, warm",66,"heart, love, affection, desire"
τρητός,7,lsj,"perforated, with a hole in it; inlaid; holes; mortised",139,"breast, hollow, lap, guts",4,"spear, bronze, eat, silver",9,"spear, bronze, breast, arrow",14,"bronze, silver, hollow, gold",32,"hollow, shape, form, hewn"
σκύζομαι,7,lsj,to be angry with; to be wroth,98,"anger, wrath, angry, rage",12,"shout, speak, rouse, speech",23,"rouse, stir, anger, fight",47,"fight, quarrel, anger, battle",93,"fight, battle, quarrel, anger"
ἀτέλεστος,7,lsj,"without end, issue; effect, unaccomplished; not deserving of accomplishment; truncated",-1,(outlier),8,"flee, pass, away, drive",17,"pass, lead, come, throw",30,"pass, lead, come, throw",60,"lead, end, shut, fulfil"
ὠμός,7,lsj,"raw, crude; raw, uncooked; raw; crude",63,"eat, devour, food, meal",6,"wind, water, pour, sea",13,"pour, wash, oil, breathe",21,"wash, oil, salt, raw",43,"wash, oil, salt, raw"
διατρίβω,7,lsj,"rub hard; wear away, consume; to fritter away; perish",-1,(outlier),4,"spear, bronze, eat, silver",9,"spear, bronze, breast, arrow",14,"bronze, silver, hollow, gold",33,"lycia, stone, grind, goblet"
ὀιστεύω,7,lsj (relaxed match),shoot arrows; with an arrow; shoot with an arrow,77,"arrow, bow, javelin, shoot",4,"spear, bronze, eat, silver",9,"spear, bronze, breast, arrow",12,"spear, arrow, sword, girdle",27,"arrow, bow, shoot, sagitta"
βόειος,7,lsj,of an ox; oxen; of ox-hide; bull,-1,(outlier),4,"spear, bronze, eat, silver",10,"eat, tree, heracles, meal",15,"heracles, bird, fish, fly",34,"heracles, bird, fish, fly"
ἀγελείη,7,lsj,"driver of spoil, the forager; Seven",74,"slay, slaughter, kill, sacrifice",4,"spear, bronze, eat, silver",10,"eat, tree, heracles, meal",15,"heracles, bird, fish, fly",34,"heracles, bird, fish, fly"
γύψ,7,lsj,vulture,-1,(outlier),4,"spear, bronze, eat, silver",9,"spear, bronze, breast, arrow",12,"spear, arrow, sword, girdle",28,"spear, sword, girdle, belt"
γηθόσυνος,7,lsj,"joyful, glad",112,"glad, welcome, lovely, beautiful",9,"desire, noble, strength, easy",19,"desire, wish, love, want",34,"love, heart, sweet, warm",67,"sweet, warm, glad, delight"
γέφυρα,7,lsj,"dyke, dam; open space; limits; causeway",133,"banks, shore, dyke, headland",2,"chamber, sleep, sit, bed",6,"chamber, house, ground, inner",7,"chamber, house, ground, mountain",18,"house, chamber, wall, court"
ἄχνη,7,lsj,"anything that comes off the surface; foam, froth; exudation; froth",25,"wash, oil, dry, salt",6,"wind, water, pour, sea",13,"pour, wash, oil, breathe",21,"wash, oil, salt, raw",43,"wash, oil, salt, raw"
γάλα,7,lsj,lac; glact; milk; the breast,-1,(outlier),4,"spear, bronze, eat, silver",9,"spear, bronze, breast, arrow",11,"breast, thigh, knee, arm",26,"breast, thigh, knee, arm"
μηκάομαι,7,lsj,"bleat; scream, shriek; shrieking",-1,(outlier),12,"shout, speak, rouse, speech",24,"shout, lament, wail, loud",49,"shout, lament, wail, loud",98,"shout, lament, wail, shriek"
στόνος,7,lsj,sighing; groaning,52,"bewail, groaning, lament, sigh",12,"shout, speak, rouse, speech",24,"shout, lament, wail, loud",49,"shout, lament, wail, loud",98,"shout, lament, wail, shriek"
ἀπορούω,7,lsj,dart away; start back; spring up from,118,"fly, winged, dart, riot",12,"shout, speak, rouse, speech",23,"rouse, stir, anger, fight",48,"rouse, stir, dance, song",95,"spring, dart, rush, leap"
ἀλέω,7,lsj,"grind, bruise; civilized; ground; grind",72,"sharp, keen, smooth, rugged",4,"spear, bronze, eat, silver",9,"spear, bronze, breast, arrow",14,"bronze, silver, hollow, gold",33,"lycia, stone, grind, goblet"
δαίδαλος,7,lsj,"cunningly; curiously wrought; cunning works; spotted, speckled",-1,(outlier),9,"desire, noble, strength, easy",20,"noble, strength, swift, little",37,"noble, wrought, glorious, splendid",72,"noble, wrought, glorious, splendid"
κλόνος,7,lsj,"confused motion, turmoil; battle-rout; throng; throngs",27,"battle, quarrel, fight, strife",12,"shout, speak, rouse, speech",23,"rouse, stir, anger, fight",47,"fight, quarrel, anger, battle",93,"fight, battle, quarrel, anger"
πίσυνος,7,lsj,"trusting on, relying on; obedient",90,"true, trusty, truth, cheat",11,"ask, inquire, pray, care",22,"ask, pray, inquire, care",46,"rejoice, care, heed, counsel",90,"trusty, cheat, truth, trusted"
φάτνη,7,lsj,"manger, crib; manger; haunts; socket of tooth",-1,(outlier),4,"spear, bronze, eat, silver",9,"spear, bronze, breast, arrow",14,"bronze, silver, hollow, gold",33,"lycia, stone, grind, goblet"
κρατερῶνυξ,7,lsj,"strong-hoofed, solid-hoofed; strong-clawed; with strong nails",82,"stout, strong, sturdy, heavy",4,"spear, bronze, eat, silver",9,"spear, bronze, breast, arrow",12,"spear, arrow, sword, girdle",28,"spear, sword, girdle, belt"
καταβάλλω,7,lsj,"throw down, overthrow; to bring down; confound, defy; throw",91,"throw, send, fall, forth",8,"flee, pass, away, drive",17,"pass, lead, come, throw",30,"pass, lead, come, throw",59,"throw, send, forth, forward"
ἄατος,7,lsj,insatiate,13,"desire, want, wish, need",11,"ask, inquire, pray, care",22,"ask, pray, inquire, care",46,"rejoice, care, heed, counsel",90,"trusty, cheat, truth, trusted"
οἰκεύς,7,lsj,"inmate of oneʼs house; menial, servant; serf",137,"house, chamber, inner, room",1,"son, chariot, lord, old",4,"chariot, lord, guest, master",4,"guest, slave, serve, banquet",10,"slave, mistress, care, queen"
εὔπεπλος,7,lsj,"with beautiful peplos, beautifully robed",21,"golden, robe, flowers, soft",4,"spear, bronze, eat, silver",9,"spear, bronze, breast, arrow",13,"helmet, hair, head, cloth",29,"cloth, garment, skin, cloak"
εὔκυκλος,7,lsj,"well-rounded, round; well-wheeled; in horizontal circles, orbicular; moving in a circle, circling",107,"round, turn, circle, wheel",3,"meet, bind, round, stretch",7,"round, stretch, straight, turn",8,"round, straight, stretch, turn",21,"round, turn, circle, rim"
τηλεκλειτός,7,lsj,far-famed,81,"glorious, noble, famous, renowned",9,"desire, noble, strength, easy",20,"noble, strength, swift, little",37,"noble, wrought, glorious, splendid",72,"noble, wrought, glorious, splendid"
πρόσειμι2,7,lsj (homograph 2),"ibo; go to; towards, approach; approach",122,"come, ibo, pass, approach",8,"flee, pass, away, drive",17,"pass, lead, come, throw",30,"pass, lead, come, throw",58,"ibo, sink, fall, come"
λιγυρός,7,lsj,"clear, shrill; which vent themselves in shrill wailings; clear, sweet; shrilly",65,"shout, battle, war, aloud",12,"shout, speak, rouse, speech",25,"speak, speech, voice, address",50,"speak, speech, voice, address",100,"speech, voice, speak, clear"
κυδοιμός,7,lsj,"din of battle, uproar, hubbub; fights",27,"battle, quarrel, fight, strife",12,"shout, speak, rouse, speech",23,"rouse, stir, anger, fight",47,"fight, quarrel, anger, battle",93,"fight, battle, quarrel, anger"
προρέω,7,lsj,"flow forward; forth, flow amain; pour forth",37,"flow, tears, shed, forth",6,"wind, water, pour, sea",13,"pour, wash, oil, breathe",22,"pour, breathe, flow, spread",44,"pour, flow, filled, shed"
ἐγχρίμπτω,7,lsj,bring near to; strike; dash against; so as almost to touch,44,"near, nigh, hand, hard",7,"come, return, near, arrive",15,"near, nigh, far, hand",26,"near, far, nigh, hand",51,"near, nigh, hand, close"
μόρσιμος,7,lsj,"appointed by fate, destined; destiny, doom; foredoomed to die; of doom",49,"destiny, doom, fate, destined",10,"wound, destroy, slay, kill",21,"wound, destroy, slay, cut",41,"destiny, dishonour, wretched, hateful",79,"destiny, wretched, hateful, wrath"
ἄκρον,7,lsj,"highest; farthest point; mountain top, peak; heights",-1,(outlier),2,"chamber, sleep, sit, bed",6,"chamber, house, ground, inner",7,"chamber, house, ground, mountain",17,"peak, mountain, hill, headland"
τρήρων,7,lsj,"timorous, shy; trembler",24,"silence, shake, tremble, softly",11,"ask, inquire, pray, care",22,"ask, pray, inquire, care",46,"rejoice, care, heed, counsel",89,"care, rejoice, heed, attempt"
ἵππειος,7,lsj,of a horse; horses; horse-hair,120,"hair, mane, neck, bushy",4,"spear, bronze, eat, silver",9,"spear, bronze, breast, arrow",13,"helmet, hair, head, cloth",30,"hair, helmet, head, face"
τροχός,7,lsj,wheel; wheels; potterʼs wheel; wheel of a stage-machine,107,"round, turn, circle, wheel",3,"meet, bind, round, stretch",8,"meet, bind, ready, gather",9,"bind, ready, fast, make",23,"ready, bind, fast, make"
ὁμοκλή,7,lsj,"threat, reproof, rebuke; reproaches; threatening shouts; shouts",-1,(outlier),12,"shout, speak, rouse, speech",23,"rouse, stir, anger, fight",47,"fight, quarrel, anger, battle",93,"fight, battle, quarrel, anger"
παραλέγω,7,lsj,pluck out superfluous hair; you have had your eyebrows plucked; sail; coast along,120,"hair, mane, neck, bushy",6,"wind, water, pour, sea",13,"pour, wash, oil, breathe",22,"pour, breathe, flow, spread",45,"breathe, disperse, sprinkle, spread"
ἔνδοθεν,7,lsj,"from within; from inside; of oneself, by oneʼs own doing; of oneself",40,"home, house, inside, domestic",7,"come, return, near, arrive",16,"come, return, hither, arrive",29,"come, arrive, home, house",55,"home, house, inside, come forth"
βλώσκω,7,lsj,go or come; has passed,122,"come, ibo, pass, approach",8,"flee, pass, away, drive",17,"pass, lead, come, throw",30,"pass, lead, come, throw",57,"drive, pass, rush, path"
ἁμός,7,lsj,"sums (some one), suman (sometime, once)",-1,(outlier),11,"ask, inquire, pray, care",22,"ask, pray, inquire, care",43,"know, appear, perceive, look",84,"watch, count, sum, visit"
ἀγλαία,7,lsj (relaxed match),"splendour, beauty; splendour, magnificence; pomp, show; vanities",-1,(outlier),4,"spear, bronze, eat, silver",9,"spear, bronze, breast, arrow",14,"bronze, silver, hollow, gold",33,"lycia, stone, grind, goblet"
συνάντομαι,7,lsj,"fall in with, meet; meet; that accompanies; approach",11,"meet, face, fall, partake",3,"meet, bind, round, stretch",8,"meet, bind, ready, gather",10,"meet, gather, pick, assembly",25,"meet, gather, assembly, face"
ἀμφαδόν,7,lsj,"publicly, openly, without disguise; discovered, known",-1,(outlier),8,"flee, pass, away, drive",18,"flee, fear, away, hold",32,"flee, fear, wander, avoid",64,"fear, silence, conceal, alarm"
πτύξ,7,lsj,"layer, plate; plates; fold; folded piece",10,"double, fold, handled, wrapped covered",3,"meet, bind, round, stretch",8,"meet, bind, ready, gather",9,"bind, ready, fast, make",23,"ready, bind, fast, make"
φυλακή,7,lsj,watching; guarding; watch and ward; to watch,19,"watch, visit, ward, observe",11,"ask, inquire, pray, care",22,"ask, pray, inquire, care",43,"know, appear, perceive, look",84,"watch, count, sum, visit"
μεταφωνέω,7,lsj,speak among; accost,36,"address, speak, accost, assembly",12,"shout, speak, rouse, speech",25,"speak, speech, voice, address",50,"speak, speech, voice, address",99,"address, speak, accost, surname"
χωρίς,7,lsj,"separately, apart; set; apart, in reserve; apart",70,"apart, separate, divide, choose",3,"meet, bind, round, stretch",8,"meet, bind, ready, gather",10,"meet, gather, pick, assembly",24,"mix, equal, alike, separate"
ὀρυκτός,7,lsj,"dug, formed by digging; dug out, quarried; taken by digging",-1,(outlier),2,"chamber, sleep, sit, bed",6,"chamber, house, ground, inner",7,"chamber, house, ground, mountain",16,"ground, trench, earth, dug"
θρόνον,7,lsj,flowers embroidered on cloth; herbs used as drugs and charms,21,"golden, robe, flowers, soft",4,"spear, bronze, eat, silver",9,"spear, bronze, breast, arrow",13,"helmet, hair, head, cloth",29,"cloth, garment, skin, cloak"
διαπρύσιος,7,lsj,"going through, piercing; piercing into, running out into; piercing, thrilling; piercing",-1,(outlier),3,"meet, bind, round, stretch",7,"round, stretch, straight, turn",8,"round, straight, stretch, turn",20,"bend, curved, twisted, stretch"
κατόπισθεν,7,lsj,"behind, after; hereafter, afterwards, henceforth",43,"return, backwards, rear, home",7,"come, return, near, arrive",16,"come, return, hither, arrive",27,"return, time, fifth, backwards",53,"time, fifth, forthwith, fourth"
ῥιπή,7,lsj,swing; force with which anything is thrown; flight; the sweep,117,"leap, rush, run, chase",12,"shout, speak, rouse, speech",23,"rouse, stir, anger, fight",48,"rouse, stir, dance, song",95,"spring, dart, rush, leap"
Ἔρεβος,7,lsj,Erebos; the darkness; rájas; riqis,-1,(outlier),1,"son, chariot, lord, old",1,"troy, athens, trojan, phthia",1,"troy, trojan, athens, thebes",3,"phthia, lesbos, hang, club"
αἰπός,7,lsj,"high, lofty; falling sheer down",5,"high, lofty, height, feet",9,"desire, noble, strength, easy",20,"noble, strength, swift, little",38,"strength, force, high, courage",74,"high, courage, better, stout"
γένειον,7,lsj,"part covered by the beard, chin; chin; beard; mane",120,"hair, mane, neck, bushy",4,"spear, bronze, eat, silver",9,"spear, bronze, breast, arrow",13,"helmet, hair, head, cloth",30,"hair, helmet, head, face"
πυρά,7,lsj,watch-fires; beacon-fires; fires,7,"bright, light, kindle, star",5,"day, funeral, black, cloud",12,"funeral, long, day, time",20,"funeral, dead, snow, kindle",41,"kindle, snow, cloud, fires"
σελήνη,7,lsj,the moon; moon; a moonʼs breadth; lunar,-1,(outlier),5,"day, funeral, black, cloud",12,"funeral, long, day, time",20,"funeral, dead, snow, kindle",42,"star, olympus, heaven, middle"
φύζα,7,lsj,"headlong flight, rout",-1,(outlier),8,"flee, pass, away, drive",17,"pass, lead, come, throw",30,"pass, lead, come, throw",57,"drive, pass, rush, path"
βασίλειος,7,lsj,royal; the kingʼs; of the archon; basilica,-1,(outlier),1,"son, chariot, lord, old",3,"divine, honour, zeus, wonder",3,"divine, honour, zeus, god",8,"honour, wonder, reverence, gift"
Ἀχαιικός,7,lsj,"for the Achaians, Achaian",-1,(outlier),1,"son, chariot, lord, old",1,"troy, athens, trojan, phthia",1,"troy, trojan, athens, thebes",1,"troy, trojan, athens, thebes"
ἐπήρατος,7,lsj,"lovely, delightsome",112,"glad, welcome, lovely, beautiful",9,"desire, noble, strength, easy",19,"desire, wish, love, want",34,"love, heart, sweet, warm",67,"sweet, warm, glad, delight"
ἐχθρός,7,lsj,"hated, hateful; hateful; hating, hostile; averse from",111,"hateful, hated, ruthless, terrible",10,"wound, destroy, slay, kill",21,"wound, destroy, slay, cut",41,"destiny, dishonour, wretched, hateful",79,"destiny, wretched, hateful, wrath"
ἀλιταίνω,7,lsj,sin; offend against; transgress; stray from,111,"hateful, hated, ruthless, terrible",10,"wound, destroy, slay, kill",21,"wound, destroy, slay, cut",41,"destiny, dishonour, wretched, hateful",79,"destiny, wretched, hateful, wrath"
ἀμύντωρ,7,lsj,"defender, helper; repeller; avenger",-1,(outlier),1,"son, chariot, lord, old",4,"chariot, lord, guest, master",5,"chariot, lord, shield, master",13,"shield, ranks, warrior, men"
στρωφάω,7,lsj,"turn constantly; keep turning; steer; turn oneself about, keep turning",107,"round, turn, circle, wheel",3,"meet, bind, round, stretch",7,"round, stretch, straight, turn",8,"round, straight, stretch, turn",21,"round, turn, circle, rim"
ὑπερβαίνω,7,lsj,"step over, mount, scale; cross; step over; overflow",-1,(outlier),3,"meet, bind, round, stretch",7,"round, stretch, straight, turn",8,"round, straight, stretch, turn",21,"round, turn, circle, rim"
συγχέω,7,lsj,"pour together, commingle, confound; mix; in confusion; obliterate, demolish",29,"pour, filled, spread, fish",6,"wind, water, pour, sea",13,"pour, wash, oil, breathe",22,"pour, breathe, flow, spread",44,"pour, flow, filled, shed"
χιών,7,lsj,"snow; fallen snow; falling snow; snow-water, ‘ice-coldwater",-1,(outlier),5,"day, funeral, black, cloud",12,"funeral, long, day, time",20,"funeral, dead, snow, kindle",41,"kindle, snow, cloud, fires"
παλύνω,7,lsj,"strew, sprinkle; sprinkled; bestrew, besprinkle; besmear",-1,(outlier),6,"wind, water, pour, sea",13,"pour, wash, oil, breathe",22,"pour, breathe, flow, spread",45,"breathe, disperse, sprinkle, spread"
αἰτιάομαι,7,lsj,"accuse, censure; to accuse; accuse; bring a charge",-1,(outlier),11,"ask, inquire, pray, care",22,"ask, pray, inquire, care",45,"pray, oath, herald, command",88,"pray, oath, herald, command"
στεροπή,7,lsj,"flash of lightning; dazzling light, gieam",7,"bright, light, kindle, star",5,"day, funeral, black, cloud",11,"black, dark, bright, shine",18,"black, dark, bright, shine",37,"black, dark, bright, light"
φῆμις,7,lsj,"speech, talk; place of talk; common opinion; judgement expressed in talk",42,"speech, word, speak, talk",12,"shout, speak, rouse, speech",25,"speak, speech, voice, address",50,"speak, speech, voice, address",100,"speech, voice, speak, clear"
ἐπικρατέω,7,lsj,"rule over; have; hold power; prevail in battle, be victorious",32,"prize, contest, gain, win",11,"ask, inquire, pray, care",22,"ask, pray, inquire, care",44,"ask, inquire, pay, prize",85,"prize, gain, win, contest"
εὐρυμέτωπος,7,lsj,broad-fronted,-1,(outlier),3,"meet, bind, round, stretch",7,"round, stretch, straight, turn",8,"round, straight, stretch, turn",20,"bend, curved, twisted, stretch"
πέντε,7,lsj,five; penqṷe; páñca; penki,50,"years, tenth, period, ninth",1,"son, chariot, lord, old",1,"troy, athens, trojan, phthia",1,"troy, trojan, athens, thebes",2,"tenth, eleventh, number, seven"
ὀροθύνω,7,lsj,"stir up, rouse, urge on; urge",94,"stir, rouse, urge, excite",12,"shout, speak, rouse, speech",23,"rouse, stir, anger, fight",48,"rouse, stir, dance, song",96,"rouse, stir, shake, tremble"
νειός,7,lsj,fallow-land; fallow; rejuvenate; ploughing and sowing,-1,(outlier),2,"chamber, sleep, sit, bed",6,"chamber, house, ground, inner",7,"chamber, house, ground, mountain",16,"ground, trench, earth, dug"
ἀποστρέφω,7,lsj,turn back; turn to flight; turn back from flight; send home again,43,"return, backwards, rear, home",8,"flee, pass, away, drive",17,"pass, lead, come, throw",30,"pass, lead, come, throw",57,"drive, pass, rush, path"
ἀπονίζω,7,lsj,wash off; wash off from oneself; wash clean; was washing his feet,25,"wash, oil, dry, salt",6,"wind, water, pour, sea",13,"pour, wash, oil, breathe",21,"wash, oil, salt, raw",43,"wash, oil, salt, raw"
χαλκοβαρής,7,lsj,heavy; loaded with bronze,0,"bronze, silver, copper, metal",4,"spear, bronze, eat, silver",9,"spear, bronze, breast, arrow",14,"bronze, silver, hollow, gold",31,"bronze, silver, gold, copper"
λίς,7,lsj,lion,135,"herd, serpent, boar, wolf",4,"spear, bronze, eat, silver",10,"eat, tree, heracles, meal",15,"heracles, bird, fish, fly",34,"heracles, bird, fish, fly"
οἰκτρός,7,lsj,"pitiable; to be pitied for; pitiable, lamentable; sorry",79,"grieving, distressed, wretched, pity",10,"wound, destroy, slay, kill",21,"wound, destroy, slay, cut",42,"wound, cut, tears, toil",81,"toil, tears, pain, distressed"
στήλη,7,lsj,block of stone; prop; buttress; block,132,"stone, hewn, block, boulder shape",4,"spear, bronze, eat, silver",9,"spear, bronze, breast, arrow",14,"bronze, silver, hollow, gold",33,"lycia, stone, grind, goblet"
βριαρός,7,lsj,strong,82,"stout, strong, sturdy, heavy",9,"desire, noble, strength, easy",20,"noble, strength, swift, little",38,"strength, force, high, courage",73,"strength, force, heavy, feeble"
καθαιρέω,7,lsj,take down; take; down; take down oneʼs,86,"carry, snatch, away, evaporate",8,"flee, pass, away, drive",18,"flee, fear, away, hold",31,"hold, leave, stay, retire",62,"leave, retire, away, ward"
ποικιλομήτης,7,lsj,full of various wiles,108,"barley, corn, grain, groats",9,"desire, noble, strength, easy",20,"noble, strength, swift, little",35,"like, resembling, mighty, sort",69,"great, mighty, sort, exceedingly"
βιάζω,7,lsj,constrain; they used force; to be hard pressed; overpowered,88,"force, feeble, forcibly, powerless",9,"desire, noble, strength, easy",20,"noble, strength, swift, little",38,"strength, force, high, courage",73,"strength, force, heavy, feeble"
τυρός,7,lsj,cheese; the cheese-market,63,"eat, devour, food, meal",4,"spear, bronze, eat, silver",9,"spear, bronze, breast, arrow",14,"bronze, silver, hollow, gold",33,"lycia, stone, grind, goblet"
ἀπονίναμαι,7,lsj,have the use; enjoyment of; mayest; have joy of,113,"delight, joy, pleasure, rejoice",9,"desire, noble, strength, easy",19,"desire, wish, love, want",34,"love, heart, sweet, warm",67,"sweet, warm, glad, delight"
ὑπέρτερος,7,lsj,"over; above, upper; from the outer parts of a victim, outside; higher",93,"set, beneath, lowest, high",7,"come, return, near, arrive",15,"near, nigh, far, hand",25,"beneath, lowest, hindmost, atop",49,"beneath, lowest, high, aloft"
αὖος,7,lsj,dry; a pole; stale; withered,25,"wash, oil, dry, salt",6,"wind, water, pour, sea",13,"pour, wash, oil, breathe",21,"wash, oil, salt, raw",43,"wash, oil, salt, raw"
δηριάομαι,7,lsj,contend; wrangle; contend with; contest a prize,32,"prize, contest, gain, win",11,"ask, inquire, pray, care",22,"ask, pray, inquire, care",44,"ask, inquire, pay, prize",85,"prize, gain, win, contest"
κῆτος,7,lsj,any sea-monster; huge fish; cetacea,135,"herd, serpent, boar, wolf",4,"spear, bronze, eat, silver",10,"eat, tree, heracles, meal",15,"heracles, bird, fish, fly",34,"heracles, bird, fish, fly"
ἀρίγνωτος,7,lsj,easy to be known; infamous,81,"glorious, noble, famous, renowned",9,"desire, noble, strength, easy",20,"noble, strength, swift, little",37,"noble, wrought, glorious, splendid",72,"noble, wrought, glorious, splendid"
Μίνως,7,lsj,Minos,-1,(outlier),1,"son, chariot, lord, old",1,"troy, athens, trojan, phthia",1,"troy, trojan, athens, thebes",3,"phthia, lesbos, hang, club"
ἀποπλάζω,7,lsj,lead away from; stray away from; glancing off; wander,62,"wander, roam, harm, away",11,"ask, inquire, pray, care",22,"ask, pray, inquire, care",46,"rejoice, care, heed, counsel",89,"care, rejoice, heed, attempt"
ἐυστρεφής,7,lsj (relaxed match),well-twisted; shapely,106,"stretch, bend, curved, tight",3,"meet, bind, round, stretch",7,"round, stretch, straight, turn",8,"round, straight, stretch, turn",20,"bend, curved, twisted, stretch"
γναθμός,7,lsj,jaw,120,"hair, mane, neck, bushy",4,"spear, bronze, eat, silver",9,"spear, bronze, breast, arrow",14,"bronze, silver, hollow, gold",33,"lycia, stone, grind, goblet"
πέλαγος,7,lsj,"the sea; high sea, open sea; sea; flooded plain",130,"sea, stillness, gulf, calm",6,"wind, water, pour, sea",14,"wind, sea, stream, water",24,"sea, stream, wine, water",47,"sea, sail, strait, ship"
τολυπεύω,7,lsj,"wind off; into a clew; wind off, achieve, accomplish; work",18,"wind, cloud, mist, stormy",6,"wind, water, pour, sea",14,"wind, sea, stream, water",23,"wind, storm, breeze, wintry",46,"wind, storm, wintry, hurricane"
τῆ,7,lsj,there!,59,"hither, wherefore, place, way",4,"spear, bronze, eat, silver",9,"spear, bronze, breast, arrow",14,"bronze, silver, hollow, gold",33,"lycia, stone, grind, goblet"
κείω,7,lsj,to lie down; to bed; will lie; that they will lie,92,"sleep, lie, lay, bed",2,"chamber, sleep, sit, bed",5,"sleep, sit, seat, bed",6,"sleep, sit, seat, bed",15,"sleep, bed, lie, lay"
νεώτερος,7,lsj,younger; too young; a minor; men of military age,-1,(outlier),1,"son, chariot, lord, old",2,"old, mother, son, wife",2,"old, son, mother, wife",6,"old, age, youth, elders"
ἀπάγω,7,lsj,"lead away, carry off; hold far off; remove; stop",-1,(outlier),8,"flee, pass, away, drive",17,"pass, lead, come, throw",30,"pass, lead, come, throw",60,"lead, end, shut, fulfil"
πέμπτος,7,lsj,fifth : with four others; the fifth; a fifth; for the fifth time,55,"fifth, half, fourth, thrice",7,"come, return, near, arrive",16,"come, return, hither, arrive",27,"return, time, fifth, backwards",53,"time, fifth, forthwith, fourth"
ἔριφος,7,lsj,kid; Haedi,125,"son, child, infant, father",1,"son, chariot, lord, old",1,"troy, athens, trojan, phthia",1,"troy, trojan, athens, thebes",3,"phthia, lesbos, hang, club"
πάτρα,7,lsj,"fatherland, native land; fatherhood, descent from a common father; hereditary descent; body of persons claiming descent from a",121,"race, descent, father, family",1,"son, chariot, lord, old",2,"old, mother, son, wife",2,"old, son, mother, wife",5,"son, child, mother, father"
πιέζω,7,lsj,"press tight, squeeze; compress; squeezing; to be pressed tight",106,"stretch, bend, curved, tight",6,"wind, water, pour, sea",13,"pour, wash, oil, breathe",22,"pour, breathe, flow, spread",45,"breathe, disperse, sprinkle, spread"
βόθρος,7,lsj,"hole, trench; pit dug in the ground; trough; hollow",-1,(outlier),2,"chamber, sleep, sit, bed",6,"chamber, house, ground, inner",7,"chamber, house, ground, mountain",16,"ground, trench, earth, dug"
δήμιος,7,lsj,belonging to the people; elected by the people; public; at the public cost,126,"dwell, inhabit, people, situated",11,"ask, inquire, pray, care",22,"ask, pray, inquire, care",44,"ask, inquire, pay, prize",87,"pay, debt, receive, price"
ἄστυδε,7,lsj,"into, to; towards the city",95,"enter, come, inspire, city",7,"come, return, near, arrive",16,"come, return, hither, arrive",29,"come, arrive, home, house",56,"come, arrive, reach, born"
ἀλγίων,7,lsj,"more; most painful, grievous; distressing; so much the worse",79,"grieving, distressed, wretched, pity",10,"wound, destroy, slay, kill",21,"wound, destroy, slay, cut",42,"wound, cut, tears, toil",81,"toil, tears, pain, distressed"
ἀνιάζω,7,lsj,"grieve, distress; to be grieved; distressed; grieving",79,"grieving, distressed, wretched, pity",10,"wound, destroy, slay, kill",21,"wound, destroy, slay, cut",42,"wound, cut, tears, toil",81,"toil, tears, pain, distressed"
ἀράω2,7,lsj (homographs merged),plough; arare,-1,(outlier),4,"spear, bronze, eat, silver",9,"spear, bronze, breast, arrow",12,"spear, arrow, sword, girdle",28,"spear, sword, girdle, belt"
Ὠρίων,7,lsj,Orion; constellation,7,"bright, light, kindle, star",5,"day, funeral, black, cloud",12,"funeral, long, day, time",20,"funeral, dead, snow, kindle",42,"star, olympus, heaven, middle"
δοιώ,7,agwn,a set of two similar things considered as a unit,69,"like, equal, age, resembling",11,"ask, inquire, pray, care",22,"ask, pray, inquire, care",46,"rejoice, care, heed, counsel",92,"dwell, set, situated, devise"
αὐδήεις,7,lsj,speaking with human voice; using human speech; vocal; rumour,41,"voice, sound, speech, hear",12,"shout, speak, rouse, speech",25,"speak, speech, voice, address",50,"speak, speech, voice, address",100,"speech, voice, speak, clear"
δίνη,7,lsj,"whirlpool, eddy; rotating heaven; whirlwind; circular motion, rotation",107,"round, turn, circle, wheel",6,"wind, water, pour, sea",14,"wind, sea, stream, water",23,"wind, storm, breeze, wintry",46,"wind, storm, wintry, hurricane"
οἴκτιστος,7,lsj,"most pitiable, lamentable",79,"grieving, distressed, wretched, pity",10,"wound, destroy, slay, kill",21,"wound, destroy, slay, cut",42,"wound, cut, tears, toil",81,"toil, tears, pain, distressed"
ἕσπερος,7,lsj,at evening; evening; of darkness; eventide,8,"day, light, morning, early",5,"day, funeral, black, cloud",12,"funeral, long, day, time",19,"long, day, time, morning",39,"day, morning, dawn, early"
ἀμφαφάω,7,lsj,touch; feel all round; by feeling; handle,-1,(outlier),3,"meet, bind, round, stretch",7,"round, stretch, straight, turn",8,"round, straight, stretch, turn",19,"straight, right, hand, opposite"
κομιδή,7,lsj,"attendance, care; care bestowed on horses; care bestowed on men; care bestowed on",6,"care, heed, bestowed, busy oneself",1,"son, chariot, lord, old",4,"chariot, lord, guest, master",4,"guest, slave, serve, banquet",10,"slave, mistress, care, queen"
ὑπολείπω,7,lsj,"leave remaining; leave; fail; fail, fall short",84,"leave, retire, gone, withdraw",8,"flee, pass, away, drive",18,"flee, fear, away, hold",31,"hold, leave, stay, retire",62,"leave, retire, away, ward"
κλαυθμός,7,agwn,"the process of shedding tears (usually accompanied by sobs or other inarticulate sounds); ""I hate to hear a child crying",54,"tears, accompanied, sobs inarticulate, inarticulate sounds",10,"wound, destroy, slay, kill",21,"wound, destroy, slay, cut",42,"wound, cut, tears, toil",81,"toil, tears, pain, distressed"
τρύχω,7,lsj,"wear out, waste, consume; to eat; out of house and home; get the better of, cure",63,"eat, devour, food, meal",6,"wind, water, pour, sea",13,"pour, wash, oil, breathe",21,"wash, oil, salt, raw",43,"wash, oil, salt, raw"
τέγος,7,lsj,roof; roof!; covered hall; chamber,-1,(outlier),2,"chamber, sleep, sit, bed",6,"chamber, house, ground, inner",7,"chamber, house, ground, mountain",18,"house, chamber, wall, court"
σπεῖρον,7,lsj,piece of cloth; cloth; wraps; cerecloth,114,"garment, cloth, skin, cloak",4,"spear, bronze, eat, silver",9,"spear, bronze, breast, arrow",13,"helmet, hair, head, cloth",29,"cloth, garment, skin, cloak"
εὐδείελος,7,lsj,"clear, distinct; farseen; open to the sun, sunny",7,"bright, light, kindle, star",5,"day, funeral, black, cloud",11,"black, dark, bright, shine",18,"black, dark, bright, shine",37,"black, dark, bright, light"
φώκη,7,lsj,seal; Phoca monachus,142,"thracian, scylla seal, monachus calchas, calypso icarian",1,"son, chariot, lord, old",1,"troy, athens, trojan, phthia",1,"troy, trojan, athens, thebes",3,"phthia, lesbos, hang, club"
βυσσοδομεύω,7,lsj,"build in the deep; brood over; in the depth of oneʼs soul, ponder deeply; secret designs",116,"earth, ground, surface, deep",3,"meet, bind, round, stretch",8,"meet, bind, ready, gather",9,"bind, ready, fast, make",23,"ready, bind, fast, make"
τρόπις,7,lsj,shipʼs keel; ship; keels,131,"sail, ship, sea, float",6,"wind, water, pour, sea",14,"wind, sea, stream, water",24,"sea, stream, wine, water",47,"sea, sail, strait, ship"
ἀσπαστός,7,lsj,welcome; to be welcomed,112,"glad, welcome, lovely, beautiful",9,"desire, noble, strength, easy",19,"desire, wish, love, want",34,"love, heart, sweet, warm",67,"sweet, warm, glad, delight"
πεῖσμα,7,lsj,shipʼs cable; stern-cable; tie; reins,-1,(outlier),4,"spear, bronze, eat, silver",9,"spear, bronze, breast, arrow",11,"breast, thigh, knee, arm",26,"breast, thigh, knee, arm"
τοξάζομαι,7,lsj,shoot with a bow; shoot at,77,"arrow, bow, javelin, shoot",4,"spear, bronze, eat, silver",9,"spear, bronze, breast, arrow",12,"spear, arrow, sword, girdle",27,"arrow, bow, shoot, sagitta"
ἔμπλεος,7,lsj,"quite full of; in full measure, complete",29,"pour, filled, spread, fish",9,"desire, noble, strength, easy",20,"noble, strength, swift, little",35,"like, resembling, mighty, sort",69,"great, mighty, sort, exceedingly"
κλείω,7,lsj,"shut, close, bar; barred; shot; shut up, close, block up",-1,(outlier),8,"flee, pass, away, drive",17,"pass, lead, come, throw",30,"pass, lead, come, throw",60,"lead, end, shut, fulfil"
ἀπονοστέω,6,lsj,"return, come home; when he returns from",43,"return, backwards, rear, home",7,"come, return, near, arrive",16,"come, return, hither, arrive",27,"return, time, fifth, backwards",52,"return, backwards, anew, come home"
Κάλχας,6,lsj,Calchas,142,"thracian, scylla seal, monachus calchas, calypso icarian",1,"son, chariot, lord, old",1,"troy, athens, trojan, phthia",1,"troy, trojan, athens, thebes",3,"phthia, lesbos, hang, club"
κλέπτω,6,lsj,clèpere; hlifan; hliftus; steal,-1,(outlier),3,"meet, bind, round, stretch",7,"round, stretch, straight, turn",8,"round, straight, stretch, turn",22,"draw, raise, drag, stand"
κυνώπης,6,lsj,dog-eyed; shameless one,23,"eye, face, roots, round",4,"spear, bronze, eat, silver",10,"eat, tree, heracles, meal",15,"heracles, bird, fish, fly",34,"heracles, bird, fish, fly"
ἀλεγίζω,6,lsj,"trouble oneself about; care for, mind, heed",6,"care, heed, bestowed, busy oneself",11,"ask, inquire, pray, care",22,"ask, pray, inquire, care",46,"rejoice, care, heed, counsel",89,"care, rejoice, heed, attempt"
οὐτιδανός,6,lsj,"of no account, worthless; reckless; quid; cid",111,"hateful, hated, ruthless, terrible",10,"wound, destroy, slay, kill",21,"wound, destroy, slay, cut",40,"vain, unceasing, unbroken, fruitless",77,"vain, unceasing, unbroken, unharmed"
συμμαχέω,6,lsj,"to be an ally, to be in alliance; join; in war; help, succour",-1,(outlier),11,"ask, inquire, pray, care",22,"ask, pray, inquire, care",46,"rejoice, care, heed, counsel",89,"care, rejoice, heed, attempt"
ὑψιβρεμέτης,6,lsj,high-thundering,-1,(outlier),12,"shout, speak, rouse, speech",24,"shout, lament, wail, loud",49,"shout, lament, wail, loud",97,"loud, laugh, crash, sound"
ὑπολύω,6,lsj,loosen beneath; below; made; give way under him,93,"set, beneath, lowest, high",7,"come, return, near, arrive",15,"near, nigh, far, hand",25,"beneath, lowest, hindmost, atop",49,"beneath, lowest, high, aloft"
χαλκοβατής,6,lsj,"standing on bronze, with brazen base; with floor of bronze",0,"bronze, silver, copper, metal",4,"spear, bronze, eat, silver",9,"spear, bronze, breast, arrow",14,"bronze, silver, hollow, gold",31,"bronze, silver, gold, copper"
γουνάζομαι,6,lsj,"clasp; knees; implore, entreat; implore",138,"shoulder, thigh, limb, ankle",4,"spear, bronze, eat, silver",9,"spear, bronze, breast, arrow",11,"breast, thigh, knee, arm",26,"breast, thigh, knee, arm"
ὅρμος,6,lsj,"cord, chain; necklace, collar; anything strung like a necklace, wreath, chaplet; a string",141,"strap, cord, thong, bar",4,"spear, bronze, eat, silver",9,"spear, bronze, breast, arrow",12,"spear, arrow, sword, girdle",28,"spear, sword, girdle, belt"
ἐπικραίνω,6,lsj,"bring to pass, accomplish; may; fulfil; fulfilled",102,"accomplish, fulfil, pass, perform",8,"flee, pass, away, drive",17,"pass, lead, come, throw",30,"pass, lead, come, throw",60,"lead, end, shut, fulfil"
μῆρα,6,agwn,to kill as a sacrifice by fire,74,"slay, slaughter, kill, sacrifice",10,"wound, destroy, slay, kill",21,"wound, destroy, slay, cut",39,"slay, kill, destroy, waste",76,"slay, slaughter, kill, sacrifice"
περιφραδής,6,lsj,"very thoughtful, very skilful",-1,(outlier),9,"desire, noble, strength, easy",20,"noble, strength, swift, little",37,"noble, wrought, glorious, splendid",72,"noble, wrought, glorious, splendid"
κερτόμιος,6,lsj,"mocking, taunting",-1,(outlier),4,"spear, bronze, eat, silver",9,"spear, bronze, breast, arrow",14,"bronze, silver, hollow, gold",33,"lycia, stone, grind, goblet"
παρεῖπον,6,lsj,"talk over, win over; by thy persuasions; give; advice",75,"persuade, assent, refuse, appease",11,"ask, inquire, pray, care",22,"ask, pray, inquire, care",45,"pray, oath, herald, command",88,"pray, oath, herald, command"
ἐπιγνάμπτω,6,lsj,"curve; bend; bow, bend to oneʼs purpose",106,"stretch, bend, curved, tight",3,"meet, bind, round, stretch",7,"round, stretch, straight, turn",8,"round, straight, stretch, turn",20,"bend, curved, twisted, stretch"
παράφημι,6,lsj,"speak gently to, advise; persuade, appease; speak deceitfully; insincerely",75,"persuade, assent, refuse, appease",11,"ask, inquire, pray, care",22,"ask, pray, inquire, care",45,"pray, oath, herald, command",88,"pray, oath, herald, command"
ταράσσω,6,lsj,"stir, trouble; troubling; mix; to wag",94,"stir, rouse, urge, excite",3,"meet, bind, round, stretch",8,"meet, bind, ready, gather",10,"meet, gather, pick, assembly",24,"mix, equal, alike, separate"
βάσκω,6,lsj,speed thee! away!; come!,-1,(outlier),9,"desire, noble, strength, easy",20,"noble, strength, swift, little",36,"swift, little, haste, eager",70,"swift, haste, eager, quick"
ὀρθόω,6,lsj,"set straight; set upright, set up; raise up; raise up, rebuild",103,"raise, lean, inclining, make stand",3,"meet, bind, round, stretch",7,"round, stretch, straight, turn",8,"round, straight, stretch, turn",22,"draw, raise, drag, stand"
ἄγχιστος,6,lsj,nearest; ever nigh; most nearly; next to,44,"near, nigh, hand, hard",7,"come, return, near, arrive",15,"near, nigh, far, hand",26,"near, far, nigh, hand",51,"near, nigh, hand, close"
ἐαρινός,6,lsj,of spring; springtime; apricots; in spring-time,-1,(outlier),5,"day, funeral, black, cloud",12,"funeral, long, day, time",19,"long, day, time, morning",39,"day, morning, dawn, early"
ἀριθμέω,6,lsj,"number, count, reckon up; counted; after numbering; stopped to count",-1,(outlier),11,"ask, inquire, pray, care",22,"ask, pray, inquire, care",43,"know, appear, perceive, look",84,"watch, count, sum, visit"
Εὖρος,6,lsj,the East wind; parching,18,"wind, cloud, mist, stormy",6,"wind, water, pour, sea",14,"wind, sea, stream, water",23,"wind, storm, breeze, wintry",46,"wind, storm, wintry, hurricane"
ἱδρύω,6,lsj,"make to sit down, seat; encamped; to be seated, sit still; lie encamped",127,"sit, seat, chair, place",2,"chamber, sleep, sit, bed",5,"sleep, sit, seat, bed",6,"sleep, sit, seat, bed",14,"sit, seat, chair, throne"
ἔλεγχος,6,lsj,"reproach, disgrace, dishonour; reproaches",97,"reproach, disgrace, reproof, rebuke",10,"wound, destroy, slay, kill",21,"wound, destroy, slay, cut",41,"destiny, dishonour, wretched, hateful",78,"dishonour, pity, disgrace, reproach"
ἀπομόργνυμι,6,lsj,wipe off; away from; wipe off from oneself; wiped away his,-1,(outlier),6,"wind, water, pour, sea",13,"pour, wash, oil, breathe",21,"wash, oil, salt, raw",43,"wash, oil, salt, raw"
ἐλεγχής,6,lsj,worthy of reproof; cowardly; reproachful,97,"reproach, disgrace, reproof, rebuke",10,"wound, destroy, slay, kill",21,"wound, destroy, slay, cut",41,"destiny, dishonour, wretched, hateful",78,"dishonour, pity, disgrace, reproach"
τρίζω,6,lsj,utter a shrill cry; creaked; crepitates; grinds,-1,(outlier),12,"shout, speak, rouse, speech",24,"shout, lament, wail, loud",49,"shout, lament, wail, loud",98,"shout, lament, wail, shriek"
προβλής,6,lsj,"thrown forward, jutting out; forelands, headlands",133,"banks, shore, dyke, headland",2,"chamber, sleep, sit, bed",6,"chamber, house, ground, inner",7,"chamber, house, ground, mountain",17,"peak, mountain, hill, headland"
ῥωγαλέος,6,lsj,"broken, cleft; torn, ragged",47,"break, shiver, broken, shrink",10,"wound, destroy, slay, kill",21,"wound, destroy, slay, cut",42,"wound, cut, tears, toil",80,"wound, cut, strip, blood"
διασεύομαι,6,lsj,dart through,118,"fly, winged, dart, riot",12,"shout, speak, rouse, speech",23,"rouse, stir, anger, fight",48,"rouse, stir, dance, song",95,"spring, dart, rush, leap"
ἀνθεμόεις,6,lsj,flowery; adorned with flowers; embroidered,21,"golden, robe, flowers, soft",4,"spear, bronze, eat, silver",9,"spear, bronze, breast, arrow",13,"helmet, hair, head, cloth",29,"cloth, garment, skin, cloak"
μυῖα,6,lsj,"fly; carrion-fly, bluebottle; gall-insect; a fly",118,"fly, winged, dart, riot",4,"spear, bronze, eat, silver",10,"eat, tree, heracles, meal",15,"heracles, bird, fish, fly",34,"heracles, bird, fish, fly"
ἄγγος,6,lsj,"vessel; vat; pitcher; bucket, pail",-1,(outlier),4,"spear, bronze, eat, silver",9,"spear, bronze, breast, arrow",14,"bronze, silver, hollow, gold",33,"lycia, stone, grind, goblet"
ζώνη,6,lsj,"belt, girdle; the lower girdle worn by women; above the hips; girdle",-1,(outlier),4,"spear, bronze, eat, silver",9,"spear, bronze, breast, arrow",12,"spear, arrow, sword, girdle",28,"spear, sword, girdle, belt"
πηγή,6,lsj,"running water; streams; water; fount, source",38,"stream, water, river, spring",6,"wind, water, pour, sea",14,"wind, sea, stream, water",24,"sea, stream, wine, water",48,"stream, wine, water, drink"
Ἀθηναῖος,6,lsj,Athenian,143,"troy, athens, trojan, greece",1,"son, chariot, lord, old",1,"troy, athens, trojan, phthia",1,"troy, trojan, athens, thebes",1,"troy, trojan, athens, thebes"
ἐκλανθάνω,6,lsj,escape notice utterly; forget utterly; forgettest; entirely,61,"flee, escape, avoid, shun",11,"ask, inquire, pray, care",22,"ask, pray, inquire, care",46,"rejoice, care, heed, counsel",89,"care, rejoice, heed, attempt"
Κεφαλλήν,6,lsj,Cephallenian; Cephallenia,-1,(outlier),1,"son, chariot, lord, old",1,"troy, athens, trojan, phthia",1,"troy, trojan, athens, thebes",3,"phthia, lesbos, hang, club"
Σάμος,6,lsj,Samos; a height,5,"high, lofty, height, feet",1,"son, chariot, lord, old",1,"troy, athens, trojan, phthia",1,"troy, trojan, athens, thebes",3,"phthia, lesbos, hang, club"
εὔπηκτος,6,lsj,"well put together, well-built; well-moulded, compact; firm; easily congealed",73,"wrought, good dwell, poised, built",9,"desire, noble, strength, easy",20,"noble, strength, swift, little",36,"swift, little, haste, eager",71,"little, softly, firm, small"
Δημήτηρ,6,lsj,Aus Lydien; Griechische Dialekte; Demeter; h.Cer,1,"memnonion, du, des, grecs",1,"son, chariot, lord, old",1,"troy, athens, trojan, phthia",1,"troy, trojan, athens, thebes",3,"phthia, lesbos, hang, club"
Πρωτεσίλαος,6,lsj,First of the people; first; his monument; his festival,26,"honour, wonder, reverence, glory",1,"son, chariot, lord, old",3,"divine, honour, zeus, wonder",3,"divine, honour, zeus, god",8,"honour, wonder, reverence, gift"
αὐτοκασίγνητος,6,lsj,own brother,124,"brother, sister, law, cousin",1,"son, chariot, lord, old",2,"old, mother, son, wife",2,"old, son, mother, wife",4,"wife, sister, brother, marry"
ὀλοόφρων,6,lsj,"meaning mischief, baleful; crafty, sagacious",-1,(outlier),9,"desire, noble, strength, easy",20,"noble, strength, swift, little",37,"noble, wrought, glorious, splendid",72,"noble, wrought, glorious, splendid"
ἰατήρ,6,lsj,surgeon; healer; deliverer,-1,(outlier),1,"son, chariot, lord, old",4,"chariot, lord, guest, master",4,"guest, slave, serve, banquet",10,"slave, mistress, care, queen"
Στύξ,6,lsj,"the Styx; the Hateful; a well of fatal coldness in Arcadia; monster, reptile",135,"herd, serpent, boar, wolf",4,"spear, bronze, eat, silver",10,"eat, tree, heracles, meal",15,"heracles, bird, fish, fly",34,"heracles, bird, fish, fly"
δίσκος,6,lsj,"quoit; quoitʼs; anything quoit-shaped; dish, trencher",-1,(outlier),4,"spear, bronze, eat, silver",9,"spear, bronze, breast, arrow",14,"bronze, silver, hollow, gold",32,"hollow, shape, form, hewn"
ἐρέπτομαι,6,lsj,feed on; feeding on; eat,63,"eat, devour, food, meal",4,"spear, bronze, eat, silver",10,"eat, tree, heracles, meal",16,"eat, meal, food, devour",35,"eat, food, meal, devour"
προκαλίζομαι,6,lsj,"call forth, challenge, defy; challenge",-1,(outlier),12,"shout, speak, rouse, speech",23,"rouse, stir, anger, fight",47,"fight, quarrel, anger, battle",93,"fight, battle, quarrel, anger"
βίβημι,6,lsj,to stride,117,"leap, rush, run, chase",8,"flee, pass, away, drive",17,"pass, lead, come, throw",30,"pass, lead, come, throw",57,"drive, pass, rush, path"
ἄπιστος,6,lsj,"not to be trusted; not trusty, faithless; mistrusted; untrustworthy, groundless",90,"true, trusty, truth, cheat",11,"ask, inquire, pray, care",22,"ask, pray, inquire, care",46,"rejoice, care, heed, counsel",90,"trusty, cheat, truth, trusted"
ἄριστον,6,lsj,"morning meal, breakfast; breakfast; luncheon; air",63,"eat, devour, food, meal",4,"spear, bronze, eat, silver",10,"eat, tree, heracles, meal",16,"eat, meal, food, devour",35,"eat, food, meal, devour"
πολύδακρυς,6,agwn,"the process of shedding tears (usually accompanied by sobs or other inarticulate sounds); ""I hate to hear a child crying",54,"tears, accompanied, sobs inarticulate, inarticulate sounds",10,"wound, destroy, slay, kill",21,"wound, destroy, slay, cut",42,"wound, cut, tears, toil",81,"toil, tears, pain, distressed"
ἀργεννός,6,lsj,white,-1,(outlier),4,"spear, bronze, eat, silver",9,"spear, bronze, breast, arrow",14,"bronze, silver, hollow, gold",33,"lycia, stone, grind, goblet"
ὤψ,6,lsj,"eye, face, countenance; the face; face",23,"eye, face, roots, round",4,"spear, bronze, eat, silver",9,"spear, bronze, breast, arrow",13,"helmet, hair, head, cloth",30,"hair, helmet, head, face"
δαήρ,6,lsj,"Aus Lydien; husbandʼs brother, brother-in-law; devár; dieveȓs",124,"brother, sister, law, cousin",1,"son, chariot, lord, old",1,"troy, athens, trojan, phthia",1,"troy, trojan, athens, thebes",3,"phthia, lesbos, hang, club"
κραναός,6,lsj,"rocky, rugged; the people of Attica; hard; stinging",-1,(outlier),2,"chamber, sleep, sit, bed",6,"chamber, house, ground, inner",7,"chamber, house, ground, mountain",17,"peak, mountain, hill, headland"
ἵππουρις,6,lsj,"horse-tailed, decked with a horse-tail; horse-tail; Satyrʼs tail; horse-tail, Equisetum silvaticum",-1,(outlier),4,"spear, bronze, eat, silver",10,"eat, tree, heracles, meal",15,"heracles, bird, fish, fly",34,"heracles, bird, fish, fly"
θάμβος,6,lsj,amazement; terrors; object of wonder,35,"fear, alarm, amazed, stand awe",10,"wound, destroy, slay, kill",21,"wound, destroy, slay, cut",41,"destiny, dishonour, wretched, hateful",79,"destiny, wretched, hateful, wrath"
ἐπιδινέω,6,lsj,"whirl for; swing round; turn over in oneʼs mind, resolve; wheel about",107,"round, turn, circle, wheel",3,"meet, bind, round, stretch",7,"round, stretch, straight, turn",8,"round, straight, stretch, turn",21,"round, turn, circle, rim"
φιλομμειδής,6,lsj,laughter-loving,13,"desire, want, wish, need",12,"shout, speak, rouse, speech",24,"shout, lament, wail, loud",49,"shout, lament, wail, loud",97,"loud, laugh, crash, sound"
ἀφραδής,6,lsj,"insensate, reckless; without sense, senseless; senselessly, recklessly",128,"vain, fruitless, useless, idle",10,"wound, destroy, slay, kill",21,"wound, destroy, slay, cut",40,"vain, unceasing, unbroken, fruitless",77,"vain, unceasing, unbroken, unharmed"
ἀσπερχές,6,lsj,"hotly, unceasingly",-1,(outlier),4,"spear, bronze, eat, silver",9,"spear, bronze, breast, arrow",14,"bronze, silver, hollow, gold",33,"lycia, stone, grind, goblet"
ἐυμμελίης,6,lsj (relaxed match),armed with good ashen spear,140,"spear, axe, sword, wand",4,"spear, bronze, eat, silver",9,"spear, bronze, breast, arrow",12,"spear, arrow, sword, girdle",28,"spear, sword, girdle, belt"
ἐπιπροίημι,6,lsj (relaxed match),send forth; on board; sent; forth,91,"throw, send, fall, forth",8,"flee, pass, away, drive",17,"pass, lead, come, throw",30,"pass, lead, come, throw",59,"throw, send, forth, forward"
πῶμα,6,lsj,"lid, cover; that closed; operculum",115,"hide, cover, shield, conceal",2,"chamber, sleep, sit, bed",6,"chamber, house, ground, inner",7,"chamber, house, ground, mountain",18,"house, chamber, wall, court"
μιαίνω,6,lsj,"stain, dye; stain, sully; taint, defile; dishonour",25,"wash, oil, dry, salt",6,"wind, water, pour, sea",13,"pour, wash, oil, breathe",21,"wash, oil, salt, raw",43,"wash, oil, salt, raw"
παναίολος,6,lsj,"shot with many colours, glancing; star-spangled; manifold",7,"bright, light, kindle, star",5,"day, funeral, black, cloud",12,"funeral, long, day, time",20,"funeral, dead, snow, kindle",42,"star, olympus, heaven, middle"
χαλκεύς,6,lsj,coppersmith; worker in metal; goldsmith; worker in iron,0,"bronze, silver, copper, metal",4,"spear, bronze, eat, silver",9,"spear, bronze, breast, arrow",14,"bronze, silver, hollow, gold",31,"bronze, silver, gold, copper"
ἀρωγός,6,lsj,"aiding, succouring, propitious; beneficial; serviceable, useful towards; serviceable",-1,(outlier),1,"son, chariot, lord, old",4,"chariot, lord, guest, master",4,"guest, slave, serve, banquet",10,"slave, mistress, care, queen"
κίνυμαι,6,lsj,"go, move; marched; as it was stirred",94,"stir, rouse, urge, excite",11,"ask, inquire, pray, care",22,"ask, pray, inquire, care",46,"rejoice, care, heed, counsel",89,"care, rejoice, heed, attempt"
ἠνορέη,6,lsj,"manhood, prowess; manly beauty; strength; force",89,"strength, force, better, mighty",9,"desire, noble, strength, easy",20,"noble, strength, swift, little",38,"strength, force, high, courage",74,"high, courage, better, stout"
ἀνεμώλιος,6,lsj,windy; words of wind; like the winds; empty boasters,18,"wind, cloud, mist, stormy",6,"wind, water, pour, sea",14,"wind, sea, stream, water",23,"wind, storm, breeze, wintry",46,"wind, storm, wintry, hurricane"
μεταμώνιος,6,lsj,"vain, idle; vainly-woven; idly; to the winds",128,"vain, fruitless, useless, idle",6,"wind, water, pour, sea",13,"pour, wash, oil, breathe",22,"pour, breathe, flow, spread",45,"breathe, disperse, sprinkle, spread"
ἐνιπή,6,lsj,"rebuke, reproof; abuse, contumely; angry threats; reproach",97,"reproach, disgrace, reproof, rebuke",12,"shout, speak, rouse, speech",23,"rouse, stir, anger, fight",47,"fight, quarrel, anger, battle",93,"fight, battle, quarrel, anger"
οἰμωγή,6,lsj,"wailing, lamentation",-1,(outlier),12,"shout, speak, rouse, speech",24,"shout, lament, wail, loud",49,"shout, lament, wail, loud",98,"shout, lament, wail, shriek"
περιβαίνω,6,lsj,go round; bestride; those mounted on; come round,107,"round, turn, circle, wheel",3,"meet, bind, round, stretch",7,"round, stretch, straight, turn",8,"round, straight, stretch, turn",21,"round, turn, circle, rim"
γνύξ,6,lsj,with bent knee; on the knee,-1,(outlier),4,"spear, bronze, eat, silver",9,"spear, bronze, breast, arrow",11,"breast, thigh, knee, arm",26,"breast, thigh, knee, arm"
γύαλον,6,lsj,hollow; breast; back-piece; front-piece,139,"breast, hollow, lap, guts",4,"spear, bronze, eat, silver",9,"spear, bronze, breast, arrow",14,"bronze, silver, hollow, gold",32,"hollow, shape, form, hewn"
ξύλοχος,6,agwn,"the act of brushing your teeth: ""the dentist recommended two brushes a day""",-1,(outlier),11,"ask, inquire, pray, care",22,"ask, pray, inquire, care",46,"rejoice, care, heed, counsel",89,"care, rejoice, heed, attempt"
κρῖ,6,lsj,barley,108,"barley, corn, grain, groats",4,"spear, bronze, eat, silver",10,"eat, tree, heracles, meal",17,"tree, barley, garden, wood",36,"tree, wood, barley, garden"
πάσσαλος,6,lsj,peg; stakes; pale; a pin,-1,(outlier),4,"spear, bronze, eat, silver",9,"spear, bronze, breast, arrow",12,"spear, arrow, sword, girdle",28,"spear, sword, girdle, belt"
φθόγγος,6,lsj,"any clear, distinct sound; voice; voice, telling; speech",41,"voice, sound, speech, hear",12,"shout, speak, rouse, speech",25,"speak, speech, voice, address",50,"speak, speech, voice, address",100,"speech, voice, speak, clear"
ἀποφέρω,6,lsj,"carry off; away; to be carried from oneʼs course; exhale, evaporate",86,"carry, snatch, away, evaporate",8,"flee, pass, away, drive",18,"flee, fear, away, hold",31,"hold, leave, stay, retire",62,"leave, retire, away, ward"
ἀλκί,6,lsj,"might, strength",89,"strength, force, better, mighty",9,"desire, noble, strength, easy",20,"noble, strength, swift, little",38,"strength, force, high, courage",73,"strength, force, heavy, feeble"
μεθέπω,6,lsj,"pursue, follow after; pursuing; go in search of; drove in search of",117,"leap, rush, run, chase",8,"flee, pass, away, drive",17,"pass, lead, come, throw",30,"pass, lead, come, throw",57,"drive, pass, rush, path"
μεθάλλομαι,6,lsj,"leap, rush upon; rush after; leap from; to another",117,"leap, rush, run, chase",8,"flee, pass, away, drive",17,"pass, lead, come, throw",30,"pass, lead, come, throw",57,"drive, pass, rush, path"
ἀγκάς,6,lsj,into or in the arms,95,"enter, come, inspire, city",7,"come, return, near, arrive",16,"come, return, hither, arrive",29,"come, arrive, home, house",56,"come, arrive, reach, born"
αἴσυλος,6,lsj,"unseemly, evil, godless",111,"hateful, hated, ruthless, terrible",10,"wound, destroy, slay, kill",21,"wound, destroy, slay, cut",41,"destiny, dishonour, wretched, hateful",79,"destiny, wretched, hateful, wrath"
λίνον,6,lsj,"anything made of flax; cord, fishingline; thread; ligature",141,"strap, cord, thong, bar",4,"spear, bronze, eat, silver",9,"spear, bronze, breast, arrow",12,"spear, arrow, sword, girdle",28,"spear, sword, girdle, belt"
κύρμα,6,lsj,"that which one meets with; finds; booty, prey, spoil; one who gets booty, swindler",74,"slay, slaughter, kill, sacrifice",4,"spear, bronze, eat, silver",10,"eat, tree, heracles, meal",15,"heracles, bird, fish, fly",34,"heracles, bird, fish, fly"
ἐλάτη,6,lsj,"silver fir, Abies cephalonica; Abies pectinata; oar; made of pine-wood",109,"tree, wood, garden, fir",4,"spear, bronze, eat, silver",10,"eat, tree, heracles, meal",17,"tree, barley, garden, wood",36,"tree, wood, barley, garden"
ἀσθμαίνω,6,lsj,breathe hard; panting; gasping for breath; an effort,-1,(outlier),6,"wind, water, pour, sea",13,"pour, wash, oil, breathe",22,"pour, breathe, flow, spread",45,"breathe, disperse, sprinkle, spread"
μαιμάω,6,lsj,"to be very eager, quiver with eagerness; rages; eager for; rushed into, were suddenly changed into",99,"haste, eager, furiously, rage",9,"desire, noble, strength, easy",20,"noble, strength, swift, little",36,"swift, little, haste, eager",70,"swift, haste, eager, quick"
βαρύνω,6,lsj,"weigh down, oppress, depress; he is heavy; weary; disabled",-1,(outlier),9,"desire, noble, strength, easy",20,"noble, strength, swift, little",38,"strength, force, high, courage",73,"strength, force, heavy, feeble"
πρέσβα,6,lsj,"august, honoured; aged",101,"lord, queen, master, ruler",1,"son, chariot, lord, old",2,"old, mother, son, wife",2,"old, son, mother, wife",5,"son, child, mother, father"
ἄξων,6,lsj,"axle; axis; axis of the celestial sphere; course, path",-1,(outlier),8,"flee, pass, away, drive",17,"pass, lead, come, throw",30,"pass, lead, come, throw",57,"drive, pass, rush, path"
ἐπίσωτρον,6,lsj,metal hoop upon the felloe; tire,106,"stretch, bend, curved, tight",3,"meet, bind, round, stretch",7,"round, stretch, straight, turn",8,"round, straight, stretch, turn",21,"round, turn, circle, rim"
ῥυμός,6,lsj,pole of a chariot; car; pole; three stars,15,"chariot, car, driver, horse",1,"son, chariot, lord, old",4,"chariot, lord, guest, master",5,"chariot, lord, shield, master",11,"chariot, car, driver, travelling"
βριθύς,6,lsj,heavy,82,"stout, strong, sturdy, heavy",9,"desire, noble, strength, easy",20,"noble, strength, swift, little",38,"strength, force, high, courage",73,"strength, force, heavy, feeble"
ἀγρέω,6,lsj,"take, seize; captures; take!; take it!",87,"seize, hold, receive, caught",8,"flee, pass, away, drive",18,"flee, fear, away, hold",31,"hold, leave, stay, retire",61,"hold, seize, stay, remain"
μαχητής,6,lsj,"fighter, warrior; warrior",-1,(outlier),1,"son, chariot, lord, old",4,"chariot, lord, guest, master",5,"chariot, lord, shield, master",13,"shield, ranks, warrior, men"
δάπτω,6,lsj,devour; rend; tear; corrode,-1,(outlier),4,"spear, bronze, eat, silver",9,"spear, bronze, breast, arrow",14,"bronze, silver, hollow, gold",33,"lycia, stone, grind, goblet"
ἀμενηνός,6,lsj,"fleeting; fleeting, feeble; feeble, weak; faint, shadowy",-1,(outlier),10,"wound, destroy, slay, kill",21,"wound, destroy, slay, cut",40,"vain, unceasing, unbroken, fruitless",77,"vain, unceasing, unbroken, unharmed"
ἀνδροκτασία,6,lsj,slaughter of men; homicide,74,"slay, slaughter, kill, sacrifice",10,"wound, destroy, slay, kill",21,"wound, destroy, slay, cut",39,"slay, kill, destroy, waste",76,"slay, slaughter, kill, sacrifice"
Ναιάς,6,lsj (relaxed match),"Naiad, river-nymph, spring-nymph",38,"stream, water, river, spring",6,"wind, water, pour, sea",14,"wind, sea, stream, water",24,"sea, stream, wine, water",48,"stream, wine, water, drink"
πολύκμητος,6,agwn,"requiring or showing effort: ""heavy breathing""; ""the subject made for labored reading""",31,"toil, work, suffer, labour",11,"ask, inquire, pray, care",22,"ask, pray, inquire, care",46,"rejoice, care, heed, counsel",89,"care, rejoice, heed, attempt"
ἄκρις,6,lsj,"hill-top, mountain peak; mountain tops; hill-country",-1,(outlier),2,"chamber, sleep, sit, bed",6,"chamber, house, ground, inner",7,"chamber, house, ground, mountain",17,"peak, mountain, hill, headland"
μνηστός,6,lsj,"wooed and won, wedded; memorable, to be remembered",16,"counsel, craft, wise, plan",11,"ask, inquire, pray, care",22,"ask, pray, inquire, care",46,"rejoice, care, heed, counsel",89,"care, rejoice, heed, attempt"
ἀπολάμπω,6,lsj,shine; beam from; beamed from; gleams with,7,"bright, light, kindle, star",5,"day, funeral, black, cloud",11,"black, dark, bright, shine",18,"black, dark, bright, shine",37,"black, dark, bright, light"
ἕπω,6,lsj,"to be about, busy oneself with; sapati; saparyati; sepelio",6,"care, heed, bestowed, busy oneself",1,"son, chariot, lord, old",1,"troy, athens, trojan, phthia",1,"troy, trojan, athens, thebes",3,"phthia, lesbos, hang, club"
ἐπιμένω,6,lsj,"stay on, tarry; wait; remain in; remain in place, continue as they are",85,"stay, remain, restrain, stop",8,"flee, pass, away, drive",18,"flee, fear, away, hold",31,"hold, leave, stay, retire",61,"hold, seize, stay, remain"
τεκμαίρομαι,6,lsj,"assign, ordain; appoint; am arranging; settle with oneself",33,"gift, serve, receive, admit",11,"ask, inquire, pray, care",22,"ask, pray, inquire, care",46,"rejoice, care, heed, counsel",92,"dwell, set, situated, devise"
ἐρινεός,6,lsj,"wild fig-tree, Ficus Caprificus; of the wild fig-tree",109,"tree, wood, garden, fir",4,"spear, bronze, eat, silver",10,"eat, tree, heracles, meal",17,"tree, barley, garden, wood",36,"tree, wood, barley, garden"
προφεύγω,6,lsj,"flee forwards, flee away; flee from, shun, avoid; avoid",61,"flee, escape, avoid, shun",8,"flee, pass, away, drive",18,"flee, fear, away, hold",32,"flee, fear, wander, avoid",63,"flee, wander, avoid, escape"
ἠθεῖος,6,lsj,"trusty, honoured; trusty friends",90,"true, trusty, truth, cheat",11,"ask, inquire, pray, care",22,"ask, pray, inquire, care",46,"rejoice, care, heed, counsel",90,"trusty, cheat, truth, trusted"
ἑτεραλκής,6,lsj,giving strength to the other side; inclining to the other side; was changing sides; inclining to their side,103,"raise, lean, inclining, make stand",3,"meet, bind, round, stretch",7,"round, stretch, straight, turn",8,"round, straight, stretch, turn",19,"straight, right, hand, opposite"
ὕστερον,6,lsj,the afterbirth,105,"born, beget, bring forth, engender",1,"son, chariot, lord, old",2,"old, mother, son, wife",2,"old, son, mother, wife",5,"son, child, mother, father"
αἰγυπιός,6,lsj,vulture,-1,(outlier),4,"spear, bronze, eat, silver",9,"spear, bronze, breast, arrow",12,"spear, arrow, sword, girdle",28,"spear, sword, girdle, belt"
κρεμάννυμι,6,lsj,hramjan; hang up; hang them up; hang up oneʼs,-1,(outlier),1,"son, chariot, lord, old",1,"troy, athens, trojan, phthia",1,"troy, trojan, athens, thebes",3,"phthia, lesbos, hang, club"
ἀκλεής,6,lsj,"without fame, inglorious; ignominious",-1,(outlier),10,"wound, destroy, slay, kill",21,"wound, destroy, slay, cut",41,"destiny, dishonour, wretched, hateful",79,"destiny, wretched, hateful, wrath"
ἀκόρητος,6,lsj,"insatiate, unsated; undisturbed by bugs; unswept",129,"unresting, ungovernable, unseen, ceaseless",10,"wound, destroy, slay, kill",21,"wound, destroy, slay, cut",40,"vain, unceasing, unbroken, fruitless",77,"vain, unceasing, unbroken, unharmed"
ἐπίκλησις,6,lsj,"surname, additional name; by surname; call also; named",36,"address, speak, accost, assembly",12,"shout, speak, rouse, speech",25,"speak, speech, voice, address",50,"speak, speech, voice, address",99,"address, speak, accost, surname"
ὀπάων,6,lsj,"comrade; esquire; follower, attendant; following",-1,(outlier),1,"son, chariot, lord, old",4,"chariot, lord, guest, master",5,"chariot, lord, shield, master",13,"shield, ranks, warrior, men"
ὀρύσσω,6,lsj,dig; trench; dig up; had,-1,(outlier),2,"chamber, sleep, sit, bed",6,"chamber, house, ground, inner",7,"chamber, house, ground, mountain",16,"ground, trench, earth, dug"
ὑποκρίνομαι,6,agwn,"reply or respond to: ""She didn't want to answer""; ""answer the question""; ""We answered that we would accept the invitatio",9,"ask, inquire, beggar, question",11,"ask, inquire, pray, care",22,"ask, pray, inquire, care",46,"rejoice, care, heed, counsel",89,"care, rejoice, heed, attempt"
ἐπιλήθω,6,lsj,cause to forget; laps one in forgetfulness; to be forgotten; let,16,"counsel, craft, wise, plan",11,"ask, inquire, pray, care",22,"ask, pray, inquire, care",46,"rejoice, care, heed, counsel",89,"care, rejoice, heed, attempt"
ῥίον,6,lsj,any jutting part; peak; headland; bay formed by a foreland,133,"banks, shore, dyke, headland",2,"chamber, sleep, sit, bed",6,"chamber, house, ground, inner",7,"chamber, house, ground, mountain",17,"peak, mountain, hill, headland"
ἀναγκαῖος,6,lsj,"of, with; by force; constraining, applying force; of force",88,"force, feeble, forcibly, powerless",9,"desire, noble, strength, easy",20,"noble, strength, swift, little",38,"strength, force, high, courage",73,"strength, force, heavy, feeble"
οὖρος2,6,lsj (homograph 2),"watcher, guardian; sorwos; pasu(š)-haurva; haurvaiti",-1,(outlier),1,"son, chariot, lord, old",1,"troy, athens, trojan, phthia",1,"troy, trojan, athens, thebes",3,"phthia, lesbos, hang, club"
ἀγαπήνωρ,6,lsj,"loving manliness, manly",96,"courage, good, arrogant, manly",9,"desire, noble, strength, easy",20,"noble, strength, swift, little",38,"strength, force, high, courage",74,"high, courage, better, stout"
βροντάω,6,lsj,thunder; Jupiter Tonans; it thunders; if it thunders,-1,(outlier),6,"wind, water, pour, sea",14,"wind, sea, stream, water",23,"wind, storm, breeze, wintry",46,"wind, storm, wintry, hurricane"
ἔσχατος,6,lsj,"farthest, uttermost, extreme; hindmost; at the end of the lines; farthest part of",93,"set, beneath, lowest, high",7,"come, return, near, arrive",15,"near, nigh, far, hand",25,"beneath, lowest, hindmost, atop",49,"beneath, lowest, high, aloft"
κῆπος,6,lsj,"garden, orchard; plantation; enclosure; garden",109,"tree, wood, garden, fir",4,"spear, bronze, eat, silver",10,"eat, tree, heracles, meal",17,"tree, barley, garden, wood",36,"tree, wood, barley, garden"
βλεμεαίνω,6,lsj,exult,-1,(outlier),4,"spear, bronze, eat, silver",9,"spear, bronze, breast, arrow",14,"bronze, silver, hollow, gold",33,"lycia, stone, grind, goblet"
δοκεύω,6,lsj,"keep an eye upon, watch narrowly; watches; having watched for; lie in wait for",22,"look, gaze, behold, observe",11,"ask, inquire, pray, care",22,"ask, pray, inquire, care",43,"know, appear, perceive, look",83,"look, gaze, eye, behold"
σάρξ,6,lsj,flesh; body; portions of meat; pieces of flesh,63,"eat, devour, food, meal",6,"wind, water, pour, sea",13,"pour, wash, oil, breathe",21,"wash, oil, salt, raw",43,"wash, oil, salt, raw"
ἐξικνέομαι,6,lsj,"reach, arrive at; come to; arrive at, reach; complete, accomplish",123,"arrive, reach, come, attain",7,"come, return, near, arrive",16,"come, return, hither, arrive",29,"come, arrive, home, house",56,"come, arrive, reach, born"
μέρμερος,6,lsj,baneful; mischief; warlike deeds; ills,80,"destroy, waste, bane, sack",10,"wound, destroy, slay, kill",21,"wound, destroy, slay, cut",41,"destiny, dishonour, wretched, hateful",79,"destiny, wretched, hateful, wrath"
ἡμέρα,6,lsj,day; at daybreak; in the day; a state,8,"day, light, morning, early",5,"day, funeral, black, cloud",12,"funeral, long, day, time",19,"long, day, time, morning",39,"day, morning, dawn, early"
εὔθρονος,6,lsj,with beautiful seat; throne,127,"sit, seat, chair, place",2,"chamber, sleep, sit, bed",5,"sleep, sit, seat, bed",6,"sleep, sit, seat, bed",14,"sit, seat, chair, throne"
Λέσβος,6,lsj,Lesbos; from Lesbos; at Lesbos; drinking-cup,28,"wine, drink, mix, lesbos",1,"son, chariot, lord, old",1,"troy, athens, trojan, phthia",1,"troy, trojan, athens, thebes",3,"phthia, lesbos, hang, club"
ἀποκόπτω,6,lsj,"cut off, hew off; amputate; cut loose; will be cut off",83,"strip, cut, loose, belch",10,"wound, destroy, slay, kill",21,"wound, destroy, slay, cut",42,"wound, cut, tears, toil",80,"wound, cut, strip, blood"
ἀπειλή,6,lsj,"boastful promises, boasts; threats",76,"oath, swear, affirm, think deem",11,"ask, inquire, pray, care",22,"ask, pray, inquire, care",45,"pray, oath, herald, command",88,"pray, oath, herald, command"
ἀπατάω,6,lsj,"cheat, deceive; cheat; hopes; to be deceptive",90,"true, trusty, truth, cheat",11,"ask, inquire, pray, care",22,"ask, pray, inquire, care",46,"rejoice, care, heed, counsel",90,"trusty, cheat, truth, trusted"
ἐπαινός,6,lsj,awesome,59,"hither, wherefore, place, way",4,"spear, bronze, eat, silver",9,"spear, bronze, breast, arrow",14,"bronze, silver, hollow, gold",33,"lycia, stone, grind, goblet"
εὕω,6,lsj,singe; uro; eus-ō,1,"memnonion, du, des, grecs",1,"son, chariot, lord, old",1,"troy, athens, trojan, phthia",1,"troy, trojan, athens, thebes",3,"phthia, lesbos, hang, club"
χατέω,6,lsj,"crave, need; want, have need of",13,"desire, want, wish, need",9,"desire, noble, strength, easy",19,"desire, wish, love, want",33,"wish, need, want, desire",65,"wish, need, want, desire"
γουνός,6,lsj,high ground,116,"earth, ground, surface, deep",2,"chamber, sleep, sit, bed",6,"chamber, house, ground, inner",7,"chamber, house, ground, mountain",16,"ground, trench, earth, dug"
λιτανεύω,6,lsj,"pray, entreat",71,"pray, vow, boast, votive offering",11,"ask, inquire, pray, care",22,"ask, pray, inquire, care",45,"pray, oath, herald, command",88,"pray, oath, herald, command"
ἀπαμύνω,6,lsj,"keep off, ward off; for; from; repulse",-1,(outlier),8,"flee, pass, away, drive",18,"flee, fear, away, hold",31,"hold, leave, stay, retire",62,"leave, retire, away, ward"
στόρνυμι,6,lsj,"spread; make up; make a bed; spread, strew",-1,(outlier),6,"wind, water, pour, sea",13,"pour, wash, oil, breathe",22,"pour, breathe, flow, spread",45,"breathe, disperse, sprinkle, spread"
στένω,6,lsj,"moan, sigh, groan; groaning aloud; moan; sigh for",52,"bewail, groaning, lament, sigh",12,"shout, speak, rouse, speech",24,"shout, lament, wail, loud",49,"shout, lament, wail, loud",98,"shout, lament, wail, shriek"
ἀνεγείρω,6,lsj,"wake up, rouse; wake up, raise; rouse, encourage; stir, rouse the spirit of",94,"stir, rouse, urge, excite",12,"shout, speak, rouse, speech",23,"rouse, stir, anger, fight",48,"rouse, stir, dance, song",96,"rouse, stir, shake, tremble"
πάννυχος,6,lsj,lasting all the night; the livelong night,8,"day, light, morning, early",5,"day, funeral, black, cloud",12,"funeral, long, day, time",19,"long, day, time, morning",39,"day, morning, dawn, early"
ἑδριάω,6,lsj,seat; set; sit,127,"sit, seat, chair, place",2,"chamber, sleep, sit, bed",5,"sleep, sit, seat, bed",6,"sleep, sit, seat, bed",14,"sit, seat, chair, throne"
ἔτυμος,6,lsj,true; natural; the true sense; according to its origin,90,"true, trusty, truth, cheat",11,"ask, inquire, pray, care",22,"ask, pray, inquire, care",43,"know, appear, perceive, look",82,"know, appear, perceive, bring light"
μετακιάθω,6,lsj,follow after; chase; visit; go to seek,117,"leap, rush, run, chase",8,"flee, pass, away, drive",17,"pass, lead, come, throw",30,"pass, lead, come, throw",57,"drive, pass, rush, path"
ἔγκατα,6,lsj,"inwards, entrails",40,"home, house, inside, domestic",3,"meet, bind, round, stretch",7,"round, stretch, straight, turn",8,"round, straight, stretch, turn",20,"bend, curved, twisted, stretch"
τέρσομαι,6,lsj,"to be; become dry, dry up; dried up; is baked",25,"wash, oil, dry, salt",6,"wind, water, pour, sea",13,"pour, wash, oil, breathe",21,"wash, oil, salt, raw",43,"wash, oil, salt, raw"
ἀνέλκω,6,lsj,draw up; holds; haul; up high and dry,-1,(outlier),3,"meet, bind, round, stretch",7,"round, stretch, straight, turn",8,"round, straight, stretch, turn",22,"draw, raise, drag, stand"
ὑπαλύσκω,6,lsj,"flee from, escape; having got quit of",61,"flee, escape, avoid, shun",8,"flee, pass, away, drive",18,"flee, fear, away, hold",32,"flee, fear, wander, avoid",63,"flee, wander, avoid, escape"
ἱπποσύνη,6,lsj,"the art of driving the war-chariot; driving, horsemanship; horse, cavalry",15,"chariot, car, driver, horse",1,"son, chariot, lord, old",4,"chariot, lord, guest, master",5,"chariot, lord, shield, master",11,"chariot, car, driver, travelling"
ῥόπαλον,6,lsj,"club, cudgel; club; war-club; mace",-1,(outlier),1,"son, chariot, lord, old",1,"troy, athens, trojan, phthia",1,"troy, trojan, athens, thebes",3,"phthia, lesbos, hang, club"
συναγείρω,6,lsj,"gather together, assemble; collect; gather together, come together, assemble; collect for oneself",56,"gather, assemble, collect, lists",3,"meet, bind, round, stretch",8,"meet, bind, ready, gather",10,"meet, gather, pick, assembly",25,"meet, gather, assembly, face"
ἀγελαῖος,6,lsj,"belonging to a herd; in herds; shoals, gregarious; gregarious animals",135,"herd, serpent, boar, wolf",4,"spear, bronze, eat, silver",10,"eat, tree, heracles, meal",15,"heracles, bird, fish, fly",34,"heracles, bird, fish, fly"
πολύπυρος,6,lsj,rich in corn,108,"barley, corn, grain, groats",4,"spear, bronze, eat, silver",10,"eat, tree, heracles, meal",17,"tree, barley, garden, wood",36,"tree, wood, barley, garden"
κρημνός,6,lsj,"overhanging bank; bank; edge; beetling cliff, crag",133,"banks, shore, dyke, headland",2,"chamber, sleep, sit, bed",6,"chamber, house, ground, inner",7,"chamber, house, ground, mountain",18,"house, chamber, wall, court"
ῥάπτω,6,lsj,"sew together, stitch; having made himself; having got; stitched",-1,(outlier),3,"meet, bind, round, stretch",8,"meet, bind, ready, gather",9,"bind, ready, fast, make",23,"ready, bind, fast, make"
τῇδε,6,lsj (relaxed match),here,59,"hither, wherefore, place, way",4,"spear, bronze, eat, silver",9,"spear, bronze, breast, arrow",14,"bronze, silver, hollow, gold",33,"lycia, stone, grind, goblet"
βραχίων,6,lsj,arm; the shoulder; shoulder of beasts; force of arm,138,"shoulder, thigh, limb, ankle",4,"spear, bronze, eat, silver",9,"spear, bronze, breast, arrow",11,"breast, thigh, knee, arm",26,"breast, thigh, knee, arm"
ἄχθος,6,lsj,"burden, load; cumberers; plague; pests",80,"destroy, waste, bane, sack",6,"wind, water, pour, sea",13,"pour, wash, oil, breathe",21,"wash, oil, salt, raw",43,"wash, oil, salt, raw"
δαμνάω,6,agwn,"overcome, as with emotions or perceptual stimuli",35,"fear, alarm, amazed, stand awe",11,"ask, inquire, pray, care",22,"ask, pray, inquire, care",46,"rejoice, care, heed, counsel",89,"care, rejoice, heed, attempt"
λαοσσόος,6,lsj,rousing; stirring the nations; to which the people flock,94,"stir, rouse, urge, excite",11,"ask, inquire, pray, care",22,"ask, pray, inquire, care",46,"rejoice, care, heed, counsel",89,"care, rejoice, heed, attempt"
ἀμέρδω,6,lsj,"deprive, bereave; to be bereft of; bereave of natural rights; blinded",26,"honour, wonder, reverence, glory",11,"ask, inquire, pray, care",22,"ask, pray, inquire, care",46,"rejoice, care, heed, counsel",89,"care, rejoice, heed, attempt"
ἔντερον,6,lsj,"piece of the guts; intestines; gut; guts, bowels",139,"breast, hollow, lap, guts",4,"spear, bronze, eat, silver",9,"spear, bronze, breast, arrow",11,"breast, thigh, knee, arm",26,"breast, thigh, knee, arm"
ἐκπεράω,6,lsj,"go out over, pass beyond; go through; pass through, pierce; go forth",122,"come, ibo, pass, approach",8,"flee, pass, away, drive",17,"pass, lead, come, throw",30,"pass, lead, come, throw",57,"drive, pass, rush, path"
ὀρχηστύς,6,lsj,the dance,53,"song, dance, sing, play",12,"shout, speak, rouse, speech",23,"rouse, stir, anger, fight",48,"rouse, stir, dance, song",94,"song, dance, choir, music"
σιγάω,6,lsj,"keep silence; hush! be still!; secret, mystical; was kept",24,"silence, shake, tremble, softly",8,"flee, pass, away, drive",18,"flee, fear, away, hold",32,"flee, fear, wander, avoid",64,"fear, silence, conceal, alarm"
ὄρχατος,6,lsj,"row of trees; orchard, garden",109,"tree, wood, garden, fir",4,"spear, bronze, eat, silver",10,"eat, tree, heracles, meal",17,"tree, barley, garden, wood",36,"tree, wood, barley, garden"
κονίω,6,lsj,"make dusty, cover with clouds of dust; cover with dust; all dusty; in haste",-1,(outlier),6,"wind, water, pour, sea",13,"pour, wash, oil, breathe",21,"wash, oil, salt, raw",43,"wash, oil, salt, raw"
ἱμείρω,6,lsj,"long for, desire; long; wish",13,"desire, want, wish, need",9,"desire, noble, strength, easy",19,"desire, wish, love, want",33,"wish, need, want, desire",65,"wish, need, want, desire"
κυμαίνω,6,lsj,"rise in waves, swell; billowy; boil; undulate",37,"flow, tears, shed, forth",6,"wind, water, pour, sea",13,"pour, wash, oil, breathe",21,"wash, oil, salt, raw",43,"wash, oil, salt, raw"
καλλιπλόκαμος,6,lsj,with beautiful locks,-1,(outlier),4,"spear, bronze, eat, silver",9,"spear, bronze, breast, arrow",14,"bronze, silver, hollow, gold",31,"bronze, silver, gold, copper"
τανυήκης,6,lsj,with long point; edge; tapering,106,"stretch, bend, curved, tight",8,"flee, pass, away, drive",17,"pass, lead, come, throw",30,"pass, lead, come, throw",60,"lead, end, shut, fulfil"
ὀσμή,6,lsj,"smell, odour; foul smells; fragrant odours; scent, perfume",25,"wash, oil, dry, salt",9,"desire, noble, strength, easy",19,"desire, wish, love, want",34,"love, heart, sweet, warm",67,"sweet, warm, glad, delight"
κατείβω,6,lsj,"let flow down, shed; flow apace; downward flowing; was flowing, passing away",37,"flow, tears, shed, forth",6,"wind, water, pour, sea",13,"pour, wash, oil, breathe",22,"pour, breathe, flow, spread",44,"pour, flow, filled, shed"
καταπρηνής,6,lsj,down-turned; with the flat of,107,"round, turn, circle, wheel",3,"meet, bind, round, stretch",7,"round, stretch, straight, turn",8,"round, straight, stretch, turn",21,"round, turn, circle, rim"
ἠλίβατος,6,lsj,"high, steep; deep, abysmal; huge, enormous",5,"high, lofty, height, feet",9,"desire, noble, strength, easy",20,"noble, strength, swift, little",38,"strength, force, high, courage",74,"high, courage, better, stout"
στάθμη,6,lsj,carpenterʼs line; rule; level; the line rubbed with chalk,103,"raise, lean, inclining, make stand",3,"meet, bind, round, stretch",7,"round, stretch, straight, turn",8,"round, straight, stretch, turn",22,"draw, raise, drag, stand"
ὕπαιθα,6,lsj,"out under, under and away; before; under",93,"set, beneath, lowest, high",7,"come, return, near, arrive",15,"near, nigh, far, hand",25,"beneath, lowest, hindmost, atop",49,"beneath, lowest, high, aloft"
ποντοπόρος,6,lsj,seafaring,130,"sea, stillness, gulf, calm",6,"wind, water, pour, sea",14,"wind, sea, stream, water",24,"sea, stream, wine, water",47,"sea, sail, strait, ship"
ὁδίτης,6,lsj,"wayfarer, traveller",43,"return, backwards, rear, home",1,"son, chariot, lord, old",4,"chariot, lord, guest, master",4,"guest, slave, serve, banquet",10,"slave, mistress, care, queen"
ἱκετεύω,6,lsj,"approach as a suppliant; supplicate, beseech; beg of",-1,(outlier),11,"ask, inquire, pray, care",22,"ask, pray, inquire, care",46,"rejoice, care, heed, counsel",89,"care, rejoice, heed, attempt"
περικτίονες,6,lsj,"dwellers around, neighbours",126,"dwell, inhabit, people, situated",2,"chamber, sleep, sit, bed",6,"chamber, house, ground, inner",7,"chamber, house, ground, mountain",17,"peak, mountain, hill, headland"
προλείπω,6,lsj,"forsake, abandon; abandon; leave; omit to do",84,"leave, retire, gone, withdraw",8,"flee, pass, away, drive",18,"flee, fear, away, hold",31,"hold, leave, stay, retire",62,"leave, retire, away, ward"
οὔπως,6,lsj,"no-how, in no wise, not at all",-1,(outlier),7,"come, return, near, arrive",16,"come, return, hither, arrive",28,"hither, wherefore, way, just",54,"hither, wherefore, way, just"
ἑλκέω,6,lsj,"drag about, tear asunder; did; violence to",54,"tears, accompanied, sobs inarticulate, inarticulate sounds",11,"ask, inquire, pray, care",22,"ask, pray, inquire, care",46,"rejoice, care, heed, counsel",89,"care, rejoice, heed, attempt"
ἀμφιβάλλω,6,lsj,throw; put round; put them on; put round oneself,107,"round, turn, circle, wheel",3,"meet, bind, round, stretch",7,"round, stretch, straight, turn",8,"round, straight, stretch, turn",21,"round, turn, circle, rim"
προεῖδον,6,lsj,"look forward; see beforehand, catch sight of; foresee, portend; take thought for",22,"look, gaze, behold, observe",11,"ask, inquire, pray, care",22,"ask, pray, inquire, care",43,"know, appear, perceive, look",83,"look, gaze, eye, behold"
σέβας,6,lsj,"reverential awe; awe; wonder; reverence, worship, honour",26,"honour, wonder, reverence, glory",1,"son, chariot, lord, old",3,"divine, honour, zeus, wonder",3,"divine, honour, zeus, god",8,"honour, wonder, reverence, gift"
ἄλειφαρ,6,lsj,"unguent, anointing-oil, oil, fat; oil; pitch; resin",25,"wash, oil, dry, salt",6,"wind, water, pour, sea",13,"pour, wash, oil, breathe",21,"wash, oil, salt, raw",43,"wash, oil, salt, raw"
ἀρτύω,6,lsj,"arrange, prepare, make ready; dress savoury; season; administer",14,"ready, make, order, prepare",3,"meet, bind, round, stretch",8,"meet, bind, ready, gather",9,"bind, ready, fast, make",23,"ready, bind, fast, make"
ἀγινέω,6,lsj,"lead, bring; lead captive; keep, observe; cause to be brought",-1,(outlier),8,"flee, pass, away, drive",17,"pass, lead, come, throw",30,"pass, lead, come, throw",60,"lead, end, shut, fulfil"
σηκός,6,lsj,"pen, fold; den; nests; sacred enclosure, precinct",136,"precinct, bed, grove, sacred",2,"chamber, sleep, sit, bed",6,"chamber, house, ground, inner",7,"chamber, house, ground, mountain",17,"peak, mountain, hill, headland"
εὐστέφανος,6,lsj,"well-girdled; graced with beauteous garlands; crowned with flowers; crowned, circled with walls and towers",-1,(outlier),4,"spear, bronze, eat, silver",10,"eat, tree, heracles, meal",17,"tree, barley, garden, wood",36,"tree, wood, barley, garden"
βαθυδίνης,6,lsj,deep-eddying,-1,(outlier),6,"wind, water, pour, sea",14,"wind, sea, stream, water",23,"wind, storm, breeze, wintry",46,"wind, storm, wintry, hurricane"
ὁποῖος,6,lsj,of what sort; quality; of what kind soever; none,-1,(outlier),9,"desire, noble, strength, easy",20,"noble, strength, swift, little",35,"like, resembling, mighty, sort",69,"great, mighty, sort, exceedingly"
ἑνδέκατος,6,lsj,eleventh; eleventh day,50,"years, tenth, period, ninth",1,"son, chariot, lord, old",1,"troy, athens, trojan, phthia",1,"troy, trojan, athens, thebes",2,"tenth, eleventh, number, seven"
τέτρατος,6,lsj,fourth; the fourth time,55,"fifth, half, fourth, thrice",7,"come, return, near, arrive",16,"come, return, hither, arrive",27,"return, time, fifth, backwards",53,"time, fifth, forthwith, fourth"
ἐκπέμπω,6,lsj,"send out; forth from; bring out by calling, call; fetch out",91,"throw, send, fall, forth",8,"flee, pass, away, drive",17,"pass, lead, come, throw",30,"pass, lead, come, throw",59,"throw, send, forth, forward"
κατακρύπτω,6,lsj,"hide, conceal; put away; use concealment, conceal oneself; oneʼs true nature",115,"hide, cover, shield, conceal",8,"flee, pass, away, drive",18,"flee, fear, away, hold",32,"flee, fear, wander, avoid",64,"fear, silence, conceal, alarm"
πλύνω,6,lsj,"Acut.(Sp; wash, clean; bathe; wash the hands",25,"wash, oil, dry, salt",6,"wind, water, pour, sea",13,"pour, wash, oil, breathe",21,"wash, oil, salt, raw",43,"wash, oil, salt, raw"
ἄλαστος,6,lsj,not to be forgotten. insufferable; inconsolably; thou whom I will never forget nor forgive!; accursed wretch,16,"counsel, craft, wise, plan",11,"ask, inquire, pray, care",22,"ask, pray, inquire, care",46,"rejoice, care, heed, counsel",89,"care, rejoice, heed, attempt"
καταφθίω,6,lsj,"ruin, destroy; waste away, perish; would; have been consumed, spent",80,"destroy, waste, bane, sack",10,"wound, destroy, slay, kill",21,"wound, destroy, slay, cut",39,"slay, kill, destroy, waste",75,"waste, destroy, sack, perish"
παρελαύνω,6,lsj,"drive by; past; drive; drive past, overtake",-1,(outlier),8,"flee, pass, away, drive",17,"pass, lead, come, throw",30,"pass, lead, come, throw",57,"drive, pass, rush, path"
ἀναείρω,6,lsj,lift up; took; carried; off,86,"carry, snatch, away, evaporate",8,"flee, pass, away, drive",18,"flee, fear, away, hold",31,"hold, leave, stay, retire",62,"leave, retire, away, ward"
ἀπόπροθι,6,lsj,far away; extending far and wide,45,"far, away, apart, aloof",3,"meet, bind, round, stretch",7,"round, stretch, straight, turn",8,"round, straight, stretch, turn",20,"bend, curved, twisted, stretch"
φύρω,6,lsj,mix; dry with; wet; mixing so as to spoil,25,"wash, oil, dry, salt",6,"wind, water, pour, sea",13,"pour, wash, oil, breathe",21,"wash, oil, salt, raw",43,"wash, oil, salt, raw"
ξένος2,6,lsj (homographs merged),guest-friend; guest; visitor; guests,34,"guest, banquet, meal, feast",1,"son, chariot, lord, old",4,"chariot, lord, guest, master",4,"guest, slave, serve, banquet",9,"guest, banquet, dinner, meal"
ἀνάρσιος,6,lsj,"incongruous; hostile, implacable; enemies; untoward, strange",111,"hateful, hated, ruthless, terrible",10,"wound, destroy, slay, kill",21,"wound, destroy, slay, cut",41,"destiny, dishonour, wretched, hateful",79,"destiny, wretched, hateful, wrath"
ἀγαπάζω,6,lsj,"treat with affection, receive with outward signs of love; show signs of love, caress; welcome, receive gratefully",78,"heart, affection, gentle, love",9,"desire, noble, strength, easy",19,"desire, wish, love, want",34,"love, heart, sweet, warm",66,"heart, love, affection, desire"
πρᾶξις,6,lsj,"doing, transaction, business; on a trading voyage; affair; transaction",-1,(outlier),1,"son, chariot, lord, old",4,"chariot, lord, guest, master",4,"guest, slave, serve, banquet",10,"slave, mistress, care, queen"
πόθι,6,lsj,"where?; whither?; anywhere, somewhere; ever",59,"hither, wherefore, place, way",7,"come, return, near, arrive",16,"come, return, hither, arrive",28,"hither, wherefore, way, just",54,"hither, wherefore, way, just"
πινυτός,6,lsj,"prudent, discreet",-1,(outlier),11,"ask, inquire, pray, care",22,"ask, pray, inquire, care",46,"rejoice, care, heed, counsel",90,"trusty, cheat, truth, trusted"
ἀνάπτω,6,lsj,make fast on; moor; form a close connexion; confer,48,"bind, fast, tie, fix",3,"meet, bind, round, stretch",8,"meet, bind, ready, gather",9,"bind, ready, fast, make",23,"ready, bind, fast, make"
ἀναλύω,6,lsj,"cause to wander, unsettle",62,"wander, roam, harm, away",8,"flee, pass, away, drive",18,"flee, fear, away, hold",32,"flee, fear, wander, avoid",63,"flee, wander, avoid, escape"
σκιάω,6,lsj,"overshadow, make shady; to be shaded; dark",4,"dark, black, murky, gloom",5,"day, funeral, black, cloud",11,"black, dark, bright, shine",18,"black, dark, bright, shine",37,"black, dark, bright, light"
ἐπήρετμος,6,lsj,at the oar; equipped with oars,51,"oar, ranks, rows, handle",4,"spear, bronze, eat, silver",9,"spear, bronze, breast, arrow",11,"breast, thigh, knee, arm",26,"breast, thigh, knee, arm"
κάλλιμος,6,lsj,beautiful,112,"glad, welcome, lovely, beautiful",9,"desire, noble, strength, easy",19,"desire, wish, love, want",34,"love, heart, sweet, warm",67,"sweet, warm, glad, delight"
εὐνάζω,6,lsj,"lay; place in ambush; put to bed, put to sleep; in a form",92,"sleep, lie, lay, bed",2,"chamber, sleep, sit, bed",5,"sleep, sit, seat, bed",6,"sleep, sit, seat, bed",15,"sleep, bed, lie, lay"
δολιχήρετμος,6,lsj,long-oared; using long oars,51,"oar, ranks, rows, handle",4,"spear, bronze, eat, silver",9,"spear, bronze, breast, arrow",11,"breast, thigh, knee, arm",26,"breast, thigh, knee, arm"
ἅλμη,6,lsj,"sea-water, brine; spray that has dried on the skin; salt incrustation; brine",25,"wash, oil, dry, salt",6,"wind, water, pour, sea",13,"pour, wash, oil, breathe",21,"wash, oil, salt, raw",43,"wash, oil, salt, raw"
θεουδής,6,lsj,fearing God,35,"fear, alarm, amazed, stand awe",11,"ask, inquire, pray, care",22,"ask, pray, inquire, care",46,"rejoice, care, heed, counsel",89,"care, rejoice, heed, attempt"
ἀνακαίω,6,lsj,"kindle, light up; light oneself; kindle; fire up",7,"bright, light, kindle, star",5,"day, funeral, black, cloud",12,"funeral, long, day, time",20,"funeral, dead, snow, kindle",41,"kindle, snow, cloud, fires"
ὄγχνη,6,lsj,"pear-tree, Pirus communis; pear",109,"tree, wood, garden, fir",4,"spear, bronze, eat, silver",10,"eat, tree, heracles, meal",17,"tree, barley, garden, wood",36,"tree, wood, barley, garden"
κιρνάω,6,lsj,mix; to mix the cup; flavour by mixing; temper,28,"wine, drink, mix, lesbos",3,"meet, bind, round, stretch",8,"meet, bind, ready, gather",10,"meet, gather, pick, assembly",24,"mix, equal, alike, separate"
εὐήρης,6,lsj,"well-fitted; well-poised, easy to handle; of the well-poised oars; well-knit",73,"wrought, good dwell, poised, built",9,"desire, noble, strength, easy",20,"noble, strength, swift, little",36,"swift, little, haste, eager",71,"little, softly, firm, small"
διοιστεύω,6,lsj (relaxed match),shoot an arrow between; reach it with an arrow,77,"arrow, bow, javelin, shoot",4,"spear, bronze, eat, silver",9,"spear, bronze, breast, arrow",12,"spear, arrow, sword, girdle",27,"arrow, bow, shoot, sagitta"
πήρα,6,lsj,leathern pouch; wallet,141,"strap, cord, thong, bar",4,"spear, bronze, eat, silver",9,"spear, bronze, breast, arrow",12,"spear, arrow, sword, girdle",28,"spear, sword, girdle, belt"
Παρνασός,6,lsj,Parnassus; Parnassian,143,"troy, athens, trojan, greece",1,"son, chariot, lord, old",1,"troy, athens, trojan, phthia",1,"troy, trojan, athens, thebes",3,"phthia, lesbos, hang, club"
δηθύνω,5,lsj,"tarry, delay; to be prolonged; to be slow",-1,(outlier),8,"flee, pass, away, drive",18,"flee, fear, away, hold",31,"hold, leave, stay, retire",61,"hold, seize, stay, remain"
Τένεδος,5,lsj,Tenedos,-1,(outlier),1,"son, chariot, lord, old",1,"troy, athens, trojan, phthia",1,"troy, trojan, athens, thebes",3,"phthia, lesbos, hang, club"
ὀρεύς,5,lsj,mule,134,"goose, wild, fawn, mule",4,"spear, bronze, eat, silver",10,"eat, tree, heracles, meal",15,"heracles, bird, fish, fly",34,"heracles, bird, fish, fly"
ἐπιμέμφομαι,5,lsj,cast blame upon; find fault for; because of; complain of,-1,(outlier),10,"wound, destroy, slay, kill",21,"wound, destroy, slay, cut",41,"destiny, dishonour, wretched, hateful",78,"dishonour, pity, disgrace, reproach"
θεοείκελος,5,lsj,godlike,100,"divine, mortal, god, zeus",9,"desire, noble, strength, easy",20,"noble, strength, swift, little",35,"like, resembling, mighty, sort",68,"like, resembling, opportune, fond war"
ἄρνυμαι,5,lsj,"win, gain; striving; maintaining; trying to win, striving to secure",32,"prize, contest, gain, win",11,"ask, inquire, pray, care",22,"ask, pray, inquire, care",44,"ask, inquire, pay, prize",85,"prize, gain, win, contest"
ὄθομαι,5,lsj,take heed; regard,6,"care, heed, bestowed, busy oneself",11,"ask, inquire, pray, care",22,"ask, pray, inquire, care",46,"rejoice, care, heed, counsel",89,"care, rejoice, heed, attempt"
λάσιος,5,lsj,"shaggy, woolly; hairiness; bushy, overgrown; overgrown with",120,"hair, mane, neck, bushy",4,"spear, bronze, eat, silver",9,"spear, bronze, breast, arrow",13,"helmet, hair, head, cloth",30,"hair, helmet, head, face"
ὀνειδίζω,5,lsj,"cast in; teeth, make a reproach; make a reproach; to be made a reproach",97,"reproach, disgrace, reproof, rebuke",4,"spear, bronze, eat, silver",9,"spear, bronze, breast, arrow",14,"bronze, silver, hollow, gold",33,"lycia, stone, grind, goblet"
παρέζομαι,5,lsj,sit beside,127,"sit, seat, chair, place",2,"chamber, sleep, sit, bed",5,"sleep, sit, seat, bed",6,"sleep, sit, seat, bed",14,"sit, seat, chair, throne"
πολυβενθής,5,lsj,very deep,116,"earth, ground, surface, deep",2,"chamber, sleep, sit, bed",6,"chamber, house, ground, inner",7,"chamber, house, ground, mountain",16,"ground, trench, earth, dug"
δίπτυχος,5,lsj,"double-folded, doubled; a pair of; folding; having doubled",10,"double, fold, handled, wrapped covered",7,"come, return, near, arrive",16,"come, return, hither, arrive",27,"return, time, fifth, backwards",53,"time, fifth, forthwith, fourth"
ὠμοθετέω,5,lsj,place the raw pieces; sacrifice; raw; shoulder,-1,(outlier),6,"wind, water, pour, sea",13,"pour, wash, oil, breathe",21,"wash, oil, salt, raw",43,"wash, oil, salt, raw"
ἐπιστέφω,5,lsj,filled; to be full; covered with; pour,29,"pour, filled, spread, fish",6,"wind, water, pour, sea",13,"pour, wash, oil, breathe",22,"pour, breathe, flow, spread",44,"pour, flow, filled, shed"
μέλπω,5,lsj,celebrate with song and dance; sing; let; sound,53,"song, dance, sing, play",12,"shout, speak, rouse, speech",23,"rouse, stir, anger, fight",48,"rouse, stir, dance, song",94,"song, dance, choir, music"
ἴκμενος,5,lsj,a fair; moist,25,"wash, oil, dry, salt",6,"wind, water, pour, sea",13,"pour, wash, oil, breathe",21,"wash, oil, salt, raw",43,"wash, oil, salt, raw"
ἕρμα,5,lsj,"prop, support; props; prop; stay",-1,(outlier),12,"shout, speak, rouse, speech",23,"rouse, stir, anger, fight",48,"rouse, stir, dance, song",95,"spring, dart, rush, leap"
ἀποστείχω,5,lsj,"go away, go home",-1,(outlier),11,"ask, inquire, pray, care",22,"ask, pray, inquire, care",46,"rejoice, care, heed, counsel",89,"care, rejoice, heed, attempt"
συμφράζομαι,5,lsj,"join in considering, take counsel with; imparted; contrive; mention at the same time",16,"counsel, craft, wise, plan",11,"ask, inquire, pray, care",22,"ask, pray, inquire, care",46,"rejoice, care, heed, counsel",91,"counsel, assistant crooked, imparted, skilled"
ἦδος,5,lsj,"delight, pleasure; delight; vinegar",113,"delight, joy, pleasure, rejoice",9,"desire, noble, strength, easy",19,"desire, wish, love, want",34,"love, heart, sweet, warm",67,"sweet, warm, glad, delight"
ἐνόρνυμι,5,lsj,"arouse, stir up in; arise in; among",94,"stir, rouse, urge, excite",12,"shout, speak, rouse, speech",23,"rouse, stir, anger, fight",48,"rouse, stir, dance, song",96,"rouse, stir, shake, tremble"
ἱπποκορυστής,5,lsj,"marshaller, arranger of chariots",15,"chariot, car, driver, horse",1,"son, chariot, lord, old",4,"chariot, lord, guest, master",5,"chariot, lord, shield, master",11,"chariot, car, driver, travelling"
ἐνδύω,5,lsj,go into; put on; wear; assume,95,"enter, come, inspire, city",3,"meet, bind, round, stretch",8,"meet, bind, ready, gather",9,"bind, ready, fast, make",23,"ready, bind, fast, make"
λιγύφθογγος,5,lsj,clear-voiced,41,"voice, sound, speech, hear",12,"shout, speak, rouse, speech",25,"speak, speech, voice, address",50,"speak, speech, voice, address",100,"speech, voice, speak, clear"
ἀπάτη,5,agwn,the act of deceiving,90,"true, trusty, truth, cheat",11,"ask, inquire, pray, care",22,"ask, pray, inquire, care",46,"rejoice, care, heed, counsel",90,"trusty, cheat, truth, trusted"
ἄπρακτος,5,lsj,"unavailing, unprofitable; when no business is done, holidays; restful; of inaction",129,"unresting, ungovernable, unseen, ceaseless",10,"wound, destroy, slay, kill",21,"wound, destroy, slay, cut",40,"vain, unceasing, unbroken, fruitless",77,"vain, unceasing, unbroken, unharmed"
οἰνοχόος,5,agwn,the attendant (usually an officer of a nobleman's household) whose duty is to fill and serve cups of wine,33,"gift, serve, receive, admit",1,"son, chariot, lord, old",4,"chariot, lord, guest, master",4,"guest, slave, serve, banquet",10,"slave, mistress, care, queen"
λάβρος,5,lsj,"furious, boisterous; huge, mighty; boisterous, turbulent; hasty",-1,(outlier),9,"desire, noble, strength, easy",20,"noble, strength, swift, little",38,"strength, force, high, courage",74,"high, courage, better, stout"
ἠμύω,5,lsj,"bow down, sink; totter, fall; fall, perish; cause to fall, ruin",91,"throw, send, fall, forth",8,"flee, pass, away, drive",17,"pass, lead, come, throw",30,"pass, lead, come, throw",58,"ibo, sink, fall, come"
χωλός,5,lsj,"lame; halting, limping; defective; one-sided",79,"grieving, distressed, wretched, pity",10,"wound, destroy, slay, kill",21,"wound, destroy, slay, cut",40,"vain, unceasing, unbroken, fruitless",77,"vain, unceasing, unbroken, unharmed"
δύω,5,lsj,"cause to sink, sink, plunge in; get; go into; enter, make oneʼs way into",-1,(outlier),8,"flee, pass, away, drive",17,"pass, lead, come, throw",30,"pass, lead, come, throw",58,"ibo, sink, fall, come"
ἰδνόομαι,5,lsj,"bend oneself, double oneself up",106,"stretch, bend, curved, tight",3,"meet, bind, round, stretch",7,"round, stretch, straight, turn",8,"round, straight, stretch, turn",20,"bend, curved, twisted, stretch"
χήρα,5,lsj,widow; widowed; without sauce; widower,110,"wife, marry, marriage, wedded",1,"son, chariot, lord, old",2,"old, mother, son, wife",2,"old, son, mother, wife",4,"wife, sister, brother, marry"
χειμέριος,5,lsj,"wintry, stormy; wintry; stormy; most wintry",18,"wind, cloud, mist, stormy",6,"wind, water, pour, sea",14,"wind, sea, stream, water",23,"wind, storm, breeze, wintry",46,"wind, storm, wintry, hurricane"
ὀκτώ,5,lsj,"eight; aṣṭấ, aṣṭáu; octo; ahtau",50,"years, tenth, period, ninth",1,"son, chariot, lord, old",1,"troy, athens, trojan, phthia",1,"troy, trojan, athens, thebes",2,"tenth, eleventh, number, seven"
κατεσθίω,5,lsj,"eat up, devour; corrode; to be gnawed; bite",63,"eat, devour, food, meal",4,"spear, bronze, eat, silver",9,"spear, bronze, breast, arrow",14,"bronze, silver, hollow, gold",33,"lycia, stone, grind, goblet"
τώς,5,lsj,"so, in this wise; as, S.Ichn",-1,(outlier),7,"come, return, near, arrive",16,"come, return, hither, arrive",28,"hither, wherefore, way, just",54,"hither, wherefore, way, just"
κοναβέω,5,lsj,"resound, clash, ring; re-echo",64,"sound, roar, shriek, clash",12,"shout, speak, rouse, speech",24,"shout, lament, wail, loud",49,"shout, lament, wail, loud",97,"loud, laugh, crash, sound"
ἄκρατος,5,lsj,"unmixed, neat; of pure wine; strong; without water",28,"wine, drink, mix, lesbos",6,"wind, water, pour, sea",14,"wind, sea, stream, water",24,"sea, stream, wine, water",48,"stream, wine, water, drink"
ἀμέγαρτος,5,lsj,"unenviable; sad, melancholy; undesirable; unhappy, miserable",-1,(outlier),10,"wound, destroy, slay, kill",21,"wound, destroy, slay, cut",40,"vain, unceasing, unbroken, fruitless",77,"vain, unceasing, unbroken, unharmed"
αἴγλη,5,lsj,the light of the sun; moon; daylight; sunshine,8,"day, light, morning, early",5,"day, funeral, black, cloud",11,"black, dark, bright, shine",18,"black, dark, bright, shine",37,"black, dark, bright, light"
πετρήεις,5,lsj,rocky; haunting rocks,132,"stone, hewn, block, boulder shape",2,"chamber, sleep, sit, bed",6,"chamber, house, ground, inner",7,"chamber, house, ground, mountain",17,"peak, mountain, hill, headland"
Ὀρχομενός,5,lsj,side with the Orchomenians; BMus.Cat.Coins Central Greece,143,"troy, athens, trojan, greece",1,"son, chariot, lord, old",1,"troy, athens, trojan, phthia",1,"troy, trojan, athens, thebes",1,"troy, trojan, athens, thebes"
περιτέλλομαι,5,lsj,come round; came round; go round; rise above the horizon,107,"round, turn, circle, wheel",3,"meet, bind, round, stretch",7,"round, stretch, straight, turn",8,"round, straight, stretch, turn",21,"round, turn, circle, rim"
πόρος,5,lsj,"means of passing a river, ford, ferry; the ford; narrow part of the sea, strait; passage-way",-1,(outlier),6,"wind, water, pour, sea",14,"wind, sea, stream, water",24,"sea, stream, wine, water",47,"sea, sail, strait, ship"
τρίχα,5,lsj,in three parts; ways; in the third watch,55,"fifth, half, fourth, thrice",7,"come, return, near, arrive",16,"come, return, hither, arrive",27,"return, time, fifth, backwards",53,"time, fifth, forthwith, fourth"
ἕνδεκα,5,lsj,"eleven; the Eleven, the Police-Commissioners",50,"years, tenth, period, ninth",1,"son, chariot, lord, old",1,"troy, athens, trojan, phthia",1,"troy, trojan, athens, thebes",2,"tenth, eleventh, number, seven"
Πήλιον,5,lsj,Pelion; at the foot of Pelion,143,"troy, athens, trojan, greece",1,"son, chariot, lord, old",1,"troy, athens, trojan, phthia",1,"troy, trojan, athens, thebes",1,"troy, trojan, athens, thebes"
ἀπομηνίω,5,lsj,"to be very wroth, persevere in wrath; having departed from wrath; PBodl.ined; cease from wrath",98,"anger, wrath, angry, rage",10,"wound, destroy, slay, kill",21,"wound, destroy, slay, cut",41,"destiny, dishonour, wretched, hateful",79,"destiny, wretched, hateful, wrath"
αἰγανέη,5,lsj,"hunting-spear, javelin",140,"spear, axe, sword, wand",4,"spear, bronze, eat, silver",9,"spear, bronze, breast, arrow",12,"spear, arrow, sword, girdle",28,"spear, sword, girdle, belt"
φθογγή,5,lsj,voice,41,"voice, sound, speech, hear",12,"shout, speak, rouse, speech",25,"speak, speech, voice, address",50,"speak, speech, voice, address",100,"speech, voice, speak, clear"
πολίτης,5,agwn,"people living in a large densely populated municipality: ""the city voted for Republicans in 1994""",126,"dwell, inhabit, people, situated",11,"ask, inquire, pray, care",22,"ask, pray, inquire, care",44,"ask, inquire, pay, prize",87,"pay, debt, receive, price"
φθισήνωρ,5,lsj,destroying; killing men,80,"destroy, waste, bane, sack",10,"wound, destroy, slay, kill",21,"wound, destroy, slay, cut",39,"slay, kill, destroy, waste",75,"waste, destroy, sack, perish"
Πελασγός,5,lsj,Pelasgian; Greeks,143,"troy, athens, trojan, greece",1,"son, chariot, lord, old",1,"troy, athens, trojan, phthia",1,"troy, trojan, athens, thebes",1,"troy, trojan, athens, thebes"
γενέθλη,5,lsj,"race, stock, family; race; by birth; origin",121,"race, descent, father, family",1,"son, chariot, lord, old",2,"old, mother, son, wife",2,"old, son, mother, wife",5,"son, child, mother, father"
Μυσός,5,lsj,Mysian; a prey to all,-1,(outlier),1,"son, chariot, lord, old",1,"troy, athens, trojan, phthia",1,"troy, trojan, athens, thebes",3,"phthia, lesbos, hang, club"
χειμών,5,lsj,winter; in winter; in winter-time; in the course of the winter,-1,(outlier),5,"day, funeral, black, cloud",12,"funeral, long, day, time",19,"long, day, time, morning",39,"day, morning, dawn, early"
κεραός,5,lsj,horned; made of horn; cervus,77,"arrow, bow, javelin, shoot",4,"spear, bronze, eat, silver",10,"eat, tree, heracles, meal",15,"heracles, bird, fish, fly",34,"heracles, bird, fish, fly"
καγχαλάω,5,lsj,"rejoice, exult; rejoice",-1,(outlier),11,"ask, inquire, pray, care",22,"ask, pray, inquire, care",46,"rejoice, care, heed, counsel",89,"care, rejoice, heed, attempt"
κίθαρις,5,agwn,the act of playing a musical instrument,53,"song, dance, sing, play",12,"shout, speak, rouse, speech",23,"rouse, stir, anger, fight",48,"rouse, stir, dance, song",94,"song, dance, choir, music"
ἐκδύω,5,lsj,"take off, strip off; stripped; strip; to be stripped of",83,"strip, cut, loose, belch",10,"wound, destroy, slay, kill",21,"wound, destroy, slay, cut",42,"wound, cut, tears, toil",80,"wound, cut, strip, blood"
γάλοως,5,lsj,"husbandʼs sister; brotherʼs wife, sister-in-law; glōs",124,"brother, sister, law, cousin",1,"son, chariot, lord, old",2,"old, mother, son, wife",2,"old, son, mother, wife",4,"wife, sister, brother, marry"
δάμαρ,5,lsj,"wife, spouse",110,"wife, marry, marriage, wedded",1,"son, chariot, lord, old",2,"old, mother, son, wife",2,"old, son, mother, wife",4,"wife, sister, brother, marry"
δίπλαξ,5,lsj,"in double folds; layers; twofold, double; double-folded mantle",10,"double, fold, handled, wrapped covered",3,"meet, bind, round, stretch",8,"meet, bind, ready, gather",9,"bind, ready, fast, make",23,"ready, bind, fast, make"
ἐπιπωλέομαι,5,lsj,"go about, go through; inspecting; reconnoitring; visit",19,"watch, visit, ward, observe",8,"flee, pass, away, drive",17,"pass, lead, come, throw",30,"pass, lead, come, throw",57,"drive, pass, rush, path"
νιφάς,5,lsj,snowflake; snowstorm; snow; shower,-1,(outlier),5,"day, funeral, black, cloud",12,"funeral, long, day, time",20,"funeral, dead, snow, kindle",41,"kindle, snow, cloud, fires"
μεδέων,5,lsj,"guardian, ruler; ruling; ruler; guardian goddess",101,"lord, queen, master, ruler",1,"son, chariot, lord, old",3,"divine, honour, zeus, wonder",3,"divine, honour, zeus, god",7,"divine, zeus, god, holy"
πημαίνω,5,lsj,"plunge into ruin, undo; grieve, distress; damage; do harm",-1,(outlier),10,"wound, destroy, slay, kill",21,"wound, destroy, slay, cut",42,"wound, cut, tears, toil",80,"wound, cut, strip, blood"
ἐπισφύρια,5,lsj,"leg-guards; above the ankle-joint, ankle",138,"shoulder, thigh, limb, ankle",4,"spear, bronze, eat, silver",9,"spear, bronze, breast, arrow",11,"breast, thigh, knee, arm",26,"breast, thigh, knee, arm"
ὀψίγονος,5,agwn,"after the expected or usual time; delayed: ""a belated birthday card""; ""I'm late for the plane""; ""the train is late""; ""ta",-1,(outlier),11,"ask, inquire, pray, care",22,"ask, pray, inquire, care",46,"rejoice, care, heed, counsel",89,"care, rejoice, heed, attempt"
ἔριον,5,lsj,wool; flocks of wool; cotton; web,-1,(outlier),4,"spear, bronze, eat, silver",9,"spear, bronze, breast, arrow",13,"helmet, hair, head, cloth",29,"cloth, garment, skin, cloak"
ἀνύω,5,lsj,"effect, accomplish; did; good; to forward the work",102,"accomplish, fulfil, pass, perform",8,"flee, pass, away, drive",17,"pass, lead, come, throw",30,"pass, lead, come, throw",60,"lead, end, shut, fulfil"
κλυτότοξος,5,lsj,"famous for the bow, renowned archer",77,"arrow, bow, javelin, shoot",4,"spear, bronze, eat, silver",9,"spear, bronze, breast, arrow",12,"spear, arrow, sword, girdle",27,"arrow, bow, shoot, sagitta"
ἐπιγράφω,5,agwn,of accounts and tax returns; with the intent to verify,30,"pay, price, debt, obligation",11,"ask, inquire, pray, care",22,"ask, pray, inquire, care",44,"ask, inquire, pay, prize",87,"pay, debt, receive, price"
παρήιον,5,lsj (relaxed match),cheek; jaw; cheek-ornament,120,"hair, mane, neck, bushy",4,"spear, bronze, eat, silver",9,"spear, bronze, breast, arrow",13,"helmet, hair, head, cloth",30,"hair, helmet, head, face"
σφυρόν,5,lsj,"ankle; put out; the lower part; edge, foothills",138,"shoulder, thigh, limb, ankle",4,"spear, bronze, eat, silver",9,"spear, bronze, breast, arrow",11,"breast, thigh, knee, arm",26,"breast, thigh, knee, arm"
ἐρεμνός,5,lsj,"murky, black, dark; dark, obscure",4,"dark, black, murky, gloom",5,"day, funeral, black, cloud",11,"black, dark, bright, shine",18,"black, dark, bright, shine",37,"black, dark, bright, light"
ἰωή,5,lsj,any loud sound: shout; cry; sound; the roaring blast,64,"sound, roar, shriek, clash",12,"shout, speak, rouse, speech",24,"shout, lament, wail, loud",49,"shout, lament, wail, loud",98,"shout, lament, wail, shriek"
εἴρω2,5,lsj (homograph 2),"say, speak, tell; is said; ask",42,"speech, word, speak, talk",12,"shout, speak, rouse, speech",25,"speak, speech, voice, address",50,"speak, speech, voice, address",100,"speech, voice, speak, clear"
σημάντωρ,5,lsj,"one who gives a signal, leader, commander; driver; herdsman; subordinate officers",101,"lord, queen, master, ruler",1,"son, chariot, lord, old",4,"chariot, lord, guest, master",4,"guest, slave, serve, banquet",10,"slave, mistress, care, queen"
ἀμέλγω,5,lsj,milk; you drain; of all they have; such up,-1,(outlier),6,"wind, water, pour, sea",13,"pour, wash, oil, breathe",21,"wash, oil, salt, raw",43,"wash, oil, salt, raw"
ἀζηχής,5,lsj,"continuous; unceasing; hard, seasoned",-1,(outlier),10,"wound, destroy, slay, kill",21,"wound, destroy, slay, cut",40,"vain, unceasing, unbroken, fruitless",77,"vain, unceasing, unbroken, unharmed"
στηρίζω,5,lsj,"make fast, prop, fix; sets; set; fast",48,"bind, fast, tie, fix",3,"meet, bind, round, stretch",8,"meet, bind, ready, gather",9,"bind, ready, fast, make",23,"ready, bind, fast, make"
ξυστόν,5,lsj,"shaved; shaft, pole; shaft; spear",140,"spear, axe, sword, wand",4,"spear, bronze, eat, silver",9,"spear, bronze, breast, arrow",12,"spear, arrow, sword, girdle",28,"spear, sword, girdle, belt"
κάμπτω,5,lsj,"kaṁp-as; kuṁp-as; campus; bend, curve",106,"stretch, bend, curved, tight",3,"meet, bind, round, stretch",7,"round, stretch, straight, turn",8,"round, straight, stretch, turn",20,"bend, curved, twisted, stretch"
ὀκριόεις,5,lsj,"having many points; roughnesses, rugged, jagged",72,"sharp, keen, smooth, rugged",9,"desire, noble, strength, easy",20,"noble, strength, swift, little",36,"swift, little, haste, eager",71,"little, softly, firm, small"
ἀποσεύω,5,lsj,"chase away; run away, flee; haemorrhage",61,"flee, escape, avoid, shun",8,"flee, pass, away, drive",18,"flee, fear, away, hold",32,"flee, fear, wander, avoid",63,"flee, wander, avoid, escape"
κτάομαι,5,lsj,"procure for oneself, get, acquire; win; to get oneʼs; bring upon oneself",32,"prize, contest, gain, win",11,"ask, inquire, pray, care",22,"ask, pray, inquire, care",44,"ask, inquire, pay, prize",85,"prize, gain, win, contest"
ξέω,5,lsj,shave; plane; carve; shape by carving,-1,(outlier),4,"spear, bronze, eat, silver",9,"spear, bronze, breast, arrow",14,"bronze, silver, hollow, gold",32,"hollow, shape, form, hewn"
ἐπιβρίθω,5,agwn,of coins,0,"bronze, silver, copper, metal",4,"spear, bronze, eat, silver",9,"spear, bronze, breast, arrow",14,"bronze, silver, hollow, gold",31,"bronze, silver, gold, copper"
στρεπτός,5,lsj,"easily twisted, pliant; of chainarmour; mail; pliant",106,"stretch, bend, curved, tight",3,"meet, bind, round, stretch",7,"round, stretch, straight, turn",8,"round, straight, stretch, turn",20,"bend, curved, twisted, stretch"
ἀγχιστῖνος,5,lsj,"close, crowded, in heaps",58,"crowded, people, pile, heaps",3,"meet, bind, round, stretch",8,"meet, bind, ready, gather",10,"meet, gather, pick, assembly",25,"meet, gather, assembly, face"
μετοίχομαι,5,lsj,"go after, go in quest of; rush upon, pursue; go among; through",117,"leap, rush, run, chase",8,"flee, pass, away, drive",17,"pass, lead, come, throw",30,"pass, lead, come, throw",57,"drive, pass, rush, path"
ὑπέχω,5,lsj,hold under; put; under; holding out,93,"set, beneath, lowest, high",7,"come, return, near, arrive",15,"near, nigh, far, hand",25,"beneath, lowest, hindmost, atop",49,"beneath, lowest, high, aloft"
κενεών,5,lsj,"hollow between ribs and hip, flank; hollows; hollow; vacant space",139,"breast, hollow, lap, guts",4,"spear, bronze, eat, silver",9,"spear, bronze, breast, arrow",14,"bronze, silver, hollow, gold",32,"hollow, shape, form, hewn"
κοτύλη,5,lsj,"anything hollow; small vessel, cup; cup; socket",139,"breast, hollow, lap, guts",4,"spear, bronze, eat, silver",9,"spear, bronze, breast, arrow",14,"bronze, silver, hollow, gold",32,"hollow, shape, form, hewn"
βουκολέω,5,lsj,tend cattle; graze; range through the sky; graze on,-1,(outlier),4,"spear, bronze, eat, silver",10,"eat, tree, heracles, meal",15,"heracles, bird, fish, fly",34,"heracles, bird, fish, fly"
Κύπρις,5,lsj,"Cypris; Aphrodite; a Venus; love, passion",13,"desire, want, wish, need",9,"desire, noble, strength, easy",19,"desire, wish, love, want",34,"love, heart, sweet, warm",66,"heart, love, affection, desire"
ἀλύω,5,lsj,"to be deeply stirred, excited; to be distraught, beside oneself; in mad passion; to be at a loss, perplexed",98,"anger, wrath, angry, rage",11,"ask, inquire, pray, care",22,"ask, pray, inquire, care",46,"rejoice, care, heed, counsel",89,"care, rejoice, heed, attempt"
ἄχθομαι,5,lsj,"to be loaded; to be vexed, grieved; with; had",79,"grieving, distressed, wretched, pity",10,"wound, destroy, slay, kill",21,"wound, destroy, slay, cut",42,"wound, cut, tears, toil",81,"toil, tears, pain, distressed"
ὀμόργνυμι,5,lsj,wipe; were drying their; mrjáti,25,"wash, oil, dry, salt",6,"wind, water, pour, sea",13,"pour, wash, oil, breathe",21,"wash, oil, salt, raw",43,"wash, oil, salt, raw"
ἀραιός,5,lsj,"thin, slender; narrow; meagre; of loose texture",72,"sharp, keen, smooth, rugged",9,"desire, noble, strength, easy",20,"noble, strength, swift, little",36,"swift, little, haste, eager",71,"little, softly, firm, small"
πολύχαλκος,5,agwn,"disposed to venture or take risks: ""audacious visions of the total conquest of space""; ""an audacious interpretation of t",49,"destiny, doom, fate, destined",10,"wound, destroy, slay, kill",21,"wound, destroy, slay, cut",41,"destiny, dishonour, wretched, hateful",79,"destiny, wretched, hateful, wrath"
εὔπωλος,5,lsj,abounding in foals; horses; their offspring,134,"goose, wild, fawn, mule",4,"spear, bronze, eat, silver",10,"eat, tree, heracles, meal",15,"heracles, bird, fish, fly",34,"heracles, bird, fish, fly"
θυσανόεις,5,lsj,"tasseled, fringed",72,"sharp, keen, smooth, rugged",1,"son, chariot, lord, old",1,"troy, athens, trojan, phthia",1,"troy, trojan, athens, thebes",3,"phthia, lesbos, hang, club"
στεφανόω,5,lsj,to be put round in a circle; as a rim; border; to be put round,107,"round, turn, circle, wheel",3,"meet, bind, round, stretch",7,"round, stretch, straight, turn",8,"round, straight, stretch, turn",21,"round, turn, circle, rim"
πρυλέες,5,lsj,"men-at-arms, soldiers; close, in masses",-1,(outlier),1,"son, chariot, lord, old",4,"chariot, lord, guest, master",5,"chariot, lord, shield, master",13,"shield, ranks, warrior, men"
ἀγητός,5,lsj,"admirable, wonderful; wonderful",-1,(outlier),9,"desire, noble, strength, easy",20,"noble, strength, swift, little",37,"noble, wrought, glorious, splendid",72,"noble, wrought, glorious, splendid"
ἔκγονος,5,lsj,"born of, sprung from; child; son; daughter",121,"race, descent, father, family",1,"son, chariot, lord, old",2,"old, mother, son, wife",2,"old, son, mother, wife",5,"son, child, mother, father"
τυκτός,5,lsj,"finished, wrought out; complete; made by manʼs hand; well-made, well-wrought",73,"wrought, good dwell, poised, built",9,"desire, noble, strength, easy",20,"noble, strength, swift, little",37,"noble, wrought, glorious, splendid",72,"noble, wrought, glorious, splendid"
ἐπιάχω,5,lsj,"shout out, shout applause; shout",65,"shout, battle, war, aloud",12,"shout, speak, rouse, speech",24,"shout, lament, wail, loud",49,"shout, lament, wail, loud",98,"shout, lament, wail, shriek"
δυσαής,5,lsj,"ill-blowing, stormy; excessive; ill-smelling",18,"wind, cloud, mist, stormy",6,"wind, water, pour, sea",13,"pour, wash, oil, breathe",22,"pour, breathe, flow, spread",45,"breathe, disperse, sprinkle, spread"
ἐπιεικτός,5,lsj,"yielding; unyielding, dauntless; ceaseless; tolerable",129,"unresting, ungovernable, unseen, ceaseless",4,"spear, bronze, eat, silver",9,"spear, bronze, breast, arrow",14,"bronze, silver, hollow, gold",33,"lycia, stone, grind, goblet"
ἰάομαι,5,lsj,"heal, cure; attempt to cure, treat; cure. treat; remedy",-1,(outlier),11,"ask, inquire, pray, care",22,"ask, pray, inquire, care",46,"rejoice, care, heed, counsel",89,"care, rejoice, heed, attempt"
τόθι,5,lsj,"there, in that place; where",59,"hither, wherefore, place, way",7,"come, return, near, arrive",16,"come, return, hither, arrive",28,"hither, wherefore, way, just",54,"hither, wherefore, way, just"
Διόνυσος,5,lsj,Dionysus,-1,(outlier),1,"son, chariot, lord, old",1,"troy, athens, trojan, phthia",1,"troy, trojan, athens, thebes",3,"phthia, lesbos, hang, club"
πίναξ,5,lsj,"board, plank; drawing; writing-tablet; votive tablet",-1,(outlier),3,"meet, bind, round, stretch",8,"meet, bind, ready, gather",9,"bind, ready, fast, make",23,"ready, bind, fast, make"
θυμοφθόρος,5,lsj,"destroying the soul, life-destroying; heart-breaking; troublesome, annoying",-1,(outlier),10,"wound, destroy, slay, kill",21,"wound, destroy, slay, cut",39,"slay, kill, destroy, waste",75,"waste, destroy, sack, perish"
ἀτερπής,5,lsj,"unpleasing, joyless; less attractive; without enjoyment",113,"delight, joy, pleasure, rejoice",10,"wound, destroy, slay, kill",21,"wound, destroy, slay, cut",40,"vain, unceasing, unbroken, fruitless",77,"vain, unceasing, unbroken, unharmed"
ἀνανεύω,5,lsj,"throw the head back; make signs of refusal; deny, refuse; rejected",75,"persuade, assent, refuse, appease",11,"ask, inquire, pray, care",22,"ask, pray, inquire, care",45,"pray, oath, herald, command",88,"pray, oath, herald, command"
θέρω,5,lsj,"heat, make hot; become hot; warm; warm your self",-1,(outlier),9,"desire, noble, strength, easy",19,"desire, wish, love, want",34,"love, heart, sweet, warm",67,"sweet, warm, glad, delight"
ὑπότροπος,5,lsj,"turning back, returning; rallying",43,"return, backwards, rear, home",7,"come, return, near, arrive",16,"come, return, hither, arrive",27,"return, time, fifth, backwards",52,"return, backwards, anew, come home"
ἀγαπητός,5,lsj,that wherewith one must be content; to be acquiesced in; one must be content; desirable,-1,(outlier),11,"ask, inquire, pray, care",22,"ask, pray, inquire, care",44,"ask, inquire, pay, prize",87,"pay, debt, receive, price"
ἠλακάτη,5,lsj,distaff; the stalk; the fate; distaffshaped,-1,(outlier),1,"son, chariot, lord, old",1,"troy, athens, trojan, phthia",1,"troy, trojan, athens, thebes",3,"phthia, lesbos, hang, club"
ἐυρρεής,5,lsj (relaxed match),fair-flowing,37,"flow, tears, shed, forth",6,"wind, water, pour, sea",13,"pour, wash, oil, breathe",22,"pour, breathe, flow, spread",44,"pour, flow, filled, shed"
στεφάνη,5,lsj,anything that surrounds; encircles; brim; helmet,119,"helmet, head, peak, brim",4,"spear, bronze, eat, silver",9,"spear, bronze, breast, arrow",13,"helmet, hair, head, cloth",30,"hair, helmet, head, face"
τελευτή,5,lsj,"completion, accomplishment; event, issue; termination, end; the end of life, death",-1,(outlier),8,"flee, pass, away, drive",17,"pass, lead, come, throw",30,"pass, lead, come, throw",60,"lead, end, shut, fulfil"
μόθος,5,lsj,battle-din; fight,27,"battle, quarrel, fight, strife",12,"shout, speak, rouse, speech",23,"rouse, stir, anger, fight",47,"fight, quarrel, anger, battle",93,"fight, battle, quarrel, anger"
τόκος,5,lsj,"childbirth, parturition; the time of parturition; period of gestation; foetal stage",105,"born, beget, bring forth, engender",1,"son, chariot, lord, old",2,"old, mother, son, wife",2,"old, son, mother, wife",5,"son, child, mother, father"
πολύχρυσος,5,lsj,rich in gold,21,"golden, robe, flowers, soft",4,"spear, bronze, eat, silver",9,"spear, bronze, breast, arrow",14,"bronze, silver, hollow, gold",31,"bronze, silver, gold, copper"
θυμοβόρος,5,lsj,eating the heart,78,"heart, affection, gentle, love",9,"desire, noble, strength, easy",19,"desire, wish, love, want",34,"love, heart, sweet, warm",66,"heart, love, affection, desire"
ὑπέρχομαι,5,lsj,"come under, get under; come within; enter; come upon, steal over",95,"enter, come, inspire, city",7,"come, return, near, arrive",16,"come, return, hither, arrive",29,"come, arrive, home, house",56,"come, arrive, reach, born"
ἑπταβόειος,5,lsj,of seven bullsʼ-hides,-1,(outlier),4,"spear, bronze, eat, silver",10,"eat, tree, heracles, meal",15,"heracles, bird, fish, fly",34,"heracles, bird, fish, fly"
ῥηξήνωρ,5,lsj,breaking armed ranks,-1,(outlier),1,"son, chariot, lord, old",4,"chariot, lord, guest, master",5,"chariot, lord, shield, master",13,"shield, ranks, warrior, men"
ἀφαυρός,5,lsj,"feeble, powerless; dim; too weak to resist; less nutritious",88,"force, feeble, forcibly, powerless",9,"desire, noble, strength, easy",20,"noble, strength, swift, little",38,"strength, force, high, courage",73,"strength, force, heavy, feeble"
εἶλαρ,5,lsj,"covering, shelter, defence; shelter for; fence against",-1,(outlier),2,"chamber, sleep, sit, bed",6,"chamber, house, ground, inner",7,"chamber, house, ground, mountain",18,"house, chamber, wall, court"
οἴκοθεν,5,lsj,"from oneʼs house, from home; from home; domestic affairs; at home, within",40,"home, house, inside, domestic",7,"come, return, near, arrive",16,"come, return, hither, arrive",29,"come, arrive, home, house",55,"home, house, inside, come forth"
βαθύρροος,5,lsj,deep-flowing; deherb,37,"flow, tears, shed, forth",6,"wind, water, pour, sea",13,"pour, wash, oil, breathe",22,"pour, breathe, flow, spread",44,"pour, flow, filled, shed"
βρότος,5,lsj,"blood that has run from a wound, gore",12,"wound, blood, ulcer, scar",10,"wound, destroy, slay, kill",21,"wound, destroy, slay, cut",42,"wound, cut, tears, toil",80,"wound, cut, strip, blood"
σειρά,5,lsj,"cord, rope; cord; trace; line with a noose, lasso",141,"strap, cord, thong, bar",4,"spear, bronze, eat, silver",9,"spear, bronze, breast, arrow",12,"spear, arrow, sword, girdle",28,"spear, sword, girdle, belt"
ἔθειρα,5,lsj,hair; a horseʼs mane; horsehair crest; hair of the head,120,"hair, mane, neck, bushy",4,"spear, bronze, eat, silver",9,"spear, bronze, breast, arrow",13,"helmet, hair, head, cloth",30,"hair, helmet, head, face"
γέντο,5,lsj,he grasped,87,"seize, hold, receive, caught",11,"ask, inquire, pray, care",22,"ask, pray, inquire, care",46,"rejoice, care, heed, counsel",89,"care, rejoice, heed, attempt"
ἱμάσθλη,5,lsj,thong; whip; rudder; any thong,141,"strap, cord, thong, bar",4,"spear, bronze, eat, silver",9,"spear, bronze, breast, arrow",12,"spear, arrow, sword, girdle",28,"spear, sword, girdle, belt"
θεῖον,5,lsj,brimstone; suffire,132,"stone, hewn, block, boulder shape",4,"spear, bronze, eat, silver",9,"spear, bronze, breast, arrow",14,"bronze, silver, hollow, gold",33,"lycia, stone, grind, goblet"
φύγαδε,5,lsj,to flight,-1,(outlier),8,"flee, pass, away, drive",17,"pass, lead, come, throw",30,"pass, lead, come, throw",57,"drive, pass, rush, path"
μεγακήτης,5,lsj,"yawning, with mighty hollows; with mighty maw; capacious; teeming with monsters",-1,(outlier),6,"wind, water, pour, sea",13,"pour, wash, oil, breathe",22,"pour, breathe, flow, spread",45,"breathe, disperse, sprinkle, spread"
ὀρθόκραιρος,5,lsj,with straight; upright horns,-1,(outlier),3,"meet, bind, round, stretch",7,"round, stretch, straight, turn",8,"round, straight, stretch, turn",20,"bend, curved, twisted, stretch"
ὄνυξ,5,lsj,"talons, claws; nail; hoof, X.Eq; claw",-1,(outlier),4,"spear, bronze, eat, silver",9,"spear, bronze, breast, arrow",12,"spear, arrow, sword, girdle",28,"spear, sword, girdle, belt"
παλίντονος,5,lsj,bent backward; back-stretched; caused by opposite tensions; military engines for throwing stones,106,"stretch, bend, curved, tight",3,"meet, bind, round, stretch",7,"round, stretch, straight, turn",8,"round, straight, stretch, turn",22,"draw, raise, drag, stand"
θᾶκος,5,lsj,"seat, chair; seats; chair of office; privy",127,"sit, seat, chair, place",2,"chamber, sleep, sit, bed",5,"sleep, sit, seat, bed",6,"sleep, sit, seat, bed",14,"sit, seat, chair, throne"
λίς2,5,lsj (homograph 2),smooth,72,"sharp, keen, smooth, rugged",9,"desire, noble, strength, easy",20,"noble, strength, swift, little",36,"swift, little, haste, eager",71,"little, softly, firm, small"
στεῖνος,5,lsj,"narrow, close; confined space; straits, distress; by suffering, Eu",131,"sail, ship, sea, float",6,"wind, water, pour, sea",14,"wind, sea, stream, water",24,"sea, stream, wine, water",47,"sea, sail, strait, ship"
κύντερος,5,lsj,more dog-like; more shameless; more horrible,111,"hateful, hated, ruthless, terrible",4,"spear, bronze, eat, silver",10,"eat, tree, heracles, meal",15,"heracles, bird, fish, fly",34,"heracles, bird, fish, fly"
ὑπηοῖος,5,lsj,"towards dawn, early; early; morning",8,"day, light, morning, early",5,"day, funeral, black, cloud",12,"funeral, long, day, time",19,"long, day, time, morning",39,"day, morning, dawn, early"
ἄστρον,5,lsj,the stars; dog-days; any common star; the stars’,7,"bright, light, kindle, star",5,"day, funeral, black, cloud",12,"funeral, long, day, time",20,"funeral, dead, snow, kindle",42,"star, olympus, heaven, middle"
μελάνυδρος,5,lsj,with black water; which looks black,4,"dark, black, murky, gloom",5,"day, funeral, black, cloud",11,"black, dark, bright, shine",18,"black, dark, bright, shine",37,"black, dark, bright, light"
ὁμῆλιξ,5,lsj,"of the same age; equal in age, comrade; of like stature",69,"like, equal, age, resembling",1,"son, chariot, lord, old",2,"old, mother, son, wife",2,"old, son, mother, wife",6,"old, age, youth, elders"
ἀθλοφόρος,5,lsj,"bearing away the prize, victorious; prizegiving",32,"prize, contest, gain, win",11,"ask, inquire, pray, care",22,"ask, pray, inquire, care",44,"ask, inquire, pay, prize",85,"prize, gain, win, contest"
ἐπιδίδωμι,5,lsj,give besides; administer; give afterwards; give in dowry,33,"gift, serve, receive, admit",11,"ask, inquire, pray, care",22,"ask, pray, inquire, care",44,"ask, inquire, pay, prize",87,"pay, debt, receive, price"
θύω,5,lsj,"offer by burning; made an offering; sacrifice, slay; the flesh of the victim",74,"slay, slaughter, kill, sacrifice",10,"wound, destroy, slay, kill",21,"wound, destroy, slay, cut",39,"slay, kill, destroy, waste",76,"slay, slaughter, kill, sacrifice"
ἄυπνος,5,lsj (relaxed match),"sleepless, wakeful; sleepless, never-resting; sleepless; that is no sleep, from which one easily awakes",92,"sleep, lie, lay, bed",2,"chamber, sleep, sit, bed",5,"sleep, sit, seat, bed",6,"sleep, sit, seat, bed",15,"sleep, bed, lie, lay"
μόγις,5,lsj,"with toil and pain; hardly, scarcely",31,"toil, work, suffer, labour",10,"wound, destroy, slay, kill",21,"wound, destroy, slay, cut",42,"wound, cut, tears, toil",81,"toil, tears, pain, distressed"
ἐρέσσω,5,lsj,row; speed by rowing; ply; the measured,51,"oar, ranks, rows, handle",4,"spear, bronze, eat, silver",9,"spear, bronze, breast, arrow",11,"breast, thigh, knee, arm",26,"breast, thigh, knee, arm"
ἀποπλέω,5,lsj,"sail away, sail off",-1,(outlier),6,"wind, water, pour, sea",14,"wind, sea, stream, water",24,"sea, stream, wine, water",47,"sea, sail, strait, ship"
ἀνεψιός,5,lsj,first cousin; cousin; nepos,124,"brother, sister, law, cousin",1,"son, chariot, lord, old",2,"old, mother, son, wife",2,"old, son, mother, wife",4,"wife, sister, brother, marry"
καλλίσφυρος,5,lsj,beautifulankled,-1,(outlier),9,"desire, noble, strength, easy",19,"desire, wish, love, want",34,"love, heart, sweet, warm",67,"sweet, warm, glad, delight"
γλυκερός,5,agwn,"pleasing to the senses: ""the sweet song of the lark""; ""the sweet face of a child""",-1,(outlier),9,"desire, noble, strength, easy",19,"desire, wish, love, want",34,"love, heart, sweet, warm",67,"sweet, warm, glad, delight"
Τρωικός,5,lsj (relaxed match),Trojan; times of Troy; Trojan war,143,"troy, athens, trojan, greece",1,"son, chariot, lord, old",1,"troy, athens, trojan, phthia",1,"troy, trojan, athens, thebes",1,"troy, trojan, athens, thebes"
ἀθρέω,5,lsj,"gaze at, observe; inspect; look earnestly, gaze; observe, watch",22,"look, gaze, behold, observe",11,"ask, inquire, pray, care",22,"ask, pray, inquire, care",43,"know, appear, perceive, look",83,"look, gaze, eye, behold"
αὐλός,5,lsj,"pipe, flute, clarionet; a trumpet; the flute; pipes",53,"song, dance, sing, play",12,"shout, speak, rouse, speech",23,"rouse, stir, anger, fight",48,"rouse, stir, dance, song",94,"song, dance, choir, music"
ἐπίσκοπος,5,lsj,"one who watches over, overseer, guardian; watchers; over; tutor",19,"watch, visit, ward, observe",11,"ask, inquire, pray, care",22,"ask, pray, inquire, care",43,"know, appear, perceive, look",84,"watch, count, sum, visit"
κερδαλέος,5,lsj,"crafty, cunning; the wily one, the fox; profitable; to oneʼs advantage",-1,(outlier),11,"ask, inquire, pray, care",22,"ask, pray, inquire, care",44,"ask, inquire, pay, prize",85,"prize, gain, win, contest"
ἀδέω,5,lsj,to be sated with; should be sated with; feel loathing at; sated with,127,"sit, seat, chair, place",11,"ask, inquire, pray, care",22,"ask, pray, inquire, care",46,"rejoice, care, heed, counsel",89,"care, rejoice, heed, attempt"
κρατερόφρων,5,lsj,"stout-hearted, dauntless",82,"stout, strong, sturdy, heavy",9,"desire, noble, strength, easy",19,"desire, wish, love, want",34,"love, heart, sweet, warm",67,"sweet, warm, glad, delight"
δόσις,5,lsj,"giving; licence, permission; ramming; gift",33,"gift, serve, receive, admit",11,"ask, inquire, pray, care",22,"ask, pray, inquire, care",44,"ask, inquire, pay, prize",87,"pay, debt, receive, price"
εἰλαπίνη,5,agwn,a ceremonial dinner party for many people,34,"guest, banquet, meal, feast",1,"son, chariot, lord, old",4,"chariot, lord, guest, master",4,"guest, slave, serve, banquet",9,"guest, banquet, dinner, meal"
ἐριαύχην,5,lsj,with arched neck,-1,(outlier),3,"meet, bind, round, stretch",7,"round, stretch, straight, turn",8,"round, straight, stretch, turn",20,"bend, curved, twisted, stretch"
ἐμμενής,5,lsj,abiding in; steadfastness; unceasing,-1,(outlier),10,"wound, destroy, slay, kill",21,"wound, destroy, slay, cut",40,"vain, unceasing, unbroken, fruitless",77,"vain, unceasing, unbroken, unharmed"
μέλεος,5,lsj,"idle, useless; unearned; in vain; unhappy, miserable",128,"vain, fruitless, useless, idle",10,"wound, destroy, slay, kill",21,"wound, destroy, slay, cut",40,"vain, unceasing, unbroken, fruitless",77,"vain, unceasing, unbroken, unharmed"
Θράκιος,5,lsj (relaxed match),Thracian,142,"thracian, scylla seal, monachus calchas, calypso icarian",1,"son, chariot, lord, old",1,"troy, athens, trojan, phthia",1,"troy, trojan, athens, thebes",3,"phthia, lesbos, hang, club"
Κύπρος,5,lsj,Cyprus; from Cyprus; to Cyprus,143,"troy, athens, trojan, greece",1,"son, chariot, lord, old",1,"troy, athens, trojan, phthia",1,"troy, trojan, athens, thebes",1,"troy, trojan, athens, thebes"
ἀορτήρ,5,lsj,"strap to hang; to, sword-belt; knapsack-strap",141,"strap, cord, thong, bar",4,"spear, bronze, eat, silver",9,"spear, bronze, breast, arrow",12,"spear, arrow, sword, girdle",28,"spear, sword, girdle, belt"
τοτέ,5,lsj,"at times, now and then; at one time.., at another",-1,(outlier),7,"come, return, near, arrive",16,"come, return, hither, arrive",27,"return, time, fifth, backwards",53,"time, fifth, forthwith, fourth"
ὑπάγω,5,lsj,lead; bring under; brought; under,-1,(outlier),8,"flee, pass, away, drive",17,"pass, lead, come, throw",30,"pass, lead, come, throw",60,"lead, end, shut, fulfil"
ἀμολγός,5,lsj,dead; milking-time,3,"funeral, dead, rites, burial",4,"spear, bronze, eat, silver",9,"spear, bronze, breast, arrow",14,"bronze, silver, hollow, gold",33,"lycia, stone, grind, goblet"
δύη,5,lsj,"misery, anguish; of woe; two; Theol, Ar",79,"grieving, distressed, wretched, pity",10,"wound, destroy, slay, kill",21,"wound, destroy, slay, cut",41,"destiny, dishonour, wretched, hateful",79,"destiny, wretched, hateful, wrath"
Εἰλείθυια,5,lsj,she that comes; Ilithyia; parturition; offspring,125,"son, child, infant, father",1,"son, chariot, lord, old",2,"old, mother, son, wife",2,"old, son, mother, wife",5,"son, child, mother, father"
μηκάς,5,lsj,bleating one,-1,(outlier),4,"spear, bronze, eat, silver",9,"spear, bronze, breast, arrow",14,"bronze, silver, hollow, gold",33,"lycia, stone, grind, goblet"
διαλέγω,5,lsj,"pick out; glean; select, separate; examine, check",-1,(outlier),3,"meet, bind, round, stretch",8,"meet, bind, ready, gather",10,"meet, gather, pick, assembly",24,"mix, equal, alike, separate"
ἀγοστός,5,lsj,"flat of the hand; arm; dirt, filth; haástas",-1,(outlier),6,"wind, water, pour, sea",13,"pour, wash, oil, breathe",21,"wash, oil, salt, raw",43,"wash, oil, salt, raw"
πλευρά,5,lsj,rib; ribs; side; both sides,139,"breast, hollow, lap, guts",4,"spear, bronze, eat, silver",9,"spear, bronze, breast, arrow",11,"breast, thigh, knee, arm",26,"breast, thigh, knee, arm"
ἰατρός,5,lsj,"one who heals, physician; surgeon; midwife",-1,(outlier),1,"son, chariot, lord, old",4,"chariot, lord, guest, master",4,"guest, slave, serve, banquet",10,"slave, mistress, care, queen"
ἐπιμίξ,5,lsj,"mixedly, confusedly, pell-mell; without; respect of persons",-1,(outlier),11,"ask, inquire, pray, care",22,"ask, pray, inquire, care",46,"rejoice, care, heed, counsel",89,"care, rejoice, heed, attempt"
μέσαυλος,5,lsj,"the inner court, inside the; the door between the; and the inner part of the house; mesauloe",137,"house, chamber, inner, room",2,"chamber, sleep, sit, bed",6,"chamber, house, ground, inner",7,"chamber, house, ground, mountain",18,"house, chamber, wall, court"
τρωπάω,5,lsj,"turn, change; turn oneself, turn about",107,"round, turn, circle, wheel",3,"meet, bind, round, stretch",7,"round, stretch, straight, turn",8,"round, straight, stretch, turn",21,"round, turn, circle, rim"
πυθμήν,5,lsj,"bottom; base, foundation; foot; bottom, depth",116,"earth, ground, surface, deep",2,"chamber, sleep, sit, bed",6,"chamber, house, ground, inner",7,"chamber, house, ground, mountain",16,"ground, trench, earth, dug"
ἀναίτιος,5,lsj,not being the fault; cause of; guiltless; guiltless of,-1,(outlier),10,"wound, destroy, slay, kill",21,"wound, destroy, slay, cut",41,"destiny, dishonour, wretched, hateful",78,"dishonour, pity, disgrace, reproach"
συνελαύνω,5,lsj,drive together; drove; together; hammer together,-1,(outlier),3,"meet, bind, round, stretch",8,"meet, bind, ready, gather",10,"meet, gather, pick, assembly",24,"mix, equal, alike, separate"
ἤλιθα,5,lsj,"very much, exceedingly; in vain, to no purpose",128,"vain, fruitless, useless, idle",10,"wound, destroy, slay, kill",21,"wound, destroy, slay, cut",40,"vain, unceasing, unbroken, fruitless",77,"vain, unceasing, unbroken, unharmed"
φαέθω,5,lsj,shine; radiant; the sun; days,8,"day, light, morning, early",5,"day, funeral, black, cloud",11,"black, dark, bright, shine",18,"black, dark, bright, shine",37,"black, dark, bright, light"
τιτρώσκω,5,lsj,wound; is wounded; inflict; kill,12,"wound, blood, ulcer, scar",10,"wound, destroy, slay, kill",21,"wound, destroy, slay, cut",42,"wound, cut, tears, toil",80,"wound, cut, strip, blood"
φράσσω,5,lsj,"fence in, hedge round; secure, fortify; having fenced; fenced",-1,(outlier),2,"chamber, sleep, sit, bed",6,"chamber, house, ground, inner",7,"chamber, house, ground, mountain",18,"house, chamber, wall, court"
θωρηκτής,5,lsj,armed with; cuirass,-1,(outlier),1,"son, chariot, lord, old",4,"chariot, lord, guest, master",5,"chariot, lord, shield, master",13,"shield, ranks, warrior, men"
Λύκιος,5,lsj,Lycian; the Lycians; history of Lycia,143,"troy, athens, trojan, greece",4,"spear, bronze, eat, silver",9,"spear, bronze, breast, arrow",14,"bronze, silver, hollow, gold",33,"lycia, stone, grind, goblet"
νέα,5,agwn,"(grammar) serving as or indicating the subject of a verb and words identified with the subject of a copular verb; ""nomin",42,"speech, word, speak, talk",12,"shout, speak, rouse, speech",25,"speak, speech, voice, address",50,"speak, speech, voice, address",100,"speech, voice, speak, clear"
πτύσσω,5,lsj,"fold, double up; fold up; fold; fold, close",10,"double, fold, handled, wrapped covered",3,"meet, bind, round, stretch",8,"meet, bind, ready, gather",9,"bind, ready, fast, make",23,"ready, bind, fast, make"
καυλός,5,lsj,stem; spear-shaft; sword-hilt; quill part,140,"spear, axe, sword, wand",4,"spear, bronze, eat, silver",9,"spear, bronze, breast, arrow",12,"spear, arrow, sword, girdle",28,"spear, sword, girdle, belt"
ἐμπίμπρημι,5,lsj,"kindle, set on fire; burn; to be set on fire; to be inflamed",7,"bright, light, kindle, star",5,"day, funeral, black, cloud",12,"funeral, long, day, time",20,"funeral, dead, snow, kindle",41,"kindle, snow, cloud, fires"
ἔχθω,5,lsj,hate,111,"hateful, hated, ruthless, terrible",4,"spear, bronze, eat, silver",9,"spear, bronze, breast, arrow",14,"bronze, silver, hollow, gold",33,"lycia, stone, grind, goblet"
λαιμός,5,lsj,"throat, gullet; neck",120,"hair, mane, neck, bushy",4,"spear, bronze, eat, silver",9,"spear, bronze, breast, arrow",13,"helmet, hair, head, cloth",30,"hair, helmet, head, face"
βρυχάομαι,5,lsj,"roar, bellow; death-cry; wail; the roaring of waves",64,"sound, roar, shriek, clash",12,"shout, speak, rouse, speech",24,"shout, lament, wail, loud",49,"shout, lament, wail, loud",98,"shout, lament, wail, shriek"
οἰοπόλος,5,lsj,"lonely; solitary, unaccompanied; tending sheep",-1,(outlier),11,"ask, inquire, pray, care",22,"ask, pray, inquire, care",46,"rejoice, care, heed, counsel",92,"dwell, set, situated, devise"
βομβέω,5,lsj,make a booming noise; fell with a loud noise; flew humming; roar,64,"sound, roar, shriek, clash",12,"shout, speak, rouse, speech",24,"shout, lament, wail, loud",49,"shout, lament, wail, loud",97,"loud, laugh, crash, sound"
θυμοραιστής,5,lsj (relaxed match),life-destroying,80,"destroy, waste, bane, sack",10,"wound, destroy, slay, kill",21,"wound, destroy, slay, cut",39,"slay, kill, destroy, waste",75,"waste, destroy, sack, perish"
λάσκω,5,lsj,"ring, rattle, crash; ring; cracked, broke with a crash; crackled",-1,(outlier),12,"shout, speak, rouse, speech",24,"shout, lament, wail, loud",49,"shout, lament, wail, loud",97,"loud, laugh, crash, sound"
ὑβριστής,5,lsj,"violent, wanton, licentious, insolent man; sarcastic; lustful, lewd; insolent",-1,(outlier),10,"wound, destroy, slay, kill",21,"wound, destroy, slay, cut",41,"destiny, dishonour, wretched, hateful",79,"destiny, wretched, hateful, wrath"
ὀρχηθμός,5,lsj,dance,53,"song, dance, sing, play",12,"shout, speak, rouse, speech",23,"rouse, stir, anger, fight",48,"rouse, stir, dance, song",94,"song, dance, choir, music"
νοῦσος,5,agwn,an impairment of health or a condition of abnormal functioning,79,"grieving, distressed, wretched, pity",10,"wound, destroy, slay, kill",21,"wound, destroy, slay, cut",40,"vain, unceasing, unbroken, fruitless",77,"vain, unceasing, unbroken, unharmed"
χθαμαλός,5,lsj,"near the ground, on the ground, low; of humble station; sitting in a lower place; pedestrian",127,"sit, seat, chair, place",2,"chamber, sleep, sit, bed",5,"sleep, sit, seat, bed",6,"sleep, sit, seat, bed",14,"sit, seat, chair, throne"
νιφόεις,5,lsj,"snowy, snowclad; snow-white",-1,(outlier),5,"day, funeral, black, cloud",12,"funeral, long, day, time",20,"funeral, dead, snow, kindle",41,"kindle, snow, cloud, fires"
πορφύρω,5,lsj,"heaves, surges, swirls; gently heaving; was; troubled",-1,(outlier),6,"wind, water, pour, sea",13,"pour, wash, oil, breathe",22,"pour, breathe, flow, spread",45,"breathe, disperse, sprinkle, spread"
στείνω,5,lsj,"make strait, straiten, confine, crowd; to become strait, be narrowed; to be straitened for room; to be",106,"stretch, bend, curved, tight",6,"wind, water, pour, sea",14,"wind, sea, stream, water",24,"sea, stream, wine, water",47,"sea, sail, strait, ship"
ὁρμίζω,5,lsj,"bring to a safe anchorage, bring into harbour, moor, anchor; moored; bring; safe",-1,(outlier),6,"wind, water, pour, sea",14,"wind, sea, stream, water",24,"sea, stream, wine, water",47,"sea, sail, strait, ship"
ἄσμενος,5,lsj,"well-pleased, glad; glad to; glad; gladly, readily",-1,(outlier),9,"desire, noble, strength, easy",19,"desire, wish, love, want",34,"love, heart, sweet, warm",67,"sweet, warm, glad, delight"
ἀνοίγνυμι,5,lsj,open; they tried to put back; so as to open; took off,-1,(outlier),8,"flee, pass, away, drive",17,"pass, lead, come, throw",30,"pass, lead, come, throw",60,"lead, end, shut, fulfil"
ἐλάτινος,5,lsj,of the fir; made of fir; pine-wood; of the date inflorescence,109,"tree, wood, garden, fir",4,"spear, bronze, eat, silver",10,"eat, tree, heracles, meal",17,"tree, barley, garden, wood",36,"tree, wood, barley, garden"
μετέπειτα,5,lsj,"afterwards, thereafter",-1,(outlier),7,"come, return, near, arrive",16,"come, return, hither, arrive",27,"return, time, fifth, backwards",53,"time, fifth, forthwith, fourth"
πόα,5,lsj,grass; herb; herbaceous plants; herbs,108,"barley, corn, grain, groats",4,"spear, bronze, eat, silver",10,"eat, tree, heracles, meal",17,"tree, barley, garden, wood",36,"tree, wood, barley, garden"
ἦνοψ,5,lsj,"gleaming; Fr.anon; not to be looked at, dazzling",7,"bright, light, kindle, star",5,"day, funeral, black, cloud",11,"black, dark, bright, shine",18,"black, dark, bright, shine",37,"black, dark, bright, light"
ἀλκτήρ,5,lsj,"one who wards off, protector from",-1,(outlier),8,"flee, pass, away, drive",18,"flee, fear, away, hold",31,"hold, leave, stay, retire",62,"leave, retire, away, ward"
ἐνίσσω,5,lsj,"attack, reproach; maltreal",97,"reproach, disgrace, reproof, rebuke",10,"wound, destroy, slay, kill",21,"wound, destroy, slay, cut",42,"wound, cut, tears, toil",81,"toil, tears, pain, distressed"
ἀοσσητήρ,5,lsj,"assistant, helper, aider",-1,(outlier),1,"son, chariot, lord, old",4,"chariot, lord, guest, master",4,"guest, slave, serve, banquet",10,"slave, mistress, care, queen"
ἀρά,5,lsj,"prayer; prayers; vow; curse, imprecation",71,"pray, vow, boast, votive offering",11,"ask, inquire, pray, care",22,"ask, pray, inquire, care",45,"pray, oath, herald, command",88,"pray, oath, herald, command"
δαήμων,5,lsj,"knowing, experienced in; knowing best how to",17,"know, perceive, discover, recognize",11,"ask, inquire, pray, care",22,"ask, pray, inquire, care",43,"know, appear, perceive, look",82,"know, appear, perceive, bring light"
κτεατίζω,5,lsj,"gain, win; get for oneself, acquire",32,"prize, contest, gain, win",11,"ask, inquire, pray, care",22,"ask, pray, inquire, care",44,"ask, inquire, pay, prize",85,"prize, gain, win, contest"
εὐποίητος,5,lsj,"well-made, well-wrought",73,"wrought, good dwell, poised, built",9,"desire, noble, strength, easy",20,"noble, strength, swift, little",37,"noble, wrought, glorious, splendid",72,"noble, wrought, glorious, splendid"
Διιπετής,5,lsj,fallen from Zeus; from heaven; fed; swollen by rain,100,"divine, mortal, god, zeus",1,"son, chariot, lord, old",3,"divine, honour, zeus, wonder",3,"divine, honour, zeus, god",7,"divine, zeus, god, holy"
ὄπις,5,lsj,the vengeance; visitation; divine vengeance; the care,49,"destiny, doom, fate, destined",10,"wound, destroy, slay, kill",21,"wound, destroy, slay, cut",41,"destiny, dishonour, wretched, hateful",79,"destiny, wretched, hateful, wrath"
ἄνδιχα,5,lsj,"asunder, in twain; far away; apart from; to be divided in opinion",45,"far, away, apart, aloof",11,"ask, inquire, pray, care",22,"ask, pray, inquire, care",46,"rejoice, care, heed, counsel",89,"care, rejoice, heed, attempt"
ῥυτήρ,5,lsj,"one who draws; stretches; drawer; strap by which one holds a horse, rein",-1,(outlier),1,"son, chariot, lord, old",4,"chariot, lord, guest, master",4,"guest, slave, serve, banquet",10,"slave, mistress, care, queen"
ἀγακλεής,5,lsj,"very glorious, famous",81,"glorious, noble, famous, renowned",9,"desire, noble, strength, easy",20,"noble, strength, swift, little",37,"noble, wrought, glorious, splendid",72,"noble, wrought, glorious, splendid"
ἔρνος,5,lsj,"young sprout, shoot; a young plant; wreaths; scion, offspring",109,"tree, wood, garden, fir",4,"spear, bronze, eat, silver",10,"eat, tree, heracles, meal",17,"tree, barley, garden, wood",36,"tree, wood, barley, garden"
ἐνηής,5,lsj,"kind, gentle; propitious",78,"heart, affection, gentle, love",9,"desire, noble, strength, easy",19,"desire, wish, love, want",34,"love, heart, sweet, warm",67,"sweet, warm, glad, delight"
λαρός,5,lsj,"pleasant to the taste, dainty, sweet; sweet; pleasant to the smell; pleasant to the eye, lovely",-1,(outlier),9,"desire, noble, strength, easy",19,"desire, wish, love, want",34,"love, heart, sweet, warm",67,"sweet, warm, glad, delight"
ἀπέρχομαι,5,lsj,"go away, depart from; cease from; departure from; and arrival at",84,"leave, retire, gone, withdraw",8,"flee, pass, away, drive",18,"flee, fear, away, hold",31,"hold, leave, stay, retire",62,"leave, retire, away, ward"
ἀτραπός,5,lsj,short cut; path; walk of life,-1,(outlier),8,"flee, pass, away, drive",17,"pass, lead, come, throw",30,"pass, lead, come, throw",57,"drive, pass, rush, path"
ἄγκος,5,lsj,"bend, hollow; mountain glen; áñcati; ancus, uncus",-1,(outlier),2,"chamber, sleep, sit, bed",6,"chamber, house, ground, inner",7,"chamber, house, ground, mountain",17,"peak, mountain, hill, headland"
ἐννέωρος,5,lsj,in the ninth season; at nine years old; after nine years; every ninth year,50,"years, tenth, period, ninth",5,"day, funeral, black, cloud",12,"funeral, long, day, time",19,"long, day, time, morning",38,"long, years, time, late"
φῦσα,5,lsj,pair of bellows; smithies; bladder; Gloss,120,"hair, mane, neck, bushy",4,"spear, bronze, eat, silver",9,"spear, bronze, breast, arrow",14,"bronze, silver, hollow, gold",33,"lycia, stone, grind, goblet"
θαμίζω,5,lsj,come often; plying; to haunt; to be accustomed,-1,(outlier),11,"ask, inquire, pray, care",22,"ask, pray, inquire, care",46,"rejoice, care, heed, counsel",89,"care, rejoice, heed, attempt"
εἰναετής,5,lsj,"of nine years, nine years old; nine years long",50,"years, tenth, period, ninth",5,"day, funeral, black, cloud",12,"funeral, long, day, time",19,"long, day, time, morning",38,"long, years, time, late"
σπόγγος,5,lsj,sponge; any spongy substance; glands; tonsils,25,"wash, oil, dry, salt",6,"wind, water, pour, sea",13,"pour, wash, oil, breathe",21,"wash, oil, salt, raw",43,"wash, oil, salt, raw"
σταφυλή,5,lsj,bunch of grapes; uvula when swollen at the end so as to resemble a grape; uvula; inflammation of the uvula,25,"wash, oil, dry, salt",6,"wind, water, pour, sea",13,"pour, wash, oil, breathe",21,"wash, oil, salt, raw",43,"wash, oil, salt, raw"
πλεκτός,5,lsj,"plaited, twisted; wicker; any plaited; twisted",106,"stretch, bend, curved, tight",3,"meet, bind, round, stretch",7,"round, stretch, straight, turn",8,"round, straight, stretch, turn",20,"bend, curved, twisted, stretch"
τελεσφόρος,5,lsj,bringing fulfilment; fulfilment-bringing; complete; destined to be accomplished,102,"accomplish, fulfil, pass, perform",8,"flee, pass, away, drive",17,"pass, lead, come, throw",30,"pass, lead, come, throw",60,"lead, end, shut, fulfil"
παγχάλκεος,5,lsj,all-brazen,57,"just, exceedingly, altogether, greater",9,"desire, noble, strength, easy",20,"noble, strength, swift, little",35,"like, resembling, mighty, sort",69,"great, mighty, sort, exceedingly"
ἐναργής,5,lsj,"visible, palpable, in bodily shape; most clearly relating to; in visible form; very",-1,(outlier),4,"spear, bronze, eat, silver",9,"spear, bronze, breast, arrow",14,"bronze, silver, hollow, gold",32,"hollow, shape, form, hewn"
ἀνερείπομαι,5,lsj,snatch up and carry off; take upon oneself,86,"carry, snatch, away, evaporate",8,"flee, pass, away, drive",18,"flee, fear, away, hold",31,"hold, leave, stay, retire",62,"leave, retire, away, ward"
γεύω,5,lsj,"give a taste; taste; they had tasted, eaten of; take food",63,"eat, devour, food, meal",4,"spear, bronze, eat, silver",10,"eat, tree, heracles, meal",16,"eat, meal, food, devour",35,"eat, food, meal, devour"
τίλλω,5,lsj,pluck; pull out; pluck out oneʼs; from which,83,"strip, cut, loose, belch",3,"meet, bind, round, stretch",7,"round, stretch, straight, turn",8,"round, straight, stretch, turn",20,"bend, curved, twisted, stretch"
ἐλεγχείη,5,lsj,"reproach, disgrace",97,"reproach, disgrace, reproof, rebuke",10,"wound, destroy, slay, kill",21,"wound, destroy, slay, cut",41,"destiny, dishonour, wretched, hateful",78,"dishonour, pity, disgrace, reproach"
θέρος,5,lsj,summer; during the summer; in the course of it; about,-1,(outlier),5,"day, funeral, black, cloud",12,"funeral, long, day, time",19,"long, day, time, morning",39,"day, morning, dawn, early"
ἱερεῖον,5,lsj,"victim, animal for sacrifice; offering for the dead; cattle slaughtered for food",74,"slay, slaughter, kill, sacrifice",10,"wound, destroy, slay, kill",21,"wound, destroy, slay, cut",39,"slay, kill, destroy, waste",76,"slay, slaughter, kill, sacrifice"
προτιόσσομαι,5,lsj,look at; upon; forebode; I divine,-1,(outlier),1,"son, chariot, lord, old",3,"divine, honour, zeus, wonder",3,"divine, honour, zeus, god",7,"divine, zeus, god, holy"
δορπέω,5,lsj,take supper,34,"guest, banquet, meal, feast",1,"son, chariot, lord, old",4,"chariot, lord, guest, master",4,"guest, slave, serve, banquet",9,"guest, banquet, dinner, meal"
μελέδημα,5,lsj,"care, anxiety; anxieties about; the care; object of care",6,"care, heed, bestowed, busy oneself",11,"ask, inquire, pray, care",22,"ask, pray, inquire, care",46,"rejoice, care, heed, counsel",89,"care, rejoice, heed, attempt"
ὁπόσος,5,lsj,"as many, as many as; as much as; as great as; as far as",57,"just, exceedingly, altogether, greater",9,"desire, noble, strength, easy",20,"noble, strength, swift, little",35,"like, resembling, mighty, sort",69,"great, mighty, sort, exceedingly"
νύσσα,5,lsj,turning-post; turning-point; starting; winning-post,107,"round, turn, circle, wheel",11,"ask, inquire, pray, care",22,"ask, pray, inquire, care",44,"ask, inquire, pay, prize",85,"prize, gain, win, contest"
ταλαεργός,5,lsj,bearing; enduring labour; laborious,31,"toil, work, suffer, labour",10,"wound, destroy, slay, kill",21,"wound, destroy, slay, cut",42,"wound, cut, tears, toil",81,"toil, tears, pain, distressed"
εὔσκοπος,5,lsj,"keen-sighted, watchful; far-seen; commanding a wide view; shooting well, of unerring aim",-1,(outlier),12,"shout, speak, rouse, speech",23,"rouse, stir, anger, fight",48,"rouse, stir, dance, song",95,"spring, dart, rush, leap"
κτέρεα,5,lsj,"funeral gifts; funeral honours; wrappers for the dead, shroud",3,"funeral, dead, rites, burial",5,"day, funeral, black, cloud",12,"funeral, long, day, time",20,"funeral, dead, snow, kindle",40,"funeral, dead, mortal, alive"
σίνομαι,5,lsj,"harm, hurt, do; harm; mischief; used to plunder",-1,(outlier),10,"wound, destroy, slay, kill",21,"wound, destroy, slay, cut",41,"destiny, dishonour, wretched, hateful",78,"dishonour, pity, disgrace, reproach"
ἔξειμι2,5,lsj (homograph 2),sum; issue,-1,(outlier),11,"ask, inquire, pray, care",22,"ask, pray, inquire, care",43,"know, appear, perceive, look",84,"watch, count, sum, visit"
τηλίκος,5,lsj,"of such an age, so old; so young; so great",-1,(outlier),1,"son, chariot, lord, old",2,"old, mother, son, wife",2,"old, son, mother, wife",6,"old, age, youth, elders"
δάος,5,lsj,"firebrand, torch",7,"bright, light, kindle, star",1,"son, chariot, lord, old",1,"troy, athens, trojan, phthia",1,"troy, trojan, athens, thebes",3,"phthia, lesbos, hang, club"
Ὠγυγία,5,lsj,Ogygia; Egypt; Attica; Boeotia,-1,(outlier),1,"son, chariot, lord, old",1,"troy, athens, trojan, phthia",1,"troy, trojan, athens, thebes",1,"troy, trojan, athens, thebes"
ὁμαδέω,5,lsj,make a noise; din,-1,(outlier),8,"flee, pass, away, drive",18,"flee, fear, away, hold",32,"flee, fear, wander, avoid",64,"fear, silence, conceal, alarm"
ἀλεγύνω,5,lsj,"heed, care for; find; prepare; for guests",6,"care, heed, bestowed, busy oneself",11,"ask, inquire, pray, care",22,"ask, pray, inquire, care",46,"rejoice, care, heed, counsel",89,"care, rejoice, heed, attempt"
ἀμφίαλος,5,lsj,of two seas; living amid seas,130,"sea, stillness, gulf, calm",6,"wind, water, pour, sea",14,"wind, sea, stream, water",24,"sea, stream, wine, water",47,"sea, sail, strait, ship"
κάμμορος,5,lsj,subject to destiny; ill-fated,49,"destiny, doom, fate, destined",10,"wound, destroy, slay, kill",21,"wound, destroy, slay, cut",41,"destiny, dishonour, wretched, hateful",79,"destiny, wretched, hateful, wrath"
ἀπόμνυμι,5,lsj,take an oath away from; swear that one will not do; deny on oath; swear to,76,"oath, swear, affirm, think deem",11,"ask, inquire, pray, care",22,"ask, pray, inquire, care",45,"pray, oath, herald, command",88,"pray, oath, herald, command"
πηδάλιον,5,lsj,"steering-paddle, rudder; the oars; the long hind legs",51,"oar, ranks, rows, handle",4,"spear, bronze, eat, silver",9,"spear, bronze, breast, arrow",11,"breast, thigh, knee, arm",26,"breast, thigh, knee, arm"
πομπεύς,5,lsj,"one who attends; escorts, conductor, guide; one who takes part in a procession",-1,(outlier),1,"son, chariot, lord, old",4,"chariot, lord, guest, master",4,"guest, slave, serve, banquet",10,"slave, mistress, care, queen"
κεράω,5,lsj,make horned; take post on the wing; flank,77,"arrow, bow, javelin, shoot",4,"spear, bronze, eat, silver",9,"spear, bronze, breast, arrow",12,"spear, arrow, sword, girdle",28,"spear, sword, girdle, belt"
ἐρωτάω,5,lsj,ask; to be asked; ask about; to ask,9,"ask, inquire, beggar, question",11,"ask, inquire, pray, care",22,"ask, pray, inquire, care",44,"ask, inquire, pay, prize",86,"ask, inquire, beg, inquiry"
ἁγνός,5,lsj,"pure, chaste, holy; hallowed; holy; lawful",100,"divine, mortal, god, zeus",1,"son, chariot, lord, old",3,"divine, honour, zeus, wonder",3,"divine, honour, zeus, god",7,"divine, zeus, god, holy"
ἀμφιάζω,5,lsj,clothe; put on,114,"garment, cloth, skin, cloak",3,"meet, bind, round, stretch",8,"meet, bind, ready, gather",9,"bind, ready, fast, make",23,"ready, bind, fast, make"
εἰσάντα,5,lsj,right opposite; in the face,39,"face, opposite, straight, right",3,"meet, bind, round, stretch",7,"round, stretch, straight, turn",8,"round, straight, stretch, turn",19,"straight, right, hand, opposite"
γαλήνη,5,lsj,"stillness of the sea, calm; calm sea; stillness; calmness, serenity",130,"sea, stillness, gulf, calm",6,"wind, water, pour, sea",14,"wind, sea, stream, water",24,"sea, stream, wine, water",47,"sea, sail, strait, ship"
σκέπας,5,lsj,"covering, shelter; shelter; pretext, pretence",-1,(outlier),2,"chamber, sleep, sit, bed",6,"chamber, house, ground, inner",7,"chamber, house, ground, mountain",18,"house, chamber, wall, court"
καταδαρθάνω,5,lsj,fall asleep; to be asleep; to be falling asleep; pass the night,92,"sleep, lie, lay, bed",2,"chamber, sleep, sit, bed",5,"sleep, sit, seat, bed",6,"sleep, sit, seat, bed",15,"sleep, bed, lie, lay"
ἠλάκατα,5,lsj,wool on the distaff,-1,(outlier),4,"spear, bronze, eat, silver",9,"spear, bronze, breast, arrow",13,"helmet, hair, head, cloth",29,"cloth, garment, skin, cloak"
ῥυπάω,5,lsj,"to be filthy, slovenly; to be filled with wax",25,"wash, oil, dry, salt",6,"wind, water, pour, sea",13,"pour, wash, oil, breathe",21,"wash, oil, salt, raw",43,"wash, oil, salt, raw"
παίζω,5,lsj,"play like a child, sport; dance; play; dance and sing",53,"song, dance, sing, play",12,"shout, speak, rouse, speech",23,"rouse, stir, anger, fight",48,"rouse, stir, dance, song",94,"song, dance, choir, music"
εὐφροσύνη,5,lsj,"mirth, merriment; good cheer, festivily; with glad thoughts; festivities",113,"delight, joy, pleasure, rejoice",9,"desire, noble, strength, easy",19,"desire, wish, love, want",34,"love, heart, sweet, warm",67,"sweet, warm, glad, delight"
ταλαπείριος,5,lsj,"one who has suffered much, much-suffering; vagrant, vagabond",79,"grieving, distressed, wretched, pity",10,"wound, destroy, slay, kill",21,"wound, destroy, slay, cut",42,"wound, cut, tears, toil",81,"toil, tears, pain, distressed"
πάσσων,5,lsj,"thicker, stouter",82,"stout, strong, sturdy, heavy",9,"desire, noble, strength, easy",20,"noble, strength, swift, little",38,"strength, force, high, courage",74,"high, courage, better, stout"
ἀνία,5,lsj,"grief, sorrow, distress, trouble; a mischief; the killjoy; bane",80,"destroy, waste, bane, sack",10,"wound, destroy, slay, kill",21,"wound, destroy, slay, cut",41,"destiny, dishonour, wretched, hateful",79,"destiny, wretched, hateful, wrath"
κέλλω,5,lsj,"drive on; run; to land, put; to shore",-1,(outlier),8,"flee, pass, away, drive",17,"pass, lead, come, throw",30,"pass, lead, come, throw",57,"drive, pass, rush, path"
ἐκπίνω,5,lsj,"drink out; off, quaff; drain; dry",25,"wash, oil, dry, salt",6,"wind, water, pour, sea",13,"pour, wash, oil, breathe",21,"wash, oil, salt, raw",43,"wash, oil, salt, raw"
βρώμη,5,agwn,any substance that can be metabolized by an organism to give energy and build tissue,-1,(outlier),6,"wind, water, pour, sea",13,"pour, wash, oil, breathe",21,"wash, oil, salt, raw",43,"wash, oil, salt, raw"
συφεός,5,lsj,hog-sty; to the sty,-1,(outlier),6,"wind, water, pour, sea",13,"pour, wash, oil, breathe",22,"pour, breathe, flow, spread",45,"breathe, disperse, sprinkle, spread"
δρηστήρ,5,lsj,"labourer, working man; workwoman; runaway",31,"toil, work, suffer, labour",10,"wound, destroy, slay, kill",21,"wound, destroy, slay, cut",42,"wound, cut, tears, toil",81,"toil, tears, pain, distressed"
ἀλητεύω,5,lsj,"wander, roam",62,"wander, roam, harm, away",8,"flee, pass, away, drive",18,"flee, fear, away, hold",32,"flee, fear, wander, avoid",63,"flee, wander, avoid, escape"
πτωχεύω,5,lsj,"to be a beggar, go begging; to be as poor as a beggar; to be badly off for; beg",9,"ask, inquire, beggar, question",11,"ask, inquire, pray, care",22,"ask, pray, inquire, care",46,"rejoice, care, heed, counsel",89,"care, rejoice, heed, attempt"
ἀμφιπολεύω,5,lsj,"serve as an attendant, tend, care for; serve, have the care of; hold the; office of",33,"gift, serve, receive, admit",1,"son, chariot, lord, old",4,"chariot, lord, guest, master",4,"guest, slave, serve, banquet",10,"slave, mistress, care, queen"
