verb,frequency,frame_hdbscan,frame_label,frame_ward_25,gloss,top_subjects,top_objects
φημί,814,27,"speak, address, hear, exchange",23,"say, affirm, assert; shall we say of; speak; think, deem, suppose",Ἀντίνοος(5),ἔπος(48); μῦθος(11); πόλις(3)
ἔρχομαι,772,39,"abandon, congeal, curdle, portion",23,"ibo; start, set out; was setting out; was",Ὀδυσσεύς(16); κνέφας(14),ὁδός(5)
ἔχω,753,40,"contain, hold, seize, catch",23,check; seĝh; sáhate; sigis,ἀνήρ(8); Ἕκτωρ(7),θυμός(24); ἵππος(23); ἔγχος(20); οὐρανός(19)
εἶπον,561,27,"speak, address, hear, exchange",23,"said; avocam; vac; speak, say",,μῦθος(70); ἔπος(23)
εἶμι,544,-1,(unassigned),23,"ibo; shall go, shall come; come; go, depart",Ὀδυσσεύς(7); ἀνήρ(4),Ὄλυμπος(4); ὁδός(3); πόλεμος(3); πεδίον(2)
εἶδον,538,39,"abandon, congeal, curdle, portion",23,see; to be seen; seem; know,,ἀνήρ(14); υἱός(12)
δίδωμι,484,32,"stretch, spread scatter, send, honour",23,"give freely; to be ready to give, offer; things offered; grant, assign",Ζεύς(35); θεός(34); Ἀθήνη(10),
βάλλω,469,37,"strike, strip, wound, smite",23,"throw; throw so as to hit, hit; striking; smote upon",ἀνήρ(6),υἱός(12); χιτών(10); χείρ(10)
ἵστημι,456,33,"work, strait, pour, stand",23,make to stand; stand; sthā; á-sthā-t,ἵππος(6); Ὀδυσσεύς(5); ναῦς(4),ἱστός(10); τρίπους(6); ἵππος(6); ἔγχος(4)
αἱρέω,415,40,"contain, hold, seize, catch",23,"take with the hand, grasp, seize; to take; having taken up; take away",δέος(10); ὕπνος(6),χείρ(19); θυμός(17); ἔγχος(16)
βαίνω,405,-1,(unassigned),23,"walk, step; on foot; on ground; he went to",Τηλέμαχος(8); Ὀδυσσεύς(8); υἱός(5),ναῦς(3); δίφρος(3); οἶκος(3); ἅρμα(2); ἑκατόμβη(2)
τίθημι,377,29,"taught, weave, send forward, set",23,"l), Alc; set, put, place; set; set for oneself",θεός(14); Ζεύς(12); Ἀθήνη(10),τόξον(10)
φέρω,374,33,"work, strait, pour, stand",23,fero; beran; bhárati; náśati,πούς(6); ἵππος(6),δῶρον(15); τεῦχος(12)
γίγνομαι,317,12,"sweat, born, stir, rouse",19,come into a new state of being; come into being; to be born; born,ἄχος(10); ἔργον(8); πᾶς(4),Δαναοί(5)
ἄγω,307,39,"abandon, congeal, curdle, portion",23,"lead, carry, fetch, bring; taking; take with one; carry off",δαίμων(6); ἀνήρ(5); ναύτης(4),γυνή(12)
οἶδα,300,25,"swear, accuse, oath, say",23,know; knew; Stadtrecht von Gortyn; Koische Forschungen,Ζεύς(10); θεός(7),ἔργον(11)
ἐθέλω,293,-1,(unassigned),23,to be willing; wish; wish to; wish that,θυμός(10); θεός(6),πᾶς(3); Τρώς(3)
ἱκνέομαι,292,35,"attain, come, reach, sink",12,"come; came; arrive at; reach, attain to",πένθος(5),δῶμα(24); γαῖα(20); Ἄργος(7); δόμος(6)
μάχομαι,247,14,"arm, stay, strip, angry",19,fight; fight with; against; with thy help,,Τρώς(17); ἀνήρ(11); μάχη(5); Ἕκτωρ(5)
ὄρνυμι,239,-1,(unassigned),19,"ārta; orior; stir, stir up; urge on, incite",νεῖκος(14); Ζεύς(7); βοή(6); ὀρυμαγδός(6),ἵμερος(9); Ἀχαιός(5); ἑταῖρος(3)
πρόσφημι,235,-1,(unassigned),23,"speak to, address",Ὀδυσσεύς(68); Ἀχιλλεύς(24); Ζεύς(22); Μενέλαος(11); Ἕκτωρ(10),Ἀπόλλων(4); κῆρυξ(3)
πείθω,204,23,"look gaze, courage, share, persuade",23,"persuade; obey; trust; prevail upon, persuade",πᾶς(8); ἀνήρ(4),θυμός(11); φρήν(6); ἔπος(6)
κεῖμαι,196,-1,(unassigned),8,"śáyate; cunae; to be laid; lie, lie outstretched",κτῆμα(5),ὄλεθρος(1); ὑπερῷον(1)
ἕπομαι,196,-1,(unassigned),23,sacate; sequor; sèkti; saśc(a)-),ναῦς(15); λαός(8),
κελεύω,190,3,"moan, melt, hope, bade",25,"urge, drive on; exhort, bid; order; bade",θυμός(17); καρδία(7); Τηλέμαχος(5),ἑταῖρος(10); Δαναοί(6)
προσεῖπον,190,27,"speak, address, hear, exchange",23,"speak to; address, accost; address; addressed",Πηνελόπεια(18); Ἀθήνη(15); θεά(12),συβώτης(3); Ὀδυσσεύς(3)
μένω,183,14,"arm, stay, strip, angry",23,"stay, wait; stand fast; stay at home, stay where one is; lodge, stay",Ἀχαιός(5),ἠώς(5); Τρώς(3)
ἀκούω,182,27,"speak, address, hear, exchange",23,"hear; hear of, hear tell of; hear of; from",Ὀδυσσεύς(3),μῦθος(24); ὄψ(10)
ἵημι,182,31,"heavy, aim, disembark, cheat",23,Ja-c-io; sēmen; véti; vyánti,Ἀθήνη(4); ἀνήρ(3); Ἥρα(3),ἔρος(24); οὖρος(5); ὄψ(4)
προσαυδάω,179,27,"speak, address, hear, exchange",23,"speak to, address, accost; speak; to one; speak of",Ἥρα(4); Ἀθήνη(3); υἱός(3),ἔπος(113); Ἀθήνη(6)
πίπτω,177,41,"shake, join, tremble, cause",18,Exc. ex libris Herodiani; fall down; cast oneself down; fall,ὕπνος(4); λαός(4); Βορέας(2),ἄντλος(1); τοῖχος(1); πρόμαχος(1)
ἐλαύνω,171,30,"drive, sway, run, bring brought",18,"drive, set in motion; drive; ride; row",ὗς(6); Ἀντίλοχος(3),ἵππος(21); χαλκός(9); μῆλον1(6)
τεύχω,170,-1,(unassigned),23,"make ready, make; produce by work; art; make, build",ἔργον(6); Ἥφαιστος(4); φόνος(3),δαίς1(7); δόρπον(4)
ἀμείβω,169,27,"speak, address, hear, exchange",23,"change, exchange; changing; give in exchange; take in exchange",θεά(9); Νέστωρ(8); Ἀθήνη(7); δῖος(6),ἕρκος(2); ἔπος(2)
λείπω,167,-1,(unassigned),23,"leave, quit; is gone; leave behind, leave at home; leave",θυμός(8); ψυχή(5),ὀστέον(6)
ὄλλυμι,167,-1,(unassigned),23,"destroy, make an end of; kill; doing away with; lose",ἑταῖρος(5); πᾶς(4); κλέος(4),θυμός(14); ἑταῖρος(10); λαός(6); ναῦς(5)
ἀγορεύω,166,27,"speak, address, hear, exchange",23,"speak in the assembly, harangue; address; to address the house?; counsel",γέρων(3),ἔπος(10)
φωνέω,163,-1,(unassigned),23,produce a sound; tone; speak loud; clearly,θεά(1),ἔπος(1); ὄψ(1)
φεύγω,162,-1,(unassigned),22,"flee, take flight; ran; flee; the purpose",ἔπος(8); ἡνία(3),θάνατος(12); ἕρκος(8); ὄλεθρος(7); κήρ(4)
εὔχομαι,157,11,"pray, incur, need, born",23,pray; to utter; in prayer; pray that,,Ζεύς(11); θεός(7); Ἀθήνη(6); Ποσειδεών(5); κόρη(5)
φαίνω,157,-1,(unassigned),23,"bring to light, cause to appear; make; appear; show by baring",ἠώς(29); ἔργον(6); θεός(6); βουλή(6),μνηστήρ(6); τέρας(4); σῆμα(4)
ἐάω,157,32,"stretch, spread scatter, send, honour",23,"suffer, permit; leave; alone; should be given up",Ἀθήνη(5); Ἀχιλλεύς(3),ἔναρα(2)
κτείνω,155,-1,(unassigned),23,"kill, slay; seeks to kill; the slayer, murderer; put to death",Ἀχιλλεύς(7); υἱός(3); Ἄρτεμις(2); ἑταῖρος(2),υἱός(6)
χέω,152,20,"sprinkle, roast, broil, let flow",12,"pour; pour out, let flow; snows; gush forth",κῆρυξ(4); Ἀθήνη(4); ἀχλύς(4),δάκρυ(36); ὕδωρ(13); σῆμα(9); ὕπνος(9)
δαμάζω,149,12,"sweat, born, stir, rouse",19,"overpower; tame, break in; work; clear",θεός(4); Ποσειδεών(3); πολύς(3); κήρ(2),θυμός(5)
ἄνωγα,146,3,"moan, melt, hope, bade",25,"command, order; advise, urge; bade; bids, prompts",θυμός(25); υἱός(4),λαός(3); Ἰδομενεύς(1)
λύω,142,36,"bind, luo, turn flight, loosen",23,"luo; re-luo, solvo; se-luo), solūtus; loosen",γόνυ(10); γυῖον(10); ἦτορ(9); μένος(4),ἵππος(15); γόνυ(9); γυῖον(8); πρυμνήσιος(7); Ἕκτωρ(5)
νοέω,139,31,"heavy, aim, disembark, cheat",23,"Excerpta e libris Herodiani; perceive by the eyes, observe; perceive by the mind, apprehend; take notice",Ἀθήνη(9); θεά(8); Ἀχιλλεύς(4),
θνήσκω,138,18,"owe, crying, ply, dead",21,Papers of the Amer. School; die; to be dead; dead,Ὀδυσσεύς(5),φίλος(1)
τελέω,135,26,"fulfil, spin, perform, accomplish",23,"fulfil, accomplish, execute, perform; did it; perform; fulfil",θεός(8); Ζεύς(5); ἔργον(5),ἔργον(7); ἔπος(4)
ὀτρύνω,135,13,"urge, know, remain, command",23,"stir up, egg on, encourage; rouse oneself, bestir oneself, hasten; urge on, cheer on; urge forward, quicken, speed",θυμός(5); καρδία(3); Περσεφόνεια(2),μένος(13); θυμός(11); ἀνήρ(5); Ὀδυσσεύς(4)
εἴκω1,134,35,"attain, come, reach, sink",12,"to be like, seem likely",ὄσσε(2); Ἀντίνοος(1); ὅσος(1),ἀνήρ(11); γυνή(4); θήρ(4); φώς(4)
λαμβάνω,131,36,"bind, luo, turn flight, loosen",23,"take; receive; take hold of, grasp, seize; caught",τρόμος(6); μοῖρα(4); χόλος(3); θάνατος(3); κάματος(2),γόνυ(13); γυῖον(7); πούς(5)
ἧμαι,130,27,"speak, address, hear, exchange",18,"āste; to be seated, sit; sit still, sit idle; encamp",ἑταῖρος(3); Τρώς(2),σιωπή(1)
δύω2,129,35,"attain, come, reach, sink",12,"cause to sink, sink, plunge in; get; go into; enter, make oneʼs way into",ἥλιος(15); φάος(5),τεῦχος(16); χιτών(5); θώραξ(4); ἔντεα(4); χαλκός(3)
τίκτω,127,34,"king, inquire, ask, beget bring",22,"bring into the world, engender; beget; bring forth; parents",μήτηρ(11); Ζεύς(5); Λητώ(3),τέκνον(7)
οἴομαι,127,3,"moan, melt, hope, bade",25,"forebode, presage; expect; suspect; fear",θυμός(3),γόος(2); δόλος(1); ἀγγελία(1)
ἄρχω,126,27,"speak, address, hear, exchange",23,"to be first; begin, make a beginning; to be the aggressor; to begin oneʼs",υἱός(9); παῖς(7); Ὀδυσσεύς(7); Νέστωρ(7); Ἀθήνη(6),μῦθος(28); τέταρτος(3); πόλεμος(3)
γιγνώσκω,125,13,"urge, know, remain, command",23,"come to know, perceive; know; know by reflection; know by observation",,φιλότης(3)
ἐρύω1,120,14,"arm, stay, strip, angry",18,"drag, draw; drag; away, rescue; off for plunder, ransom",ναῦς(5); κύων(2); Ἀχαιός(2),ναῦς(17); ξίφος(12); νεκρός(11); πᾶς(6); φάσγανον(4)
δύναμαι,118,40,"contain, hold, seize, catch",18,"to be able, strong enough; canst; powerful, mighty; multum valet",θεός(2),πᾶς(1); ἅπας(1); ποιμήν(1); ναῦς(1)
πάσχω,118,-1,(unassigned),14,"have; done to one, suffer; to be treated; suffer",Ἀχαιός(7),ἄλγος(32); κακός(24); πῆμα(13); πολύς(11)
ἱκάνω,117,35,"attain, come, reach, sink",12,"come; to come to; reach, attain to; are fulfilled",ἄχος(6); ὕπνος(4),δόμος(7); γόνυ(6); θυμός(6)
μέμαα,115,-1,(unassigned),19,,πολύς(1); ἀνήρ(1); δῆμος(1); ἀμφότερος(1),ἀλκή(2); Ὄσσα(1); τεῖχος(1); ναῦς(1); ἔρις(1)
καλέω,112,-1,(unassigned),23,"call, summon; they had been summoned; demand, require; call to oneself",θεός(6); μήτηρ(4),Αἴας(4)
ἀείρω,110,-1,(unassigned),19,"attach; lift, raise up; brailing them up; hoist",ναῦς(2); γέρων(2),κῦδος(18); κλέος(8); παῖς(4); εὖχος(3)
μιμνήσκω,110,23,"look gaze, courage, share, persuade",23,"remind, put in mind; recalled; to memory, made; famous",Ἀχαιός(3),ἀλκή(10); χάρμη(8); πατήρ(4)
φράζω,110,25,"swear, accuse, oath, say",23,"point out, show; say, tell; show the way to, show where to find; showed",Ὀδυσσεύς(4); ἀθάνατος(4); Ἀθήνη(3),
πέλω,109,11,"pray, incur, need, born",23,"come into existence, become, be; was; when once in being; become",μῦθος(4); οὖρον(3),ἄνθρωπος(3)
κίω,107,-1,(unassigned),23,,ἀμφίπολος(4); Μενέλαος(3),κλισία(2); δόμος(1); Τηλέμαχος(1)
ὁράω,106,-1,(unassigned),23,"Inscr. des tombeaux des rois; I know; a)ware; see, look",μήτηρ(2),φάος(9); θαῦμα(5); ἔργον(4)
δείδω,105,-1,(unassigned),23,"fear; to be alarmed, anxious; fear to do; fear, dread",νέμεσις(1); Ἥρα(1),ὄλεθρος(3); Ἕκτωρ(2); ἔγχος(2)
τίνω,105,23,"look gaze, courage, share, persuade",23,pay a price; pay; acquit oneself of; render,Ζεύς(2); Ὀδυσσεύς(2),
χαίρω,105,-1,(unassigned),23,"rejoice, be glad; to rejoice; rejoice at, take pleasure in; express oneʼs joy",Ἀχαιός(4); Ὀδυσσεύς(3); Τρώς(3),φιλότης(1); εὐχωλή(1)
εἴρω2,104,25,"swear, accuse, oath, say",22,"say, speak, tell; is said; ask",ἔπος(2); πᾶς(1); αἶνος(1),ἔπος(6); ἀγγελία(4)
κλύω,104,-1,(unassigned),23,hear; from; hear of; have heard,Ἀθήνη(4); θεά(3); Ἀπόλλων(3); Ζεύς(2),αὐδή(7); μῦθος(4)
ῥέζω,100,11,"pray, incur, need, born",23,"do, act, deal; do, accomplish, make; if once done; wronged",Ἀχαιός(2),ἑκατόμβη(14); κακός(12); θεός(7)
ναίω,99,-1,(unassigned),22,"dwell, abide; dwell in, inhabit; to be inhabited; lie, be situated",θεός(4); Καλυψώ(3); θυγάτηρ(2),δῶμα(10); οἰκίον(9); οἶκος(3); Θήβη(2); Ἄργος(2)
τέρπω,98,-1,(unassigned),23,"delight, gladden, cheer; will give; pleasure; give delight",πᾶς(3); μνηστήρ(2); Ὀδυσσεύς(2),γόος(8); φρήν(7); θυμός(4); μῦθος(4); κτῆμα(2)
αὐδάω,98,27,"speak, address, hear, exchange",23,"utter sounds, speak; utter; speak, say; twas said",Τηλέμαχος(43); ἀγός(7); Ἰδομενεύς(5); Εὐρύμαχος(4); παῖς(4),ἔπος(16); ἀντίος(2); Ἑρμῆς(2); υἱός(2)
κέλομαι,97,14,"arm, stay, strip, angry",25,"urge, exhort, command; commands; advise; constrained",Ἕκτωρ(7); θυμός(6),Τρώς(12); ἑταῖρος(6); ναῦς(5); Λύκιοι(5); ἵππος(5)
λανθάνω,95,-1,(unassigned),23,escape notice; escape; notice; donʼt know,παῖς(2),ἀλκή(7); χάρμη(3)
ἀμύνω,95,26,"fulfil, spin, perform, accomplish",19,"keep off, ward off; to be kept off; for; from whom",ἥρως(1); Ἀργεῖος(1),λοιγός(15); ἦμαρ(9); ναῦς(9); ἀρή(6)
ἕζομαι,95,27,"speak, address, hear, exchange",21,"seat oneself, sit; sank; crouch; sink",Ὀδυσσεύς(2); στίξ(2); Τηλέμαχος(1),Τηλέμαχος(1)
παύω,95,24,"shut close, beckon, opened, sing",19,"make to end; bring to an end, check; stop; silence",ἄνεμος(3); Ζεύς(2),πόλεμος(14); μάχη(9); πόνος(7); γόος(5); ὀιζύς(3)
φρονέω,95,-1,(unassigned),23,"to be minded; have understanding, be wise, prudent; counsel; to be",πολύς(1); Ἀθήνη(1); υἱός(1),κακός(8); φίλος(4)
πέμπω,94,-1,(unassigned),23,send; over; send for; send to,Ἑρμῆς(1),ξένος(4)
πίνω,90,21,"mix, drink, cup, rule",11,drink; drink of; whereof; to drink,μέθυ(2); πᾶς(1); ἀνήρ(1),οἶνος(17); αἷμα(6); ὕδωρ(3); φάρμακον(1); ὀρός(1)
παρίστημι,90,-1,(unassigned),23,"cause to stand, place beside; having brought; into view; set",ἀμφίπολος(4); θάνατος(2); μοῖρα(2),Ἀχιλλεύς(2)
οἴχομαι,90,-1,(unassigned),23,"come; go, go away, go off; he has gone, departed; he had gone",Ὀδυσσεύς(5); παῖς(2),υἱός(1); Κακοίλιος(1); Τηλέμαχος(1); ὁδός(1); ἐρωή(1)
νέομαι,89,-1,(unassigned),21,come; go back; return; násate,Τηλέμαχος(2); Ὀδυσσεύς(1),οἶκος(6); Φθία(1); καμμονίη(1); κλισία(1)
μέλλω,88,32,"stretch, spread scatter, send, honour",19,to be destined; likely to; belike; doubtless,Ἀχαιός(3); Ὀδυσσεύς(2); θεός(2),παλίωξις(1); Δαναοί(1); κῦδος(1)
ἠμί,87,5,"leap, sal, assemble, went",7,"say; spake; said; aio, ad-agium",ἐπιβουκόλος(1); θυγάτηρ(1); γέρων(1); γυνή(1),
καλύπτω,86,35,"attain, come, reach, sink",12,"oc-culo, celo; cover; to kill; covered, grasped",σκότος(12); νύξ(7); τέλος(4); νεφέλη(3); κῦμα(3),ὄσσα(8); ἀήρ(7); ὄσσε(7); γαῖα(3)
πυνθάνομαι,85,18,"owe, crying, ply, dead",23,learn; by hearsay; by inquiry; from,ναῦς(2),νόστος(5); πατήρ(4); ἀγγελία(4); Τειρεσίης(3)
θέω,83,-1,(unassigned),12,dhávate; run; running; run and,ἵππος(2); πόρκης(2); κλίσιον(1),πεδίον(3); μένος(1); χρῆμα(1); μυχός(1)
φιλέω,82,32,"stretch, spread scatter, send, honour",23,"love, regard with affection; sexual love; friends; to be beloved",Ζεύς(5); Ἀθήνη(3); Ἀπόλλων(2); πατήρ(2),
ἀνίστημι,82,-1,(unassigned),23,"make to stand up, raise up; raised; raisefrom sleep, wake up; raise from the dead",ἀνήρ(2); φώς(2),χείρ(2); υἱός(2)
κλαίω,82,18,"owe, crying, ply, dead",23,"cry, wail, lament; crying; crying, howling; well beaten",μήτηρ(2),πόσις1(5); Ὀδυσσεύς(4); παῖς(2); ἑταῖρος(1)
τλάω,82,-1,(unassigned),23,"suffer, undergo; hold out, endure, be patient, submit; I submitted; bore up under",βροτός(2),ἐνιαυτός(2); ὀφθαλμός(1); στόμα(1); τόσος(1)
εὑρίσκω,81,30,"drive, sway, run, bring brought",18,"find; find that; found; find means, be able",Αὐτομέδων(1),υἱός(9); τέκμαρ(5); Ὀδυσσεύς(4); ἑταῖρος(3)
μίγνυμι,81,-1,(unassigned),23,,κάρα(2); πτωχός(1),πρόμαχος(5); εὐνή(4); φιλότης(4); κρατήρ(3)
δέχομαι,79,29,"taught, weave, send forward, set",23,"take, accept, receive; receive; at the hand of; accept",,ἄποινα(8); ἔγχος(3); χρυσός(3); δῶρον(3)
ποιέω,79,-1,(unassigned),23,"make; make, produce; made; to be made with",Παναχαιοί(3); Κρονίων(3); θεός(3); Ζεύς(2),τύμβος(5)
πειράω,75,25,"swear, accuse, oath, say",23,"attempt, endeavour, try; make trial of; make an attempt on; make an attempt",,ἆθλος(6); τόξον(3); ἀνήρ(2)
λίσσομαι,74,-1,(unassigned),23,"beg, pray; pray; prays; that",ἑταῖρος(2); μήτηρ(2); Ἕκτωρ(1),Ζεύς(4); γόνυ(3)
χολόω,73,-1,(unassigned),23,"anger, provoke; to anger; to be angered; provoked to anger",Κρονίδης(2); Ποσειδεών(1); Ἀντίνοος(1),πατήρ(2); ἑταῖρος(2)
καίω,73,15,"eat, devour, kindle, chase",12,"kindle; they lighted them; to be lighted, burn; which blaze",μῆρα(4); Ὀδυσσεύς(3); πῦρ(2); πυρή(2),μηρία(14); πῦρ(7); νεκρός(4); πυρά(4)
εἰσοράω,72,-1,(unassigned),23,"look into, look upon, behold; to discern; to behold; seest)",Ἰθακήσιος(1); θέαινα(1),ἵππος(4); ναῦς(3); πόλις(3); γαῖα(2)
δέω,71,-1,(unassigned),12,"bind, tie, fetter; to bind; tie; bind, keep in bonds",θυμός(6); θεός(1); Τηλέμαχος(1); υἱός(1),πέδιλον(12); δαίς1(7); χείρ(6); πούς(4)
τρέφω,70,39,"abandon, congeal, curdle, portion",23,"thicken; congeal; curdle; curdle, congeal",ἄρουρα(1); συβώτης(1); ὄρχαμος(1),ἀλοιφή(1)
ἀραρίσκω,70,41,"shake, join, tremble, cause",9,"join, fit together; join together, fasten; knitted; pack up",τέκτων(2); δόρυ(1),παλάμη(3); θυμός(2); κλείς(2); ἅπας(2); σκόλοψ(2)
καταλέγω,69,-1,(unassigned),23,lay down,Ὀδυσσεύς(1),ἀλήθεια(6); πᾶς(4)
ἵζω,69,-1,(unassigned),23,"si-sd-ō; e-sed-s; make to sit, seat, place, set; set",σκοπός(1); μήτηρ(1),εἷμα(4); λόχος(3); Ὀδυσσεύς(2)
πόρω,68,29,"taught, weave, send forward, set",23,,Ἀπόλλων(4); θεός(4); Χείρων(3); Κίρκη(2),δῶρον(7); ἕδνον(5)
ἐρύω2,66,24,"shut close, beckon, opened, sing",23,"se-srū; e-serū; protect, guard; lie in wait for",Ἀπόλλων(3); ἀνήρ(2),ναῦς(5); ἔγχος(3); υἱός(3)
θείνω,66,37,"strike, strip, wound, smite",18,strike; dashed; slay; slain,υἱός(2); ἀνήρ(1),ἑταῖρος(4)
ἀπόλλυμι,66,18,"owe, crying, ply, dead",23,"destroy utterly, kill; demolish, lay waste; will waste; sought to destroy",πολύς(3); Ἀχαιός(3),ὄλεθρος(2); πόσις1(2); λαός(2); μόρος(1)
ἀνάσσω,66,-1,(unassigned),22,"to be lord, master; to be lord, hold sway in; to be lord of; to be master of",,Ἀργεῖος(4); πᾶς(3); Μυρμιδόνες(3); δῶμα(2)
μετεῖπον,65,5,"leap, sal, assemble, went",7,"speak among, address",Διομήδης(6); ἴς(5); γέρων(4); Ἀγαμέμνων(3); Ἐχένηος(2),
ἕλκω,65,37,"strike, strip, wound, smite",18,"sulcus; velkù; draw, drag; began to drag",Ὀδυσσεύς(2); υἱός(2); ἡμίονος(2); βοῦς(1),ναῦς(6); ἅλς1(4); ἄροτρον(2); ἱστίον(2); πούς(2)
ἀνέχω,65,-1,(unassigned),18,"hold up, lift up; held up; in fight; hold up",Ἀχιλλεύς(2),χείρ(20); δόρυ(5); θεός(5); Ζεύς(4); κῆδος(2)
ἔδω,64,15,"eat, devour, kindle, chase",13,"eat; eat up, devour",γύψ(5); κύων(3); ὗς(1),σῖτος(5); βίοτος(4); κτῆμα(3); θυμός(3); οἷος(3)
ἕννυμι,63,29,"taught, weave, send forward, set",22,ves; vestis; váste; put clothes on,Ὀδυσσεύς(2); νύμφη(1),εἷμα(23); χιτών(13); χλαῖνα(11); δέρμα(4); χαλκός(4)
προίημι,63,29,"taught, weave, send forward, set",23,"send forth, send forward; send; forward; will allow",Ζεύς(3),ἔγχος(13); ἑταῖρος(3)
μέλω,63,11,"pray, incur, need, born",23,"to be an object of care; thought; care for, take an interest in; am I in",ἔργον(7); πόνος(2),ἀνήρ(5)
κατακτείνω,63,37,"strike, strip, wound, smite",18,"kill, slay",Ἀχιλλεύς(2); Ἕκτωρ(2); Αἴας(1),ἀνήρ(9); φώς(4); βοῦς(3); υἱός(3)
τρέπω,63,40,"contain, hold, seize, catch",12,Studien zum griech. Perf; turn; direct; show,Ἀθήνη(3); χρώς(3); νόος(3); ἔγχος(2); Ζεύς(2),ὄσσα(3); ἵππος(3); κεφαλή(1)
ἔλπω,63,3,"moan, melt, hope, bade",25,cause to hope; feeds; with hope; cause to expect,θυμός(11); Πηλεύς(1),πᾶς(2); θυμός(2); ναῦς(2); νίκη(2)
ἀγείρω,62,-1,(unassigned),25,"gather together; gather, assemble; herded; collect, gather",θυμός(4); ψυχή(1),λαός(8); χρῆμα(1); ἁλιεύς(1); πύρνον(1); βίοτος(1)
κιχάνω,61,36,"bind, luo, turn flight, loosen",23,"reach, hit; light upon, meet with; reach, overtake; shall reach",μοῖρα(4); θάνατος(3); υἱός(2); τέλος(2); Μελανθεύς(1),βασιλεύς(2)
ἀίσσω,61,-1,(unassigned),9,"shoot, dart, glance; darting upon; rapid flight; gliding about",ἄκων(2); δετή(2); χαίτη(2),κάρηνον(2); φόβος(1); ὦμος(1)
εὕδω,60,-1,(unassigned),16,"sleep; slumbering; sleep of death; rest, be still",ἀνήρ(4); βροτός(3); θεός(2); Ἀχιλλεύς(2),ὕπνος(1)
μυθέομαι,60,25,"swear, accuse, oath, say",23,speak; converse; say that; order,βασίλεια(1); Κίρκη(1); δῖος(1),ἀληθής(3)
ἐπέρχομαι,59,40,"contain, hold, seize, catch",12,come upon; approach; come suddenly upon; come to for advice,ὕπνος(5); ὥρα(5); νύξ(4); ἦμαρ(2); νοῦσος(1),βοῦς(2); ἀγρός(1); γαῖα(1)
πολεμίζω,59,-1,(unassigned),19,"wage war, fight; with; jointly with; war",υἱός(4); ὅσος(1); Τρώς(1),Τρώς(5); Ἕκτωρ(3); πόλεμος(2); ἀνήρ(1)
ἐρύκω,59,30,"drive, sway, run, bring brought",17,"keep in, curb, restrain; keep; back; kept",δῶρον(3); Καλυψώ(2),ἵππος(9); λαός(5)
ἐπιβαίνω,58,-1,(unassigned),23,"go upon; set foot on, tread, walk upon; set foot on; placed upon",ἑταῖρος(2); υἱός(1); δώδεκα(1); ἦτορ(1),εὐνή(8); ἵππος(7); ναῦς(5); γαῖα(4); ὄχος(4)
σώζω,57,-1,(unassigned),23,"save, keep; save from death, keep alive; spare; to be saved, kept alive, preserved",θεός(2); Ἥρα(1),ναῦς(4); λαός(3)
ἄχνυμαι,57,3,"moan, melt, hope, bade",21,,Ἀχαιός(1); θυμός(1); κῆρ(1),κῆρ(10); ἑταῖρος(4); Ἄσιος(1)
δαίνυμι,57,20,"sprinkle, roast, broil, let flow",12,give a banquet; feast; to give; thou shalt be,ἑταῖρος(2); μνηστήρ(1); γείτων(1),μέθυ(6); δαίς1(5); κρέας(4); κρέα(2); τάφος(2)
μάρναμαι,56,16,"fight, retire, shrink, flee",14,"fight, do battle; with, against; together with; on his side",ἀνήρ(1); Τρώς(1),Τρώς(3); ἀνήρ(2); δάιος2(2); ὅσος(1); Ἕκτωρ(1)
ὀδύρομαι,56,-1,(unassigned),23,"lament, bewail; mourned for; mourn for, for the sake of; wail",Τηλέμαχος(2); Πηνελόπεια(1),παῖς(3); νόστος(2); ἑταῖρος(2); γαῖα(1)
λέγω,56,-1,(unassigned),23,lay,Ὀδυσσεύς(1); Ἑλένη(1); δῖος(1),κῆδος(3); ὀστέον(3); αἱμασιά(2)
ἐπιτέλλω,55,13,"urge, know, remain, command",23,"enjoin, prescribe, command; spake; command; enjoined, prescribed",Νέστωρ(3); Μενοίτιος(2); Πηλεύς(2),
χρή,55,-1,(unassigned),1,"sum; it is necessary; it must needs, one must; ought",,ὁδός(1); ξένος(1)
πάρειμι,52,39,"abandon, congeal, curdle, portion",12,sum; to be by; present; near,δύναμις(5); ἀνήρ(2); δῶρον(2); ἵππος(2),δμώς(1)
ἀφικνέομαι,52,35,"attain, come, reach, sink",12,"arrive at, come to, reach; came up to; came to; come up to",δῖος(1),μνηστήρ(4); ναῦς(4); δῶμα(2); δῆμος(2)
τανύω,52,29,"taught, weave, send forward, set",23,"stretch, strain; string; having strung his; pull",Ζεύς(3); Κρονίων(2); ὗς(2); γναθμός(1),τράπεζα(6); τόξον(3); ἱμάς(2); βιός(2); κρήδεμνον(2)
ἀχεύω,52,-1,(unassigned),9,"grieving, mourning; grieving in; sorrowing for; vex, annoy",θεός(1); θυμός(1),ἦτορ(9); θυμός(3); ἄναξ(1); Ὀδυσσεύς(1)
ὀπάζω,52,32,"stretch, spread scatter, send, honour",23,"make to follow, send with; give as a companion; follower; bid",θεός(4); Ζεύς(4); Φαίαξ(2); γῆρας(2),κῦδος(11)
ἐγείρω,51,12,"sweat, born, stir, rouse",19,"awaken, rouse; rouse, stir up; stir; wake up",νόος(2); Ὀδυσσεύς(2); Ζεύς(2); μελέδημα(1),Ἄρης(5); φύλοπις(3)
σεύω,51,15,"eat, devour, kindle, chase",12,"put in quick motion, drive; hunt, chase; drive away; set on, let loose at",κύων(4); αἰζηός(2); ἀνήρ(2); λαός(2),κύων(2); Τρώς(2); ὁδός(1); λέων(1)
πέτομαι,51,-1,(unassigned),12,"fly; fell suddenly; dart, rush; fly!",θυμός(4); ὀιστός(3); Ἀργειφόντης(2); ἐρετμόν(1),πεδίον(3); πνοή(1)
νοστέω,51,19,"return, sleep, assemble collect, company",21,"come home, return; return safe; return; come",Ὀδυσσεύς(6); ἄναξ(1); υἱός(1),οἶκος(1)
τέμνω,51,37,"strike, strip, wound, smite",12,"cut; cutting; cut, wound, maim; wound",φώς(2); χαλκός(2); ἀνήρ(1); Τρώς(1),ὅρκιον(9); γλῶσσα(4); φιλότης(3); κάρα(2); ῥίς(2)
ὀνομάζω,51,10,"admit, riot, send away, dismiss",2,"speak of by name, call; address by name; naming; name, specify",,ἀνήρ(3); ἄριστος(1); δῶρον(1)
ἐποτρύνω,51,13,"urge, know, remain, command",12,"stir up, excite, urge on; to urge; stirs up; against",θυμός(2); πλείων(1); Ἀντίνοος(1),υἱός(1); ξένος(1)
ἔρομαι,50,39,"abandon, congeal, curdle, portion",21,"ask, inquire; learn by inquiry; ask after; for",ἀνήρ(1); γενεά(1),
μίμνω,50,13,"urge, know, remain, command",23,"stay, stand fast; tarry; remain; remain, be left",Αἴας(2),ἠώς(6); ἀγρός(1); γάμος(1); ἄνεμος(1)
κατατίθημι,50,29,"taught, weave, send forward, set",23,"place, put, lay down; set; down in; take down",θεά(2); μένος(1); πομπεύς(1),χλαῖνα(4); τεῦχος(2); δίφρος(2); χρῆμα(1)
ζῶ,50,-1,(unassigned),22,"gṷiē-, gṷiō; live; of living men; living",Λαέρτης(1); Πηνελόπεια(1); υἱός(1),Μενέλαος(1); Σπάρτη(1); βίος(1)
ῥήγνυμι,49,42,"pass, cut twain, rend, right",9,"break asunder, rend, shatter; rend; make grievous; break for oneself, get broken",χαλκός(3); αἰχμή(2); ἔγχος(2); θύελλα(1),τεῖχος(7); φάλαγξ(5); πύλη(3); ὀχεύς(2); γύαλον(2)
ἔρδω,49,20,"sprinkle, roast, broil, let flow",12,to do; harm; let; practise,Κύκλωψ(2),ἑκατόμβη(6); κακός(6); θεός(3); ὅσος(3); ἔργον(2)
ῥέω,49,38,"stream, defile, stain, fall",9,"flow, run, stream, gush; runs with; a full stream; derive its stream",αἷμα(9); ἱδρώς(5); γαῖα(4); ὕδωρ(3); δάκρυον(2),ὦμος(1); κεφαλή(1); χείρ(1); ὕδωρ(1)
ὀρίνω,48,3,"moan, melt, hope, bade",25,"stir, raise; stir, move, excite; driving; wild",θυμός(7); ἦτορ(2); Τρώς(1); ἵππος(1),θυμός(20); πόντος(2); ἦτορ(1)
αὔω,48,31,"heavy, aim, disembark, cheat",23,"get a light, light a fire; take fire; ausa; haurio, haustum",Ἥρα(2); υἱός(2); θεά(1); ἀσπίς(1),ἑταῖρος(2); ἕκαστος(1)
ἐφέπω,48,18,"owe, crying, ply, dead",16,"ply, wield; apply, direct towards; against; ply, belabour, lay on to",Ἀχιλλεύς(2); πολύς(1),πότμος(23); θάνατος(4); μένος(3); ὀμφή(2); Πάτροκλος(2)
οὐτάω,47,37,"strike, strip, wound, smite",18,"wound, hurt, hit; wound by striking; thrusting; pierced",Ὀδυσσεύς(2); Αἴας(2); Διομήδης(2); Ὀιλιάδης(1),ἐγχείη(1); Δαμαστορίδης(1); Λειώκριτος(1)
κάμνω,47,36,"bind, luo, turn flight, loosen",9,work; wrought; build; win by toil,Ἥφαιστος(3); ἀνήρ(2); Ἐπειός(1); ὄσσα(1),γυῖον(3); ναῦς(1)
πλήσσω,46,37,"strike, strip, wound, smite",18,"struck with terror; amazement; strike, smite; strike",Τυδεΐδης(1); ἡνίοχος(1),μηρός(5); στῆθος(3); κλείς(2)
χώομαι,46,-1,(unassigned),14,to be angry; to be angry at; about; because of,Ἕκτωρ(2); Ἀπόλλων(1),κῆρ(3); ἑταῖρος(2); ἀνήρ(1)
ἡγέομαι,46,-1,(unassigned),23,"go before, lead the way; precede; to go before; might guide",Ἀθήνη(4); υἱός(4); Ἀμφίμαχος(3); Νάστης(3),ναῦς(2); Τρώς(2); ὁδός(1)
φορέω,45,28,"straight, wash hands, thrust away, bear",9,"repeated; habitual; bear to and fro, bear along; conveyed",κῦμα(3); θύελλα(2); Ὀδυσσεύς(1); ξένος(1),νέκυς(3); ὕδωρ(2)
νέμω,45,-1,(unassigned),23,"deal out, dispense; distribute; leave; pay",Ἀχιλλεύς(2); Μεσαύλιος(1); συβώτης(1),κύπελλον(2); τέμενος(2); μέθυ(2); πᾶς(2); μοῖρα(2)
νικάω,44,39,"abandon, congeal, curdle, portion",23,"conquer, prevail; conqueror; conquered; won the first prize",χείρων(2); βουλή(1),Ἶρος(2); ἀλήτης(2); πᾶς(2); φῦλον(2)
ἀναβαίνω,44,39,"abandon, congeal, curdle, portion",22,"go up, mount; go up to; goes up among; to trample on",δῖος(1); Μελάνθιος(1); αἰπόλος(1); γραῦς(1),ὑπερῷον(3); ἄνθρωπος(1); οὐρανός(1); Ὄλυμπος(1)
λούω,44,-1,(unassigned),12,lǎvo; *lovo; wash; wash the body,Πολυκάστη(1); θυγάτηρ(1); Χάρις(1),βρότος(3); τηλέμαχος(1); Πάτροκλος(1)
τείρω,44,-1,(unassigned),12,"oppress, distress, weaken; she was; distressed",θυμός(3); λιμός(2); ἱδρώς(2),γαστήρ(2); γῆρας(2)
ὠθέω,43,41,"shake, join, tremble, cause",18,"thrust, push; he kept pushing; pushed; rush",Ἀθήνη(2); Τρώς(2); Νότος(1),Ἀχαιός(3); ἀνήρ(2); Ἕκτωρ(2)
κήδω,43,26,"fulfil, spin, perform, accomplish",23,"trouble, distress; to be concerned, care for; mourn for; caring for",οἷος(1); θεός(1),οἶκος(3); θυμός(3); Δαναοί(3)
αἰδέομαι,43,9,"reproach, fear, awe, sense",1,"to be ashamed; from a sense of shame; stand in awe of, fear; show a sense of regard",,εὐνή(2); φῆμις(2); θεός(2); ἱερεύς(2)
καταδύω,43,35,"attain, come, reach, sink",12,"go down, sink, set; to be sunk; disabled; duck",ἥλιος(7); φάος(2),ὅμιλος(8); τεῦχος(3); πόλις(2); μῶλος(1); υἱός(1)
θωρήσσω,43,14,"arm, stay, strip, angry",19,"arm with a; arm; arm oneself, put oneʼs harness on; to arm yourselves withal",Ἀχαιός(2); Μολίων(1),Ἀχαιός(3); υἱός(2); τεῦχος(1); Μυρμιδόνες(1)
νεικέω,42,-1,(unassigned),23,"quarrel, wrangle with; quarrel; with; strove with him",ἀνήρ(2); Ἕκτωρ(2); συβώτης(1); Ἀντίνοος(1),Ὀδυσσεύς(2)
ἀλέομαι,42,37,"strike, strip, wound, smite",18,"avoid, shun; avoid; flee for oneʼs life",πτωχός(1); Ἰδομενεύς(1); Πουλυδάμας(1),ἔγχος(8); κήρ(4); μῆνις(3); νῆσος(2); βέλος(2)
νεμεσάω,42,-1,(unassigned),15,"feel just resentment, to be wroth at undeserved good; bad fortune; to be wroth with; grudge",ἀνήρ(1),Ζεύς(2); ἔργον(1); ἀνήρ(1)
κλίνω,42,37,"strike, strip, wound, smite",18,"śráyati; clinare, clivus; cause to lean, make to slope; slant",Κίκονες(1); ἔντεα(1); κάρα(1); Ἐννοσίγαιος(1),σάκος(3); ὦμος(3); ἅρμα(2); ἅλς2(1); κλισμός(1)
μερμηρίζω,41,19,"return, sleep, assemble collect, company",23,"to be anxious; thoughtful, to be in doubt; was debating; debated anxiously",Ὀδυσσεύς(4); θυμός(2); Μενέλαος(1),θυμός(4); ἕκαστος(4); φόνος(3); πολύς(2)
ἐπισεύω,41,0,"breathe, witch spell, set hurry, throw overthrow",13,"put in motion; against, set on; hurry; hasten to",δαίμων(4); θυμός(4); ὄνειρος(1); λαός(1),τεῖχος(3); κακός(2); δμώς(1); ὄνειρος(1)
στενάχω,41,-1,(unassigned),12,"groan, sigh, wail; groaning; bewail, lament",γυνή(4); ἑταῖρος(1); ἵππος(1); γέρων(1); πολίτης(1),Πάτροκλος(1)
κοιμάω,41,-1,(unassigned),23,"lull, put to sleep; put to bed; still, calm; soothe, assuage",δαίμων(1); Ὀδυσσεύς(1); ἀνήρ(1); ἱππότης(1),νεβρός(2); κῦμα(1); Τηλέμαχος(1)
ἵκω,40,35,"attain, come, reach, sink",12,"come; come to; are brought to; attain to, reach",χρεώ(3); ὕβρις(2); βία(2); ἀνήρ(2),οὐρανός(9); πόρος(3); φρήν(1)
φυλάσσω,40,-1,(unassigned),14,"keep watch and ward, keep guard; keep watch; watch; wait",ναῦς(2),δῶμα(4); πᾶς(4); νύξ(2); μῆλον1(1)
κάθημαι,40,-1,(unassigned),10,"to be seated, sit; as he sat there; sate; sit on",ἑταῖρος(1); ἡγήτωρ(1),
τύπτω,40,37,"strike, strip, wound, smite",12,"beat, strike, smite; beat; strike; beating",κάρα(2); παῖς(1),ἅλς1(6); ῥηγμίς(1); χθών(1)
προσφωνέω,40,-1,(unassigned),23,"call; speak to, address; address; call by name",Τηλέμαχος(5); ψυχή(5); υἱός(3); Ὀδυσσεύς(2),υἱός(4); πατήρ(3); Τηλέμαχος(2); Ὀδυσσεύς(2)
γηθέω,40,-1,(unassigned),21,rejoice; will rejoice; rejoice in doing; impune,Ὀδυσσεύς(7); παῖς(2); Ἀγαμέμνων(2),φρήν(3)
ἐποίχομαι,40,-1,(unassigned),18,"go towards, approach; draw near to; approach with hostile purpose, attack; go over, traverse",κῆρυξ(1); κῆλον(1); υἱός(1); Αἴας(1),ἔργον(5); ἱστός(4); πᾶς(2); μνηστήρ(1)
ἀείδω,40,24,"shut close, beckon, opened, sing",23,Il.Parv; sing; crow; hoot,ἀοιδός(6); θεός(1),οἶτος(2); κλέος(2); ὅσος(2)
ἅπτω,39,-1,(unassigned),9,fasten; bind to; having fastened; join,βέλος(5); γυνή(1); Θέτις(1),γόνυ(7); ναῦς(4); ὅπλον(2); πούς(2); γένειον(2)
ἐμβάλλω,39,-1,(unassigned),23,throw in; let; fall into; throw,θεός(4); Ἀθήνη(2); Πεισήνωρ(1); Κρονίων(1),θυμός(8); χείρ(5); ναῦς(5); ῥῆγος(4); σθένος(3)
ἀποβαίνω,39,31,"heavy, aim, disembark, cheat",23,"step off from; alight, disembark from; disembark; dismount",Ἀθήνη(5); Ἶρις(4); Ἑρμῆς(3),ἵππος(2); ναῦς(1); σχεδία(1)
μεθίημι,39,12,"sweat, born, stir, rouse",19,"set loose, let go; release; let; depart",Ποσειδεών(1); ῥῖγος(1),πόλεμος(6); χόλος(4); ἀλκή(3); βία(2)
ἐπείγω,39,40,"contain, hold, seize, catch",23,press by weight; presses; to be weighed down; overpowered,πόνος(1); οὖρος(1); ἀναγκαίη(1); κύων(1); ἄχθος(1),ὁδός(3); γάμος(2); Ἄρης(2); ἐρετμόν(1); χείρ(1)
φοβέω,39,16,"fight, retire, shrink, flee",14,"put to flight; terrify, alarm; to frighten; by terror",Ἀχαιός(3); Τρώς(2); λέων(1),ἀνήρ(2); Δαναοί(1); πολεμιστής(1)
ὁρμάω,38,14,"arm, stay, strip, angry",18,"set in motion, urge on, cheer on; tear; inspired; urged on",Ἀχιλλεύς(2); Κρονίων(1),πόλεμος(1); θεός(1); πεδίον(1); Ἀκάμας(1); Ἀγήνωρ(1)
καθίζω,38,22,"succour, face, hide cover, assembly",20,"make to sit down, seat; set, place; encamp; post",Ζεύς(1),Τρώς(2); Ἀχαιός(2)
ὄμνυμι,38,25,"swear, accuse, oath, say",22,swear; swear to; affirm; confirm by oath,ναῦς(2); ἑταῖρος(2),ὅρκος(16); πῆμα(3); εὐνή(3)
ὀλοφύρομαι,38,3,"moan, melt, hope, bade",25,"lament, wail, moan; lament; mourn for the ills of others; feel pity",ἦτορ(2); πατήρ(2); δάπεδον(1); Ἀχιλλεύς(1),Δαναοί(2); θυμός(1)
ἐνέπω,38,-1,(unassigned),22,tell; tell of; couldst tell; the tale of,ξένος(2),νημερτής(6); μῦθος(6); ὄλεθρος(2)
μενεαίνω,38,13,"urge, know, remain, command",18,desire earnestly; eagerly; long for; purpose,ἀγός(1),Ὀδυσσεύς(2); πῦρ(1); ἥρως(1); Ζεύς(1); Τρώς(1)
βούλομαι,37,22,"succour, face, hide cover, assembly",20,"will, wish, be willing; wish is will; willed; that supports",θεός(3); Ζεύς(3); θυμός(2),νίκη(6); Τρώς(3); νέκυς(1)
ἀράομαι,37,11,"pray, incur, need, born",23,pray to; invoke; pray; prayed,πᾶς(3); Διομήδης(2); μήτηρ(1); τέλος(1),κόρη(3); θεός(2); ἀθάνατος(2); Ἀθήνη(2)
εἴλω,37,-1,(unassigned),19,shut in; shut out; let them be shut out; ponded,Κύκλωψ(1); λαός(1); υἱός(1); ἄελλα(1); θάλασσα(1),Ἀχαιός(2); θήρ(1); ναῦς(1); βουλή(1)
ἰάχω,37,2,"roar, old, haste, shout",7,"cry, shout; shriek; ring, resound; roar",λαός(3); Ἀργεῖος(3); κῦμα(2); πέτρα(1); δμωή(1),
πελάζω,37,28,"straight, wash hands, thrust away, bear",9,"approach, draw near; draws to; come near; will",ἄνεμος(4); κῦμα(3); θεός(2); ὕδωρ(1); Ζεύς(1),χθών(6); ναῦς(5); κτῆμα(2); ὅπλον(2)
φθίω,37,25,"swear, accuse, oath, say",23,"kṣiṇā´ti, kṣiṇóti; Kṣīyante; ákṣitas; kṣeṣya",μείς(5); νύξ(4); ἦμαρ(3),οἶτος(1); θυμός(1)
ἀπαυράω,37,13,"urge, know, remain, command",23,,πόθος(1); μῆδος1(1); ἀγανοφροσύνη(1); Ζεύς(1); πόντος(1),θυμός(10); ἦτορ(3); τεῦχος(3)
ἐλεέω,36,39,"abandon, congeal, curdle, portion",23,"to have pity on, show mercy to; feel pity",Κρονίων(2); πατήρ(1); παῖς(1); Λυκομήδης(1); Ἀστεροπαῖος(1),ἄστυ(3); ἄλοχος(3); τέκνον(3)
ναιετάω,36,-1,(unassigned),22,"dwell; dwell in, inhabit; to be situated, lie; exist",Ἰθάκη(1); πατήρ(1); μήτηρ(1),Κρήτη(1); Ἰθάκη(1); Λυκία(1); οἰκίον(1); Στύρα(1)
φύω,36,38,"stream, defile, stain, fall",9,"bring forth, produce, put forth; made; grow; beget, engender",αἴγειρος(3); δένδρεον(3); ὕλη(2); κλήθρα(2),χείρ(8); ἀλλήλων(1)
πίμπλημι,36,35,"attain, come, reach, sink",12,fill; fill full of; filled; full,ὄσσε(4); ὄσσα(2); πεδίον(2); φρήν(2),δάκρυον(6); ἵππος(5); ἀνήρ(4); μένος(3); θεῖον(2)
ἐρείπω,36,41,"shake, join, tremble, cause",12,"throw; dash down, tear down; casts; down",δρῦς(2); ἀχερωίς(2); πίτυς(2); τεῖχος(1),ἔπαλξις(1); ὄχθη(1); τεῖχος(1)
ἰθύνω,36,28,"straight, wash hands, thrust away, bear",9,"make straight, straighten; guide in a straight line; let us drive; straight",κυβερνήτης(5); ἄνεμος(4),ναῦς(3); ἡμίονος(3); ἵππος(2); ἄμαξα(2)
ἴσχω,36,35,"attain, come, reach, sink",12,"keep back, restrain; keep; back; to keep",δέος(4); μνηστήρ(2); σηκός(1),λώβη(2); φάσγανον(1); μνηστήρ(1); κλαυθμός(1)
ἐξεναρίζω,36,37,"strike, strip, wound, smite",18,"strip; spoil; strip off; kill, slay",Ὀδυσσεύς(2); Ἰδομενεύς(1); Ἀντίλοχος(1); Αἰνείας(1),τεῦχος(4); υἱός(3)
ὀρέγω,36,32,"stretch, spread scatter, send, honour",19,"reach, stretch, stretch out; reach out, hold out, hand, give; extend; stretch oneself out, stretch forth oneʼs hand",Ζεύς(2); μνηστήρ(1); δράκων(1); Αἴας(1),κῦδος(10); χείρ(6); Ἕκτωρ(3); εὖχος(3)
ἀνίημι,36,-1,(unassigned),25,"send up; forth; spew up, vomit; make",θυμός(9); ὕπνος(5); μένος(2),θυμός(2); Τηλέμαχος(1)
χάζω,35,16,"fight, retire, shrink, flee",14,"cause to retire; force to retire from, bereave; deprive of; give way, draw",τόξον(2); Τρώς(2); Ἀχαιός(1); Δαναοί(1),ἀριστεύς(2); θυμός(2); ψυχή(2); κέλευθος(2); ἀνήρ(2)
ἐφίημι,35,19,"return, sleep, assemble collect, company",16,"send to; sent; set on, incite; throw",Ὀδυσσεύς(2); πᾶς(1); Ζεύς(1),μνηστήρ(8); χείρ(7); πότμος(6); βέλος(6)
πήγνυμι,35,42,"pass, cut twain, rend, right",9,"stick; fix in; fix in the earth, plant; pitch",δόρυ(4); βέλος(2); χαλκός(2); ἀκωκή(1); ἰός(1),δόρυ(6); ἐρετμόν(4); ἔγχος(2); μετάφρενον(2); τύμβος(1)
χαρίζομαι,35,-1,(unassigned),23,,πατήρ(3); Ὀδυσσεύς(1); εἷς(1),ἄποινα(3); Τρώς(3); Ἕκτωρ(2)
ἀκοντίζω,35,37,"strike, strip, wound, smite",18,hurl a javelin; use the javelin; hit; strike with javelin,Ἕκτωρ(4); ἕξ(1); μνηστήρ(1); Αἰνείας(1),δόρυ(3); Αἴας(3); αἰχμή(2); Ἰδομενεύς(2)
κρίνω,35,-1,(unassigned),22,"separate, put asunder, distinguish; pick out, choose; to choose; to be chosen out, distinguished",μένος(1); ἄριστος(1); κοῦρος(1),ἀνήρ(5); φώς(3); νεῖκος(2); ἄριστος(2); μνηστήρ(1)
τυγχάνω,35,33,"work, strait, pour, stand",12,happen to be at; she be; mayʼst; has been made,πολύς(2); ναῦς(2); πέτρα(1),ῥινός(1); φιλότης(1); Λακεδαίμων(1); πομπή(1)
ἡγεμονεύω,34,-1,(unassigned),23,lead the way; to lead; make; lead,υἱός(3); θεός(2); Τηλέμαχος(2),ὁδός(4); υἱός(1)
οὐτάζω,34,37,"strike, strip, wound, smite",18,,υἱός(2); Ὀδυσσεύς(2); Ἀγαμέμνων(2); Ἀντίλοχος(2),σάκος(5); χείρ(4); υἱός(3); στῆθος(2)
μήδομαι,34,25,"swear, accuse, oath, say",23,"to be minded, intend; resolve; counsels I should take; plan and do cunningly",Ζεύς(7); Αἴγισθος(3); δαίμων(2),ἔργον(11); κακός(8); ὄλεθρος(6)
εἴκω,34,40,"contain, hold, seize, catch",23,"to be like, seem likely",Αἴας(2); βῶλος(1); γέρων(1); Εὖρος(1),θυμός(4); βία(3); κάρτος(2)
ἀπιθέω,34,27,"speak, address, hear, exchange",23,disobeyed; fail to persuade,θεά(4); Ἥρα(3); Ἀθήνη(3); Ἀργειφόντης(2),μῦθος(1); Ἀγαμέμνων(1)
σπένδω,34,9,"reproach, fear, awe, sense",1,make a drink-offering; let; dedicate; by pouring an offering from,,θεός(5); Ζεύς(5); ἀθάνατος(2); Ποσειδεών(1); Ἀργειφόντης(1)
περάω,33,42,"pass, cut twain, rend, right",9,drive right through; pass right across; through; traverse,αἰχμή(3); ὄμβρος(2); ναῦς(1); ἀνήρ(1),λαῖτμα(2); θάλασσα(2); πύλη(2)
ἐρείδω,33,41,"shake, join, tremble, cause",9,"cause to lean, prop; piling; against; fix firmly, plant",ἀσπίς(2); θρόνος(1); χαίτη(1); λᾶας(1),ἔγχος(3); ἀσπίς(3); γαῖα(2); στόμα(1)
διώκω,33,-1,(unassigned),18,"cause to run, set in quick motion; pursue, chase; chase; follow",Τυδεΐδης(1); Ὀδυσσεύς(1); ἀμείνων(1),ἵππος(2); πεδίον(2); Ὀδυσσεύς(1); δόμος(1)
μογέω,33,-1,(unassigned),14,"toil, suffer; suffers; tired; with pain",Ἀργεῖος(2); Τρώς(2),πολύς(10); ὅσος(7); ἄλγος(4); κακός(4); τόσος(1)
βουλεύω,33,-1,(unassigned),14,"take counsel, deliberate; determine; resolve after deliberation; in council",πολύς(1); ἄριστος(1); Ἕκτωρ(1),βουλή(7); πῆμα(4); νόος(2)
εἰσέρχομαι,32,40,"contain, hold, seize, catch",23,"go in; into, enter; invaded; come into",ἀνήρ(1); πεῖνα(1),δόμος(3); εὐνή(2); τεῖχος(2); δῶμα(1)
γείνομαι,32,34,"king, inquire, ask, beget bring",22,to be born; at oneʼs birth; beget; bring forth,μήτηρ(8); Περίβοια(2); θεά(2),παῖς(7); υἱός(3)
ἐπιτίθημι,32,29,"taught, weave, send forward, set",23,"lay, put; place upon; laid on; set",Ἀχιλλεύς(2); Ἀθήνη(1); κόρη(1),θύρα(7); εἶδαρ(6); θυρεός(2)
κομίζω,32,-1,(unassigned),18,"take care of, provide for; receive, treat; attended to; attend, give heed to",βασιλεύς(1); Φείδων(1),ἔργον(3); ἱστός(3); ἠλακάτη(3); δῶμα(2)
δατέομαι,31,-1,(unassigned),12,divide among themselves; they share; are alike filled with; tear,Ἀχαιός(3); πᾶς(2); μνηστήρ(1); Τρώς(1),κτῆμα(5); μοῖρα(3); πᾶς(2); ληίς(2)
ἄπειμι,31,39,"abandon, congeal, curdle, portion",21,sum; to be away; far from; absent,ὁδός(2); ἀνήρ(1); μνηστήρ(1),φίλος(1); αἶα(1); πάτρη(1); μέγαρον(1)
ὀφείλω,31,18,"owe, crying, ply, dead",16,"owe, have to pay; account for; do I owe?; to be debtor",χρέος(2); ἀνήρ(1),πότμος(2); πολύς(1); χρέος(1)
πονέω,30,33,"work, strait, pour, stand",18,work hard; to suffer toil; he did his work; were busied,φυλακτήρ(1); Ἀχαιός(1),ἔργον(3); ὅπλον(2)
ἐπαίσσω,30,-1,(unassigned),12,"rush at; upon; rush upon; assail, assault",πολύς(1); χείρ(1),Κίρκη(2); τεῖχος(1); ναῦς(1); Ἕκτωρ(1)
γαμέω,30,-1,(unassigned),22,marry; take to wife; marry a wife; take for a paramour,Αἴγισθος(1); Νηλεύς(1),ἄλοχος(2); πλεῖστος(2); υἱός(1)
ἐκτελέω,30,25,"swear, accuse, oath, say",23,"bring to an end, accomplish, achieve; fulfil; PMag. Osl; will be accomplished",θεός(3); μείς(2); ἡμέρα(2); πατήρ(2); Ὀδυσσεύς(2),ἆθλος(4); ἔργον(3); φᾶρος(2)
ἱερεύω,30,15,"eat, devour, kindle, chase",12,sacrifice; offer sacrifice; slaughter; to slaughter for themselves,Ἀγαμέμνων(2); μένος(1); Ἀχαιός(1); Ἀλκίνοος(1),βοῦς(13); ὄις(6); ὗς(4); αἴξ(4)
ἀποτίνω,29,-1,(unassigned),24,repay; pay for; may atone for; made atonement,μνηστήρ(2); Ὀδυσσεύς(2); Ἀχαιός(2),βία(4); ὑπερβασία(3); πολύς(2); ποινή(2); τιμή(2)
ὀχθέω,29,22,"succour, face, hide cover, assembly",20,"to be sorely angered, vexed in spirit",θεός(2),
τιμάω,29,32,"stretch, spread scatter, send, honour",23,"honour, revere, reverence; bestow honours; reward; will honour",Κάστωρ(1); θεός(1); ἀθάνατος(1),Ἀχιλλεύς(4); ξένος(1); πατήρ(1)
λαγχάνω,29,39,"abandon, congeal, curdle, portion",18,obtain by lot; obtain as oneʼs portion; had; for my portion,γνωτός(2); Τρώς(2); ἄλοχος(2),αἶσα(3); πῦρ(3); τιμή(1)
τελευτάω,29,25,"swear, accuse, oath, say",22,"bring to pass, accomplish; fulfil; bring about; end",ἅπας(1); Ἀχαιός(1); Ἀλκίνοος(1),ὅρκος(6); ἔργον(3); πᾶς(3)
ἐπεύχομαι,29,-1,(unassigned),18,pray; make a vow to; give thanks to; pray to,Εὔμαιος(2); Ἀχιλλεύς(2); δῖος(1); Ὀδυσσεύς(1),θεός(6); Ζεύς(3); ᾍδης(2); Περσεφόνεια(2)
καταλείπω,29,19,"return, sleep, assemble collect, company",21,"leave behind; leave behind one; to be left, remain behind; left behind",Ὀδυσσεύς(3),οἷος(2)
δαίω,29,15,"eat, devour, kindle, chase",12,"dunō óti; light up, kindle; she made; burn",Ἀθήνη(2); ὄσσε(2); μάχη(2); Τροία(2); ἦτορ(1),πῦρ(4); κρέας(2); ξύλον(2); Ὀδυσσεύς(1); μνηστήρ(1)
ὁρμαίνω,29,-1,(unassigned),21,"turn over; revolve anxiously in the mind, debate, ponder; ponder over, meditate; think, muse",κῆρ(3); υἱός(1); γέρων(1),θάνατος(2); πόλεμος(2); πολύς(2)
παρατίθημι,28,20,"sprinkle, roast, broil, let flow",22,"place beside; set before, serve up; the serving-men; meats set before one",ταμία(7); δαιτρός(2); συβώτης(1); ἀμφίπολος(1),σῖτος(7); δαίς1(4); πίναξ(3)
ἅλλομαι,28,5,"leap, sal, assemble, went",7,"sal; sal-io; spring, leap; leap upon",Ἕκτωρ(2); Πηλείδης(2); Ἀτρείδης(1); Πάτροκλος(1),
πλέω,28,-1,(unassigned),17,"sail, go by sea; sail; be at sea; swim, float",Ἀτρείδης(1); υἱός(1); τεῦχος(1),κέλευθος(2)
καθέζομαι,28,6,"fail, tears, meal, flow",7,"sit down, take oneʼs seat; preside; taking their seats; sit down in, occupy",Ὀδυσσεύς(2); πᾶς(1); υἱός(1); Πηνελόπεια(1),
ἄγαμαι,27,27,"speak, address, hear, exchange",23,wonder; admire; for; wonder at,Ποσειδεών(2); πᾶς(1); μνηστήρ(1); θυμός(1),μῦθος(6); ἔργον(2)
ἀγγέλλω,27,-1,(unassigned),21,"bear a message; may bring; word; announce, report",ἄγγελος(1); κῆρυξ(1),γυνή(4); ποιμήν(2); Ἀχιλλεύς(2); φάος(1)
ἀγοράομαι,27,22,"succour, face, hide cover, assembly",20,"meet in assembly, sit in debate; speak in the assembly, harangue; speak, utter; speak, talk with",θεός(1),
ἐπίσταμαι,27,14,"arm, stay, strip, angry",18,know; be able; capable; can,Ἀχιλλεύς(2); θεράπων(1); Ἀχαιός(1),ἔργον(3); πεδίον(2); φόρμιγξ(1); ἀοιδή(1)
βοάω,27,2,"roar, old, haste, shout",5,"cry aloud, shout; men ready to shout; roar, howl; resound, echo",κῦμα(1); ἠιών(1); Τρώς(1),
ἄγνυμι,27,41,"shake, join, tremble, cause",9,"break, shiver; broke; crashed through; to be broken, shivered",αὐχήν(2); κῦμα(1); θύελλα(1); ῥόπαλον(1),αὐχήν(4); ἅρμα(4); ἀστράγαλος(1); ναῦς(1)
δοκέω,27,-1,(unassigned),16,"expect; think, suppose, imagine; thought; methought",θυμός(1); ξένος(1); ἵππος(1); ἀνήρ(1),θυμός(1)
ἀλάομαι,27,-1,(unassigned),2,"wander, roam; to be outcast, banished; wander over; wander away from, miss",ὅ(1),ὅσος(1)
ἀλύσκω,27,24,"shut close, beckon, opened, sing",23,"flee from, shun; escape; he escaped; wander restlessly",Τερπιάδης(1); ἀοιδός(1); Φήμιος(1),κήρ(11); θάνατος(6); ὄλεθρος(2); ἦμαρ(1); ἑταῖρος(1)
καταβαίνω,27,28,"straight, wash hands, thrust away, bear",9,come down from; die; came down from; came down,ἄριστος(1); κῦμα(1),ὑπερῷον(2); κλῖμαξ(1); ἐφόλκαιον(1); θάλαμος(1); πόλις(1)
ἐρίζω,27,-1,(unassigned),23,"strive, wrangle, quarrel; contend; sophistical disputations; discord",βροτός(3); ἀνήρ(2); ξένος(1),βασιλεύς(3); ἀλλήλων(2); ἀθάνατος(2)
στρέφω,26,30,"drive, sway, run, bring brought",17,turn about; aside; turn; wheel,θεός(1); κάπριος(1); λέων(1),ἵππος(5); οὖρος(1); ἄωτον(1)
κορύσσω,26,14,"arm, stay, strip, angry",18,"furnish with a helmet; fit out, equip, marshal; equip, arm oneself; headed with",Πάτροκλος(1); Ἀχιλλεύς(1); Αἴας(1),τεῦχος(1); πόλεμος(1); κῦμα(1); πόντος(1)
ἐπιπείθομαι,26,3,"moan, melt, hope, bade",25,"to be persuaded; trust; to, put faith in; comply with, obey",θυμός(9); Τηλέμαχος(3); Πάτροκλος(3),πατήρ(3); ἑταῖρος(3); μῦθος(2); ἔπος(2)
βλάπτω,26,-1,(unassigned),23,"disable, hinder; disable; lame; entangled",γόνυ(2); θεός(1),φρήν(2); ἄνθρωπος(2); κέλευθος(1)
ἁνδάνω,26,-1,(unassigned),12,"please, delight, gratify; pleased; with; the opinion",βουλή(4); μῦθος(3); κοῖτος(1); νύμφη(1),Ἀγαμέμνων(3); Ἕκτωρ(2)
νύσσω,26,37,"strike, strip, wound, smite",18,"touch with a sharp point, prick, stab, pierce; dinting; having nudged; prick",Αἴας(3); Ἰδομενεύς(2); Ἰφιδάμας(1); Μηριόνης(1),ἀσπίς(3); Χερσιδάμας(1); σάκος(1)
δείκνυμι,26,-1,(unassigned),21,"bring to light, show forth; portray, represent; cause; render",Ὀδυσσεύς(1); κῆρυξ(1),κτῆμα(2); σῆμα(2)
μεταλλάω,26,9,"reproach, fear, awe, sense",2,"search carefully, inquire diligently; inquire of, question; sought; out",,ἕκαστος(1)
παπταίνω,26,-1,(unassigned),16,"look about one with a sharp, searching glance; looked about; look wistfully; look round for, look after",ἕκαστος(3); Ὀδυσσεύς(1); ὄσσε(1),Αἴας(1); υἱός(1); Μαχάων(1)
ὀφέλλω,26,-1,(unassigned),19,"increase, enlarge, strengthen; raises high; multiply; add to",οἶκος(1); ξένος(1); δῆμος(1); χρέος(1),πόνος(3); οἶκος(1); δέμας(1)
ἀλεείνω,26,-1,(unassigned),1,"avoid, shun; evaded; shrink",,κήρ(7); θεοπροπία(2); βία(2); χόλος(1); ὑφορβός(1)
ἐπορούω,25,37,"strike, strip, wound, smite",18,spring at; sprang to; came suddenly upon; spring upon,Ἀχιλλεύς(4); ὕπνος(1); Μέγης(1),Κόων(1); Ἀντίλοχος(1); ἅρμα(1)
γοάω,25,18,"owe, crying, ply, dead",16,"groan, weep; bewail",μήτηρ(2); Ὀδυσσεύς(1),πότμος(2); πόσις1(1); Ἕκτωρ(1)
νίζω,25,28,"straight, wash hands, thrust away, bear",9,wash the hands; feet; to wash oneʼs hands; from,Ὀδυσσεύς(1); κῦμα(1),χείρ(4); αἷμα(3); πούς(2); σπόγγος(1)
ὑπισχνέομαι,25,-1,(unassigned),21,take upon oneself; undertake to do; promise; she makes promises,Ὀδυσσεύς(1); Ἀγαμέμνων(1),ἀνήρ(3); ἔργον(2)
θρῴσκω,25,37,"strike, strip, wound, smite",18,"leap, spring; tossed; leap upon, assault; attack",κλῆρος(3); αἰγυπιός(1); Ἀργεῖος(1); ὀιστός(1); Ἀντίλοχος(1),πρόμαχος(1); κυνέη(1)
πάλλω,25,37,"strike, strip, wound, smite",18,"poise, sway; sway, brandish; toss; drove",Ἀχιλλεύς(2); Αἴας(1); ἦτορ(1); Ἕκτωρ(1),δόρυ(5); κλῆρος(3); μελία(1)
γελάω,25,-1,(unassigned),7,laugh; laughed; a laugh being raised; laughs scornfully,μνηστήρ(1); κῆρ(1); χθών(1); ἦτορ(1),
ἰάλλω,25,37,"strike, strip, wound, smite",18,send forth; they put forth; laid; threw,Ζεύς(1); Τεῦκρος(1),χείρ(16); δεσμός(4); ὀιστός(2); πρέσβυς(1); ἄριστος(1)
νωμάω,25,-1,(unassigned),18,"deal out, distribute; pour; the several; direct, guide",Εὐρύμαχος(1); Ἕκτωρ(1); Ἀχιλλεύς(1); Ἄρης(1),πᾶς(7); γόνυ(4); πούς(3); κέρδος(2); τόξον(2)
καταθνήσκω,25,-1,(unassigned),21,"Nuova Silloge; die away, be dying; died; to be dead",ἀνήρ(2); μήτηρ(1); πατήρ(1); Πάτροκλος(1),πολύς(1)
ἐλεαίρω,25,32,"stretch, spread scatter, send, honour",20,take pity on,θεός(2); θεά(1); Ὀδυσσεύς(1),γυνή(1); Ἀχαιός(1)
πείρω,25,-1,(unassigned),3,"pierce, run through; spitted; they stuck; ran",,πόλεμος(4); κῦμα(4); ὀβελός(2); κέλευθος(1); τόξον(1)
τείνω,25,-1,(unassigned),23,stretch; pull tight; having tied; tight,δρόμος(3); πόλεμος(3); μάχη(2); ἱστίον(1),ἡνία(5); βροτός(1); λαῖλαψ(1); τέλος(1)
μεταυδάω,25,27,"speak, address, hear, exchange",23,"speak among; address; accost, address",δῖος(1); Πηνελόπεια(1),ἔπος(4); Φαίαξ(4); ἀθάνατος(3); ἑταῖρος(3); Ἀργεῖος(3)
ἁμαρτάνω,25,-1,(unassigned),21,"Acut. (Sp.); miss the mark; miss; fail of oneʼs purpose, go wrong",Ἀτρείδης(2),ὄρνις(2); μῦθος(1); στειλειή(1); σκοπός(1)
ἐξαιρέω,25,37,"strike, strip, wound, smite",23,take out; take out for oneself; his; their,υἱός(2); Ζεύς(2); ἀγρότης(1); ἥλιος(1),θυμός(4); φρήν(3)
θαυμάζω,24,39,"abandon, congeal, curdle, portion",23,"wonder, marvel; marvel at; wonder; honour, admire, worship",ἄνθρωπος(1); ἅπας(1); υἱός(1),Τηλέμαχος(3); πατήρ(1); λιμήν(1)
μενοινάω,24,11,"pray, incur, need, born",23,desire eagerly; were eager to see; eager; design,νόος(3); Ὀδυσσεύς(1); πεζός(1),ὅσος(2); κακός(1); Τρώς(1)
μνάομαι,24,-1,(unassigned),9,"to be mindful of; when I remember him; turn oneʼs mind; woo for oneʼs bride, court",ἕτερος(2); τόσος(1); περικτίονες(1); ἀνήρ(1),ἄκοιτις(2); μήτηρ(2); ἄλοχος(2); δάμαρ(2); φόβος(2)
λιλαίομαι,24,-1,(unassigned),16,long; desire earnestly; long to be; longing,ἀνήρ(1); Ἀχιλλεύς(1),βίοτος(2); ὁδός(1); δόρπον(1); πόλεμος(1)
ἀντιβολέω,24,37,"strike, strip, wound, smite",19,"meet; to be present at; partake of, have oneʼs share of; fall to oneʼs lot",Ἑρμῆς(1); γάμος(1); θεά(1); Ἀθήνη(1),τάφος(2); μάχη(2); φόνος(1)
δουπέω,24,31,"heavy, aim, disembark, cheat",7,sound heavy; dead; the heavy thud of a corpse; falls with heavy sound,Ἀθήνη(1); Ἥρα(1),
ἀπειλέω,24,14,"arm, stay, strip, angry",19,"keep away; brought; forced; unroll, roll off",υἱός(2); Ἕκτωρ(1); υἱωνός(1),Τρώς(2); ἀθάνατος(1)
ἀμφικαλύπτω,24,40,"contain, hold, seize, catch",12,"enwrap, enfold; received within; love enfolded; overwhelm",ὄρος(3); δόμος(2); νέφος(2); ἔρως(2); πόλις(1),πόλις(5); βλέφαρον(3); ὄρος(2)
ὁμιλέω,24,19,"return, sleep, assemble collect, company",21,"to be in company with, consort with; consortest; joining in company; throng",Ὀδυσσεύς(3); Εὐρύνομος(1); Τηλέμαχος(1),μνηστήρ(8); Δαναοί(2); ἀνήρ(1)
ἀποπέμπω,24,10,"admit, riot, send away, dismiss",1,"send off; away, dispatch, dismiss; dismiss; send away from oneself",,δόμος(1)
φαγεῖν,24,15,"eat, devour, kindle, chase",13,"eat, devour; eat of; eat up, devour, squander; bhájati",ἰχθύς(2); Σκύλλα(1),πᾶς(2); τέκνον(2)
ὑφαίνω,24,29,"taught, weave, send forward, set",22,"weave; weave, ply the loom; contrive, plan; the plot they laid",νύμφη(1),ἱστός(8); μῆτις(7); δόλος(3); φᾶρος(2)
ταρβέω,23,37,"strike, strip, wound, smite",21,"to be frightened, alarmed; feels fear; a state of fear; from fear",κῆρ(1); Τυδεύς(1),πληθύς(1); χαλκός(1); λόφος(1)
ἀναίσσω,23,30,"drive, sway, run, bring brought",17,start up; he rose to speak; gush forth; springing fresh,πηγή(1); Ὀδυσσεύς(1); υἱός(1),ἅρμα(1); ἵππος(1)
ἐνίπτω,23,13,"urge, know, remain, command",18,"reprove, upbraid; reproved; to attack; tell, announce",Μελανθώ(2); Τηλέμαχος(1); Ἀγέλαος(1); υἱός(1),Ὀδυσσεύς(2); Ἀντίνοος(1)
δηιόω,23,17,"slaying, rejoice, eat, flee",14,"cut down, slay; slaying; were slaying; were being slain",Ἀχαιός(6); Τρώς(4); λαός(1); Ἕκτωρ(1),υἱός(2); ἀδελφός(1); ἀσπίς(1); λαισήιον(1)
θεάομαι,23,-1,(unassigned),23,"gaze at, behold; wonder; reconnoitred; do you see?",λαός(2); γυνή(2); Ἀργειφόντης(1); κόρη(1); Ὀδυσσεύς(1),πᾶς(3); ἔργον(2); ἔλαφος(1); ταχυτής(1)
οἰμώζω,23,5,"leap, sal, assemble, went",7,"wail aloud, lament; plague take you !; pity, bewail; bewailed",γέρων(2); Πηλείδης(1); πατήρ(1); Ἀτρείδης(1),
μαίνομαι,23,1,"ring, rattle, tears, gnash",5,"rage, be furious; rage with anger; the madman; to be mad",Ἕκτωρ(2); Ἄρης(1); πῦρ(1); ἐγχείη(1),
θέλγω,23,0,"breathe, witch spell, set hurry, throw overthrow",13,"enchant, be witch; spell-bound; cheat, cozen; charm, beguile",Σειρήν(1); δαίμων(1); Ἀθήνη(1); Ζεύς(1),θυμός(3); ὄμμα(3); λόγος(1)
λάμπω,23,1,"ring, rattle, tears, gnash",5,"give light, shine; ring loud and clear; shine forth, be famous; conspicuous",χαλκός(5); ὄσσε(2); αἰχμή(2); ὀφθαλμός(1); τεῦχος(1),
ποθέω,23,-1,(unassigned),21,"long for, yearn after; miss; regret; will miss",ἥρως(1),ἀρχός(3); κεφαλή(1); νόστος(1); ἑταῖρος(1)
θαρσέω,23,23,"look gaze, courage, share, persuade",21,to be of good courage; to be over-bold; fear not!; with good courage,λαός(2),ἆθλος(1)
ἔπειμι,23,-1,(unassigned),12,"sum; to be upon; to be upon, be set upon; to be attached",σανίς(1); κώπη(1),ἀγρός(2); βοτήρ(1); ὦμος(1)
κυλίνδω,22,12,"sweat, born, stir, rouse",9,roll; trundle; rolls; revolve,πῆμα(3); κῦμα(2); λᾶας(1); ἀρχή(1); Ἕκτωρ(1),Δαναοί(2); κῦμα(1); Τρώς(1)
πλάζω,22,28,"straight, wash hands, thrust away, bear",9,"turn aside; away from; glanced off; balked, baffled",δαίμων(1); χαλκός(1); κῦμα(1),πη(1); ὦμος(1)
βόσκω,22,15,"eat, devour, kindle, chase",12,"feed, tend; the feeder; feed, nourish; maintain, keep",βοῦς(2); γαῖα(1); Ἀμφιτρίτη(1); μῆλον1(1); ἀγέλη(1),γαστήρ(3); ἕτερος(2); ἄνθρωπος(1); πῶυ(1)
πετάννυμι,22,33,"work, strait, pour, stand",9,fly; spread out; opening his doors; flutter,Ὀδυσσεύς(1); αἴθρη(1); αὐγή(1); πέπλος(1),χείρ(6); ἱστίον(5); λίς(2); ἑταῖρος(2); θυμός(1)
δάω,22,32,"stretch, spread scatter, send, honour",9,learn; teach; know; wilt learn,Ἥφαιστος(2); Ἀθήνη(2); Κάλχας(1),τέχνη(2); νόος(2); γυνή(1)
ἔργω,22,-1,(unassigned),23,shut in; shut out; vrajás; urgeo,πτολίεθρον(2); θύρα(1); ζυγόν(1); Ὑρμίνη(1),ὅσος(4); λαός(2); κτῆσις(2); ναῦς(1)
ἀπωθέω,22,28,"straight, wash hands, thrust away, bear",9,"thrust away, push back; pushed; off; thrust away from oneself",ἴς(1); κῦμα(1); ῥόος(1); Βορέας(1),ναῦς(4); θύρα(2); πῦρ(2); ὀχεύς(2)
ἀίω,22,-1,(unassigned),21,"perceive; hear; see; listen to, give ear to",Μενέλαος(1); Ζεύς(1),βοή(3); ἀρά(2); ἀγγελία(1); Τρώς(1); κτύπος(1)
ἀφίημι,22,-1,(unassigned),18,"send forth, discharge; throw oneself; give oneself up; let loose",Ἄρης(3); ἀνήρ(2); Κρονίδης(1); Λεοντεύς(1),ἔγχος(3); μένος(3); χείρ(2); δειρή(1)
συλάω,22,14,"arm, stay, strip, angry",18,"strip off; strip off from; strip; to be stripped, robbed, deprived of",Αἴας(2); Ἀχαιός(2); Μενέλαος(1),τεῦχος(16); Ἴμβριος(1); ἔντεα(1)
κινέω,22,-1,(unassigned),12,set in motion; move; rock; remove,ἀγορά(2); ἄνθρωπος(1); φάλαγξ(1); Ζεύς(1),κάρα(7); θύρα(1); μέλος(1); νεφέλη(1)
ζεύγνυμι,22,30,"drive, sway, run, bring brought",18,"yoke, put to; put to oneʼs; harness, saddle and bridle; put to, get ready",Αὐτομέδων(2); Δεῖμος(1); Φόβος(1); Ἄλκιμος(1),ἵππος(14); ἡμίονος(5); βοῦς(2); Λάμπος(1); Φαέθων(1)
αἴθω,22,1,"ring, rattle, tears, gnash",8,"light up, kindle; burn, blaze; burnt fiercely; aestas, aestus",πῦρ(1),
ἐρητύω,21,3,"moan, melt, hope, bade",25,"restrain, check; parts; to keep away from; prevent",θυμός(3); ἑταῖρος(2); κῆρυξ(2); λαός(1),λαός(2); φώς(2); θυμός(1); φάλαγξ(1)
κοτέω,21,14,"arm, stay, strip, angry",19,"bear; a grudge, be angry at; angry at; angry",ὀβριμοπάτρη(3); θεός(1); Ἀπόλλων(1),Τρώς(2); υἱός(1); ἀλλήλων(1)
ἀποκτείνω,21,-1,(unassigned),23,"kill, slay; condemn to death; put to death",Μαστορίδης(1); Ἕκτωρ(1); ἑταῖρος(1),παῖς(3); πολύς(2); ὀπίστατος(2); βοῦς(1)
δαίζω,21,4,"amazed, astonished, look, whirl swing",25,cleave asunder; slay; pierced through; torn,θυμός(2),χιτών(2); ἵππος(1); ἀνήρ(1)
κορέννυμι,21,15,"eat, devour, kindle, chase",13,"satiate, fill; with; satisfy oneself; might satisfy their",ἀνήρ(1); μήτηρ(1); κύων(1),κύων(3); οἰωνός(3); κρέας(2); θυμός(2); σῖτος(2)
καταπίπτω,21,37,"strike, strip, wound, smite",12,"fall, drop; fell; base, contemptible; accidents",βοάγριον(1); τρυφάλεια(1); γένος(1); θυμός(1),ἅλς2(1)
ὁμοκλέω,21,-1,(unassigned),24,,μνηστήρ(2); πολύς(1),ἀλλήλων(1); Τρώς(1); υἱός(1)
πέρθω,21,-1,(unassigned),12,"waste, ravage, sack; destroy, slay; get by plunder, take",πόλις(3); Ἀχιλλεύς(1); Δαναοί(1),πόλις(9); πτολίεθρον(1); ἄστυ(1); Λυρνησσός(1); Πήδασος(1)
κατερύκω,21,13,"urge, know, remain, command",21,,Νέστωρ(2); θυγάτηρ(1); ἀνήρ(1),δύστηνος(1); σεύω(1)
κυνέω,21,37,"strike, strip, wound, smite",9,kiss; bill,ὑφορβός(1); Ἀμφιθέη(1); Ὀδυσσεύς(1),κεφαλή(7); χείρ(5); φάος(3); ὦμος(3)
ὁπλίζω,21,-1,(unassigned),18,make; get ready; make oneself; ready,ναῦς(1); γυνή(1); ἀνήρ(1); Ἀντίλοχος(1),δόρπον(5); δεῖπνον(2); ἵππος(2); δόρπος(1); ἤια(1)
σπεύδω,21,-1,(unassigned),4,"set going, urge on, hasten; procure quickly, get ready; seek eagerly, strive after; promote",,γάμος(1)
ἔοικα,21,8,"like, guardian, conceal, heed",1,"to be like; it was opportune; will be like; to be like, look like",,θεά(4); ἀνήρ(2); περιξεστός(1); Τηλέμαχος(1)
ἀφαιρέω,21,24,"shut close, beckon, opened, sing",12,take away from; took; from; relieve,πέτρα(1); Μεσαύλιος(1); Ἀπόλλων(1),τεῦχος(3); ὦμος(3); ἦμαρ(2); γέρας(2)
κείρω,21,0,"breathe, witch spell, set hurry, throw overthrow",13,kṛṇā´ti; caro; scieran; shear,γύψ(1); δαίμων(1); Ζεύς(1),κτῆμα(4); κόμη(3); τένων(2); μῆδος1(2); ἧπαρ(1)
ῥιγέω,20,-1,(unassigned),19,"shudder; bristle; shudder to do, shrink from doing; cool",Ἀγαμέμνων(2); θυμός(1); Καλυψώ(1); δῖος(1); Ὀδυσσεύς(1),ἔργον(1); μάχη(1); κτύπος(1); πόλεμος(1)
ἐφίστημι,20,24,"shut close, beckon, opened, sing",4,"set, place upon; set over; to be appointed, instituted; bring in",ξένος(1); ὄναρ(1); παῖς(1),ἀλλήλων(3); θύρα(2); κεφαλή(1); δίφρος(1)
κλονέω,20,14,"arm, stay, strip, angry",12,"drive tumultuously; in confusion; harass, agitate; to be agitated",φάλαγξ(3); Τρώς(2); Ἀχαιός(2); πλεῖστος(2); Αἴας(1),πεδίον(2); Ἀργεῖος(1); ἀγέλη(1); πῶυ(1); νέφος(1)
φθάνω,20,13,"urge, know, remain, command",18,"come; do first; before; to be beforehand with, overtake, outstrip",τέλος(1); πόλις(1); Φυλείδης(1),ἱππεύς(1)
ἀλέξω,20,22,"succour, face, hide cover, assembly",20,"raákṣati; ward off, turn aside; will ward; off from",Ζεύς(1); θεός(1),ἦμαρ(3); ἀνήρ(2); ἀλλήλων(2); Τρώς(2); ναῦς(2)
κατέρχομαι,20,-1,(unassigned),9,go down; go down to the grave; down; descending,ψυχή(3); πᾶς(1),δῶμα(1); Τρώς(1); Αἵδης(1)
λείβω,20,-1,(unassigned),3,"pour, pour forth; make a libation of; let flow, shed; liquefy",,δάκρυον(9); οἶνος(6); θεός(1); Ἀθήνη(1); Ζεύς(1)
ἰαίνω,20,3,"moan, melt, hope, bade",25,"heat; melt; relax by warmth; warm, cheer",θυμός(6); ὕδωρ(1); κηρός(1); οἷος(1),θυμός(6); πᾶς(1); δμώς(1); εὐφροσύνη(1)
ὀρούω,20,2,"roar, old, haste, shout",7,"dart, rush forward; move; rush at, strive after; to be eager",Ἀγαμέμνων(2); ἄνεμος(1); πᾶς(1); δράκων(1),
ἀέξω,20,25,"swear, accuse, oath, say",23,"augeo; vakṣáyati; increase, foster; cherish",ἦμαρ(3); θεός(2); ὄμβρος(2); κῦμα(1); ἔργον(1),πένθος(4); ἔργον(2); υἱός(1)
πιφαύσκω,20,32,"stretch, spread scatter, send, honour",23,"make manifest, tell of; proclaim; showing forth; exhibiting",Δόλων(1); Ζεύς(1),ἔπος(3); πᾶς(2)
ἄνειμι,20,5,"leap, sal, assemble, went",5,go up; rise; I went up a hill; came up,παῖς(2); Ἀστυάναξ(1); ἥλιος(1),
ἐμπίπλημι,20,20,"sprinkle, roast, broil, let flow",12,,ἀγορά(1); ἕδρα(1); Κύκλωψ(1); ὀφθαλμός(1); αἷμα(1),πυρή(2); ἐσθλός(2); αἷμα(2); θυμός(2); ὕδωρ(2)
καίνυμαι,19,9,"reproach, fear, awe, sense",1,,,ἄνθρωπος(2); ὁμηλικία(2); Ἀχαιός(2); κλεπτοσύνη(1); ὅρκος(1)
φοιτάω,19,5,"leap, sal, assemble, went",7,"go to and fro, backwards and forwards; stalk; keep going; on the wing",Ἀτρείδης(3); Αἴας(2); Λαιστρυγών(1); ψυχή(1),
ἀάω,19,-1,(unassigned),23,"hurt, damage; mislead, infatuate; to be infatuated, act foolishly",οἶνος(2); ἑταῖρος(1); αἶσα(1); Αἴας(1),πᾶς(2); Κένταυρος(1); Εὐρυτίων(1); φρήν(1)
χρίω,19,37,"strike, strip, wound, smite",18,"touch the surface of a body slightly; graze; rub, anoint with scented unguents; oil",Κυθέρεια(1),ἰός(1)
χραισμέω,19,-1,(unassigned),8,ward off; from one; keep; off,σκῆπτρον(1); στέμμα(1); βιός(1); ἰός(1); τεῖχος(1),ὄλεθρος(3)
ὑφίστημι,19,22,"succour, face, hide cover, assembly",20,place; set under; having set; under,θεός(1),αἴξ(1)
συμβάλλω,19,39,"abandon, congeal, curdle, portion",23,"throw together, dash together; bring together, unite; have; reaching",ὁδίτης(1); βασιλεύς(1); Τυδεΐδης(1); Ὀδυσσεύς(1),κόρη(1); θυγάτηρ(1); ἀλλήλων(1)
νεύω,19,24,"shut close, beckon, opened, sing",12,"incline in any direction; nod, beckon; beckon; nod",λόφος(5); μνηστήρ(1); Κρονίων(1),κεφαλή(1); ἕκαστος(1); Φοῖνιξ(1)
ἀπέχω,19,16,"fight, retire, shrink, flee",14,keep off or away from; parts; from; keep off,Τρώς(4); Ἀπόλλων(1),πόλεμος(6); βοῦς(2); εὐνή(2); φιλότης(2)
χράω,19,0,"breathe, witch spell, set hurry, throw overthrow",13,"fall upon, attack, assail; inflict; conceive a desire; did he want",δαίμων(2),ψυχή(4); φρήν(3); νόστος(1); γυνή(1)
δεύω2,19,-1,(unassigned),12,"miss, want; he missed, failed; feel the want; loss of, be without",Ἀχαιός(1); δεκάς(1); θυμός(1); λαός(1); βωμός(1),ἐσθής(2); ἀλκή(2); δαίς1(2)
ἀφύσσω,19,21,"mix, drink, cup, rule",12,draw; was drawn from; draw full draughts of; heap it up,χαλκός(3); οἶνος(1); ἕκαστος(1),οἶνος(4); ὕδωρ(3); ἔντερον(3)
θύω,19,11,"pray, incur, need, born",22,"offer by burning; made an offering; sacrifice, slay; the flesh of the victim",δάπεδον(3); κῦμα(1); Πάτροκλος(1); ἑταῖρος(1),θεός(2); ἄργμα(1); Ἀθήνη(1)
κατανεύω,19,26,"fulfil, spin, perform, accomplish",20,"nod assent; grant, promise; consent to; make a signbynoddingthehead",Κρονίων(1),νίκη(1)
ἔλδομαι,19,3,"moan, melt, hope, bade",25,"wish, long; long for; eager to reach; desire",θυμός(2); πόλεμος(1),χρέος(1); ἐδωδή(1)
χαλεπαίνω,18,11,"pray, incur, need, born",21,"to be severe, sore, grievous; to be violent, angry; display; portray anger",δῆμος(1); δέσποινα(1); πολύφρων(1),ἀνήρ(1)
ἐναίρω,18,37,"strike, strip, wound, smite",18,"slay; to kill; to make away with, destroy; destroy, disfigure",Ὀδυσσεύς(1); Τεῦκρος(1); Ἰδομενεύς(1); Μηριόνης(1),ἀνήρ(2); στίξ(2); Τρώς(2); υἱός(2); χρώς(1)
διακρίνω,18,13,"urge, know, remain, command",12,separate one from another; part; to be parted; part and join different,Τρώς(2); μνηστήρ(1),σῆμα(1); μένος(1); αἰπόλιον(1)
κατέπεφνον,18,-1,(unassigned),23,"kill, slay",Ἀπόλλων(3); Ἄρτεμις(2); ἰοχέαιρα(1); ἑταῖρος(1),πᾶς(2); βοῦς(1); μνηστήρ(1)
ἀνορούω,18,5,"leap, sal, assemble, went",7,"start up, leap up; went swiftly up",συβώτης(1); ἥλιος(1); Ἀχαιός(1); κόρη(1),
καταχέω,18,-1,(unassigned),12,"pour down upon, pour over; letting; be poured over; pour, shower down",Ἀθήνη(4); ὅπλον(1); Ζέφυρος(1); ἄνεμος(1),χάρις(4); ἐλεγχείη(2); κεφαλή(2); ὦμος(2)
γέγωνα,18,14,"arm, stay, strip, angry",18,shout so as to make oneself heard; can make himself heard; make oneʼs voice carry; cry out to,Τηλέμαχος(1); Αἴας(1),Δαναοί(4); Τρώς(2); θεός(1); Πουλυδάμας(1); Ἀντίλοχος(1)
ὑποδέχομαι,18,-1,(unassigned),22,"receive into oneʼs house, welcome; received; who had received him; harbour",Θέτις(2); Εὐρυνόμη(2); πῆμα(1),βία(2); ξένος(1)
λήγω,18,24,"shut close, beckon, opened, sing",23,"stay, abate; would stay; from; leave off, cease",ἀοιδός(1); θεός(1); Σκάμανδρος(1),ἔρις(4); φόνος(2); μένος(2); ἀπάτη(1); μῦθος(1)
ἐσθίω,18,20,"sprinkle, roast, broil, let flow",12,eat; ration-strength; eat of; devour,Κύκλωψ(1); οἶκος(1); πῦρ(1),βρώμη(3); κρέας(2); βοῦς(1); βίοτος(1); κτῆμα(1)
πράσσω,18,-1,(unassigned),17,"pass through, pass over; experience certain for; tunes, fare; achieve, effect, accomplish",ἵππος(1); ἀνήρ(1),ὁδός(4); κέλευθος(3); ἔργον(1); ἕκαστος(1)
ἐρεείνω,18,34,"king, inquire, ask, beget bring",22,"ask, inquire; ask of; question; ask about",γεραιός(2); Καλυψώ(1),γενεά(2); ἅπας(1)
ἁλίσκομαι,18,-1,(unassigned),12,"to be taken, conquered, fall into an enemyʼs hand; to fall into the hands of; to be caught, seized; to be seized",πόλις(1); ἄστυ(1),ἁψίς(1)
ἐξέρχομαι,18,10,"admit, riot, send away, dismiss",3,"come out of; come out; come forth; march out, go forth",,μέγαρον(2); δόμος(1); τεῖχος(1); πύλη(1); πόλις(1)
εὐχετάομαι,18,26,"fulfil, spin, perform, accomplish",20,"pray; boast, profess; brag; to glory",ναύτης(1); πᾶς(1); Τρώς(1),θεός(1); Ζεύς(1); Νέστωρ(1)
ἀρήγω,18,22,"succour, face, hide cover, assembly",19,"aid, succour; succour in war; help, succour; to be good for",Ζεύς(2),Τρώς(10); Δαναοί(2); Ἀργεῖος(2); ἀστός(1)
ἄω,18,-1,(unassigned),9,blow; sleep,ἕτερος(2),χρώς(4); νύξ(3); αἷμα(3); Ἄρης(3); κύων(2)
κόπτω,18,37,"strike, strip, wound, smite",18,"cut, strike; smite; smote; smite, slaughter",Ὀδυσσεύς(1); Ὀϊλιάδης(1),δεσμός(2); κεφαλή(2); πεῖσμα(1); χείρ(1)
βάζω,18,25,"swear, accuse, oath, say",22,"speak, say; address; has been spoken",ἔπος(1),ἀνεμώλιος(2); ἀπατήλιος(2); ὄνειδος(1); νήπιος(1)
κατέχω,18,35,"attain, come, reach, sink",12,"hold fast; hold back, withhold; check, restrain, bridle; put",γαῖα(5); αἶα(2); νύξ(1),κεφαλή(2); ἀήρ(2)
ἐνίημι,18,32,"stretch, spread scatter, send, honour",20,"send in; into; will send into the battle; implant, inspire",πατήρ(1); ὁδός(1); Ζεύς(1),μένος(4); πόντος(3); ὁμοφροσύνη(1); πόνος(1)
κλάζω,17,42,"pass, cut twain, rend, right",9,"make a sharp piercing sound; scream; bark, bay; clash, rattle",ὀιστός(1),
κεύθω,17,-1,(unassigned),23,"custos; hýdan; cover, hide; covered",νόος(1); γαῖα(1); δόμος(1); αὐλή(1),νόημα(2); θυμός(1); βρῶσις(1); ποτής(1)
ἀτιμάζω,17,-1,(unassigned),22,"hold in no honour, esteem lightly; bring dishonour upon; speakest in dishonour of; suffer dishonour, insult",θεός(1); θυγάτηρ(1); Ἀφροδίτη(1); Ἀτρείδης(1),ἄκοιτις(3); ἄλοχος(1)
ἐκφεύγω,17,-1,(unassigned),9,"flee out; away, escape; to be acquitted; escape out of",βέλος(6); παῦρος(1),χείρ(5); κήρ(4); γάμος(1); ἅλς1(1); πεῖραρ(1)
τιτύσκομαι,17,31,"heavy, aim, disembark, cheat",9,"make, make ready, prepare; he put; try to hit; aim, shoot",Ἥφαιστος(1),ἵππος(2); κεφαλή(1); δόρυ(1); ἀλλήλων(1)
φάσκω,17,-1,(unassigned),4,"say, affirm, assert; saying; would; think, deem, expect",Ἀργειφόντης(1); Νέστωρ(1); γέρων(1),γάμος(1)
ἐμπίπτω,17,35,"attain, come, reach, sink",12,fall in; fell upon; meet; meeting,χόλος(4); πῦρ(2); ἔπος(1); κακός(1); ἀνήρ(1),θυμός(6); πόντος(3); οἶκος(2); αὐχήν(1); ναῦς(1)
ἐκφέρω,17,-1,(unassigned),18,carry out of; carry out; cause death; carry away,ἵππος(5); ὥρα(1); Ὀιλιάδης(1),πόλεμος(3); Ἕκτωρ(2); ἆθλον(2); ξένος(1)
ἐντανύω,17,37,"strike, strip, wound, smite",18,stretch tight; stretch; tight; bend,τόξον(1); ξένος(1),νευρή(4); τόξον(4); βιός(2)
ὀπτάω,17,20,"sprinkle, roast, broil, let flow",3,"roast, broil; roast; broil; fry",,κρέας(3); πᾶς(1)
ἀπονέομαι,17,5,"leap, sal, assemble, went",5,"go away, depart",Ἀχαιός(1); μήτηρ(1); πληθύς(1),
συνίημι,17,26,"fulfil, spin, perform, accomplish",20,bring; set together; shot; together,Κρονίων(1),ἔπος(3); ὄψ(2)
ῥίπτω,17,40,"contain, hold, seize, catch",12,"throw, cast, hurl; throw; prostrate; lying",ἄνεμος(1); βασίλεια(1); ἕτερος(1); Ταλθύβιος(1); σθένος(1),πούς(1); σφαῖρα(1); καλύπτρα(1)
ἐξελαύνω,17,30,"drive, sway, run, bring brought",18,"drive out; drive afield; drive out, expel from; banish",Ἀντίλοχος(1); Ἀχιλλεύς(1),ἵππος(3); Τρώς(2); γαῖα(1)
πνέω,17,-1,(unassigned),20,"blow; are sounding; breathe, send forth an odour; breathe out, send forth",αὔρα(1); θεός(1),μένος(7); ἀμφότερος(1); ἵππος(1); ἡμίονος(1)
ἐπιτρέπω,17,-1,(unassigned),20,to turn to; towards; inclined itself; to overturn upon,λαός(2); οὐρανός(2); Ὄλυμπος(2); ἕκαστος(1),θεός(3); νέφος(2); ἕκαστος(1)
φθέγγομαι,17,-1,(unassigned),7,utter a sound; voice; speak loud and clear; utter a syllable,Ἀθήνη(1),
μετέρχομαι,17,-1,(unassigned),1,come; go among; if he came among them; having gone between,,ἔργον(2); ὑπερφίαλος(1); κλέος(1); βοῦς(1); ὄις(1)
παλάσσω,17,38,"stream, defile, stain, fall",9,"besprinkle, defile; he bespattered his; to be scattered abroad; was smitten",ἐγκέφαλος(3); Ὀδυσσεύς(1); λέων(1),χείρ(2); αἷμα(1); ἐγκέφαλος(1); οὖδας(1); ἄζα(1)
ἀναιρέω,17,28,"straight, wash hands, thrust away, bear",9,"take up; having raised; take up and carry off, bear away; make away with, destroy",θύελλα(1),οὐλοχύται(2); ἀέθλιον(2); ἐπιφροσύνη(1); κόρη(1)
ἐξάγω,17,39,"abandon, congeal, curdle, portion",23,"lead out, lead away; having brought; out from; bring out of",μῆτις(1); Ἀθήνη(1); κῆρυξ(1); Μενέλαος(1),μέγαρον(2); ὅμιλος(2); δόμος(1)
ἐφορμάω,17,3,"moan, melt, hope, bade",25,"stir up, rouse against; set; having urged; rush upon, attack",θυμός(3); ἀετός(1); Ἀχαιός(1),ἄνεμος(1); ἔθνος(1); πόλεμος(1)
ἐκπέρθω,16,17,"slaying, rejoice, eat, flee",14,"destroy utterly, sack; take as booty from",Ἀχαιός(1),πτολίεθρον(5); Ἴλιος(5); πόλις(3); ἄστυ(1)
μηχανάομαι,16,-1,(unassigned),24,"make by art, construct, build; prepare; prepare, make ready; contrive, devise",μνηστήρ(2); ἀνήρ(2); πολύς(1); δυσμενής(1),ἀτάσθαλος(6); κακός(4); ἀεικής(2)
ἀναίνομαι,16,9,"reproach, fear, awe, sense",1,"refuse; reject with contempt, spurn; do I turn my back; refused, declined to do",,δόσις(2); ἔργον(1); δῶρον(1)
θαμβέω,16,-1,(unassigned),16,to be astounded; to be astonished at; alarm; PMag. Leid.W,υἱός(1); Ἀχιλλεύς(1),ὄρνις(1)
τιταίνω,16,29,"taught, weave, send forward, set",23,stretch; bending; having tuned my; plays,πατήρ(2); Ἀλέξανδρος(1); πόσις1(1); βοῦς(1),τόξον(4); ἅρμα(2); τάλαντον(2); τράπεζα(1); πτέρυξ(1)
πένομαι,16,-1,(unassigned),22,"toil, work; were busy; to have to work for oneʼs living; to be poor",ἀμφίπολος(1); μνηστήρ(1); δμωή(1),δαίς1(6)
ἐπαινέω,16,27,"speak, address, hear, exchange",23,"approve, applaud, commend; agree with, side with; assent, agree; assent",θεός(3); βασιλεύς(2); Ζεύς(1); Ἀχαιός(1),Ἕκτωρ(1); μῦθος(1)
ὀνίνημι,16,-1,(unassigned),21,"profit, benefit, help; gratify, delight; benefit; will",ἄναξ(1); γῆρας(1),δαίς1(1); καρδία(1)
κατακείω,16,2,"roar, old, haste, shout",5,,ὗς(1); ἄλγος(1); πίθος(1); ἕτερος(1),
μάρπτω,16,40,"contain, hold, seize, catch",12,"take hold of; catch by; lay hold of, seize; overtake, catch",ὕπνος(3); κεραυνός(2); γῆρας(1); παῖς(1),δύο(3); εἷς(1); χθών(1)
ἐλελίζω,16,-1,(unassigned),8,whirl round; move in coils; spires; cause,δράκων(1); Αἴας(1); γυῖον(1),Ὄλυμπος(2); σχεδία(1)
ἐκπίπτω,16,38,"stream, defile, stain, fall",9,fall out of; fell from; fall out; fall down,δάκρυ(2); τόξον(2); σκῆπτρον(1); σκῦτος(1),χείρ(8); δίφρος(2); ἵππος(1)
δηλέομαι,16,-1,(unassigned),12,"hurt, do a mischief to; did; a mischief; slew",ἀνήρ(4); χαλκός(1); βουλή(1),ὅρκιον(3); ὅσος(1); ῥινός(1)
τρέω,16,5,"leap, sal, assemble, went",16,"flee from fear, flee away; fleeing; fear; runaway, coward",Ἐπειός(1); ἀνήρ(1); Νεστορίδης(1); Ἕκτωρ(1),
παρέχω,16,-1,(unassigned),23,"hand over; furnish, supply; will provide; finds",θεός(1); θάλασσα(1); παῖς(1),φιλότης(2); δῶρον(2); ἱερεῖον(1)
ἀντιάω,16,-1,(unassigned),23,go for the purpose of meeting; receiving; go in quest of; hit,θεός(2); παῖς(2); νέος(1),μένος(3); πόλεμος(2); ἑκατόμβη(1); ὄνησις(1); ἆθλος(1)
ἔσθω,16,-1,(unassigned),13,"eat; eat up; feed on, devour",εὐλή(1),βάλανος(1); κειμήλιον(1); πρόβασις(1); ξένος(1); ἧπαρ(1)
δινεύω,15,-1,(unassigned),12,"whirl, spin round; after whirling; driving; round a circle",κυβιστητήρ(2); ὄσσε(1); κοῦρος(1),μοχλός(1); ζεῦγος(1)
δακρύω,15,1,"ring, rattle, tears, gnash",5,"weep, shed tears; with tears; to flood; to be in tears",παρειά(2); ὄσσα(1),
ἐκγίγνομαι,15,11,"pray, incur, need, born",23,to be born of; to be born to; come into being; to be gone away,παῖς(2); ἄμφω(1); Ἶλος(1),Ζεύς(3); Πορθεύς(1); Ἀφροδίτη(1); Τρώς(1)
ἁρπάζω,15,-1,(unassigned),12,"snatch away, carry off; to be a robber; thievish; have",ἠώς(1); Δηίφοβος(1); λέων(1),βοῦς(2); χήν(1); Κλεῖτος(1); πήληξ(1); δόρυ(1)
ὀλέκω,15,14,"arm, stay, strip, angry",12,"ruin, destroy, kill; prey; perish, die",πεζός(2); λαός(1); ἱππεύς(1); Ἕκτωρ(1),Ἀργεῖος(3); Τρώς(2); ἀλλήλων(2); φάλαγξ(2)
ἀναχωρέω,15,-1,(unassigned),24,"go back; walk backwards; retire, withdraw; they had retired",μνηστήρ(1),πόλις(2); ἵππος(1); ὄχος(1)
σφάζω,15,15,"eat, devour, kindle, chase",12,"slay, slaughter; by cutting the throat; slaughter; cut",μῆλον1(1); Πεισίστρατος(1); ὄρχαμος(1); μνηστήρ(1),μῆλον1(5); βοῦς(5); πολύς(1); ὄις(1)
δεύω1,15,20,"sprinkle, roast, broil, let flow",12,"wet, drench; to be flooded; steeped; wets his",γλάγος(2); δάκρυ(1); κόμη(1); πλοχμός(1),γαῖα(4); ἄγγος(2); πτερόν(1); ὄμβρος(1); εἷμα(1)
κικλήσκω,15,-1,(unassigned),23,"call, summon; invite; invoke, implore; accost, address",πατήρ(2); ἑταῖρος(2); ἀνήρ(2); νῆσος(1); νέος(1),ἄριστος(1)
ἠγερέθομαι,15,5,"leap, sal, assemble, went",7,"gather together, assemble",μνηστήρ(1); Ἀχαιός(1); ἑταῖρος(1); υἱός(1),
ἀποφθίνω,15,-1,(unassigned),23,"perish utterly, die away; make to perish, waste away, destroy; had; taken",ἑταῖρος(3); βασιλεύς(1); πηός(1); γαμβρός(1),θάνατος(1)
ἐφοράω,15,-1,(unassigned),1,"oversee, observe; watch over, visit; visit; attend",,πᾶς(3); Κακοίλιος(2); ἄνθρωπος(1); ὕβρις(1); εὐνομία(1)
ἐξείρω,15,-1,(unassigned),1,put forth; pull out,,ἕκαστος(1); γόνος(1)
τινάσσω,15,28,"straight, wash hands, thrust away, bear",9,shake; brandish; shook; upset,κῦμα(1); ἄνεμος(1); Κρονίων(1); πήληξ(1); ὀδούς(1),δόρυ(2); πτερόν(1); θρόνος(1); σχεδία(1); θημών(1)
σημαίνω,15,37,"strike, strip, wound, smite",18,"show by a sign, indicate, point out; after indicating; you have; shown you",Ἀχιλλεύς(2); Ὀδυσσεύς(1); υἱός(1); ὀπάων(1),τέρμα(2); ἕκαστος(1); πᾶς(1); φύλαξ(1)
μύρω,15,6,"fail, tears, meal, flow",7,"flow, trickle; trickled; melt into tears, shed tears; flow",ἑταῖρος(2),
πατέομαι,15,17,"slaying, rejoice, eat, flee",14,"eat; drink; eat of, partake of; eat, taste food",Ἀχαιός(1),σῖτος(4); σπλάγχνον(4); ποτής(3); δεῖπνον(2); ἐδητύς(1)
ἀτιμάω,15,-1,(unassigned),21,"dishonour, disdain",Ἀγαμέμνων(3); πᾶς(1); ἀνήρ(1),μῦθος(2); ξένος(1)
τέθηπα,15,4,"amazed, astonished, look, whirl swing",6,"to be astonished, astounded, amazed; amazed, astonished; wonder; be amazed at",θυμός(1),
μέδομαι,15,9,"reproach, fear, awe, sense",1,,,νόστος(3); κοῖτος(2); δόρπον(2); πόλεμος(2); κακός(2)
προσδέχομαι,15,10,"admit, riot, send away, dismiss",1,"receive favourably, accept; receive hospitably; admit; admit into oneʼs presence",,ὁρμή(2); οἶκος(1); δῶρον(1); φόνος(1)
ἀναχάζω,15,5,"leap, sal, assemble, went",7,"make to recoil, force back; draw back; giving way to; draw back from",Πάτροκλος(1); Ἕκτωρ(1); Τυδεΐδης(1),
τετίημαι,15,-1,(unassigned),9,to be sorrowful; sorrowing; from grief; quies,,ἦτορ(5)
μειδάω,15,34,"king, inquire, ask, beget bring",22,smile; laugh aloud; grinning; smáyati,Ἥρα(2); πατήρ(2); θεά(1); Ἀθήνη(1); ἴς(1),παῖς(1)
ὑπεκφεύγω,15,-1,(unassigned),8,flee away; escape; escape from,Ὀδυσσεύς(1); Ἕκτωρ(1),ὄλεθρος(4); κήρ(3); ἀυτή(1); πη(1)
σπάω,15,7,"wash, fenced, arrow, count",3,draw; having their; drawn; drew,,ἔγχος(6); ἄορ(3); ῥώψ(1); λύγος(1); χείρ(1)
ἐίσκω,15,9,"reproach, fear, awe, sense",1,only; make like; made; like,,φώς(2); πᾶς(1)
στυφελίζω,14,-1,(unassigned),9,"strike hard; drives away; thrust; treat roughly, maltreat",ξένος(1); Ζέφυρος(1); χερμάδιον(1); ἄλοχος(1); Ἥρα(1),ξένος(2); ἀσπίς(2)
ἐπιμαίομαι,14,31,"heavy, aim, disembark, cheat",23,"strive after, seek to obtain, aim at; make for; steer for; strive after",Ἥρα(2); Ἀθήνη(1); ἄναξ(1); θυμός(1),ἵππος(3); κώπη(1); δόρυ(1); σκόπελος(1)
πάρημαι,14,-1,(unassigned),3,to be seated beside; seated by; seated at; dwell beside,,δαίς1(1); ὗς(1); ἀλλότριος(1); ναῦς(1)
δέμω,14,41,"shake, join, tremble, cause",12,"build; built him; construct, prepare; munire viam",αὐλή(2); θάλαμος(1); συβώτης(1); τεῖχος(1),τεῖχος(4); πύργος(2); ὗς(1); θάλαμος(1); οἶκος(1)
αἰτέω,14,-1,(unassigned),1,"ask, beg; ask for, demand; ask leave; to ask",,ὁδός(1); φώς(1); ναῦς(1); Νοήμων(1); υἱός(1)
μεταπρέπω,14,-1,(unassigned),22,distinguish oneself; be distinguished among; am distinguished among,παρθένος(1),Τρώς(3); μῆλον1(2); αἰπόλιον(2); Μυρμιδόνες(2); ἥρως(2)
ἀρτύνω,14,13,"urge, know, remain, command",9,"putting; in order, dressing; prepared his; fitted",μάχη(1),ἕδνον(2); ἐρετμόν(2); βουλή(2); ψεῦδος(1)
ἐπέχω,14,-1,(unassigned),12,have; hold upon; hold; for,μένος(2); Ἀντίνοος(1); Εὐρύμαχος(1); ἀρχός(1); πᾶς(1),οἶνος(2); πούς(2)
ἀναπνέω,14,-1,(unassigned),19,"take breath; enjoy a respite, recover from; recovered; revive",υἱός(3); Ἀχαιός(2); Τρώς(1); Δαναοί(1),πόνος(2); κακότης(1)
ἀναπάλλω,14,2,"roar, old, haste, shout",5,swing to and fro; dance; urged; agitate,ἰχθύς(1),
αἴνυμαι,14,37,"strike, strip, wound, smite",18,"take; taking hold of; seizes; enjoy, feed on",πόθος(1); ἔργον(1); Τεῦκρος(1),τόξον(2); τυρός(2); τεῦχος(2); θώραξ(1)
μετάφημι,14,11,"pray, incur, need, born",22,speak among,Ἀντίνοος(5); υἱός(5); Ὀδυσσεύς(3); Ἀχιλλεύς(2),θεός(1)
δίω,14,15,"eat, devour, kindle, chase",12,"put to flight; drive; pursuing; give chase, hunt",κύων(2); ἀνήρ(1); Ἀχιλλεύς(1),δάιος2(1); σταθμός(1); λέων(1)
ὄνομαι,14,-1,(unassigned),23,"blame, find fault with, treat scornfully; do ye think it a light thing; is it to your profit; thou wilt",μνηστήρ(1); βροτός(1); Ἄρης(1); Ἀθήνη(1),φρήν(2); κακότης(1); ἀρετή(1)
ἐγγυαλίζω,14,-1,(unassigned),20,"put into the palm of the hand, put into the hand; will put; into; hands",Ζεύς(2); Ὀλύμπιος(1); θεός(1),κράτος(5); κῦδος(2)
ἐντίθημι,14,-1,(unassigned),1,put in; put on board; into; inspire,,θυμός(6); χλαῖνα(3); μῦθος(2); κότος(2)
ἀνάγω,14,-1,(unassigned),21,"lead up; lead up to the high sea, carry by sea; conduct, carry to; put",θεός(1); Ἀτρείδης(1),ἄλοχος(1); κτῆμα(1); γυνή(1)
μαντεύομαι,14,-1,(unassigned),9,"divine, prophesy; draw divinations from; by means of; presage, forebode, surmise",ψυχή(1); Κάλχας(1),βροτός(1); τέκος(1)
ἐξερύω,13,37,"strike, strip, wound, smite",18,draw out of; snatch out of; draw out; tear out,Ὀδυσσεύς(2); ἁλιεύς(1); Ἀχαιός(1); Μηριόνης(1),μῆδος2(2); μοχλός(1); ὀφθαλμός(1)
καθάπτω,13,-1,(unassigned),9,"fasten; fix on, put upon; having made; fast",οὖρος(1),ἔπος(2); ἦτορ(1); Ἄρης(1)
στορέννυμι,13,33,"work, strait, pour, stand",3,,ῥινός(1),λέχος(6); τάπης(2); βοείη(1); δέμνιον(1); ἀνθρακιά(1)
κραίνω,13,-1,(unassigned),22,"accomplish, fulfil; accomplish; give true; come true",χεῖλος(1); βασιλεύς(1),ἔλδωρ(4); χρυσός(2); ἔτυμος(1); ἔπος(1)
στεναχίζω,13,-1,(unassigned),12,"groan, sigh, wail; bewail, lament",γαῖα(2); δῶμα(1),πούς(1)
μέμονα,13,4,"amazed, astonished, look, whirl swing",8,to be furiously; very eager; would fain; rage,καρδία(1); Ἕκτωρ(1),μήτηρ(1); γέρας(1)
ἀντιάζω,13,22,"succour, face, hide cover, assembly",20,meet face to face; encounter; shall answer to; approach as suppliants,θεός(1),παῖς(1); πόνος(1); πόλεμος(1); στέρνον(1)
εὐνάω,13,-1,(unassigned),1,"lay; place in ambush; lay asleep, lull to sleep; make oneʼs couch",,γόος(1); θεός(1); βροτός(1)
θαρσύνω,13,-1,(unassigned),2,"encourage, embolden",,ἑταῖρος(5); ἦτορ(1); Μενοίτιος(1)
ὑποδείδω,13,9,"reproach, fear, awe, sense",2,"shrink in fear under, cower before; cower beneath; fear",,ὁμοκλή(4); δῆμος(1); ὅμιλος(1); μῆνις(1)
δίζημαι,13,9,"reproach, fear, awe, sense",1,"seek out, look for; seek for; devising means for; seeking to win her",,νόστος(2); Πάνδαρος(2); φάρμακον(1); πατήρ(1)
βρίθω,13,20,"sprinkle, roast, broil, let flow",11,to be heavy; weighed down with; to be laden with; full of,ἀγός(2); τράπεζα(1); δένδρεον(1); ταρσός(1); χθών(1),σῖτος(1); κρέας(1); οἶνος(1); καρπός1(1); τυρός(1)
ἄλαλκε,13,9,"reproach, fear, awe, sense",1,"ward, keep off",,Τρώς(3); λοιγός(3); κύων(2); κάρα(1)
σείω,13,41,"shake, join, tremble, cause",9,"shake, move to and fro; shake the poised; shake; there was an earthquake",πήληξ(1); ὕλη(1); πούς(1); κορυφή(1),ζυγόν(2); ἐγχείη(2); μελία(1); σανίς(1)
ὀνομαίνω,13,7,"wash, fenced, arrow, count",3,"name; call by name; name, recount; utter, speak",,ἑταῖρος(4); θεός(1); δῶρον(1); τρίπους(1); τάλαντον(1)
ἀφαμαρτάνω,13,-1,(unassigned),5,"miss; lose, be deprived of",Σαρπηδών(2),
εἰσαναβαίνω,13,16,"fight, retire, shrink, flee",14,go up to; into,Ἀργεῖος(3); Τρώς(2),Ἴλιος(6); ὑπερῷον(4); ἀκτή(1); Πέργαμος(1); λέχος(1)
ἐπιτρέχω,13,30,"drive, sway, run, bring brought",17,"run upon; make an assault upon; approach; run after, be eager",ἀχλύς(1); αἴγλη(1); ἔγχος(1); υἱός(1),ἵππος(1)
ἀριστεύω,13,-1,(unassigned),3,to be best; bravest; gain the prize for valour; gain the highest distinction,,ἅπας(1); Τρώς(1)
δέρκομαι,13,9,"reproach, fear, awe, sense",1,"see clearly, see; having sight; alive, living; since she lives",,καπνός(1); πῦρ(1); Τρώς(1); φόνος(1); φύζα(1)
λεύσσω,13,23,"look gaze, courage, share, persuade",15,"look; gaze upon, see; look, gaze; lives",πᾶς(1),θάλος(1); ἑταῖρος(1); καπνός(1); φθογγή(1)
κρατέω,13,30,"drive, sway, run, bring brought",16,"to be strong, powerful; rule, hold sway; sway; the ruler",Ἐπειός(3),νέκυς(1); Ἀχαιός(1); ἀνήρ(1); θεός(1); Ἀργεῖος(1)
φθινύθω,13,-1,(unassigned),21,"waste; cause; to pine away; waste away, decay, perish",χρώς(1); παρειά(1); παῦρος(1),οἶκος(2); κῆρ(2); οἶνος(1); αἰών(1)
διαπέρθω,13,-1,(unassigned),12,"destroy utterly, sack, waste",πόλις(1); υἱός(1),πόλις(4); ἄστυ(2); Τροία(1)
ἀφίστημι,13,-1,(unassigned),23,"put away, remove, keep out of the way; hinder from; frustrate; depose",γυνή(2); ψυχή(1); Ἀχαιός(1); υἱός(1),ἀνήρ(2); χρέος(1); τροχός(1)
ἐναρίζω,13,-1,(unassigned),9,strip a slain foe of his arms; slay in fight; slay; when dying,Ἄρης(1),ἀλλήλων(4); ἔντεα(2); βία(2); Ἀτρείδης(1)
ἐξέρομαι,13,34,"king, inquire, ask, beget bring",22,inquire into; will inquire concerning; inquire of,ἔλαφος(2); μήτηρ(1); ἀνήρ(1); ἐριούνιος(1),βουλή(2); κνημός(2); ἄγκος(2); θεοπρόπος(1)
λιάζομαι,13,2,"roar, old, haste, shout",5,"bend, incline; go aside, recoil, shrink; shrank; hast",Πουλυδάμας(1); πτερόν(1); κῦμα(1),
ἀνέρομαι,13,19,"return, sleep, assemble collect, company",21,,Ὀδυσσεύς(1),ἔπος(2); γαῖα(1)
συντίθημι,13,27,"speak, address, hear, exchange",23,place; put together; fold; together,κόρη(1); Πηνελόπεια(1); Ὀδυσσεύς(1); Ἀργεῖος(1),θυμός(2); μῦθος(2); φρήν(1); ἀοιδή(1); ὄψ(1)
ἐπικεύθω,13,-1,(unassigned),1,"conceal, hide; will; hide; from",,μῦθος(1)
ἰαύω,13,15,"eat, devour, kindle, chase",5,"Graffītes Grecs du Memnonion d’ Abydos; sleep, pass the night; enjoy; sleeping",ἄρσην(1); κύων(1); μῆλον1(1); ὄις(1); αἴξ(1),νύξ(2)
θύνω,13,6,"fail, tears, meal, flow",7,"rush, dart along; flitted; flits; raged",βασιλεύς(1),
ἐφάλλομαι,12,-1,(unassigned),19,spring upon; attack; having leaped upon,Ἁρπαλίων(1); υἱός(1),Τρώς(1); Ἀστεροπαῖος(1); ἵππος(1)
ἐμπνέω,12,0,"breathe, witch spell, set hurry, throw overthrow",13,"blow; breathe upon; to breathe upon; breathe into, play",δαίμων(2); Ἀθήνη(2),μένος(6); ποιμήν(2); φρήν(1); θάρσος(1)
ἐκβάλλω,12,28,"straight, wash hands, thrust away, bear",9,throw; cast out of; throw out; threw,κῦμα(1); Ἀγαμέμνων(1),χείρ(4); ἔπος(2); δόρυ(1); δάκρυον(1)
κοιρανέω,12,-1,(unassigned),15,"to be lord; master, rule, command; to be lord of; lead, arrange",ὅσος(3),μέγαρον(1)
ἐπέοικε,12,-1,(unassigned),15,,ὅσος(1),ἱκέτης(2); μάχη(1)
ξενίζω,12,18,"owe, crying, ply, dead",21,receive; entertain as a guest; to present with; with,Μενέλαος(1); Οἰνεύς(1),ξένος(3); πόσις1(1); ἀνήρ(1); παῖς(1)
βιάω,12,-1,(unassigned),12,constrain; to be forcibly driven; will; yield to force,ἄχος(2); κῦμα(1); χρεώ(1); Τρώς(1),Ἀχαιός(3); παῖς(2); ὗς(1)
ἀπεῖπον,12,27,"speak, address, hear, exchange",22,"speak out, tell out, declare; to give; full notice; to deliver",Πηλείων(1),μῦθος(2); μῆνις(2); μνηστήρ(1); μέγαρον(1)
ἐπαυρέω,12,23,"look gaze, courage, share, persuade",4,"partake of, share; enjoys; share; have had enjoyment of",πᾶς(1); ἄνθρωπος(1),χρώς(3); κακός(1); βασιλεύς(1); κακορραφία(1)
ἀποπαύω,12,-1,(unassigned),19,"stop; hinder from, make to cease from; hinder; leave off, cease from",νύξ(1),πόλεμος(3); ἀοιδή(1); μάχη(1); Πηλεύς(1); τόκος(1)
πυκάζω,12,35,"attain, come, reach, sink",12,cover closely; protection; surround; so as to protect,ἄχος(3); γένυς(1),Ἕκτωρ(3); φρήν(2); λάχνη(1); ῥάκος(1)
εἰσάγω,12,37,"strike, strip, wound, smite",18,"lead in; into; into oneʼs dwelling, introduce; he led",Ἰδομενεύς(1),ὗς(1); βοῦς(1); Κρήτη(1); ἑταῖρος(1)
αἰσχύνω,12,15,"eat, devour, kindle, chase",13,"make ugly, disfigure; give; a bad form; dishonour, tarnish",κύων(1),φάτις(1); λέχος(1); εὐνή(1); πρόσωπον(1)
ἀποίχομαι,12,-1,(unassigned),19,"to be gone away, to be far from, keep aloof from; hast forsaken; to be gone, to have departed; he has been gone",ἄναξ(3); πατήρ(1); ἀνήρ(1); κακός(1),πόλεμος(1); ἀνήρ(1)
φέβομαι,12,17,"slaying, rejoice, eat, flee",14,"to be put to flight, flee in terror; flee from; bègti",Ἀχαιός(1),υἱός(1)
λάζομαι,12,-1,(unassigned),23,"seize, grasp; take; may they bite; took",Ἀλκιμέδων(1); ἑταῖρος(1); ἐριούνιος(1); Ἀθήνη(1),ἡνία(5); μάστιξ(3); μῦθος(2); ἔγχος(2); χείρ(1)
δάμνημι,12,-1,(unassigned),9,"forced, seduced",Ἀχαιός(2); χεῖμα(1); ποταμός(1); κεραυνός(1); δεσμός(1),στίξ(3); Τρώς(2); κάρα(1); γόνυ(1)
κατέδω,12,-1,(unassigned),16,"eat up, devour; eat up; eating",Ἀχαιός(1); κύων(1),βίοτος(6); φώς(2); οἶκος(1)
ἀτιτάλλω,12,34,"king, inquire, ask, beget bring",22,"rear, tend; cherish; beguile, cajole",γεραιός(1),ὗς(1); παῖς(1)
ἄημι,12,2,"roar, old, haste, shout",9,vā´ti; vējas; breathe hard; blow,Νότος(1); ζέφυρος(1); θυμός(1),
ἐκτέμνω,12,-1,(unassigned),15,cut out; cut; from; out,ἀνήρ(3),μηρός(3); βοῦς(1); ἰός(1); ὀιστός(1)
ἐξαλαπάζω,12,10,"admit, riot, send away, dismiss",3,"sack, storm; empty; of its inhabitants, clear; out",,πόλις(6); πτολίεθρον(2); Ἴλιος(1); ναῦς(1); τεῖχος(1)
τελέθω,12,2,"roar, old, haste, shout",5,come into being; to be; become,ἀνήρ(2); νύξ(2); ἄνθρωπος(1); ἀρνός(1),
πεδάω,12,36,"bind, luo, turn flight, loosen",23,"bind with fetters; bind, make fast; shackle, trammel; constrained",μοῖρα(3); δεσμός(1); βουκόλος(1); Ἀθήνη(1),ναῦς(1); ἄλγος(1); γυῖον(1); ἕτερος(1)
κρύπτω,12,22,"succour, face, hide cover, assembly",20,"hide, cover; hide; cover; having cloaked his",θεός(1),θεός(1); γυνή(1); χρῆμα(1); κεφαλή(1)
κοσμέω,12,-1,(unassigned),23,"order, arrange; set; in array, marshal; marshalled",υἱός(2); βασιλεύς(1); Τυδεΐδης(1); Ὀδυσσεύς(1); Ἀγαμέμνων(1),δόρπον(1); Τρώς(1); ἵππος(1); ἀνήρ(1)
ὀπυίω,12,34,"king, inquire, ask, beget bring",22,"marry, take to wife; marry; wedded; to be married",Εὔμηλος(1); ἀμφιγυήεις(1),Ἱπποδάμεια(1)
φυτεύω,12,29,"taught, weave, send forward, set",22,"of the thing planted, plant; plant for oneself; beget, engender; father",νύμφη(1); κόρη(1),κακός(7); μνηστήρ(4); φόνος(2); κήρ(2); δυσμενής(1)
ἐπακούω,12,-1,(unassigned),15,hear; wilt; be answered; overhear,ὅσος(1),πᾶς(3); βουλή(3); ἔπος(1); τοῖος(1)
χωρέω,12,14,"arm, stay, strip, angry",18,"make room for another, give way, withdraw; gave way; put back, retire; begone!",Ἕκτωρ(4); Τρώς(3); πρόμαχος(3); Ἀργεῖος(1); Αἰνείας(1),ἔπαλξις(1); Ἀχιλλεύς(1); ναῦς(1); νεκρός(1); Ἕκτωρ(1)
ἔνειμι,12,3,"moan, melt, hope, bade",25,sum; to be in; to be among; is in,φρήν(2); χύσις(1); θυμός(1); φιλότης(1); μένος(1),Τρώς(1); θυμός(1)
ἀπολήγω,12,-1,(unassigned),14,"leave off, desist from; leave off; cease, desist; fall",Ἕκτωρ(1),μάχη(2); εἰρεσία(1); πομπή(1); πόλεμος(1); ἀπάτη(1)
μέτειμι1,11,13,"urge, know, remain, command",23,sum; to be among; interval; will be mine,παυσωλή(1); γέρων(1); Τυδεΐδης(1),ζωός(2); ἀνήρ(1); ἀθάνατος(1); κουρότερος(1)
σπέρχω,11,2,"roar, old, haste, shout",7,"set in rapid motion; to haste, be in haste; rage; in haste, hurriedly",ἄελλα(2); Ἀχαιός(1),
ἐντύνω,11,-1,(unassigned),3,"equip, deck out, get ready; was harnessing; were getting; ready",,ἄριστον(2); δαίς1(2); ἀοιδή(1); δεῖπνον(1)
διδάσκω,11,29,"taught, weave, send forward, set",23,instruct; teach; taught; taught how,Μοῦσα(2); θεός(1); παῖς(1); Χείρων(1),ἔργον(1); ἔριον(1); δουλοσύνη(1)
ἀτύζω,11,7,"wash, fenced, arrow, count",3,,,πεδίον(1); ὄψις(1)
δειπνέω,11,6,"fail, tears, meal, flow",7,"make a meal; take the chief meal, dine; make; serve as dinner",Ὀδυσσεύς(1); ἑταῖρος(1),
πελεμίζω,11,41,"shake, join, tremble, cause",9,"shake, cause to quiver; tremble; struggle at; to be shaken, tremble, quake",οὐρίαχος(2); Ὄλυμπος(1),οὐρίαχος(1); ὕλη(1); φηγός(1); μελία(1)
ἀλαπάζω,11,22,"succour, face, hide cover, assembly",20,"empty, drain, exhaust; sack, plunder; overpower, destroy",Ζεύς(2),πόλις(2); ἄστυ(2); φάλαγξ(1); Μολίων(1)
δοάσσατο,11,1,"ring, rattle, tears, gnash",5,it seemed; appear,πλήμνη(1),
βασιλεύω,11,34,"king, inquire, ask, beget bring",22,"to be king, rule, reign; was king; reigned as queen; to have become king",Μίνως(1); ὀαριστής(1); πατήρ(1),Πύλος(1); Γίγας(1)
κατάγω,11,-1,(unassigned),8,lead down; into the nether world; bring down; draw down,χρεώ(1); ναῦς(1); ἴς(1),σίαλος(1); ψυχή(1)
μαστίζω,11,-1,(unassigned),17,"whip, flog; whipped; stimulate",,ἵππος(4)
μητιάω,11,-1,(unassigned),9,"meditate, deliberate; consider among you; plan, devise",Ποσειδεών(1); Ἀπόλλων(1),κακός(2); νόστος(2); Ὀδυσσεύς(1)
ἐπαμύνω,11,-1,(unassigned),2,"come to aid, succour; apologetic; to prove; ward off",,Ἀλκάθοος(1); Δαναοί(1); ἑταῖρος(1); Πάτροκλος(1)
ἀποδίδωμι,11,-1,(unassigned),23,"give up; back, restore, return; render what is due, pay; give",πατήρ(1),τοκεύς(2); θρέπτρα(2); χαλκός(1); χρυσός(1)
ζώννυμι,11,-1,(unassigned),22,gird; gird round the loins; hug; gird oneself,Ὀδυσσεύς(1); γεραιός(1); Ἀργεῖος(1),ζώνη(1); χαλκός(1); μίτρα(1)
ἀντάω,11,-1,(unassigned),14,"come opposite to, meet face to face, meet with; meet; she reached, went up to; meet with, take part in, partake in",Ἕκτωρ(1),ὀπωπή(3); δαίτη(1); ἀνήρ(1)
ἐπόρνυμι,11,-1,(unassigned),20,"stir up, arouse, excite; called up; rouse and send against; sent",θεός(1); Ποσειδεών(1); Ζεύς(1); Ἀθήνη(1),ἄνεμος(2); μένος(2); γόνυ(2)
κεάζω,11,22,"succour, face, hide cover, assembly",20,"split, cleave; shiver; was cloven; pound, rub to pieces",Ζεύς(2),ξύλον(3); ναῦς(2); ὀστέον(1)
ἀμφιέπω,11,-1,(unassigned),8,"go about, be all round; crowns; beset, press hard; to be busy about, look after",πῦρ(3),γάστρα(2); πρυμνός(1); τάφος(1)
στείχω,11,-1,(unassigned),5,"walk, march, go; come; towards; go to, approach",ἀρνειός(1); παῖς(1); κοῦρος(1),
ἀλέγω,11,8,"like, guardian, conceal, heed",1,"have a care, mind, heed; have; care; with good heed",,παῖς(1); ὅπλον(1); πεῖσμα(1); σπεῖρον(1); ἀλλήλων(1)
λοχάω,11,27,"speak, address, hear, exchange",21,"lie in wait for, waylay; lie in wait, ambush; in ambush; occupy with an ambuscade",νέος(1); μνηστήρ(1); ἀριστεύς(1),Τηλέμαχος(1)
ἐφοπλίζω,11,-1,(unassigned),18,"get ready; we will get ready our; fit out, equip, make ready; arm against",δμώς(1); Ἀχαιός(1),ἄμαξα(2); ἀπήνη(2); δόρπον(2); δεῖπνος(1); δεῖπνον(1)
πειρητίζω,11,9,"reproach, fear, awe, sense",2,"attempt, try, prove; touched the strings; make trial of; attempt",,συβώτης(2); τόξον(2); ἕκαστος(1); σθένος(1)
ἐμπάζομαι,11,-1,(unassigned),1,"busy oneself about, take heed of, care for",,μῦθος(5); ἱκέτης(2); θεοπροπία(2); ξένος(1); κῆρυξ(1)
κωκύω,11,-1,(unassigned),21,"shriek, wail; lament; shriek over; káuti",τροφός(1); Εὐρύκλεια(1); ἄλοχος(1); Πηνελόπεια(1); Τρώϊος(1),πόσις1(1)
κυκάω,11,20,"sprinkle, roast, broil, let flow",12,stir; mix; mix for oneself; stir up,γυνή(1); Τρώς(1); ἐπίκουρος(1); ἵππος(1),τυρός(1); ἄλφιτον(1); μέλι(1)
ἐπιχέω,11,-1,(unassigned),22,pour over; pour; over; heap up,ἀμφίπολος(6); Δαναοί(1),χέρνιψ(6); ὕλη(1); χύσις(1); ὕδωρ(1)
ἐρωέω,11,12,"sweat, born, stir, rouse",19,"rush, rush forth; started back; escape harm; draw back",αἷμα(2); πᾶς(1),πόλεμος(3); χάρμη(1)
μεταστρέφω,11,-1,(unassigned),9,"turn about, turn round; turn oneself about, turn about; turn round; turn about",Ἀχιλλεύς(1); Ποσειδεών(1),ἦτορ(1); νόος(1)
ἀμφιβαίνω,10,35,"attain, come, reach, sink",12,go about; around; in his course had reached; bestride,ἥλιος(3); νεφέλη(1); ἄχος(1); νέφος(1),οὐρανός(3); φρήν(2); Χρύση(2); Κίλλα(2)
σκίδνημι,10,2,"roar, old, haste, shout",7,"disperse; to be spread; scattered, disperse; began to spread his light",λαός(2); ἄχνη(1); ἄελλα(1),
ὑπερέχω,10,-1,(unassigned),9,hold over; held; over; holding,Κρονίων(2); Ζεύς(2); ἀστήρ(1); ἥλιος(1),χείρ(6); γαῖα(1); ὦμος(1)
καταπαύω,10,18,"owe, crying, ply, dead",23,"put an end to, stop; bring to a close; conclude; and proceed",παῖς(1); ἔγχος(1),μνηστήρ(1); ἀφροσύνη(1); χόλος(1); μηνιθμός(1)
ἐλύω,10,-1,(unassigned),9,"roll round; rolled; rolled up, crouching; coiled",ῥυμός(1),γόνυ(4); πεῖσμα(1); πρυμνήσιος(1)
ἀρκέω,10,-1,(unassigned),8,"ward off, keep off; would; keep off; defend",θώραξ(3); Ἀθήνη(1),ὄλεθρος(5)
ἀπαγγέλλω,10,-1,(unassigned),1,"bring tidings, report; bring back tidings, report in answer; he was reported; was reported",,γέρων(2); νόημα(1); Πηλείδης(1); μῦθος(1)
ἀμφινέμομαι,10,8,"like, guardian, conceal, heed",1,dwell round; encompasses,,Ἰθάκη(1); Ὄλυμπος(1); Ἀνεμώρεια(1); Ὑάμπολις(1); Αἴγιον(1)
στέλλω,10,17,"slaying, rejoice, eat, flee",14,make ready; rig; fit; out,Ἀχαιός(1),ναῦς(3); ἱστίον(3); ἑταῖρος(1); ἀγγελία(1)
ἐξάρχω,10,-1,(unassigned),22,"begin, take the lead in, initiate; teach; dictate; hold office",Ἑκάβη(2); Εὐρύλοχος(1); Θέτις(1); Πηλεύς(1); Πηλείδης(1),γόος(6); βουλή(3); ἑταῖρος(1); μολπή(1); Τρώϊος(1)
φείδομαι,10,-1,(unassigned),21,"spare; not destroy; spare, be merciful; use sparingly",γέρων(1),ἀνήρ(2); λαός(1); ἑταῖρος(1)
γηράσκω,10,2,"roar, old, haste, shout",5,grow old; to be so; grew old; bring to old age,φῦλον(1); ὄγχνη(1); υἱός(1),
καθαίρω,10,7,"wash, fenced, arrow, count",3,"cleanse; clear; purify, refine; purge, clear",,θρόνος(2); τράπεζα(2); πρόσωπον(1); δέπας(1); κρατήρ(1)
τολμάω,10,3,"moan, melt, hope, bade",25,"Bodl. Quarterly Record; undertake, take heart; to do; bear",θυμός(2); ἵππος(1),ἕκαστος(1); ἔπος(1); πόλεμος(1)
αἰτίζω,10,-1,(unassigned),15,"ask, beg; ask; beg of; beg",ἀνήρ(1),μνηστήρ(2); ἀνήρ(2); ἄκολος(1); σῖτος(1)
εἰλύω,10,38,"stream, defile, stain, fall",9,"enfold, enwrap; to be wrapped, covered; crawl, wriggle along; rolled up, crouching",κεφαλή(1); πρόσωπον(1); γόνυ(1); πᾶς(1),ὦμος(2); νύξ(1); κονία(1); βοείη(1)
αἰνέω,10,5,"leap, sal, assemble, went",7,"tell, speak of; reports of; praise, approve; glorify",ἑταῖρος(2); Ἀχαιός(2); θέμις(1); βασιλεύς(1),
ἀλείφω,10,-1,(unassigned),4,anoint the skin with oil; anointing for gymnastic exercises; anointing; supply oil,,ἑταῖρος(1); χρώς(1)
κεδάννυμι,10,-1,(unassigned),19,"break up, scatter; was broken up; was shed",θεός(2); ὑσμίνη(2); υἱός(1); Αἴας(1),Ἀχαιός(2); κύων(1); αἰζηός(1); φάλαγξ(1); γέφυρα(1)
διατμήγω,10,42,"pass, cut twain, rend, right",9,cut in twain; having cut; in twain; distinguish,σανίς(1),τυτθός(1); λαῖτμα(1)
χανδάνω,10,40,"contain, hold, seize, catch",12,"take in, hold, contain; could; contain; could hold",στῆθος(2); χείρ(1); οὐδός(1); κεφαλή(1),μέτρον(2); χόλος(2); ἀμφότερος(1); πολύς(1)
ἀπεχθάνομαι,10,11,"pray, incur, need, born",22,"to be hated, incur hatred; to be or become hateful to; incur; hate",Ἴλιος(1); Πρίαμος(1); λαός(1); Ἀτρείδης(1),θεός(2); Ζεύς(1)
τέλλω,10,23,"look gaze, courage, share, persuade",15,accomplish; perform; come into being; turns,πᾶς(1),μῦθος(5); λόχος(1); κακός(1)
διέρχομαι,10,42,"pass, cut twain, rend, right",9,"go through, pass through; pass through, complete; went abroad, spread; shoot through",ἀκωκή(1); ἵππος(1); ἔγχος(1); βέλος(1),μέγαρον(1); θάλασσα(1); κλισία(1); ναῦς(1); χρώς(1)
εἰσβαίνω,10,-1,(unassigned),16,go on board; embark; enter; come into,ἵππος(1),
ὑπείκω,10,19,"return, sleep, assemble collect, company",23,"retire, withdraw, depart; from; retire from; for",πατήρ(1); Ὀδυσσεύς(1),θεός(1); ἕδρα(1); ἔργον(1)
εἰσαφικνέομαι,10,-1,(unassigned),15,"come into; to, arrive at; go into; arrive",ἀνήρ(1),συβώτης(2); σπέος(1); δόμος(1); Ἴλιος(1)
προφέρω,10,24,"shut close, beckon, opened, sing",9,bring before; present; cast; teeth,ὄρνις(1),ἔρις(3); ξεινοδόκος(1); μένος(1); νέκυς(1)
ἀρνέομαι,10,-1,(unassigned),4,"deny, disown; negative; refuse; decline, renounce",,γάμος(2); ἔπος(2)
καταδέω,10,-1,(unassigned),17,"bind on; to, bind fast; bind to oneself; tie up for oneself",,κέλευθος(3); ἵππος(1); ἡμίονος(1)
ἀρέσκω,10,-1,(unassigned),22,"make good, make amends; make full; appease, conciliate; sated their",Εὐρύαλος(1),ὅσος(1); ξένος(1)
ἐχθαίρω,10,26,"fulfil, spin, perform, accomplish",20,"hate, detest; bear; hatred; to be hateful",Ζεύς(2); λαός(2); Κρονίων(1),γόνος(1); στρατός(1); Μενοιτιάδης(1)
πωλέομαι,10,-1,(unassigned),7,go up and down; to and fro; come frequently; she goes,γέρων(1); Πρωτεύς(1); ὑποδμώς(1),
στυγέω,10,22,"succour, face, hide cover, assembly",20,"hate, abhor; to show hatred; hate; fear",θεός(1),μένος(1); χείρ(1)
εἴβω,10,-1,(unassigned),12,"drop, let fall in drops; trickle down",βασίλεια(1); Ὀδυσσεύς(1),δάκρυον(10)
ἐξερεείνω,10,-1,(unassigned),21,inquire into; inquire after; inquire of; make inquiry,Νέστωρ(1); Ἀγαμέμνων(1),ἕκαστος(4); Ἴλιος(1); ναῦς(1); νόστος(1); πόρος(1)
ἀσκέω,10,33,"work, strait, pour, stand",9,"work; work curiously, form by art; smoothed; elaborately",ἅρμα(1); Δαίδαλος(1); Σιδόνες(1),ἑρμίς(1); χρυσός(1); ἄργυρος(1); οἷος(1)
νοσφίζομαι,10,10,"admit, riot, send away, dismiss",3,,,δῶμα(3); ὄρος(1); πατήρ(1); παῖς(1); θάλαμος(1)
διαρραίω,10,-1,(unassigned),3,"dash in pieces, destroy; to be destroyed, perish",,ναῦς(1); οἶκος(1); ἄστυ(1); στρατός(1)
ἐφάπτω,10,12,"sweat, born, stir, rouse",9,bind on; having fixed; by making fast; had made fast,πεῖραρ(4); κῆδος(4); ἔρις(1); νεῖκος(1),Τρώς(4); ἤπειρος(1); ἀθάνατος(1)
ἀραβέω,10,1,"ring, rattle, tears, gnash",5,"rattle, ring; gnash; gnash, grind",τεῦχος(10),
γουνόομαι,10,8,"like, guardian, conceal, heed",3,,,κάρηνον(2); βοῦς(2); πυρή(1); ἐσθλός(1)
ὑποτίθημι,10,0,"breathe, witch spell, set hurry, throw overthrow",13,place under; puts; under; putting,δαίμων(1),βουλή(2); Ἀργεῖος(2)
θάπτω,9,-1,(unassigned),16,honour with funeral rites; to carry out to burial; burial expenses,Ἀχαιός(1); Ἐπειός(1); θεός(1),ἑταῖρος(1); Ἀμαρυγκεύς(1)
ἐπιέννυμι,9,-1,(unassigned),19,put on besides; over; threw; clad in,υἱός(1),ἀλκή(5); ἀναίδεια(2); ναῦς(1); γόνυ(1)
περιχέω,9,32,"stretch, spread scatter, send, honour",23,"pour, spread; scatter round; over; having spread",ἀνήρ(2); Ἀθήνη(1),χρυσός(5); κέρας(4); χάρις(1); κεφαλή(1)
ἐργάζομαι,9,-1,(unassigned),1,"work, labour; working; works; goes on",,ἔργον(3); ἐναίσιμος(1); φῖλος(1)
σκεδάννυμι,9,32,"stretch, spread scatter, send, honour",23,"scatter, disperse; shed; all round; will shiver",θεά(1); θεός(1); Ἄρης(1),ἀήρ(2); λαός(2); Ἀχαιός(1); κῆδος(1); ἀχλύς(1)
ἐκφαίνω,9,-1,(unassigned),12,"bring to light, reveal; produce; showed himself, came forth to view; came up from out",Ἀχιλλεύς(3); δόρυ(1); ἀνήρ(1),Χάρυβδις(1); ἀνήρ(1); φάος(1)
τρέχω,9,-1,(unassigned),16,run; run and; move quickly; trippingly,ἵππος(1),ἀλλήλων(1)
μινύθω,9,-1,(unassigned),20,,ἦτορ(2); ῥινός(1); μνηστήρ(1); ἔργον(1); οἶκος(1),μένος(1)
ἔργνυμι,9,-1,(unassigned),4,,ἑταῖρος(1); ἔθνος(1); ἕκαστος(1); φρήν(1),χρώς(1)
ὀπαδέω,9,-1,(unassigned),22,,τιμή(1); κῦδος(1),ἱκέτης(2)
προσβαίνω,9,31,"heavy, aim, disembark, cheat",23,"put oneʼs foot against; approach; mount, ascend; climb up",Ἥρα(1); θεά(1),ἀτραπός(1); ὄρος(1); κλῖμαξ(1); οὐδός(1); Γάργαρον(1)
τέτμον,9,-1,(unassigned),21,"overtake, reach, find; partake of, have allotted one",γῆρας(1); Ἀτρείδης(1); Μενέλαος(1),μήτηρ(1); Αἴγισθος(1); Ὀδυσσεύς(1)
κομέω,9,-1,(unassigned),18,"take care of, tend",θεράπων(2); ἄναξ(1); γυνή(1); Σθένελος(1),γέρων(2); ἵππος(1)
κατακλάω,9,-1,(unassigned),6,"break short, snap off; bowed; down; ogle",ἦτορ(7); ἔγχος(1),
σύνειμι2,9,5,"leap, sal, assemble, went",7,"ibo; come together, assemble; meet in battle; engage in war",ἀνήρ(1); Αἰνείας(1); Ἀχιλλεύς(1); υἱός(1),
τρομέω,9,36,"bind, luo, turn flight, loosen",8,"tremble, quake, quiver; fear; quiver; tremble before",φρήν(1); γυῖον(1); ναύτης(1),θάνατος(1); ὄπις(1)
ἀναφαίνω,9,-1,(unassigned),9,"cause to give light, make to blaze up; bring to light, produce; show forth, make known, display; send forth a loud",ὄλεθρος(2); ἄρουρα(1); δμωή(1); ἀστήρ(1),ἐπεσβολία(1); Ὀδυσσεύς(1); Δαναοί(1); θεοπροπία(1)
πτώσσω,9,16,"fight, retire, shrink, flee",14,"shrink from, shrink; flee; skulk, slink; flee cowering",Τρώς(1),νέφος(1); ἀλλήλων(1)
συνάγω,9,16,"fight, retire, shrink, flee",14,"bring together, gather together; crowd; bring together; hold a club dinner",Τρώς(2); Δαναοί(2); κῆρυξ(1),ἔρις(2); ὑσμίνη(2); Ἄρης(2); νεφέλη(1); ὅρκιον(1)
δήω,9,8,"like, guardian, conceal, heed",1,"find, meet with",,τέκμωρ(2); πῆμα(1); ἀνήρ(1); ἕδρα(1)
ἀκέομαι,9,-1,(unassigned),18,"heal, cure; stanch, quench; mend, repair; mending",Παιήων(1); Παιάν(1),ἕλκος(2); ναῦς(1); δίψα(1)
ἐκχέω,9,33,"work, strait, pour, stand",11,"pour out; is spilt, Ev. Matt; poured forth his; pour away",ὕδωρ(1); πρότερος(1); πολύς(1),ὀιστός(2); οἶνος(1); δέπας(1)
ὀδύσσομαι,9,32,"stretch, spread scatter, send, honour",21,"to be wroth against, hate; hated",Ζεύς(2); ἥλιος(1); Ποσειδεών(1); Ἐννοσίγαιος(1),πολύς(1); ἀνήρ(1); γυνή(1)
ἐπελαύνω,9,28,"straight, wash hands, thrust away, bear",9,drive upon; upon; drive to; lay,ἄνεμος(2); ὕδωρ(2); χαλκός(2); δαίμων(1),θάλασσα(1); στῆθος(1); σταθμός(1)
ἐρεθίζω,9,31,"heavy, aim, disembark, cheat",23,"rouse to anger, rouse to fight; challenge to; provoke to curiosity; excite, chafe",μνηστήρ(1); Ἀθήνη(1); Ἥρα(1),ἀνήρ(2); δμωή(1); μήτηρ(1); Τηλέμαχος(1)
ἐκβαίνω,9,23,"look gaze, courage, share, persuade",15,"step out of; off from; disembark, dismount; debouch from",πᾶς(1),πέτρα(1)
ὄσσομαι,9,4,"amazed, astonished, look, whirl swing",25,"oqṷ-yo; see, look; Fr.anon; see in spirit",θυμός(2),κακός(3); πατήρ(1); ὄλεθρος(1); Ὀδυσσεύς(1); κέλευθος(1)
νηέω,9,7,"wash, fenced, arrow, count",3,"heap, pile up; heaped; piled; pile, load",,ναῦς(3); ὕλη(2); χρυσός(2); πῦρ(1); ξύλον(1)
ῥαίω,9,-1,(unassigned),23,"break, shiver, shatter; wreck; cause; to suffer shipwreck",ναῦς(2); Ποσειδεών(1); Ἐννοσίγαιος(1); ἐγκέφαλος(1),ναῦς(2)
ἐφευρίσκω,9,-1,(unassigned),3,"find; discover, find anywhere; discovered; discover besides",,ἠιών(2); λιμήν(2); πᾶς(1)
ῥώομαι,9,1,"ring, rattle, tears, gnash",5,"move with speed; violence, rush on; ran; dance",κνήμη(2); γόνυ(1); ἥρως(1); πεζός(1); ἱππεύς(1),
ὑπομένω,9,37,"strike, strip, wound, smite",12,"stay behind; remain alive; to be left behind, remain; to be permanent",Εὐρύλοχος(1); Ἀργεῖος(1),ἐρωή(1); Πάτροκλος(1); Αἴας(1)
κεράννυμι,9,21,"mix, drink, cup, rule",11,"mix, mingle; let us mix a cup of wine; give to drink; mix their",γέρων(2); Μούλιος(1); κῆρυξ(1); χεῖλος(1); ἄριστος(1),κρατήρ(5); χρυσός(1); νέκταρ(1); οἶνος(1)
ἀποτρέπω,9,31,"heavy, aim, disembark, cheat",23,turn away from; deter; dissuade from; Supp,Ἕκτωρ(1); Ἀθήνη(1),λαός(1); πόλεμος(1); πᾶς(1)
προφαίνω,9,-1,(unassigned),20,"bring to light, show forth, manifest; let; be seen; display",θεός(1); σελήνη(1); ἅπας(1),τέρας(1)
φθονέω,9,-1,(unassigned),3,"bear ill-will; malice, grudge, be envious; jealous; envy",,ἀλλότριος(1); ἡμίονος(1)
πλήθω,9,20,"sprinkle, roast, broil, let flow",11,to be full; having; full of; swollen with,ποταμός(2); τράπεζα(1); ῥεῖθρον(1); πᾶς(1),σῖτος(1); κρέας(1); νέκυς(1); ὕδωρ(1)
ἀράσσω,9,38,"stream, defile, stain, fall",8,"smite, dash in pieces; rattling, clanging; knock at; open with a crash",ὀστέον(1),ὀστέον(4); ἱστός(1); κεφαλή(1)
κλείω,9,24,"shut close, beckon, opened, sing",4,"shut, close, bar; barred; shot; shut up, close, block up",ἀοιδός(1),θύρα(6); ὀχεύς(1)
ἀνέρχομαι,9,1,"ring, rattle, tears, gnash",5,go up; mount the tribune; go up from; come up from,δόρυ(1),
βραχεῖν,9,1,"ring, rattle, tears, gnash",5,"rattle, clash, ring; roar; creak; shriek",τεῦχος(4); ῥεῖθρον(1); χθών(1); ἄξων(1),
νεμεσίζομαι,9,-1,(unassigned),25,feel righteous indignation; to be angry; amazed; stand in awe of,θυμός(1); ἅπας(1),θεός(1); δῆμος(1); μνηστήρ(1); Ἄρης(1)
ἐφανδάνω,9,11,"pray, incur, need, born",22,"please, be grateful to",μῦθος(7),θεός(1)
πάσσω,9,20,"sprinkle, roast, broil, let flow",11,sprinkle; laying; upon; sprinkle some,σπλάγχνον(1),φάρμακον(6); θρόνον(1); ἅλς2(1)
προέχω,9,15,"eat, devour, kindle, chase",8,hold before; hold before oneself; hold out before one; held,ἀκτή(2),ταῦρος(1)
ἐπιπλέω,9,-1,(unassigned),24,"sail upon; over; sail against, attack by sea; sail on",μνηστήρ(1),πόντος(4); κέλευθος(3); ὕδωρ(2); ὁδός(1)
προβλώσκω,9,-1,(unassigned),5,"come forth, go out of the house",δμωή(1),
ἰσχανάω,9,-1,(unassigned),16,"hold back, stay; hold back, wait; to be stayed; cling to",Ἀργεῖος(1); γέφυρα(1),φιλότης(1); δρόμος(1)
ἱλάσκομαι,9,11,"pray, incur, need, born",22,,κοῦρος(2); Τρώϊος(2),θεός(4); Ἀθήνη(1); Ἑκάεργος(1); ἄναξ(1)
στιχάομαι,9,2,"roar, old, haste, shout",7,march in rows; ranks; marching; stand in rows,ναῦς(4); νομεύς(1); ἔθνος(1),
ἐπιφράζω,9,17,"slaying, rejoice, eat, flee",14,"say besides; think of; take into oneʼs head to; devise, contrive",Ἀχαιός(1),βουλή(2); ὄλεθρος(1)
φρίσσω,8,37,"strike, strip, wound, smite",9,"to be rough; uneven on the surface, bristle; bristle up, stand on end; having set up his bristly",μάχη(1); ἄρουρα(1); πᾶς(1),λοφιά(1); ἐγχείη(1); νῶτον(1)
εὐφραίνω,8,10,"admit, riot, send away, dismiss",1,"cheer, gladden; make merry, enjoy oneself; was rejoiced at; enjoy a pleasure",,ἄλοχος(2); γυνή(1); τέκνον(1); νόημα(1); τοκεύς(1)
κερτομέω,8,-1,(unassigned),1,"taunt, sneer at; sneer",,Ὀδυσσεύς(1); ἔπος(1)
ἐριδαίνω,8,-1,(unassigned),9,"wrangle, quarrel; strive; compete in",Εὖρος(1); Νότος(1),ἀλλήλων(1)
χάσκω,8,-1,(unassigned),12,"yawn, gape; may; yawn; opening the mouth wide",γαῖα(2); χθών(2),
περιδείδω,8,17,"slaying, rejoice, eat, flee",14,,Ἀχαιός(1),Δαναοί(1); θεός(1); Ἀχιλλεύς(1); Αἴας(1)
μυκάομαι,8,-1,(unassigned),5,"low, bellow; rang; bellowed",πύλη(3); κρέας(1); σάκος(1),
ἀφικάνω,8,8,"like, guardian, conceal, heed",3,arrive at,,Τηλέπυλος(1); ῥοή(1)
διαπράσσω,8,-1,(unassigned),17,pass over; made their way over; may finish; went through,,κέλευθος(3); πεδίον(2); ἦμαρ(1)
ἀεικίζω,8,14,"arm, stay, strip, angry",22,"treat unseemly, injure; I will do; dishonour",ξένος(1); Μυρμιδόνες(1),νεκρός(2); Ἕκτωρ(1); γαῖα(1)
κάτειμι,8,-1,(unassigned),12,"ibo; go, come down; go down; sail down",ποταμός(1),πεδίον(1); Ἀίδης(1)
ἐμβαίνω,8,30,"drive, sway, run, bring brought",17,"step in; go on, go quickly; advance!; embark",Ἐπειός(1); ἐρέτης(1),ναῦς(1); ἵππος(1); ἅρμα(1)
ψεύδω,8,-1,(unassigned),1,"cheat by lies, beguile; to be cheated, deceived; I am; deceived",,ὅρκιον(1)
ἱμάσσω,8,30,"drive, sway, run, bring brought",17,flog; smote; smites; with lightnings,ἡνίοχος(1); Ἰδομενεύς(1); Ἀντίλοχος(1),ἵππος(4); ἡμίονος(1); γαῖα(1)
ἐρεύγομαι,8,-1,(unassigned),5,"belch out, disgorge; belch; discharge itself; blurt out",ἅλς1(1); ταῦρος(1),φόνος(1)
ἀμφιμάχομαι,8,16,"fight, retire, shrink, flee",14,"fight round; assail, besiege; fight for",Ἀχαιός(1); Τρώς(1); δάιος2(1),Σαρπηδών(2); τεῖχος(1); στρατός(1); νέκυς(1)
ἐφίζω,8,-1,(unassigned),9,set upon; set; ashore; having set,δαιτρός(1); Νέστωρ(1); οὖρος(1),γόνυ(1); χλαῖνα(1)
γυμνόω,8,37,"strike, strip, wound, smite",18,strip naked; strip; strip oneself; be stripped naked,τεῖχος(1),ῥάκος(1); μετάφρενον(1)
ἄντομαι,8,24,"shut close, beckon, opened, sing",9,"meet; opposed; stopped; meet with favour, greet",θώραξ(2); Φοῖβος(1); Ἀπόλλων(1),ἄργυρος(1); ἀλλήλων(1); πύλη(1)
ἐπικλώθω,8,26,"fulfil, spin, perform, accomplish",23,spin upon; spin to; assign; its destiny,θεός(4); δαίμων(1); Κρονίων(1),ὄλβος(2); βασιλεύς(1)
παμφαίνω,8,-1,(unassigned),5,shine; beam brightly; white-gleaming,ἧλος(1),
παραπείθω,8,-1,(unassigned),21,"win by persuasive arts, prevail upon; beguile, cajole; may cajole; to be beguiled",ἥρως(2); Ὀδυσσεύς(1); ἀνήρ(1),φρήν(2); μνηστήρ(1); Ὀδυσσεύς(1)
ὑβρίζω,8,10,"admit, riot, send away, dismiss",2,"wax wanton, run riot; neigh; bray and prance about; run riot, grow rank and luxuriant",,ἀνήρ(1)
ἀνατρέχω,8,2,"roar, old, haste, shout",5,run back; return; revert; recur,πέτρα(2); ἐγκέφαλος(1); σμῶδιξ(1),
μηνίω,8,-1,(unassigned),19,"cherish wrath, be wroth against; because of",Ἀχιλλεύς(3); ξένος(1); Ἀτρείδης(1),Ἀχαιός(1); Ἀγαμέμνων(1); ἱερός(1)
θάλλω,8,-1,(unassigned),3,"sprout, grow, thrive; luxuriant; grew; bloom",,φύλλον(1); ἀλοιφή(1)
μείρομαι,8,-1,(unassigned),16,receive as oneʼs portion; oneʼs due; take; as thy due,ἕκαστος(2); βασιλεύς(1),τιμή(4); ἥμισυς(1)
μεγαίρω,8,-1,(unassigned),9,regard as too great; grudge; as too great; complain,Ἀπόλλων(1),μνηστήρ(1); βίοτος(1); Δαναοί(1)
ἀπολύω,8,-1,(unassigned),3,"loose from; from; undo; set free, release, relieve from",,ἱμάς(1); κορώνη(1); θυγάτηρ(1)
ἀναρπάζω,8,-1,(unassigned),9,"snatch up; causing; to evaporate; snatch away, carry off",Ἑκάεργος(1); Ἀπόλλων(1),
δειδίσσομαι,8,14,"arm, stay, strip, angry",2,"frighten, alarm; to scare; away; fear",τάφρος(1),Ἀργεῖος(1); Ἕκτωρ(1); λαός(1)
ἀμφιπένομαι,8,15,"eat, devour, kindle, chase",13,"to be busied about, take charge of; tending; made; a meal of",παῖς(1); ἰατρός(1); Μυρμιδόνες(1); ἔγχελυς(1),πατήρ(1); δῶρον(1); Μενέλαος(1)
στεῦμαι,8,-1,(unassigned),14,"make as if one would.., promise; threaten that one will; declares; boasts",Ἕκτωρ(1),Τρώς(1); Ἀργεῖος(1); ναῦς(1); κόρυμβος(1)
ἐμπρήθω,8,-1,(unassigned),2,"blow up, inflate; to be bloated; swollen; burn",,ναῦς(6); πῦρ(2); ἄστυ(1)
ἱδρόω,8,12,"sweat, born, stir, rouse",19,"sweat, perspire; shall reek with sweat",τελαμών(1); ἵππος(1),πόνος(1)
δικάζω,8,-1,(unassigned),23,"Bis Acc; judge, sit in judgement; sit as a juror; give judgement on, decide, determine",παῖς(1); Ἀθήνη(1),ἀμφότερος(1); Τρώς(1); Δαναοί(1)
κακόω,8,-1,(unassigned),22,"maltreat, distress; afflict; the afflicted; to be in ill plight, be distressed",βία(1),γέρων(1); ἅλμη(1)
ὀχέω,8,31,"heavy, aim, disembark, cheat",9,"hold fast; endure, suffer; bear; continue, keep doing",Ἑρμῆς(1),νηπιάα(1); ἄτη(1); κῦμα(1); ὀιζύς(1)
ἀτέμβω,8,11,"pray, incur, need, born",9,"maltreat; afflict, perplex; to be bereft; cheated of",ἄμφω(1),ξένος(2); ἴσος(2); θυμός(1); νεότης(1)
οἴγω,8,24,"shut close, beckon, opened, sing",4,open; opened the door; opened; véga,,θύρα(7)
ἀναπίμπλημι,8,-1,(unassigned),1,fill up; accomplish; having filled up the full measure; fill full of,,οἶτος(3); πότμος(2); κῆδος(1); ἄλγος(1); κακός(1)
κηρύσσω,8,-1,(unassigned),21,"to be a herald, officiate as herald; to be an auctioneer; make proclamation as a herald; by voice of herald",κῆρυξ(1),Ἀχαιός(3); ἀγορά(1); λαός(1); πόλεμος(1)
ἅζομαι,8,9,"reproach, fear, awe, sense",1,"stand in awe of, esp. gods and oneʼs parents; respects; I fear; reverently, in holy fear",,υἱός(1); Ἀπόλλων(1); θεός(1); Ἄρης(1); κακός(1)
κτυπέω,8,22,"succour, face, hide cover, assembly",5,"crash; ring, resound; rang; stamp loudly",Ζεύς(3); ὕλη(1),
κυδαίνω,8,-1,(unassigned),1,give; do honour to; glorified; delight,,θυμός(1); πᾶς(1); Ἀχιλλεύς(1); θέτις(1); υἱός(1)
ἀναγιγνώσκω,8,-1,(unassigned),1,"know well, know certainly; perceive; know again, recognize; acknowledge, own",,σῆμα(3); γόνος(1); νόος(1)
νίσσομαι,8,-1,(unassigned),19,"go, come; coming down; ni-ns",Ἀχαιός(1); φορεύς(1),πόλεμος(2)
σβέννυμι,8,-1,(unassigned),9,"quench, put out; dry up; quench, quell, check; cooling",οὖρος(1); πῦρ(1); ἕτερος(1),πυρκαιά(3); πῦρ(1); μένος(1); χόλος(1)
κεραίζω,8,10,"admit, riot, send away, dismiss",3,"ravage, plunder; sink, disable; slaughter; carry off as plunder",,πόλις(2); σταθμός(2); Τρώς(1)
παρέρχομαι,8,28,"straight, wash hands, thrust away, bear",5,"ibo; go by, beside; past, pass by; passed away",ποτητός(1); πέλεια(1); κῦμα(1),βωμός(1)
πέσσω,7,-1,(unassigned),1,"soften, ripen; change; ripen; bring to maturity",,κῆδος(2); χόλος(2); γέρας(1); βέλος(1)
ἀναδύνω,7,-1,(unassigned),3,come to the top of the water; emerge,,λίμνη(1); ἅλς1(1); κῦμα(1); πόλεμος(1)
ὑπερβαίνω,7,10,"admit, riot, send away, dismiss",3,"step over, mount, scale; cross; step over; overflow",,οὐδός(4); τεῖχος(2)
ὀροθύνω,7,-1,(unassigned),9,"stir up, rouse, urge on; urge",Ποσειδεών(1),ἄελλα(1); Ἀργεῖος(1); ἔναυλος(1)
ἐπάρχω,7,21,"mix, drink, cup, rule",11,"rule over; to be governor, commandant of; rule besides; pour the first drops",οἰνοχόος(2),δέπας(3)
ὑπολείπω,7,6,"fail, tears, meal, flow",7,"leave remaining; leave; fail; fail, fall short",Ὀδυσσεύς(3); ἆθλον(1); φιάλη(1),
ἐφέζομαι,7,29,"taught, weave, send forward, set",23,sit upon; sit by; near,κόρη(1),δίφρος(1); γόνυ(1); ἱστός(1); δένδρεον(1)
ὑποδύομαι,7,-1,(unassigned),22,,γόος(1); Ὀδυσσεύς(1),πᾶς(1); κακός(1); κόλπος(1); θάμνος(1); νεκρός(1)
τρύχω,7,-1,(unassigned),3,"wear out, waste, consume; to eat; out of house and home; get the better of, cure",,οἶκος(3); λιμός(1)
σκύζομαι,7,22,"succour, face, hide cover, assembly",20,to be angry with; to be wroth,θεός(2),Ζεύς(2)
κατακαίω,7,-1,(unassigned),3,burn completely; burn; alive; burnt,,μῆλον1(2)
ἀσχαλάω,7,-1,(unassigned),23,"to be distressed, grieved; is vexed because of",παῖς(1); Ἀχαιός(1),κτῆσις(1)
δηριάομαι,7,-1,(unassigned),7,contend; wrangle; contend with; contest a prize,ἄριστος(1); ἀνήρ(1),
ὑποστρέφω,7,-1,(unassigned),17,turn round about; back; bringing back; roll up,,Ὄλυμπος(1); ἵππος(1)
παλύνω,7,20,"sprinkle, roast, broil, let flow",12,"strew, sprinkle; sprinkled; bestrew, besprinkle; besmear",χιών(1); γυνή(1),ἄλφιτον(5); ἄρουρα(1)
ἀλιταίνω,7,9,"reproach, fear, awe, sense",1,sin; offend against; transgress; stray from,,ἐφετμή(2); ἀθάνατος(1); Ἀθήνη(1)
ἀπάγω,7,0,"breathe, witch spell, set hurry, throw overthrow",13,"lead away, carry off; hold far off; remove; stop",δαίμων(1); Ἀθήνη(1),βοῦς(1); μῆλον1(1)
ἠπεροπεύω,7,-1,(unassigned),21,"cheat, cajole; seduction",Φοῖνιξ(1),φρήν(2); γυνή(2); ἀμείνων(1)
βλώσκω,7,2,"roar, old, haste, shout",5,go or come; has passed,ἦμαρ(1); ἠώς(1),
ἐγχρίμπτω,7,-1,(unassigned),16,bring near to; strike; dash against; so as almost to touch,ἵππος(1),πύλη(1); ὀστέον(1)
ἀνιάω,7,8,"like, guardian, conceal, heed",2,"grieve, distress; to be grieved, distressed; is vexed; have",,ὀρυμαγδός(1); υἱός(1)
ἀπονίζω,7,7,"wash, fenced, arrow, count",3,wash off; wash off from oneself; wash clean; was washing his feet,,χρώς(2); χείρ(1); πούς(1); βρότος(1)
ἀγάλλω,7,-1,(unassigned),14,"glorify, exalt; pay honour to; adorn; glory, exult in",Ἕκτωρ(2),οὖρος(1); ἵππος(1); ὄχος(1)
βυσσοδομεύω,7,-1,(unassigned),24,"build in the deep; brood over; in the depth of oneʼs soul, ponder deeply; secret designs",μνηστήρ(1),κακός(6)
τολυπεύω,7,-1,(unassigned),19,"wind off; into a clew; wind off, achieve, accomplish; work",,πόλεμος(5); δόλος(1); ὁπόσος(1)
οἰκέω,7,-1,(unassigned),23,"inhabit; have, enjoy; to be inhabited; the inhabited country",Ἄγριος(1); Μέλας(1); πόλις(1),ὑπώρεια(1)
προβάλλω,7,-1,(unassigned),9,"throw; lay before, throw to; put forward; present",Νότος(1),οὐλοχύται(3); Βορέας(1); ἔρις(1); θέμεθλα(1)
ἐπικρατέω,7,-1,(unassigned),22,"rule over; have; hold power; prevail in battle, be victorious",ἄριστος(2); ὅσος(1); νέος(1); ἄναξ(1),νῆσος(3); Σάμη(3); Ζάκυνθος(3); Δουλίχιον(1); δουλίχιος(1)
στρωφάω,7,-1,(unassigned),3,"turn constantly; keep turning; steer; turn oneself about, keep turning",,ἠλάκατα(4); θαῦμα(1)
μηκάομαι,7,-1,(unassigned),5,"bleat; scream, shriek; shrieking",θῆλυς(1),
καταβάλλω,7,0,"breathe, witch spell, set hurry, throw overthrow",13,"throw down, overthrow; to bring down; confound, defy; throw",δαίμων(1); Ἀπόλλων(1),οὖς(1); ὅμιλος(1); υἱός(1); νεβρός(1); κρεῖον(1)
οἰνοχοέω,7,21,"mix, drink, cup, rule",11,,υἱός(1); Μελανθεύς(1); Ἥβη(1),οἶνος(1); θεός(1); ϝέκταρ(1)
μεταφωνέω,7,-1,(unassigned),21,speak among; accost,κῆρυξ(1); Νέστωρ(1),ἑταῖρος(1); μνηστήρ(1); Φαίαξ(1); Μυρμιδόνες(1)
συνάντομαι,7,9,"reproach, fear, awe, sense",2,"fall in with, meet; meet; that accompanies; approach",,Ὀδυσσεύς(1); Λυκάων(1); ἀλλήλων(1)
προρέω,7,37,"strike, strip, wound, smite",12,"flow forward; forth, flow amain; pour forth",ὅσος(1); Ῥῆσος(1); Ἑπτάπορος(1); Κάρησος(1),ἅλς1(2)
ἀμφαφάω,7,9,"reproach, fear, awe, sense",2,touch; feel all round; by feeling; handle,,τόξον(2); ἄναξ(1)
ἀμφιχέω,7,-1,(unassigned),5,"pour around, pour; spread over; to be poured; shed around",ἄχος(1); ὀμφή(1); κόνις(1),
διίστημι,7,-1,(unassigned),7,"set apart, separate; set; at variance with; divide",Ἀτρείδης(1); Ἀχιλλεύς(1); θάλασσα(1),
ἔραμαι,7,24,"shut close, beckon, opened, sing",12,"love; desire passionately, lust after; desire eagerly",Ἀργειφόντης(1); Βορέας(1),ποταμός(1); ἄλοχος(1); πόλεμος(1)
ἀνιάζω,7,-1,(unassigned),21,"grieve, distress; to be grieved; distressed; grieving",γέρων(1); ἑταῖρος(1),κτέαρ(1); Ἀχαιός(1)
πιέζω,7,7,"wash, fenced, arrow, count",3,"press tight, squeeze; compress; squeezing; to be pressed tight",,τροχός(1); μάσταξ(1); χείρ(1); βραχίων(1)
τοξάζομαι,7,-1,(unassigned),15,shoot with a bow; shoot at,ἀνήρ(2); Ἀχαιός(1),ἀνήρ(1); φώς(1)
μητίομαι,7,23,"look gaze, courage, share, persuade",23,"devise, contrive",ἑταῖρος(1); ἀνήρ(1),ἔργον(1); κακός(1); μέρμερος(1); θάνατος(1)
τήκω,7,3,"moan, melt, hope, bade",25,"melt, melt down; bring; down in rain; dissolve",χρώς(1); παρήιον(1); Ὀδυσσεύς(1),θυμός(1)
ἀπονίναμαι,7,-1,(unassigned),22,have the use; enjoyment of; mayest; have joy of,Ἀχιλλεύς(1); βία(1),τιμή(1); ἀρετή(1); ἥβη(1)
ἀπορούω,7,-1,(unassigned),7,dart away; start back; spring up from,Τηλέμαχος(1); Ἱππόλοχος(1); Αὐτομέδων(1); Πηλείδης(1); Αἰνείας(1),
ἔξειμι,7,-1,(unassigned),1,"ibo; go out, come out; leave; quit service",,τοκεύς(2); μέγαρον(1); Μυρμιδόνες(1)
ποιπνύω,7,-1,(unassigned),5,bustle about; make haste and; labouring,δύο(1); Αὐτομέδων(1); Ἄλκιμος(1); ὄζος(1),
περιίστημι,7,33,"work, strait, pour, stand",12,place round; bring round; convert; transfer,κῦμα(1); λόχος(1); πολύς(1); ὅμιλος(1); ἑταῖρος(1),χορός(1); βοῦς(1)
ἀγνοέω,7,27,"speak, address, hear, exchange",23,not to perceive; recognize; he perceived; knew well,Καλυψώ(1); δῖος(1); Ἥρα(1); Ἕκτωρ(1),ἀνήρ(1); ἄναξ(1); ἔπος(1)
χατίζω,7,-1,(unassigned),22,"have need of, crave; in want; in want, needy; lack, be without",Θέτις(1),νόστος(2)
ἀράω,7,10,"admit, riot, send away, dismiss",3,plough; arare,,γῆρας(1)
παραλέγω,7,34,"king, inquire, ask, beget bring",22,pluck out superfluous hair; you have had your eyebrows plucked; sail; coast along,Ἐννοσίγαιος(1); Ἑρμῆς(1); Ζεύς(1),Λαοδάμεια(1)
βιάζω,7,6,"fail, tears, meal, flow",16,constrain; they used force; to be hard pressed; overpowered,Ἀχιλλεύς(1),
προκαλέω,7,37,"strike, strip, wound, smite",18,"call forth; to be evoked; call out to fight, challenge; challenge",Αἴας(1),Μενέλαος(1); ἄριστος(1)
ἀποστρέφω,7,36,"bind, luo, turn flight, loosen",23,turn back; turn to flight; turn back from flight; send home again,κραταιίς(1),πούς(1); χείρ(1); Ἀχαιός(1)
καθαιρέω,7,36,"bind, luo, turn flight, loosen",23,take down; take; down; take down oneʼs,μοῖρα(4); πατήρ(1); μήτηρ(1),ὀφθαλμός(1); ναῦς(1); ἱστίον(1)
αἰτιάομαι,7,25,"swear, accuse, oath, say",20,"accuse, censure; to accuse; accuse; bring a charge",βροτός(1); πᾶς(1); ἕκαστος(1),ἀναίτιος(2); θεός(1); Κρονίων(1)
ἀπαίνυμαι,7,22,"succour, face, hide cover, assembly",20,,θεός(2); Ζεύς(1),νόστος(2); τεῦχος(2); ἥμισυς(1); ἀνήρ(1); Ἀπισάων(1)
συγχέω,7,-1,(unassigned),9,"pour together, commingle, confound; mix; in confusion; obliterate, demolish",θεός(1); ἡνία(1),θυμός(2); ἀνήρ(1); κάματος(1); ὀιζύς(1)
διατρίβω,7,17,"slaying, rejoice, eat, flee",14,"rub hard; wear away, consume; to fritter away; perish",Ἀχαιός(1),γάμος(2); Ἀχαιός(1); ὁδός(1); χόλος(1)
σκιάω,7,5,"leap, sal, assemble, went",5,"overshadow, make shady; to be shaded; dark",ἄγυια(7),
ἀποπλάζω,7,42,"pass, cut twain, rend, right",5,lead away from; stray away from; glancing off; wander,δόρυ(1),νῆσος(1); πατρίς(1); τοκεύς(1)
διοιστεύω,7,7,"wash, fenced, arrow, count",3,shoot an arrow between; reach it with an arrow,,σίδηρος(4); πέλεκυς(2)
ὀιστεύω,7,-1,(unassigned),2,shoot arrows; with an arrow; shoot with an arrow,,Μενέλαος(1)
καθεύδω,7,19,"return, sleep, assemble collect, company",21,"lie down to sleep, sleep; to sleep; pass the night; roost",Ὀδυσσεύς(2); Ἀτρείδης(1),μυχός(1)
εὕω,6,35,"attain, come, reach, sink",8,singe; uro; eus-ō,ἀυτμή(1),σίαλος(1); βλέφαρον(1); ὀφρύς(1)
εἰσείδω,6,-1,(unassigned),12,,Σκύλλα(1),Ἰφιμέδεια(1); παράκοιτις(1); κῦμα(1)
ἀγινέω,6,-1,(unassigned),15,"lead, bring; lead captive; keep, observe; cause to be brought",ἕκαστος(1); ἀνήρ(1),μῆλον1(1); αἴξ(1); μνηστήρ(1)
ἀνεγείρω,6,-1,(unassigned),21,"wake up, rouse; wake up, raise; rouse, encourage; stir, rouse the spirit of",Νέστωρ(1),ἑταῖρος(1); Ὀδυσσεύς(1)
ἐπιπροίημι,6,-1,(unassigned),2,send forth; on board; sent; forth,,νῆσος(1); ναῦς(1); Μενέλαος(1)
ἀριθμέω,6,7,"wash, fenced, arrow, count",3,"number, count, reckon up; counted; after numbering; stopped to count",,ἑταῖρος(1); τρίπους(1); λέβης(1); χρυσός(1); εἷμα(1)
ἀναείρω,6,-1,(unassigned),11,lift up; took; carried; off,Ὀδυσσεύς(2); Μηριόνης(1),τάλαντον(1); κρατήρ(1)
κατείβω,6,20,"sprinkle, roast, broil, let flow",12,"let flow down, shed; flow apace; downward flowing; was flowing, passing away",αἰών(1); δάκρυ(1),δάκρυ(1); παρειά(1)
τέρσομαι,6,35,"attain, come, reach, sink",12,"to be; become dry, dry up; dried up; is baked",ἕλκος(2); ὄσσε(1); εἷμα(1); θειλόπεδον(1),δάκρυον(1); αὐγή(1); ἥλιος(1)
ἀναλύω,6,-1,(unassigned),3,"cause to wander, unsettle",,ἱστός(2)
τρίζω,6,-1,(unassigned),5,utter a shrill cry; creaked; crepitates; grinds,νῶτον(1),
ἐπιλήθω,6,-1,(unassigned),21,cause to forget; laps one in forgetfulness; to be forgotten; let,γέρων(1),Ἰθάκη(1); ἅπας(1); ἐσθλός(1); κακός(1)
μαιμάω,6,-1,(unassigned),6,"to be very eager, quiver with eagerness; rages; eager for; rushed into, were suddenly changed into",χείρ(2); πούς(1); ἦτορ(1),
προκαλίζομαι,6,10,"admit, riot, send away, dismiss",2,"call forth, challenge, defy; challenge",,ἄριστος(2); κοῦρος(1)
ἐπιδέω,6,36,"bind, luo, turn flight, loosen",23,"bind, fasten on; have; fastened; bind up, bandage",μοῖρα(1),θύρα(1); χρυσός(1); μάχη(1); ἀνήρ(1)
παρεῖπον,6,-1,(unassigned),22,"talk over, win over; by thy persuasions; give; advice",Θέτις(1); θυγάτηρ(1),αἴσιμος(2)
ἐπιγνάμπτω,6,31,"heavy, aim, disembark, cheat",3,"curve; bend; bow, bend to oneʼs purpose",Ἥρα(3),ἅπας(3); κῆρ(1); νόος(1)
προφεύγω,6,-1,(unassigned),1,"flee forwards, flee away; flee from, shun, avoid; avoid",,μένος(2); χείρ(2); πόντος(1); θάνατος(1); κακός(1)
ἰάομαι,6,-1,(unassigned),18,"heal, cure; attempt to cure, treat; cure. treat; remedy",Ἐνοσίχθων(1); υἱός(1); Παιάν(1),ὀφθαλμός(1); Εὐρύπυλος(1); Ἄρης(1)
ἐκπεράω,6,42,"pass, cut twain, rend, right",9,"go out over, pass beyond; go through; pass through, pierce; go forth",δόρυ(2); ὀιστός(1),λαῖτμα(3)
ἐπιδινέω,6,4,"amazed, astonished, look, whirl swing",6,"whirl for; swing round; turn over in oneʼs mind, resolve; wheel about",θυμός(1),
στένω,6,3,"moan, melt, hope, bade",21,"moan, sigh, groan; groaning aloud; moan; sigh for",κῆρ(1); ἦτορ(1); δῆμος(1),κῆρ(1)
οἴγνυμι,6,24,"shut close, beckon, opened, sing",4,,πύλη(2); Ἑρμῆς(1); Θεανώ(1); Κισσηΐς(1); ἄλοχος(1),θύρα(2); πύλη(1)
δάπτω,6,-1,(unassigned),4,devour; rend; tear; corrode,,χρώς(3); ἔλαφος(1)
ἐρέπτομαι,6,7,"wash, fenced, arrow, count",3,feed on; feeding on; eat,,λωτός(2); κρῖ(2); ὄλυρα(2); πυρός(1); σέλινον(1)
ἀπομόργνυμι,6,7,"wash, fenced, arrow, count",3,wipe off; away from; wipe off from oneself; wiped away his,,δάκρυ(2); παρειά(1); πρόσωπον(1); χείρ(1); αὐχήν(1)
δαμνάω,6,12,"sweat, born, stir, rouse",23,,μένος(1); βέλος(1); νόος(1); Τρώς(1),Τρώς(1); ἀθάνατος(1); ἄνθρωπος(1); θυμός(1)
μεθέπω,6,-1,(unassigned),17,"pursue, follow after; pursuing; go in search of; drove in search of",,Τυδεΐδης(1); ἵππος(1); ἡνίοχος(1)
ἀμφιβάλλω,6,-1,(unassigned),1,throw; put round; put them on; put round oneself,,μένος(1); ἀλλήλων(1)
ἱδρύω,6,9,"reproach, fear, awe, sense",2,"make to sit down, seat; encamped; to be seated, sit still; lie encamped",,Ἄρης(1); λαός(1)
περιβαίνω,6,37,"strike, strip, wound, smite",18,go round; bestride; those mounted on; come round,ἄριστος(1); Πουλυδάμας(1); Αἰνείας(1); Ἀγήνωρ(1); Γλαῦκος(1),Πάτροκλος(1); Ἱππόθοος(1); ἀδελφός(1)
ἀπατάω,6,31,"heavy, aim, disembark, cheat",7,"cheat, deceive; cheat; hopes; to be deceptive",Ἥρα(1),
ἐπικραίνω,6,26,"fulfil, spin, perform, accomplish",20,"bring to pass, accomplish; may; fulfil; fulfilled",Κρονίων(2),ἔλδωρ(3); ἀρά(1)
ἀνάπτω,6,-1,(unassigned),9,make fast on; moor; form a close connexion; confer,πεῖραρ(2),πεῖραρ(1); μῶμος(1); ἄγαλμα(1); ὕφασμα(1); χρυσός(1)
συναγείρω,6,19,"return, sleep, assemble collect, company",21,"gather together, assemble; collect; gather together, come together, assemble; collect for oneself",Ὀδυσσεύς(2),ὅσος(2); βίοτος(1)
ἀπολάμπω,6,37,"strike, strip, wound, smite",9,shine; beam from; beamed from; gleams with,χάρις(2); τρυφάλεια(1),αἰχμή(1)
ἐξικνέομαι,6,-1,(unassigned),14,"reach, arrive at; come to; arrive at, reach; complete, accomplish",ναῦς(1),νῆσος(1); δῆμος(1); θᾶκος(1); Φθία(1)
μιαίνω,6,38,"stream, defile, stain, fall",9,"stain, dye; stain, sully; taint, defile; dishonour",ἔθειρα(1); πήληξ(1); χαίτη(1); γυνή(1); μηρός(1),κονία(2); ἐλέφας(1); φοῖνιξ(1)
ταράσσω,6,-1,(unassigned),12,"stir, trouble; troubling; mix; to wag",ἀγορά(1),πόντος(2); δαίς1(1); ἵππος(1)
βαρύνω,6,36,"bind, luo, turn flight, loosen",8,"weigh down, oppress, depress; he is heavy; weary; disabled",γυῖον(1); δόρυ(1),μηρός(1); χείρ(1); πήληξ(1)
φύρω,6,-1,(unassigned),12,mix; dry with; wet; mixing so as to spoil,παῖς(1),δάκρυον(3); στῆθος(1); χεῖλος(1); αἷμα(1)
πλύνω,6,-1,(unassigned),4,"Acut.(Sp; wash, clean; bathe; wash the hands",ἄλοχος(1); θυγάτηρ(1),εἷμα(1)
ὑποκρίνομαι,6,25,"swear, accuse, oath, say",22,,μνηστήρ(1); θεοπρόπος(1),ὄνειρος(1)
κονίω,6,-1,(unassigned),10,"make dusty, cover with clouds of dust; cover with dust; all dusty; in haste",ἡγήτωρ(1); μέδων(1); κάρα(1),πεδίον(1); χαίτη(1)
παρελαύνω,6,-1,(unassigned),7,"drive by; past; drive; drive past, overtake",Ἀκτορίων(1),
ἀνέλκω,6,7,"wash, fenced, arrow, count",3,draw up; holds; haul; up high and dry,,πῆχυς(2); ἔγχος(1); σταθμόν(1); ἔριον(1)
δοκεύω,6,8,"like, guardian, conceal, heed",3,"keep an eye upon, watch narrowly; watches; having watched for; lie in wait for",,Ὠρίων(2); Ἄμφικλος(1)
ἀλεγίζω,6,-1,(unassigned),7,"trouble oneself about; care for, mind, heed",πατήρ(1),
μεθάλλομαι,6,-1,(unassigned),2,"leap, rush upon; rush after; leap from; to another",,Τρώς(1)
λιτανεύω,6,27,"speak, address, hear, exchange",9,"pray, entreat",Ὀδυσσεύς(1); γέρων(1); Οἰνεύς(1),γόνυ(1); πᾶς(1)
ἐκλανθάνω,6,23,"look gaze, courage, share, persuade",19,escape notice utterly; forget utterly; forgettest; entirely,Ἀχαιός(1); φρήν(1),Ἀφροδίτη(1); γάμος(1); ἀλκή(1); κιθαριστύς(1); ὀιζύς(1)
τεκμαίρομαι,6,25,"swear, accuse, oath, say",23,"assign, ordain; appoint; am arranging; settle with oneself",Κίρκη(1); θεός(1),ὄλεθρος(2); ναῦς(2); ἑταῖρος(2)
στόρνυμι,6,22,"succour, face, hide cover, assembly",20,"spread; make up; make a bed; spread, strew",θεός(1),λέχος(2); ῥῆγος(1); λίνος(1); δέρμα(1); πόντος(1)
κρεμάννυμι,6,-1,(unassigned),3,hramjan; hang up; hang them up; hang up oneʼs,,φόρμιγξ(2); σειρά(1)
κατακρύπτω,6,8,"like, guardian, conceal, heed",3,"hide, conceal; put away; use concealment, conceal oneself; oneʼs true nature",,ἄλεισον(1); νύξ(1)
εὐνάζω,6,2,"roar, old, haste, shout",5,"lay; place in ambush; put to bed, put to sleep; in a form",Ὀδυσσεύς(1); ὄρνις(1); σκώψ(1),
ὑπαλύσκω,6,-1,(unassigned),3,"flee from, escape; having got quit of",,ἄελλα(1); χρέος(1)
ἀμέρδω,6,35,"attain, come, reach, sink",12,"deprive, bereave; to be bereft of; bereave of natural rights; blinded",καπνός(1); αὐγή(1),δαίτη(1); ὀφθαλμός(1); ὄσσε(1); ὅμοιος(1)
ἀποφέρω,6,-1,(unassigned),18,"carry off; away; to be carried from oneʼs course; exhale, evaporate",θεράπων(2); ἵππος(1),τεῦχος(2); Κῶς(2); Ἕκτωρ(1)
ἀποκόπτω,6,7,"wash, fenced, arrow, count",3,"cut off, hew off; amputate; cut loose; will be cut off",,κόμη(1); τένων(1); ὅσος(1); ὄργυια(1); κάρα(1)
ποτιπτύσσω,6,-1,(unassigned),1,,,πατήρ(1); μῦθος(1)
κιρνάω,6,21,"mix, drink, cup, rule",11,mix; to mix the cup; flavour by mixing; temper,Ποντόνοος(2),οἶνος(6)
προεῖδον,6,23,"look gaze, courage, share, persuade",21,"look forward; see beforehand, catch sight of; foresee, portend; take thought for",λαός(1),κίρκος(1)
ἀρτύω,6,25,"swear, accuse, oath, say",23,"arrange, prepare, make ready; dress savoury; season; administer",Κλυταιμνήστρη(1); μνηστήρ(1); Ζεύς(1); βασίλεια(1),δόλος(1); ὄλεθρος(1); Τηλέμαχος(1)
ἐκπέμπω,6,10,"admit, riot, send away, dismiss",3,"send out; forth from; bring out by calling, call; fetch out",,νομεύς(1); δῶμα(1); δόμος(1); πόλεμος(1)
ἀπαμύνω,6,10,"admit, riot, send away, dismiss",2,"keep off, ward off; for; from; repulse",,ἀνήρ(3); Αἰτωλός(1); ἦμαρ(1)
ἀνακαίω,6,15,"eat, devour, kindle, chase",12,"kindle, light up; light oneself; kindle; fire up",δμωή(1); μελάνθιος(1),πῦρ(6)
διασεύομαι,6,42,"pass, cut twain, rend, right",9,dart through,αἰχμή(2),μέγαρον(2); τάφρος(1); στέρνον(1); λαός(1)
ἀγαπάζω,6,-1,(unassigned),23,"treat with affection, receive with outward signs of love; show signs of love, caress; welcome, receive gratefully",πατήρ(1); θεός(1),παῖς(1); βροτός(1)
παράφημι,6,-1,(unassigned),1,"speak gently to, advise; persuade, appease; speak deceitfully; insincerely",,μνηστήρ(2); ἔπος(1); μήτηρ(1)
χατέω,6,11,"pray, incur, need, born",22,"crave, need; want, have need of",δμώς(1); ἄνθρωπος(1),ἕκαστος(1); θεός(1)
ἀδέω,6,-1,(unassigned),22,to be sated with; should be sated with; feel loathing at; sated with,ξένος(1),κάματος(3); δεῖπνον(1)
ῥάπτω,6,9,"reproach, fear, awe, sense",1,"sew together, stitch; having made himself; having got; stitched",,κακός(3); φόνος(1); Τηλέμαχος(1); θάνατος(1)
ὑπολύω,6,36,"bind, luo, turn flight, loosen",8,loosen beneath; below; made; give way under him,γυῖον(1),γυῖον(3); ἑταῖρος(1); δεσμός(1); μένος(1)
βλεμεαίνω,6,4,"amazed, astonished, look, whirl swing",6,exult,θυμός(1),
γουνάζομαι,6,-1,(unassigned),1,"clasp; knees; implore, entreat; implore",,γόνυ(1)
προλείπω,6,39,"abandon, congeal, curdle, portion",22,"forsake, abandon; abandon; leave; omit to do",μῆτις(1),κτῆμα(2); ἀνήρ(2); πηός(1); γαῖα(1)
ὀρθόω,6,-1,(unassigned),16,"set straight; set upright, set up; raise up; raise up, rebuild",Ἐπειός(1); Ἀπόλλων(1),
κλέπτω,6,34,"king, inquire, ask, beget bring",22,clèpere; hlifan; hliftus; steal,Ἀγχίσης(1),νόος(1); Ἕκτωρ(1); γενεά(1)
ἱμείρω,6,19,"return, sleep, assemble collect, company",21,"long for, desire; long; wish",Ὀδυσσεύς(1),αἶα(1); κακός(1); ψῦχος(1)
ἑδριάω,6,-1,(unassigned),10,seat; set; sit,ἡγήτωρ(1),
ἀλητεύω,6,-1,(unassigned),22,"wander, roam",ξένος(1),ἰχθύς(1); ὄρνις(1)
καταφθίω,6,2,"roar, old, haste, shout",5,"ruin, destroy; waste away, perish; would; have been consumed, spent",ἤια(1); μένος(1),
κίνυμαι,6,-1,(unassigned),19,"go, move; marched; as it was stirred",φάλαγξ(3),πόλεμος(1)
ὀρύσσω,6,-1,(unassigned),2,dig; trench; dig up; had,,τάφρος(3); βόθρος(2); πᾶς(1)
βροντάω,6,-1,(unassigned),7,thunder; Jupiter Tonans; it thunders; if it thunders,πατήρ(1),
μετακιάθω,6,15,"eat, devour, kindle, chase",12,follow after; chase; visit; go to seek,ἱππεύς(1); Πάτροκλος(1); κύων(1); αἰζηός(1),Αἰθίοψ(2); πεδίον(1); Τρώς(1); Λύκιοι(1)
ἑλκέω,6,15,"eat, devour, kindle, chase",13,"drag about, tear asunder; did; violence to",κύων(2); οἰωνός(1),Λητώ(1); παράκοιτις(1); νέκυς(1); ἑταῖρος(1)
ἐμπίμπρημι,5,-1,(unassigned),2,"kindle, set on fire; burn; to be set on fire; to be inflamed",,ναῦς(5)
φράσσω,5,7,"wash, fenced, arrow, count",3,"fence in, hedge round; secure, fortify; having fenced; fenced",,δόρυ(2); ἔπαλξις(1); ναῦς(1); ἕρκος(1)
ἄρνυμαι,5,-1,(unassigned),1,"win, gain; striving; maintaining; trying to win, striving to secure",,τιμή(2); ψυχή(1); νόστος(1); Μενέλαος(1)
λάσκω,5,1,"ring, rattle, tears, gnash",5,"ring, rattle, crash; ring; cracked, broke with a crash; crackled",ὀστέον(1); χαλκός(1); ἀσπίς(1),
ἐπιμέμφομαι,5,-1,(unassigned),1,cast blame upon; find fault for; because of; complain of,,κασίγνητος(2); εὐχωλή(1); ἑκατόμβη(1)
ὀμόργνυμι,5,-1,(unassigned),10,wipe; were drying their; mrjáti,ἡγήτωρ(1); μέδων(1),δάκρυον(2); παρειά(2); δάκρυ(2); ἰχώρ(1); χείρ(1)
ἐρωτάω,5,-1,(unassigned),1,ask; to be asked; ask about; to ask,,ὄνομα(1)
ὄθομαι,5,-1,(unassigned),6,take heed; regard,ἦτορ(2),
ἀνανεύω,5,31,"heavy, aim, disembark, cheat",23,"throw the head back; make signs of refusal; deny, refuse; rejected",Ἀχιλλεύς(1); Ἀθήνη(1),ἕτερος(1); λαός(1)
ἀπομηνίω,5,-1,(unassigned),2,"to be very wroth, persevere in wrath; having departed from wrath; PBodl.ined; cease from wrath",,Ἀγαμέμνων(2)
ἀνερείπομαι,5,34,"king, inquire, ask, beget bring",22,snatch up and carry off; take upon oneself,Ἅρπυιαι(2); θύελλα(1); θεός(1),παῖς(1)
ἀμφιάζω,5,-1,(unassigned),4,clothe; put on,,εἷμα(4); χιτών(2); χλαῖνα(1)
γέντο,5,7,"wash, fenced, arrow, count",3,he grasped,,ἱμάσθλη(2); δόρυ(1); ῥαιστήρ(1); πυράγρα(1)
ἄχθομαι,5,-1,(unassigned),14,"to be loaded; to be vexed, grieved; with; had",ναῦς(1),ὀδύνη(1); ἕλκος(1)
πτωχεύω,5,-1,(unassigned),3,"to be a beggar, go begging; to be as poor as a beggar; to be badly off for; beg",,δαίς1(2)
δορπέω,5,6,"fail, tears, meal, flow",7,take supper,Ὀδυσσεύς(1); ὑφορβός(1); ἀνήρ(1),
ἐκδύω,5,-1,(unassigned),4,"take off, strip off; stripped; strip; to be stripped of",,χιτών(1); μέγαρον(1); ὄλεθρος(1); τεῦχος(1)
ἀποσεύω,5,-1,(unassigned),14,"chase away; run away, flee; haemorrhage",Ἕκτωρ(1),δῶμα(1); ὁδός(1)
ἀλεγύνω,5,-1,(unassigned),15,"heed, care for; find; prepare; for guests",ἀνήρ(1),δαίς1(3); δαῖς(1)
οἰκτείρω,5,-1,(unassigned),16,,Ἀχιλλεύς(2),κάρα(1); γένειον(1)
ἀνύω,5,21,"mix, drink, cup, rule",11,"effect, accomplish; did; good; to forward the work",ναῦς(2); ἔργον(1); φλόξ(1),ὕδωρ(1)
ἀμέλγω,5,-1,(unassigned),3,milk; you drain; of all they have; such up,,ὄις(2); αἴξ(2); ὅσος(1); πᾶς(1); μῆλον1(1)
ὑπέρχομαι,5,36,"bind, luo, turn flight, loosen",8,"come under, get under; come within; enter; come upon, steal over",τρόμος(2),Τρώς(2); γυῖον(2); δῶμα(1); μέλαθρον(1); θάμνος(1)
περιτέλλομαι,5,2,"roar, old, haste, shout",5,come round; came round; go round; rise above the horizon,ἔτος(2); ἐνιαυτός(1),
θέρω,5,15,"eat, devour, kindle, chase",12,"heat, make hot; become hot; warm; warm your self",ναῦς(1); ἄστυ(1),πῦρ(3)
πτύσσω,5,-1,(unassigned),4,"fold, double up; fold up; fold; fold, close",ἔγχος(1),εἷμα(2)
συμφράζομαι,5,-1,(unassigned),22,"join in considering, take counsel with; imparted; contrive; mention at the same time",Νεστορίδης(1); Θέτις(1); θυγάτηρ(1),βουλή(4)
ὑπέχω,5,30,"drive, sway, run, bring brought",17,hold under; put; under; holding out,μάντις(1),ἵππος(1)
κτερίζω,5,17,"slaying, rejoice, eat, flee",14,,Ἀχαιός(2),κτέρεα(2)
ὁμαδέω,5,-1,(unassigned),24,make a noise; din,μνηστήρ(5),
τιτρώσκω,5,-1,(unassigned),9,wound; is wounded; inflict; kill,οἶνος(1),ἀλλήλων(2); ἵππος(1)
κεράω,5,21,"mix, drink, cup, rule",3,make horned; take post on the wing; flank,,οἶνος(5)
μεδέων,5,8,"like, guardian, conceal, heed",3,"guardian, ruler; ruling; ruler; guardian goddess",,δωδώνη(1)
ἀμάω,5,38,"stream, defile, stain, fall",12,reap corn; reaped; cut; mow down,ἔριθος(1),οὖς(1); ῥίς(1); λήιον(1); ὄροφος(1)
ἐνδύω,5,-1,(unassigned),4,go into; put on; wear; assume,,χιτών(5)
ὁρμίζω,5,-1,(unassigned),2,"bring to a safe anchorage, bring into harbour, moor, anchor; moored; bring; safe",,ναῦς(1)
κατεσθίω,5,15,"eat, devour, kindle, chase",13,"eat up, devour; corrode; to be gnawed; bite",κύων(1),
συνελαύνω,5,22,"succour, face, hide cover, assembly",20,drive together; drove; together; hammer together,θεός(1),ληίς(1); πῶυ(1); συβόσιον(1); αἰπόλιον(1); ἵππος(1)
ὑπάγω,5,30,"drive, sway, run, bring brought",18,lead; bring under; brought; under,Ζεύς(1); Αὐτομέδων(1),ζυγόν(3); ἵππος(3); ἡμίονος(1); Ἕκτωρ(1); Ξάνθος(1)
ἐπιστέφω,5,21,"mix, drink, cup, rule",11,filled; to be full; covered with; pour,κοῦρος(4),κρατήρ(5); ποτός(5)
στεφανόω,5,2,"roar, old, haste, shout",5,to be put round in a circle; as a rim; border; to be put round,πόντος(1); Γοργώ(1); νέφος(1); οὐρανός(1); φόβος(1),
ἐπιπωλέομαι,5,-1,(unassigned),9,"go about, go through; inspecting; reconnoitring; visit",,στίξ(5)
ἐνίσσω,5,10,"admit, riot, send away, dismiss",2,"attack, reproach; maltreal",,θυγάτηρ(1); υἱός(1)
κάμπτω,5,7,"wash, fenced, arrow, count",9,"kaṁp-as; kuṁp-as; campus; bend, curve",,γόνυ(3); χείρ(1); γλωχίν(1); ἴτυς(1); δίφρος(1)
ἐνόρνυμι,5,-1,(unassigned),9,"arouse, stir up in; arise in; among",γέλως(2),θεός(2); φύζα(2); γόος(1)
ἕπω1,5,7,"wash, fenced, arrow, count",3,"to be about, busy oneself with; sapati; saparyati; sepelio",,τεῦχος(1); ἀσπίς(1); θώραξ(1)
παίζω,5,29,"taught, weave, send forward, set",22,"play like a child, sport; dance; play; dance and sing",νύμφη(1); κόρη(1),σφαῖρα(1)
πορφύρω,5,4,"amazed, astonished, look, whirl swing",8,"heaves, surges, swirls; gently heaving; was; troubled",καρδία(4); πέλαγος(1),
ὠμοθετέω,5,-1,(unassigned),22,place the raw pieces; sacrifice; raw; shoulder,συβώτης(1),
κτεατίζω,5,-1,(unassigned),21,"gain, win; get for oneself, acquire",Λαέρτης(1),πολύς(3)
κέλλω,5,-1,(unassigned),2,"drive on; run; to land, put; to shore",,ναῦς(4)
μέλπω,5,24,"shut close, beckon, opened, sing",23,celebrate with song and dance; sing; let; sound,ἀοιδός(2); Δημόδοκος(1),Ἑκάεργος(1); Ἄρης(1)
τίλλω,5,-1,(unassigned),12,pluck; pull out; pluck out oneʼs; from which,μήτηρ(2); ἄλοχος(1),χαίτη(1); πέλεια(1); κόμη(1)
μετοίχομαι,5,-1,(unassigned),21,"go after, go in quest of; rush upon, pursue; go among; through",κῆρυξ(1),ἀοιδός(1); Ἄβας(1); Πολύειδος(1); υἱός(1)
ἀνοίγνυμι,5,-1,(unassigned),4,open; they tried to put back; so as to open; took off,θεός(1); τρεῖς(1),θύρα(1); πῶμα(1); ἐπίθημα(1); κλείς(1)
στείνω,5,33,"work, strait, pour, stand",12,"make strait, straiten, confine, crowd; to become strait, be narrowed; to be straitened for room; to be",θύρετρα(1); σηκός(1); λαός(1),ἀρνός(1); ἔριφος(1); λάχνος(1)
ὀνειδίζω,5,9,"reproach, fear, awe, sense",2,"cast in; teeth, make a reproach; make a reproach; to be made a reproach",,γαστήρ(1); Ἀγαμέμνων(1); ἀλκή(1)
ἀπέρχομαι,5,30,"drive, sway, run, bring brought",18,"go away, depart from; cease from; departure from; and arrival at",Ἀντίλοχος(1),πάτρη(2); οἶκος(1); πάτρα(1)
καγχαλάω,5,17,"slaying, rejoice, eat, flee",7,"rejoice, exult; rejoice",Ἀχαιός(1),
ἐπιγράφω,5,-1,(unassigned),9,,Κτήσιππος(1); ὀιστός(1),χρώς(2); Εὔμαιος(1); ὦμος(1); ταρσός(1)
ἐπιδίδωμι,5,10,"admit, riot, send away, dismiss",2,give besides; administer; give afterwards; give in dowry,,ὅσος(2); θυγάτηρ(2); θεός(1)
ἀπόμνυμι,5,25,"swear, accuse, oath, say",22,take an oath away from; swear that one will not do; deny on oath; swear to,γραῦς(1),ὅρκος(2)
ἀμφιπολεύω,5,9,"reproach, fear, awe, sense",3,"serve as an attendant, tend, care for; serve, have the care of; hold the; office of",,βίος(2); ὄρχατος(2)
κοναβέω,5,1,"ring, rattle, tears, gnash",5,"resound, clash, ring; re-echo",ναῦς(2); δῶμα(1); πήληξ(1); κνημίς(1),
βρυχάομαι,5,2,"roar, old, haste, shout",5,"roar, bellow; death-cry; wail; the roaring of waves",κῦμα(2); πέτρα(1),
στηρίζω,5,26,"fulfil, spin, perform, accomplish",20,"make fast, prop, fix; sets; set; fast",Κρονίων(1); κακός(1),κακός(1); οὐρανός(1); κάρα(1)
προτιόσσομαι,5,4,"amazed, astonished, look, whirl swing",8,look at; upon; forebode; I divine,θυμός(1); καρδία(1),θάνατος(1); ὄλεθρος(1)
κτάομαι,5,-1,(unassigned),22,"procure for oneself, get, acquire; win; to get oneʼs; bring upon oneself",συβώτης(1),ἄκοιτις(1)
τρωπάω,5,-1,(unassigned),2,"turn, change; turn oneself, turn about",,φόβος(1)
ξέω,5,-1,(unassigned),3,shave; plane; carve; shape by carving,,λέχος(1); χείρ(1)
ἔχθω,5,11,"pray, incur, need, born",22,hate,χλαῖνα(1); ῥῆγος(1); γονή(1),θεός(2); Ἀθήνη(1)
δηθύνω,5,5,"leap, sal, assemble, went",7,"tarry, delay; to be prolonged; to be slow",Πάρις(1),
ἀποπλέω,5,-1,(unassigned),14,"sail away, sail off",ναῦς(2); Ἀργεῖος(1),γαῖα(1)
γεύω,5,7,"wash, fenced, arrow, count",3,"give a taste; taste; they had tasted, eaten of; take food",,προίξ(1); χείρ(1); ὀιστός(1); ἀλλήλων(1); ἀκωκή(1)
ἐπιάχω,5,-1,(unassigned),7,"shout out, shout applause; shout",ἀνήρ(2); υἱός(2); Ἀργεῖος(1),
βουκολέω,5,-1,(unassigned),16,tend cattle; graze; range through the sky; graze on,ἵππος(1),βοῦς(1)
πημαίνω,5,-1,(unassigned),9,"plunge into ruin, undo; grieve, distress; damage; do harm",Ποσειδεών(1); ὁπότερος(1),Τρώς(1); Ἕκτωρ(1); ὅρκιον(1)
διαλέγω,5,4,"amazed, astonished, look, whirl swing",6,"pick out; glean; select, separate; examine, check",θυμός(5),
ἀποστείχω,5,6,"fail, tears, meal, flow",7,"go away, go home",δῖος(1),
ἠμύω,5,-1,(unassigned),12,"bow down, sink; totter, fall; fall, perish; cause to fall, ruin",πόλις(2),κάρα(2); ἄσταχυς(1)
σίνομαι,5,-1,(unassigned),2,"harm, hurt, do; harm; mischief; used to plunder",,ἑταῖρος(1); ἀνήρ(1)
βομβέω,5,2,"roar, old, haste, shout",5,make a booming noise; fell with a loud noise; flew humming; roar,πᾶς(1); πρόχοος(1); λίθος(1); τρυφάλεια(1); αἰχμή(1),
ἐπιβρίθω,5,2,"roar, old, haste, shout",5,,ὄμβρος(2); ὥρα(1); πόλεμος(1),
