lemma,urn,category,method,pos_score,neg_score,margin,entry_len,gloss
μεγᾰλο-πολίτης,urn:cite2:hmt:lsj.chicago_md:n65461,civic_community,seed,0.638,0.202,0.436,83,citizen of a large city
φῡλή,urn:cite2:hmt:lsj.chicago_md:n112563,civic_community,seed,0.637,0.68,-0.043,1688,"a race, tribe;; a union formed in an organized community; tribe; a body; united; by supposed ties of blood and descent, clan; tribes; by local habitation; subdivision of the priests in each Egyptian temple; military contingent furnished by a tribe; representatives of a tribe; kind, species"
Ἀχερδούσιος,urn:cite2:hmt:lsj.chicago_md:n18679,civic_community,seed,0.635,0.264,0.372,173,inhabitant of the deme; Crabby
μητρο-πολίτης,urn:cite2:hmt:lsj.chicago_md:n67593,civic_community,seed,0.634,0.273,0.361,260,citizen of a; citizen of Metropolis; metropolitan bishop
πολῑτ-ευμα,urn:cite2:hmt:lsj.chicago_md:n84506,civic_community,seed,0.628,0.473,0.155,1730,"business of government, act of administration; measures of government; institutions; policy; Catonis; the government; citizens; free republics; form of government; citizen rights, citizenship; body of citizens; sovereign body; corporate body of citizens; corporate body, association; founded by"
πολῑτ-ῐκός,urn:cite2:hmt:lsj.chicago_md:n84513,civic_community,seed,0.628,0.541,0.087,4861,"of, for; relating to citizens; ager publicus; urbanus; qui inter cives ius dicit); civil; in a town; city; official; befitting a citizen, civic, civil; civil affairs; more constitutionly; observant of social order; like a citizen, in a constitutional manner; like members of one state; more socially; civil, courteous; civilly, courteously; consisting of citizens; of oneʼs fellow-citizens; community; composed of; citizens; living in a community; fit for, characteristic of, free government; secular; laity; of; befitting a statesman, statesmanlike; the statesman; belonging to the state; its administration, political; of politics; public matters; weal of the state; civil, municipal; having relation to public life, political, public; litterae; scriptae; suited to a citizenʼs common life, ordinary; belonging to common usage; drawn from ordinary life; ordinary; concubine, mistress"
Πτολεμ-ᾱΐς,urn:cite2:hmt:lsj.chicago_md:n91221,civic_community,seed,0.628,0.298,0.33,380,Acre; a citizen thereof
φῦλον,urn:cite2:hmt:lsj.chicago_md:n112620,civic_community,seed,0.612,0.445,0.167,1735,"race, tribe; class; swarm; people; the race; tribe; ordo senatorius; sex; nation; clan"
ὁμο-φῡλία,urn:cite2:hmt:lsj.chicago_md:n73902,civic_community,seed,0.599,0.323,0.276,81,sameness of race; tribe
φῡλοκρῐνέω,urn:cite2:hmt:lsj.chicago_md:n112619,civic_community,seed,0.596,0.312,0.284,713,make distinctions of tribe; classify; distinguish precisely; select carefully; pick out
ἔτης,urn:cite2:hmt:lsj.chicago_md:n43260,civic_community,seed,0.595,0.261,0.334,881,clansmen; kinsmen and dependents of a great house; citizen; a private citizen
πολῐ-ήτης,urn:cite2:hmt:lsj.chicago_md:n84468,civic_community,seed,0.595,0.286,0.309,425,"citizen; fellow-citizen, countryman; countryʼs"
μικρο-πολίτης,urn:cite2:hmt:lsj.chicago_md:n67748,civic_community,seed,0.59,0.185,0.405,124,citizen of a petty state
φράτρα,urn:cite2:hmt:lsj.chicago_md:n112240,civic_community,seed,0.587,0.355,0.232,1704,"brotherhood; tribe, clan; clans; clan; political subdivision of the; sub-division of a tribe; Harvard Theological Review; curia; league; association; conspiracy"
ὑψῐ-πολις,urn:cite2:hmt:lsj.chicago_md:n109982,civic_community,seed,0.584,0.367,0.216,100,citizen of a proud city
δῐ-πολίτης,urn:cite2:hmt:lsj.chicago_md:n27409,civic_community,seed,0.581,0.254,0.327,70,citizen of two cities
συνοικ-ία,urn:cite2:hmt:lsj.chicago_md:n100783,civic_community,seed,0.579,0.511,0.068,918,"living with her; a body of people living together, settlement, community; house in which several families live, tenement-house; lodging-house; store-room; village, hamlet"
δημότης,urn:cite2:hmt:lsj.chicago_md:n24460,civic_community,seed,0.578,0.385,0.193,797,"one of the people, commoner; popularly; one of the same people, fellow-citizen; member of a deme; of the same deme"
ὁμο-πολῑτεία,urn:cite2:hmt:lsj.chicago_md:n73794,civic_community,seed,0.573,0.289,0.285,91,"community of citizenship, Abh. Berl.Akad."
κοινων-έω,urn:cite2:hmt:lsj.chicago_md:n58444,civic_community,seed,0.57,0.436,0.133,2567,"have; do in common with, share, take part in; with; give a share of; have a share of, take part in; share; in common; partnership; go shares with, have dealings with; is concerned with; has; in common with; sympathize; united with; commit; share in an opinion, agree; communicate, join; form a community"
αὐτο-πολίτης,urn:cite2:hmt:lsj.chicago_md:n17875,civic_community,seed,0.569,0.18,0.389,86,citizen of a free state
ἀπρόσ-φῡλος,urn:cite2:hmt:lsj.chicago_md:n14526,civic_community,seed,0.568,0.249,0.318,83,not belonging to the tribe
δημοτ-ικός,urn:cite2:hmt:lsj.chicago_md:n24461,civic_community,seed,0.566,0.392,0.174,1702,"of; for the people, in common use; popular; common, ordinary; public affairs; of the populace, one of them; on the popular; democratic side; for the people; generous, kindly, affable; affably, kindly; popular, democratic; trying suits between citizens; in a spirit of equality; like a free and independent citizen; belonging to a deme"
φύλιος,urn:cite2:hmt:lsj.chicago_md:n112566,civic_community,seed,0.566,0.321,0.245,60,of a tribe
κοινό-βῐος,urn:cite2:hmt:lsj.chicago_md:n58389,civic_community,seed,0.565,0.45,0.116,251,living in community with others; life in community; monastery
κοινο-ποιός,urn:cite2:hmt:lsj.chicago_md:n58423,civic_community,seed,0.561,0.486,0.075,62,creating community
κοινο-πολῑτεία,urn:cite2:hmt:lsj.chicago_md:n58424,civic_community,seed,0.56,0.259,0.3,116,citizenship of a; league
πολιατ-εύω,urn:cite2:hmt:lsj.chicago_md:n84461,civic_community,seed,0.557,0.233,0.324,55,to be a citizen
πολῑτεύω,urn:cite2:hmt:lsj.chicago_md:n84509,civic_community,seed,0.557,0.424,0.133,3417,"to be a citizen; freeman, live in a free state; have a certain form of government, administer the state; to be governed; the measures of; administration; to be customary; customary; to be made a citizen; live as a free citizen; take part in the government; meddle with politics; hold public office, show public spirit; administer, govern; make; the principle of government; conduct the government; ministers; have a certain form of government; serve as curialis; execute according to custom; deal with; behave; arrange, bring about"
πᾶς,urn:cite2:hmt:lsj.chicago_md:n79904,civic_community,seed,0.555,0.438,0.118,9867,"all; the whole; every.; all the; consisting; composed wholly of; nothing but, only; all, the whole; sovereign; whole; wide; quite; nought but; every; every single; any one; any; anything; all his; absolutely all; in all points; all of them; the community; all things; integral sum; full; of all kinds; in all; with; in the judgement of all; unanimously; all kinds of things; everything; all in all; in all points, entirely, wholly; almost throughout; in every way, by all means, altogether; completely, altogether; for all that, nevertheless; at all; the universe; ten; in every point, altogether; whatever; on the whole, in general; above all; quite so; altogether; utter; great; in great fear; finally; for ever, continually; common; for ever; none"
μονό-φῡλος,urn:cite2:hmt:lsj.chicago_md:n68708,civic_community,seed,0.554,0.293,0.26,76,"of one tribe, race; kind"
πόλις,urn:cite2:hmt:lsj.chicago_md:n84494,civic_community,seed,0.551,0.473,0.077,4699,"city; the citadel; the city of..; oneʼs city; country; praetor urbanus; islands; community; body of citizens; town; state; free state, republic; state affairs, government; public duties; assembly of citizens; rights of citizenship; pūr; pilìs"
σύστημ-α,urn:cite2:hmt:lsj.chicago_md:n101468,civic_community,seed,0.548,0.564,-0.016,2235,"whole compounded of several parts; members, system; composite whole; composition; organized government, constitution; confederacy; band; community; a company; guild; a committee; body of soldiers, corps; crew; flock, herd; college; system; scale; strain; metrical system; accumulation of sediment; the pulse-beats taken collectively; machine, apparatus"
ἀποφύλιος,urn:cite2:hmt:lsj.chicago_md:n14259,civic_community,seed,0.545,0.276,0.269,91,having no tribe; foreign
μετά,urn:cite2:hmt:lsj.chicago_md:n66572,civic_community,seed,0.541,0.467,0.075,10026,"mip; miti, mit; in the midst of, among, between; with; among; in common, along with, by aid of; in co-operation with; by aid of; on; side; with, together with; companions; and; in conjunction with; in oneʼs dealings with; by means of; during; between, among; among, in company with; in; belonging to; between; besides, over and above; to complete the number; after; into the middle of, coming into; persons; things; into; into the midst of; in pursuit; quest of; to seek; in quest of; in search of; for; to seek after; after, behind; beyond, on the far side of; after, next to; thereupon, there-after; by; next after; next to; inferior; to; after, according to; as; wish; among, between; including; among them, with them; with him; and then, next afterwards; thereafter; when past; of community; participation; in common with; in the midst of; succession; pursuit; letting go; reversely; change"
λεωσφέτερος,urn:cite2:hmt:lsj.chicago_md:n62822,civic_community,seed,0.534,0.194,0.34,137,"one of their own people, their fellow-citizen."
φῡλέτ-ης,urn:cite2:hmt:lsj.chicago_md:n112561,civic_community,seed,0.533,0.282,0.251,272,"one of the same tribe, fellow-tribesman; of oneʼs tribe"
τῠραννο-πολίτης,urn:cite2:hmt:lsj.chicago_md:n105973,civic_community,seed,0.528,0.244,0.284,120,citizen under a tyranny; -tarum; -tanorum
ἀλλό-φῡλος,urn:cite2:hmt:lsj.chicago_md:n4536,civic_community,seed,0.524,0.278,0.246,483,"of another tribe, foreign; settled in another nome; alien to man, wild; with foreigners; alien, not oneʼs own"
ἐμπολῑτεύω,urn:cite2:hmt:lsj.chicago_md:n34476,civic_community,seed,0.524,0.333,0.19,511,"to be a citizen, hold civil rights; to talk politics with; introduce into a state, naturalize"
ἑτερο-εθνής,urn:cite2:hmt:lsj.chicago_md:n43140,civic_community,seed,0.524,0.278,0.246,77,"of another tribe, foreign"
ἔμπολ-ις,urn:cite2:hmt:lsj.chicago_md:n34474,civic_community,seed,0.521,0.361,0.16,166,belonging to the city; state; fellow-citizen
δῆμος,urn:cite2:hmt:lsj.chicago_md:n24436,civic_community,seed,0.518,0.508,0.01,2980,"district, country, land; the land; people, inhabitants; the commons, common people; a commoner; plebs; unus de plebe; rank and file; the sovereign people, the free citizens; popular government, democracy; democracies; the popular assembly; assembly; township, commune; faction; dā´ti"
κοσμο-πολίτης,urn:cite2:hmt:lsj.chicago_md:n59337,civic_community,seed,0.518,0.279,0.239,129,citizen of the world
μικρο-πολῑτεία,urn:cite2:hmt:lsj.chicago_md:n67747,civic_community,seed,0.516,0.136,0.379,74,citizenship in a petty state
δημο-ποίητος,urn:cite2:hmt:lsj.chicago_md:n24432,civic_community,seed,0.515,0.223,0.293,116,made a citizen
πολῑτ-εία,urn:cite2:hmt:lsj.chicago_md:n84505,civic_community,seed,0.515,0.473,0.042,2052,"condition and rights of a citizen, citizenship; grants of citizenship; the daily life of a citizen; life, living; body of citizens; civitas; government, administration; course of policy; acts of policy; tenure of public office; civil polity, constitution of a state; form of government; republican government, free common-wealth"
ἄφῡλος,urn:cite2:hmt:lsj.chicago_md:n18578,civic_community,seed,0.511,0.277,0.234,77,without a tribe
Κᾰλαύρεια,urn:cite2:hmt:lsj.chicago_md:n52558,civic_community,seed,0.505,0.218,0.286,314,Calauria; citizen of C.
μιξ-αρχᾱγέτας,urn:cite2:hmt:lsj.chicago_md:n67914,civic_community,seed,0.503,0.318,0.185,137,a tribe-hero; only in union with
ὁμο-κωμήτης,urn:cite2:hmt:lsj.chicago_md:n73735,civic_community,seed,0.501,0.317,0.184,117,member of the same village-community
πολῑτ-ης,urn:cite2:hmt:lsj.chicago_md:n84511,civic_community,seed,0.499,0.391,0.108,692,"citizen, freeman; fellow-citizen; belonging to, connected with oneʼs city; country"
ἀστίτης,urn:cite2:hmt:lsj.chicago_md:n16546,civic_community,seed,0.498,0.153,0.345,105,"townsman, citizen"
ἀστός,urn:cite2:hmt:lsj.chicago_md:n16565,civic_community,seed,0.498,0.425,0.073,731,"townsman, citizen; one who has civil rights; one who has political rights; the commons; citizen of Alexandria"
ἐνδοιΐτιναι,urn:cite2:hmt:lsj.chicago_md:n35255,civic_community,seed,0.498,0.188,0.31,157,those who can trace citizen-ancestry through seven generations
χρήσῐμ-ος,urn:cite2:hmt:lsj.chicago_md:n114651,civic_community,seed,0.495,0.449,0.045,1581,"useful, serviceable; excellence; useful; serviceable, useful; a good and useful citizen; able; used, made use of; muchfrequented; available; authentic; that will; pass; serviceable; with advantage"
ἀρχί-φῡλος,urn:cite2:hmt:lsj.chicago_md:n16031,civic_community,seed,0.494,0.242,0.253,63,chief of a tribe
ὁμο-πολίτης,urn:cite2:hmt:lsj.chicago_md:n73795,civic_community,seed,0.494,0.189,0.304,72,fellow-citizen
συμπολῑτ-ης,urn:cite2:hmt:lsj.chicago_md:n98766,civic_community,seed,0.494,0.189,0.304,177,fellow-citizen
φῡλετ-εύω,urn:cite2:hmt:lsj.chicago_md:n112560,civic_community,seed,0.492,0.219,0.273,85,adopt into a tribe
ἀριστο-πολῑτευτής,urn:cite2:hmt:lsj.chicago_md:n15129,civic_community,seed,0.481,0.252,0.23,341,best of citizens; best citizen; privileges of an
πολῑτο-γρᾰφέω,urn:cite2:hmt:lsj.chicago_md:n84516,civic_community,seed,0.481,0.151,0.33,352,enrol as a citizen; act as registrar; to be admitted to citizenship
συμπολῑτ-ευσις,urn:cite2:hmt:lsj.chicago_md:n98764,civic_community,seed,0.48,0.243,0.237,88,fellow-citizenship
ἀντί-δοσις,urn:cite2:hmt:lsj.chicago_md:n9915,civic_community,seed,0.479,0.331,0.148,786,"giving in return, exchange; repayment, requital; in return for..; a form by which a citizen charged with a; might call upon any other citizen; either to exchange properties, or to submit to the charge himself"
πολῑτο-γρᾰφία,urn:cite2:hmt:lsj.chicago_md:n84517,civic_community,seed,0.479,0.154,0.325,125,enrolment as a citizen
Λίνδος,urn:cite2:hmt:lsj.chicago_md:n63370,civic_community,seed,0.476,0.185,0.291,356,Lindos; from Lindos; Lindian; citizen of Lindos
ὁμοφων-ία,urn:cite2:hmt:lsj.chicago_md:n73907,civic_community,seed,0.476,0.388,0.089,276,"unison; community of language; agreement, concord"
πλῆθος,urn:cite2:hmt:lsj.chicago_md:n83774,civic_community,seed,0.464,0.572,-0.108,3809,"great number, multitude; mass; greater number; mass, main body; largest part; the majority; a majority; people, population; the commons; assembly; plebs; association, corporation; guild; populace, mob; masses; quantity; number; in force; magnitude, size; extent; amount; multa sudans; quantities; more than enough; plurality; length; in great numbers; large number; usually, mostly"
ἀποπολῑτεύω,urn:cite2:hmt:lsj.chicago_md:n13479,civic_community,seed,0.463,0.279,0.185,114,dissolve political community
Αἰαντίδης,urn:cite2:hmt:lsj.chicago_md:n2110,civic_community,seed,0.462,0.277,0.185,112,son of Ajax; one of the tribe
ἄπολις,urn:cite2:hmt:lsj.chicago_md:n13083,civic_community,seed,0.455,0.334,0.121,670,"without city, state; country; outlaw, banished man; no true citizen; without cities; that is no city; that has no constitution, no true"
ἀκοιν-ωνησία,urn:cite2:hmt:lsj.chicago_md:n3270,civic_community,seed,0.449,0.507,-0.057,200,"non-existence of community; unsociableness; lack of community, incompatibility"
πολισσονόμος,urn:cite2:hmt:lsj.chicago_md:n84498,civic_community,seed,0.445,0.491,-0.046,164,managing; ruling a city; of social order
Μεγᾰρ-εύς,urn:cite2:hmt:lsj.chicago_md:n65542,civic_community,seed,0.444,0.232,0.212,214,citizen of Megara
ἀπό-σπασμα,urn:cite2:hmt:lsj.chicago_md:n13772,civic_community,seed,0.442,0.454,-0.013,409,"that which is torn off, a piece, rag, shred; branch, division of a tribe; a detached portion; particle; avulsion, tearing apart"
κληροῦχ-ος,urn:cite2:hmt:lsj.chicago_md:n57889,civic_community,seed,0.439,0.313,0.126,812,"one who held an allotment of land; an allotment in a foreign country assigned him as a citizen; holder of land by military tenure; having; for her lot; one who distributed allotments; holder of an inheritance; land-owner, landlord; distributed in allotments"
διαδρᾱσῐπολῖται,urn:cite2:hmt:lsj.chicago_md:n24731,civic_community,seed,0.437,0.172,0.266,108,citizen who shirks all state burdens
κοιρᾰν-ίδης,urn:cite2:hmt:lsj.chicago_md:n58466,civic_community,seed,0.437,0.222,0.214,113,member of a ruling house
σελαχ-ώδης,urn:cite2:hmt:lsj.chicago_md:n93625,civic_community,seed,0.434,0.263,0.171,114,of; like the tribe of
κοινόβουλ-ος,urn:cite2:hmt:lsj.chicago_md:n58396,civic_community,seed,0.427,0.148,0.279,144,member of local senate
σύνοδος,urn:cite2:hmt:lsj.chicago_md:n100766,civic_community,seed,0.427,0.396,0.032,3190,"assembly, meeting; meeting; political clubs; conspiracies; meetings; gatherings; synods; national gathering; society for festal purposes; company, guild; club; sexual intercourse; coming together, constriction; straits; coming together; constriction; contraction; union; concourse, assemblage; combination; conjunction; construction; incoming; revenues; sunhod-; synhod-"
μῑσο-πολίτης,urn:cite2:hmt:lsj.chicago_md:n68080,civic_community,seed,0.424,0.246,0.178,70,citizen-hater
νεο-πολίτης,urn:cite2:hmt:lsj.chicago_md:n70345,civic_community,seed,0.424,0.132,0.292,205,newly enfranchised citizen
ἀριστο-γᾰλᾰτίας,urn:cite2:hmt:lsj.chicago_md:n15107,civic_community,seed,0.423,0.242,0.182,104,"chief citizen of the province of Galatia, Class.Rev."
ἰσοπολῑτ-ης,urn:cite2:hmt:lsj.chicago_md:n51128,civic_community,seed,0.421,0.424,-0.004,456,enjoying equal political rights; enjoying reciprocity of rights; municipia; enjoying such rights; equitable citizen
τρῐᾱκάς,urn:cite2:hmt:lsj.chicago_md:n104732,civic_community,seed,0.418,0.233,0.185,1019,"the number thirty; the thirtieth day of the month.; a month; a religious association of thirty persons, fraction of the deme; a company of thirty"
κύκλος,urn:cite2:hmt:lsj.chicago_md:n60646,civic_community,seed,0.416,0.417,-0.002,5930,"ring, circle; circle; circles; in a circle; ring, round about; round; around; from all sides; all over; circumstances; any circular body; wheel; janker; trencher; place of assembly; amphitheatre; crowd of people standing round, ring; circle of people; place in the; where domestic utensils were sold; vault; parallels; the zones; orb, disk; the heavenly bodies; wall round; circular fort; round shield; eye-balls, eyes; eye; cheeks; wreath; cycle; collection of legends; poems; the Epic cycle; circular motion, orbit; revolution; years; cycles; train; circular dance; a rounded period; anapaest; sphere, globe"
συνθῐᾰσ-ῑτεύω,urn:cite2:hmt:lsj.chicago_md:n100613,civic_community,seed,0.411,0.29,0.121,94,to be a fellow-member of a
συντελεσ-τής,urn:cite2:hmt:lsj.chicago_md:n100986,civic_community,seed,0.408,0.337,0.071,191,member of a land-owners’ union which is responsible for the collection and payment of its taxes
ἰσόνομ-ος,urn:cite2:hmt:lsj.chicago_md:n51102,civic_community,seed,0.405,0.353,0.052,493,where all have equal rights; enjoying full citizen rights; at par
οὐρᾰνο-πολίτης,urn:cite2:hmt:lsj.chicago_md:n75952,civic_community,seed,0.401,0.317,0.084,152,citizen of heaven
ἑταῖρ-ος,urn:cite2:hmt:lsj.chicago_md:n43089,erotic_pederasty,seed+embed,0.75,0.387,0.363,2574,"comrade, companion; comrades-in-arms; messmate; fellowslave; partner; mates; pupil, disciple; fellow-pupils; partisans; club-mates; members of a religious guild; lovers; guards; cavalry; retinue; Comites; associate of; closest companions; constant to; gregarious; companion; courtesan; prostitute"
Κορίνθιος,urn:cite2:hmt:lsj.chicago_md:n59117,erotic_pederasty,seed+embed,0.75,0.291,0.46,365,Corinthian; courtesan; in Corinthian fashion
ἐράω,urn:cite2:hmt:lsj.chicago_md:n42155,erotic_pederasty,seed+embed,0.736,0.568,0.167,1652,love; to be in love with; a lover; the beloved one; delicias ejus; love warmly; desire passionately; desire
φίλος,urn:cite2:hmt:lsj.chicago_md:n111463,erotic_pederasty,seed+embed,0.736,0.528,0.207,6028,"beloved, dear; dear; friend; friends, kith and kin; a friend; friends; allies; a lover; my friend; dear one, friend; wife; mother; mistress; an object of love; what; loves; darling; oneʼs nearest and dearest, dear ones; pleasant, welcome; pleasure; pleases; after; heart; please; oneʼs own; a.; his own; their wonted; loving, friendly; friendly; kindly, pleasing; kindly; fond of; attached to; fain; in a manner dear; pleasing; in a friendly, kindly spirit"
βασσάρ-α,urn:cite2:hmt:lsj.chicago_md:n19580,erotic_pederasty,seed+embed,0.715,0.262,0.454,316,"fox; dress of Thracian bacchanals; Thracian bacchanal; impudent woman, courtesan"
ἑταιρ-ίζω,urn:cite2:hmt:lsj.chicago_md:n43082,erotic_pederasty,seed+embed,0.706,0.422,0.285,556,"to be; comrade; associate with oneself, choose for oneʼs comrade; win over; to be a courtesan; associate with"
φῐλεραστ-ία,urn:cite2:hmt:lsj.chicago_md:n110934,erotic_pederasty,seed,0.666,0.576,0.09,82,devotion to a lover
ἔρως,urn:cite2:hmt:lsj.chicago_md:n42840,erotic_pederasty,seed,0.664,0.568,0.095,1512,"love; love for; love of; desire for i; loves, amours; desires; object of love; desire; passionate joy; the god of love; funeral wreath"
ἀντιμαίνομαι,urn:cite2:hmt:lsj.chicago_md:n10124,erotic_pederasty,seed,0.646,0.542,0.104,179,to be filled with passion for a lover in return; rage against
ἀΐτας,urn:cite2:hmt:lsj.chicago_md:n2752,erotic_pederasty,seed,0.637,0.42,0.218,335,a beloved youth; lover
εἰσπνήλας,urn:cite2:hmt:lsj.chicago_md:n31503,erotic_pederasty,seed,0.637,0.406,0.231,96,lover
ἐπιθῡμ-ητής,urn:cite2:hmt:lsj.chicago_md:n39486,erotic_pederasty,seed,0.637,0.537,0.1,370,one who longs for; desires; lover; follower; one who lusts
ἐραστ-ής,urn:cite2:hmt:lsj.chicago_md:n42132,erotic_pederasty,seed,0.637,0.527,0.11,693,lover; admirer; an adherent; eager for; fond
ἐράστ-ρια,urn:cite2:hmt:lsj.chicago_md:n42135,erotic_pederasty,seed,0.637,0.406,0.231,122,lover
καιρό-φῐλος,urn:cite2:hmt:lsj.chicago_md:n52045,erotic_pederasty,seed,0.637,0.406,0.231,101,lover; observer of times
φῐλ-ητής,urn:cite2:hmt:lsj.chicago_md:n111016,erotic_pederasty,seed,0.637,0.406,0.231,54,lover
φῐλ-ήτωρ,urn:cite2:hmt:lsj.chicago_md:n111021,erotic_pederasty,seed,0.637,0.429,0.209,330,lover; paramour; dear to; heart; darling; loving
φῐλο-συμβίωτος,urn:cite2:hmt:lsj.chicago_md:n111509,erotic_pederasty,seed,0.613,0.375,0.239,75,lover of oneʼs spouse
γῠναικ-εραστέω,urn:cite2:hmt:lsj.chicago_md:n23012,erotic_pederasty,seed,0.611,0.432,0.179,110,to be a lover of women; woman-lover
Σῐνωπίζω,urn:cite2:hmt:lsj.chicago_md:n94256,erotic_pederasty,seed,0.609,0.27,0.339,61,behave like the courtesan Sinope
θοιν-αρμόστρια,urn:cite2:hmt:lsj.chicago_md:n48923,erotic_pederasty,seed,0.601,0.37,0.232,200,mistress of the banquet
οἰκο-δέσποινα,urn:cite2:hmt:lsj.chicago_md:n72312,erotic_pederasty,seed,0.567,0.318,0.25,140,mistress of a family
τρόφ-ῐμος,urn:cite2:hmt:lsj.chicago_md:n105557,erotic_pederasty,seed,0.559,0.53,0.029,1943,"nourishing, nutritious; nutritive; young master; erilis filius; the mistress; maintenance, sustenance; food-supply; for board; nursling, foster-child; our nurslings, pupils; Bis Acc.; kept in the house; healthy, strong, well-nourished; flourishing, luxuriant; viable, capable of life"
ἄνυμφος,urn:cite2:hmt:lsj.chicago_md:n10841,erotic_pederasty,seed,0.553,0.337,0.216,264,"not bridal; that is no bride, unhappy; without bride; mistress"
δέσποινα,urn:cite2:hmt:lsj.chicago_md:n24193,erotic_pederasty,seed,0.553,0.337,0.216,740,"mistress, lady of the house; mistress; princess, queen; Empress"
δεσπότ-ειρα,urn:cite2:hmt:lsj.chicago_md:n24203,erotic_pederasty,seed,0.553,0.337,0.216,69,mistress
κτάομαι,urn:cite2:hmt:lsj.chicago_md:n60308,erotic_pederasty,seed,0.553,0.467,0.085,4066,"procure for oneself, get, acquire; win; to get oneʼs; bring upon oneself; incur; get; make; procure; to have acquired; possess, hold; to be master of; having; involving; have in store; have in hand; own; to be a property-owner; owner, master; mistress; to be gotten; to be obtained as property"
παντελής,urn:cite2:hmt:lsj.chicago_md:n77603,erotic_pederasty,seed,0.553,0.348,0.204,1513,"all-complete, absolute; mistress; with full authority; complete tale; perfect; all-accomplishing; altogether, utterly; quite finished; outright; at all; from first to last; most certainly; for ever"
τόπαρχ-ος,urn:cite2:hmt:lsj.chicago_md:n104333,erotic_pederasty,seed,0.553,0.342,0.21,171,ruling over a place; mistress
συνεραστής,urn:cite2:hmt:lsj.chicago_md:n100369,erotic_pederasty,seed,0.537,0.429,0.109,144,joint lover; loving; jointly with..
θρήν-ερως,urn:cite2:hmt:lsj.chicago_md:n49102,erotic_pederasty,seed,0.511,0.373,0.137,65,a querulous lover
παρα-κύπτω,urn:cite2:hmt:lsj.chicago_md:n78288,erotic_pederasty,seed,0.506,0.434,0.072,1295,"stoop sideways; lean over; stoop for the purpose of looking; look sideways; cast a careless glance; peep out of; peeping after a lover; peeped out; peep out and see; out of which people look; peep in, look in; appear in; meddle with"
ναυκρᾰτ-ής,urn:cite2:hmt:lsj.chicago_md:n69816,erotic_pederasty,seed,0.492,0.333,0.159,96,master; mistress of the sea
Γᾰδειτάνα,urn:cite2:hmt:lsj.chicago_md:n21388,erotic_pederasty,seed,0.483,0.205,0.278,95,"woman of Cadiz, courtesan"
παιδεραστ-έω,urn:cite2:hmt:lsj.chicago_md:n76573,erotic_pederasty,seed,0.482,0.412,0.069,88,to be a lover of boys
πότνια,urn:cite2:hmt:lsj.chicago_md:n86069,erotic_pederasty,seed,0.481,0.385,0.096,2025,"mistress, queen; queen; revered, august"
παιδεραστ-ής,urn:cite2:hmt:lsj.chicago_md:n76574,erotic_pederasty,seed,0.472,0.357,0.116,137,lover of boys
ναυαρχ-ίς,urn:cite2:hmt:lsj.chicago_md:n69790,erotic_pederasty,seed,0.47,0.328,0.142,263,admiralʼs flagship; mistress of a fleet
οἰκουρός,urn:cite2:hmt:lsj.chicago_md:n72382,erotic_pederasty,seed,0.467,0.256,0.211,693,"watching; keeping the house; keeping at home; mistress of the house, housekeeper; stay-at-home"
γρᾱο-σόβης,urn:cite2:hmt:lsj.chicago_md:n22787,erotic_pederasty,seed,0.46,0.355,0.105,95,lover of old women
γρᾱό-φῐλος,urn:cite2:hmt:lsj.chicago_md:n22790,erotic_pederasty,seed,0.46,0.355,0.105,65,lover of old women
φῐλοσοφοκλῆς,urn:cite2:hmt:lsj.chicago_md:n111488,erotic_pederasty,seed,0.429,0.289,0.14,88,a lover of Sophocles
φῐλ-άρτεμις,urn:cite2:hmt:lsj.chicago_md:n110879,erotic_pederasty,seed,0.411,0.335,0.075,71,lover of Artemis
φῐλοστοργ-ία,urn:cite2:hmt:lsj.chicago_md:n111501,friendship_affection,seed+embed,0.841,0.611,0.23,510,"tender love, affection; affectionateness; love"
πᾰθ-ημα,urn:cite2:hmt:lsj.chicago_md:n76513,friendship_affection,seed+embed,0.82,0.569,0.251,1719,"that which befalls one, suffering, misfortune; passion; sufferings; emotion; condition, affection; affections, feelings; the feelings; troubles, symptoms; incidents, happenings; incidents; changes; incidents, properties; accidents"
προαίρ-εσις,urn:cite2:hmt:lsj.chicago_md:n86453,friendship_affection,seed+embed,0.8,0.625,0.176,2863,"choosing; before; purpose, resolution; from malice prepense; oneʼs purpose; inclination; Sent.V at.; motive; purpose, plan; scope; deliberate; course of life, principle; principles; deliberate course of action, policy; mode; principles, policy; department; political party; sect; school; conduct; character, reputation; reputation; devotion, affection, goodwill; homage; devotion; zeal; expressed opinion, advice"
στέργω,urn:cite2:hmt:lsj.chicago_md:n96541,friendship_affection,seed+embed,0.791,0.653,0.138,3395,"love, feel affection; love; to be fond of, show affection for; accept; gladly; to be content; satisfied, acquiesce; having desired; oblige me, do me the favour; were content with, acquiesced in; bear with; thou likest; desire, entreat"
στοργ-ή,urn:cite2:hmt:lsj.chicago_md:n97036,friendship_affection,seed+embed,0.775,0.586,0.189,503,"love, affection; sexual love"
φίλτρον,urn:cite2:hmt:lsj.chicago_md:n111627,friendship_affection,seed+embed,0.775,0.586,0.189,1474,"love-charm; charm, spell; spells to produce; charm; love, affection; dimple in the upper lip"
κόλλ-ησις,urn:cite2:hmt:lsj.chicago_md:n58597,friendship_affection,seed+embed,0.771,0.315,0.456,784,"gluing; soldering; fixing tight, close fastening; closing up; binding material; union of a verse quotation with prose; close friendship; apparent contact"
φῐλότης,urn:cite2:hmt:lsj.chicago_md:n111537,friendship_affection,seed+embed,0.768,0.607,0.161,2000,"friendship, love, affection; in, with, from friendship; affection; in affection; friendly; friendship with, affection for; love; my dear friend; friendship between states; sexual love; intercourse"
φῐλ-ησις,urn:cite2:hmt:lsj.chicago_md:n111010,friendship_affection,seed+embed,0.758,0.582,0.176,125,"loving, affection"
συνέχω,urn:cite2:hmt:lsj.chicago_md:n100502,friendship_affection,seed+embed,0.746,0.383,0.363,6144,"hold; keep together, confine, secure; together; meet; enclosed, compassed; closed; stopped; close; trapped; sticks together; was; keep together, keep from dispersing; continue, keep on; keep; preserve; maintain; to be continuous; to be maintained; together, keep; from falling to pieces, maintain; conducted; together, make; pull in time; keep together in friendship; engage in close combat; occupy; engage; contain, comprise, embrace; the chief matter; the chief reason for..; the chief means of..; chief; is chiefly caused; detain; sequestrate; keep under arrest; held; constrain; force; oppress; to be constrained, distressed, afflicted; to be affected by; constrain, hinder, hold back; shut up; was stayed; hold at the same time; buy up and withhold, make a corner in; to be accompanied by; also received..; to be connected with"
ἑταιρ-ικός,urn:cite2:hmt:lsj.chicago_md:n43083,friendship_affection,seed+embed,0.744,0.469,0.275,935,"of; befitting a companion :; companionship; factions, clubs; collegia; ties of party; guards; like a; meretricious; custom of; concerning; meretriciously; tax on courtesans"
ὁμηλῠσία,urn:cite2:hmt:lsj.chicago_md:n73467,friendship_affection,embed,0.744,0.428,0.316,50,companionship
συγκερ-άννῡμι,urn:cite2:hmt:lsj.chicago_md:n97779,friendship_affection,embed,0.731,0.446,0.285,2204,"mix, blend with; temper; by a mixture; mix together, commingle; make a mixture; attemper, compose; to be mixed; blended with, coalesce; to be commingled, blended; commingled; to be formed by close union; form a close; to be closely attached to, be close friends with; to become closely acquainted with, become deeply involved in; deeply affected; mix with; for oneself"
οἰκεί-ωσις,urn:cite2:hmt:lsj.chicago_md:n72263,friendship_affection,seed+embed,0.73,0.527,0.203,511,"appropriation; profits; affinity; attraction, affection; propensity; becoming familiar with"
συμφῐλία,urn:cite2:hmt:lsj.chicago_md:n98907,friendship_affection,seed+embed,0.73,0.3,0.43,69,mutual friendship
χάρις,urn:cite2:hmt:lsj.chicago_md:n113388,friendship_affection,seed+embed,0.73,0.578,0.152,12024,"grace; outward grace; fauour, beauty; graces; gracefully; glory; favour felt; grace, kindness, goodwill; for; towards; kind feeling towards; partiality, favour; sense of favour; thankfulness, gratitude; thanks for; a sense of favour, feel grateful; gratitude; thanks; thanks from; thank; favour, influence; love-charm, philtre; a favour; boon; to oblige; indulge, humour; a boon; a return; favours; favour; grant; grants; favours granted; gratification, delight; in; from; a delight; homage due; worship, majesty; thank-offering; favour, for; pleasure, for; sake; pleasure; for the sake of, on behalf of, on account of; reason?; as far as regards.., as to; if; would serve; about; being a favour, since it is (was) a favour; to do a pleasure; for the sake; as a favour, freely; to; heartʼs content; from partiality; gratification, pleasure; gratefully; pleasing; of pure good will; the cypress; myrtle; salt; Charis; the Graces; Graces"
ἀγαπάζω,urn:cite2:hmt:lsj.chicago_md:n345,friendship_affection,seed+embed,0.721,0.447,0.275,791,"treat with affection, receive with outward signs of love; show signs of love, caress; welcome, receive gratefully"
προσφίλ-εια,urn:cite2:hmt:lsj.chicago_md:n90317,friendship_affection,seed+embed,0.714,0.346,0.368,74,"kindness, goodwill"
συνημοσύνη,urn:cite2:hmt:lsj.chicago_md:n100541,friendship_affection,seed+embed,0.713,0.329,0.385,180,"agreements, covenants; ties of friendship; relationship"
φῐλέω,urn:cite2:hmt:lsj.chicago_md:n110979,friendship_affection,seed+embed,0.707,0.594,0.113,6155,"love, regard with affection; sexual love; friends; to be beloved; treat affectionately; kindly; welcome, entertain; a kind host?; welcome shalt thou be; regard with affection; love; cherishes; loved and cherished; show outward signs of love; kiss; kiss on; she kissed; kiss each otherʼs; like, approve; pray; speak as a true friend’; be fond; to be wont; used to; usually; is wont; it is usual"
φῐλί-α,urn:cite2:hmt:lsj.chicago_md:n111023,friendship_affection,seed+embed,0.704,0.733,-0.029,2645,"affectionate regard, friendship; loving; affection; family circle; regard; friendship; friendship for; friendship with; friendliness, amiability; fondness; fondness, liking for; the natural force which unites discordant elements and movements; three; six"
φιλημ-οσύνη,urn:cite2:hmt:lsj.chicago_md:n110998,friendship_affection,seed+embed,0.703,0.518,0.185,94,"friendliness, affection"
ἐπιτηδ-ειότης,urn:cite2:hmt:lsj.chicago_md:n41336,friendship_affection,embed,0.702,0.43,0.272,440,"fitness, suitableness, convenience; tendency, liability; material; requirement; friendliness, kindness"
μετα-ρρέω,urn:cite2:hmt:lsj.chicago_md:n66909,friendship_affection,embed,0.702,0.545,0.157,470,"flow differently: change to and fro, ebb and flow; change from one side to the other; change sides, transfer oneʼs allegiance; affections"
οἰκειότης,urn:cite2:hmt:lsj.chicago_md:n72255,friendship_affection,seed+embed,0.702,0.457,0.245,670,"a being; kindred, relationship; intimacy, friendship; connexion; living together as man and wife, domesticity, marriage; proper sense; conformity to nature; environment"
ὁμοιοπαθ-έω,urn:cite2:hmt:lsj.chicago_md:n73656,friendship_affection,embed,0.702,0.545,0.157,241,"have similar feelings; affections; to be subject to the same laws, to be homogeneous; to be affected in sympathy"
ὁμοπαθ-ής,urn:cite2:hmt:lsj.chicago_md:n73778,friendship_affection,embed,0.7,0.503,0.197,325,"of the same feelings; affections, sympathetic; affected in the same way as others by"
ἀγάπ-ησις,urn:cite2:hmt:lsj.chicago_md:n350,friendship_affection,seed,0.691,0.532,0.159,172,affection
ἀσπ-ασμός,urn:cite2:hmt:lsj.chicago_md:n16360,friendship_affection,seed,0.691,0.532,0.159,274,"greeting, embrace; salutation; affection"
ἐμπάθ-εια,urn:cite2:hmt:lsj.chicago_md:n34197,friendship_affection,seed,0.691,0.532,0.159,201,affection; passion; partiality
προσπαθ-ής,urn:cite2:hmt:lsj.chicago_md:n89876,friendship_affection,seed,0.691,0.532,0.159,327,impressionable; warmly attached; affection; with prejudice
φῐλοστοργ-έω,urn:cite2:hmt:lsj.chicago_md:n111500,friendship_affection,seed,0.691,0.532,0.159,419,love tenderly; affection; love
φῐλόστοργ-ος,urn:cite2:hmt:lsj.chicago_md:n111502,friendship_affection,seed,0.691,0.532,0.159,998,"loving tenderly, affectionate; affection; nihil; literae; scriptae"
ἄρθμιος,urn:cite2:hmt:lsj.chicago_md:n15001,friendship_affection,seed,0.683,0.444,0.239,329,"united; in league with; peaceful relations, friendship; calm"
ἀνακτάομαι,urn:cite2:hmt:lsj.chicago_md:n6820,friendship_affection,seed,0.658,0.378,0.28,797,"regain for oneself, recover; repair, retrieve; refresh, revive; reinstate; restore; win; over, gain; favour; friendship"
συναστρ-ία,urn:cite2:hmt:lsj.chicago_md:n99556,friendship_affection,seed,0.658,0.309,0.35,300,favourable conjunction of the stars; Cat. Cod.Astr.; friendship
σύστᾰσις,urn:cite2:hmt:lsj.chicago_md:n101445,friendship_affection,seed,0.658,0.488,0.17,4266,"bringing together, introduction, recommendation; care, guardianship; power of attorney; communication; protection; proof; confirmation; standing together, close combat, conflict; disturbance; conflict; meeting, accumulation; combination; knot of men assembled; knots; political union; unions; contingent of four light-armed; friendship; alliance; conspiracy; composition, structure, constitution; plot; expression; political constitution; consisting; coming into existence, formation; density; consistency; degree of solidity, consistency; solid knot; lump; a substance"
φῐλ-ητήσιος,urn:cite2:hmt:lsj.chicago_md:n111017,friendship_affection,seed,0.658,0.558,0.1,119,productive of love; friendship
φίλιος,urn:cite2:hmt:lsj.chicago_md:n111032,friendship_affection,seed,0.658,0.501,0.157,2030,"friendly; friendly to; belonging to a friendly power; to friends; of friends; friendly country; property of friends; friendship; as god of friendship; kindly, gracious; beloved, dear"
διαλύω,urn:cite2:hmt:lsj.chicago_md:n25194,friendship_affection,seed,0.657,0.403,0.254,3958,"loose one from another, part asunder; untwining; break; up, dismiss; break up; disband; disperse; part; die; dissolve; break up, destroy; disperse, break up; thaw; break off, put an end to; separate, be divorced; dissolve friendship; put an end to; reconcile; to be parted from; to be reconciled, make up a quarrel; put an end to, do away with; cancel; settle; solve; pay the full; pay, discharge; satisfy; pay; off; order; to be paid; to have; paid to oneself; relax, weaken; make supple and pliant; in loose order; lax; slacken oneʼs hold, undo"
συμπάθ-εια,urn:cite2:hmt:lsj.chicago_md:n98479,friendship_affection,seed,0.654,0.479,0.176,903,"fellow-feeling, sympathy; pity; mea; self-pity; corresponding ‘affection’; quality, affinity, Ep.; affinity; which vibrate together; sympathetic vibration; affinity, concord; analogy; sympathetic affection"
φῐλ-ητικός,urn:cite2:hmt:lsj.chicago_md:n111018,friendship_affection,seed,0.649,0.636,0.012,234,disposed to love; affectionate; fond of kissing
στέργ-ηθρον,urn:cite2:hmt:lsj.chicago_md:n96537,friendship_affection,seed,0.648,0.556,0.093,305,"love-charm; love itself, affection"
εὔνοιᾰ,urn:cite2:hmt:lsj.chicago_md:n44552,friendship_affection,seed,0.647,0.509,0.137,1687,"goodwill, favour; partially; for the love; for love; goodwill towards; favour; wish heartily; impulses of kindness, favours; acts of kindness, favours; gift; present in token of goodwill; benevolences"
ἀγαπάω,urn:cite2:hmt:lsj.chicago_md:n346,friendship_affection,seed,0.645,0.635,0.011,2927,"greet with affection; show affection for; to be regarded with affection; love; to be fond of; persuade, entreat; caress, pet; to be fond of, prize, desire; prefer; highly prized, precious stones; to be well pleased, contented; to be well content; to be contented with; tolerate, put up with; may be content with; to be content; to be fond; wont"
ἰδῐο-ξενία,urn:cite2:hmt:lsj.chicago_md:n49856,friendship_affection,seed,0.645,0.311,0.334,67,private friendship
φῐλάλληλ-ος,urn:cite2:hmt:lsj.chicago_md:n110836,friendship_affection,seed,0.636,0.596,0.04,298,of mutual affection; fond of one another
διαλλ-ᾰγή,urn:cite2:hmt:lsj.chicago_md:n25153,friendship_affection,seed,0.634,0.361,0.273,457,"interchange; change; to friendship, reconciliation; difference"
ἑταιρ-εία,urn:cite2:hmt:lsj.chicago_md:n43072,friendship_affection,seed,0.632,0.564,0.067,1049,"association, brotherhood; social group; political club; union for party purposes; collegium; collegium Lupercorum Juliorum; friendly connexion, friendship, comradeship"
προθῡμ-ία,urn:cite2:hmt:lsj.chicago_md:n87537,friendship_affection,seed,0.632,0.489,0.143,1587,"readiness, willingness, eagerness; zeal; eagerness; desire; by the will; readiness; will; purpose; goodwill, ready kindness"
ἐπιτήδ-ειος,urn:cite2:hmt:lsj.chicago_md:n41335,friendship_affection,seed,0.631,0.504,0.126,2505,"made for an end; purpose, fit; adapted for; it, suitable, convenient; most fit; convenient; fit; deserving; him who deserved it; likely; inclined; useful, serviceable, necessary; serviceable for..; advantage; requisite, necessaries; provisions; what is requisite, needful; serviceable, friendly; conformable to; will; favourable; a close friend; friends; studiously, carefully; suitably, conveniently, fitly; on friendly terms"
φῐλοτήσιος,urn:cite2:hmt:lsj.chicago_md:n111538,friendship_affection,seed,0.625,0.438,0.186,846,"of friendship; love, promoting it; sacred to friendship; loving"
αὐτο-πάθεια,urn:cite2:hmt:lsj.chicago_md:n17849,friendship_affection,seed,0.619,0.475,0.144,268,oneʼs own experience; primary affection; reflexive
πρωτοπάθ-εια,urn:cite2:hmt:lsj.chicago_md:n91016,friendship_affection,seed,0.619,0.475,0.144,94,primary affection; symptom
ὁμό-στοργος,urn:cite2:hmt:lsj.chicago_md:n73841,friendship_affection,seed,0.618,0.447,0.171,73,feeling the same affection
ἀρθμός,urn:cite2:hmt:lsj.chicago_md:n15002,friendship_affection,seed,0.612,0.397,0.215,138,"a bond, league, friendship"
φῐλάνθρωπ-ος,urn:cite2:hmt:lsj.chicago_md:n110858,friendship_affection,seed,0.61,0.594,0.016,2191,"loving mankind, humane, benevolent, tender-hearted; kind, courteous; gentle; humane treatment; kindnesses; loving men; humane, humanizing; generous; appealing to human feeling; satisfying the sense of poetic justice; popular; concessions, grants, privileges, immunities; benefaction, endowment, gratuity; letter expressing friendly feelings"
ἀντιφῐλ-ία,urn:cite2:hmt:lsj.chicago_md:n10655,friendship_affection,seed,0.606,0.458,0.148,60,mutual affection
εὐμεν-ής,urn:cite2:hmt:lsj.chicago_md:n44452,friendship_affection,seed,0.605,0.573,0.032,1276,"well-disposed, kindly; to; well-disposed; signifying goodwill, friendly; favourable; kindly, bounteous; mild, soft; beneficial; agreeable; easy"
πεῖσις,urn:cite2:hmt:lsj.chicago_md:n80369,friendship_affection,seed,0.605,0.455,0.15,410,"affection, susceptibility; persuasion"
ἀστοργ-ία,urn:cite2:hmt:lsj.chicago_md:n16561,friendship_affection,seed,0.6,0.538,0.062,90,want of natural affection
φῐλιόω,urn:cite2:hmt:lsj.chicago_md:n111033,friendship_affection,seed,0.595,0.293,0.302,193,make a friend of; become friends
προξεν-ία,urn:cite2:hmt:lsj.chicago_md:n88120,friendship_affection,seed,0.594,0.393,0.201,1055,relation of; treaty; compact of friendship between a state and a foreigner; my public friendship; protector; status and privileges of a; inscription; written instrument in witness of
φῐλοποι-έω,urn:cite2:hmt:lsj.chicago_md:n111401,friendship_affection,seed,0.593,0.303,0.29,276,"make a friend of; make oneʼs friend, attach to oneself"
φῐλῐκός,urn:cite2:hmt:lsj.chicago_md:n111031,friendship_affection,seed,0.589,0.457,0.132,883,friendly; proofs; marks of friendship; contribution
ὁμοπάθ-εια,urn:cite2:hmt:lsj.chicago_md:n73776,friendship_affection,seed,0.584,0.429,0.155,145,common affection; quality; sympathy
ὅμ-αυλος,urn:cite2:hmt:lsj.chicago_md:n73417,friendship_affection,seed,0.578,0.341,0.236,291,"living together, companion; neighbouring; playing together on the flute, sounding together in concert"
συνδῐαιτ-ητής,urn:cite2:hmt:lsj.chicago_md:n99676,friendship_affection,seed,0.578,0.271,0.307,172,"joint arbitrator; one who lives with another, companion"
φῐλό-θερμος,urn:cite2:hmt:lsj.chicago_md:n111164,friendship_affection,seed,0.573,0.426,0.147,74,loving warmth
λῠκο-φῐλία,urn:cite2:hmt:lsj.chicago_md:n64121,friendship_affection,seed,0.57,0.273,0.297,92,wolfʼs; false) friendship
φῐλο-φῐλία,urn:cite2:hmt:lsj.chicago_md:n111568,friendship_affection,seed,0.569,0.434,0.135,78,love of oneʼs friends
χήμωσις,urn:cite2:hmt:lsj.chicago_md:n113884,friendship_affection,seed,0.568,0.437,0.131,200,an affection of the eyes; like a cockle-shell
διαλλ-άσσω,urn:cite2:hmt:lsj.chicago_md:n25160,friendship_affection,seed,0.566,0.395,0.171,2483,"interchange; make an exchange; exchange; give in exchange; take in exchange; take; for; change; pass through; change, alter; to be discordant; different; depart this life, die; change money; change enmity for friendship, reconcile; make it up with; to be reconciled, to be made friends; differ from; in; differing; excel; to be different"
δευτερο-πάθεια,urn:cite2:hmt:lsj.chicago_md:n24258,friendship_affection,seed,0.565,0.439,0.126,112,secondary affection; have a secondary affection
ὑστερο-πάθεια,urn:cite2:hmt:lsj.chicago_md:n109751,friendship_affection,seed,0.565,0.439,0.126,65,secondary affection
χρηστο-φῐλία,urn:cite2:hmt:lsj.chicago_md:n114709,friendship_affection,seed,0.565,0.461,0.104,77,the friendship of good men
προφῐλιόομαι,urn:cite2:hmt:lsj.chicago_md:n90690,friendship_affection,seed,0.564,0.356,0.208,77,to be treated as a friend first
ἀγάπ-η,urn:cite2:hmt:lsj.chicago_md:n347,friendship_affection,seed,0.561,0.491,0.069,598,"love; brotherly love, charity; love-feast; alms, charity"
ἐρωτ-ικός,urn:cite2:hmt:lsj.chicago_md:n42854,friendship_affection,seed,0.561,0.528,0.032,998,of; caused by love; love; on love; amorous; fond of; cravings
παιδ-ικός,urn:cite2:hmt:lsj.chicago_md:n76592,friendship_affection,seed,0.561,0.482,0.079,1832,"of a child; for; like a child; boy; girl; boyish; of boys; for a child; elementary; in the boys’ games; playful, sportive; puerile; of; for a beloved youth; love-songs; love; boys’ gymnasium; darling, favourite, minion; darling pupil; darling pursuit"
συμβῐ-ωτής,urn:cite2:hmt:lsj.chicago_md:n98278,friendship_affection,seed,0.559,0.259,0.3,262,"one who lives with, companion, partner; confidants"
εὐμένεια,urn:cite2:hmt:lsj.chicago_md:n44447,friendship_affection,seed,0.557,0.49,0.067,459,"goodwill, favour; favour; kindly; pleasantness"
θέλ-ησις,urn:cite2:hmt:lsj.chicago_md:n48075,friendship_affection,seed,0.557,0.331,0.226,237,"a willing, will; wishes; goodwill, favour"
καταλλ-ᾰγή,urn:cite2:hmt:lsj.chicago_md:n54408,friendship_affection,seed,0.554,0.379,0.175,536,"exchange; money-changerʼs profit, agio; freight, merchandise; change, difference; change from enmity to friendship, reconciliation; reconciliation; with God"
πολύ-φῐλος,urn:cite2:hmt:lsj.chicago_md:n85499,friendship_affection,seed,0.554,0.333,0.221,137,"having many friends, dear to many"
φιλ-ανδρία,urn:cite2:hmt:lsj.chicago_md:n110846,friendship_affection,seed,0.552,0.455,0.097,308,love for a husband; examples of wifely affection; wifely jealousy; love of the male sex
δημεραστ-έω,urn:cite2:hmt:lsj.chicago_md:n24360,friendship_affection,seed,0.551,0.421,0.13,79,to be a friend of the people
ἰδῐο-πάθεια,urn:cite2:hmt:lsj.chicago_md:n49860,friendship_affection,seed,0.55,0.44,0.109,116,affection having a local origin
ἀντιφῐλ-ησις,urn:cite2:hmt:lsj.chicago_md:n10654,friendship_affection,seed,0.548,0.406,0.142,74,return of affection
συνήθης,urn:cite2:hmt:lsj.chicago_md:n100524,friendship_affection,seed,0.542,0.446,0.096,1859,"dwelling; living together, accustomed; used to each other; like each other in habits; acquaintances; well-acquainted; intimate with; friend, intimate; habituated, accustomed; bred with; wonted; habitual, customary, usual; customary; habitual; custom; in common use; usage; acquainted, friendly with; habitually, as is usual; according to common usage; commonly"
πρόθῡμος,urn:cite2:hmt:lsj.chicago_md:n87541,friendship_affection,seed,0.541,0.36,0.181,1397,"ready, willing, eager; eager; eager for; bearing goodwill, wishing well, devoted; readily, zealously, actively; with; zeal"
ἀπροσ-πᾰθής,urn:cite2:hmt:lsj.chicago_md:n14507,friendship_affection,seed,0.525,0.524,0.001,88,without affection; passion
ἐθελό-κᾰλος,urn:cite2:hmt:lsj.chicago_md:n30769,friendship_affection,seed,0.525,0.17,0.355,68,showing goodwill
κατακρᾱνία,urn:cite2:hmt:lsj.chicago_md:n54257,friendship_affection,seed,0.521,0.405,0.116,67,an affection of the head
ἑταιρ-εῖος,urn:cite2:hmt:lsj.chicago_md:n43073,friendship_affection,seed,0.516,0.423,0.093,425,of; belonging to companions :; presiding over fellowship; of a comrade; amorous; house of a
ἰδῐόομαι,urn:cite2:hmt:lsj.chicago_md:n49859,friendship_affection,seed,0.515,0.402,0.113,250,"make oneʼs own, appropriate; make oneʼs friend; to be specifically constituted"
φῐλι-άζω,urn:cite2:hmt:lsj.chicago_md:n111024,friendship_affection,seed,0.515,0.319,0.196,146,to be a friend
προσεταιρ-ίζομαι,urn:cite2:hmt:lsj.chicago_md:n89317,friendship_affection,seed,0.514,0.295,0.219,437,"take to oneself as a friend, associate with oneself; take into partnership, secure the approval of; associate oneself with"
φῐλό-φῐλος,urn:cite2:hmt:lsj.chicago_md:n111569,friendship_affection,seed,0.513,0.361,0.153,179,loving oneʼs friends; Inscr. du Louvre
ὀπάζω,urn:cite2:hmt:lsj.chicago_md:n74420,friendship_affection,seed,0.511,0.421,0.09,2710,"make to follow, send with; give as a companion; follower; bid; follow; take with; take as a companion; make; give to be with; give, grant; gives; to be with; gave; as a portion; grant; take to yourself..; give besides; add; devote; put; on; press hard, chase; didst chase; away; forced on"
δημεραστ-ής,urn:cite2:hmt:lsj.chicago_md:n24361,friendship_affection,seed,0.51,0.543,-0.033,210,friend of the people; friendly to the people
προσεταιρ-ιστός,urn:cite2:hmt:lsj.chicago_md:n89318,friendship_affection,seed,0.51,0.255,0.254,145,"joined with as a companion, attached to the same; club"
δεξί-ωμα,urn:cite2:hmt:lsj.chicago_md:n24096,friendship_affection,seed,0.508,0.278,0.23,175,acceptable thing; pledge; mark of friendship
δημίζω,urn:cite2:hmt:lsj.chicago_md:n24381,friendship_affection,seed,0.505,0.375,0.13,65,pose as ‘friend of the people’
γνωστός,urn:cite2:hmt:lsj.chicago_md:n22544,friendship_affection,seed,0.504,0.319,0.185,585,"known; common knowledge; clearly; knowable; symptoms; notables; acquaintance, friend; knowing"
κοινων-ός,urn:cite2:hmt:lsj.chicago_md:n58454,friendship_affection,seed,0.504,0.314,0.191,809,"companion, partner; accomplice; partner, fellow; societas publicanorum; joint-owners; familiar spirit"
σύμβῐ-ος,urn:cite2:hmt:lsj.chicago_md:n98271,friendship_affection,seed,0.504,0.314,0.191,336,"living together; companion, partner; husband; wife"
ἐπιτερπ-ής,urn:cite2:hmt:lsj.chicago_md:n41307,friendship_affection,seed,0.503,0.6,-0.097,368,"pleasing, delightful; devoted to pleasure; pleasant companion"
κοινο-φῐλής,urn:cite2:hmt:lsj.chicago_md:n58437,friendship_affection,seed,0.503,0.341,0.162,100,with common affection
τεκνο-στοργής,urn:cite2:hmt:lsj.chicago_md:n102882,friendship_affection,seed,0.503,0.405,0.097,78,full of filial affection
ἀφῐλο-στοργία,urn:cite2:hmt:lsj.chicago_md:n18372,friendship_affection,seed,0.5,0.422,0.078,153,absence of natural affection
ἐραστ-ικός,urn:cite2:hmt:lsj.chicago_md:n42133,friendship_affection,seed,0.499,0.438,0.06,66,loving
ἐρωτό-εις,urn:cite2:hmt:lsj.chicago_md:n42861,friendship_affection,seed,0.499,0.438,0.06,57,loving
φῐλο-φόρμιγξ,urn:cite2:hmt:lsj.chicago_md:n111570,friendship_affection,seed,0.499,0.438,0.06,111,"loving; accompanying, the lyre"
ἀπόστοργος,urn:cite2:hmt:lsj.chicago_md:n13877,friendship_affection,seed,0.497,0.386,0.111,156,devoid of affection; unlovable
συνδια-τίθημι,urn:cite2:hmt:lsj.chicago_md:n99733,friendship_affection,seed,0.496,0.393,0.102,623,"help in arranging; compose, put together; help in disposing; cause a sympathetic affection of; to be sympathetically affected together; to be affected in voice"
ἀντιπάθ-εια,urn:cite2:hmt:lsj.chicago_md:n10236,friendship_affection,seed,0.494,0.408,0.086,502,"suffering instead; opposition, contrast; counteraction, antipathy; opposed; contrary affection"
συμπράκτωρ,urn:cite2:hmt:lsj.chicago_md:n98804,friendship_affection,seed,0.493,0.264,0.23,245,"helper, assistant; a companion; involved as accomplices"
ἄστοργ-ος,urn:cite2:hmt:lsj.chicago_md:n16562,friendship_affection,seed,0.492,0.425,0.067,368,without natural affection; the heartless one; Lyr.Alex. Adesp.; cruel; without attraction
ἀφῐλό-στοργος,urn:cite2:hmt:lsj.chicago_md:n18373,friendship_affection,seed,0.492,0.425,0.067,65,without natural affection
φίλ-ανδρος,urn:cite2:hmt:lsj.chicago_md:n110848,friendship_affection,seed,0.487,0.46,0.027,502,loving men;; loving its men; loving masculine habits; lewd; loving oneʼs husband
λῠκο-φίλιος,urn:cite2:hmt:lsj.chicago_md:n64122,friendship_affection,seed,0.482,0.266,0.216,109,like wolfʼs friendship
ἀγᾰθός,urn:cite2:hmt:lsj.chicago_md:n260,friendship_affection,seed,0.477,0.6,-0.124,4535,"good:; well-born, gentle; aristocrats; brave, valiant; good, capable; good; my good friend; bona dea; good, serviceable; good for; to good purpose; for his own good end; it is good; morally good; good, blessing, benefit; blessing!, treasure!; a benefit; for no good end; the good; goods of fortune, treasures, wealth; fare well; good things, dainties; good qualities; good points; admirable."
διευεργετέω,urn:cite2:hmt:lsj.chicago_md:n26704,friendship_affection,seed,0.477,0.315,0.162,82,to be a firm friend to
ἀλογο-πάθεια,urn:cite2:hmt:lsj.chicago_md:n4600,friendship_affection,seed,0.474,0.352,0.121,66,irrational affection
κᾰλο-θέλεια,urn:cite2:hmt:lsj.chicago_md:n52806,friendship_affection,seed,0.471,0.205,0.266,43,goodwill
πρόθεσις,urn:cite2:hmt:lsj.chicago_md:n87511,friendship_affection,seed,0.471,0.336,0.135,1807,"placing in public;; laying; out; public notice; statement; theme, thesis; proposition, statement; payment in advance; offering; Decret trilingue; NT; laid before, shew; purpose, end proposed; purposely; goodwill; supposition, calculation; preposition; prefixing, placing first; stem; root"
φῐλοπόν-ηρος,urn:cite2:hmt:lsj.chicago_md:n111414,friendship_affection,seed,0.471,0.381,0.09,144,friend to bad men; lover of evil
φῐλο-πιστεύομαι,urn:cite2:hmt:lsj.chicago_md:n111387,friendship_affection,seed,0.47,0.178,0.291,64,trust a friend
συνέταιρ-ος,urn:cite2:hmt:lsj.chicago_md:n100433,friendship_affection,seed,0.467,0.313,0.155,212,"companion, partner, comrade"
φῐλ-οδίτης,urn:cite2:hmt:lsj.chicago_md:n111133,friendship_affection,seed,0.464,0.218,0.246,101,friend of travellers
φιλῖτα,urn:cite2:hmt:lsj.chicago_md:n111134,friendship_affection,seed,0.464,0.218,0.246,70,friend of travellers
ἰδῐο-πᾰθέω,urn:cite2:hmt:lsj.chicago_md:n49861,friendship_affection,seed,0.46,0.358,0.102,64,suffer from a local affection
φῐλοσωκράτης,urn:cite2:hmt:lsj.chicago_md:n111517,friendship_affection,seed,0.456,0.344,0.112,69,friend of Socrates
ἀρχι-εταῖρος,urn:cite2:hmt:lsj.chicago_md:n15941,friendship_affection,seed,0.451,0.248,0.203,121,chief friend; companion; ‘Arkī
ἐπίπολος,urn:cite2:hmt:lsj.chicago_md:n40592,friendship_affection,seed,0.451,0.242,0.209,69,companion
μεθομήρεος,urn:cite2:hmt:lsj.chicago_md:n65642,friendship_affection,seed,0.451,0.242,0.209,85,companion
σύμφορ-ος,urn:cite2:hmt:lsj.chicago_md:n98935,friendship_affection,seed,0.451,0.398,0.053,1259,"accompanying; companion; suitable, useful, profitable; good; what is expedient; interests; plea of expediency; expedient; most convenient"
συνᾱδόλεσχ-ος,urn:cite2:hmt:lsj.chicago_md:n99060,friendship_affection,seed,0.451,0.242,0.209,80,companion
συνομῑλ-ητής,urn:cite2:hmt:lsj.chicago_md:n100837,friendship_affection,seed,0.451,0.242,0.209,156,companion
συνοπάων,urn:cite2:hmt:lsj.chicago_md:n100861,friendship_affection,seed,0.451,0.242,0.209,103,companion
συνουσι-αστής,urn:cite2:hmt:lsj.chicago_md:n100910,friendship_affection,seed,0.451,0.278,0.173,102,companion; disciple
ἰδῐό-ξενος,urn:cite2:hmt:lsj.chicago_md:n49858,friendship_affection,seed,0.448,0.24,0.209,212,private friend
προστίθημι,urn:cite2:hmt:lsj.chicago_md:n90166,friendship_affection,seed,0.448,0.412,0.036,8293,"put to; put to, close; holding; close; apply; hand over, deliver to; give; give besides; also; spend money; impose upon; impose; impose, inflict; employ; attribute; impute to; impute; add; make additions; improve; pay; credit; pay in, deposit; join; add some determining word; NT, continue; repeat; again; continued; another; side with; to be favourable, wellinclined; come in, submit; assent, agree; consent, bring onself to; will deposit; in favour of; associate with oneself; take to one as a friend, ally; helper, win over; take; apply to oneself; put on; add to oneself, gain; be profited?; bring; take upon onself; bring upon; made; upon; vented; caused"
πιστός,urn:cite2:hmt:lsj.chicago_md:n83325,friendship_affection,seed,0.446,0.479,-0.032,3197,"to be trusted; believed; faithful, trusty; trusted friend; trusty councillors; trustworthy, worthy of credit; genuine; unmistakable; trustworthy, sure; can one trust; as could be relied on; deserving belief, credible; pledge, security, warrant; honesty; confidence; pledges; believing, relying on; trustful; obedient, loyal; faithful, believing; with good faith; loyally; persuasively; credibly, demonstrably; unmistakably; with disposition to believe"
φῐλαυτ-ος,urn:cite2:hmt:lsj.chicago_md:n110898,friendship_affection,seed,0.446,0.476,-0.031,397,loving oneself; selfish
ἀνέραστ-ος,urn:cite2:hmt:lsj.chicago_md:n8474,friendship_affection,seed,0.444,0.42,0.023,439,"loveless; want of love for..; not loved.; unlovely; not loving; unloving, cruel, harsh"
συμβούλ-ησις,urn:cite2:hmt:lsj.chicago_md:n98325,friendship_affection,seed,0.443,0.148,0.294,64,"goodwill, help"
ζωτικός,urn:cite2:hmt:lsj.chicago_md:n46554,friendship_affection,seed,0.442,0.504,-0.062,1086,"fit for giving; maintaining life; full of life, alive; more like animals; fond of life; characteristic of life, vital; of life; true to life"
χρηστό-φῐλος,urn:cite2:hmt:lsj.chicago_md:n114710,friendship_affection,seed,0.441,0.332,0.109,142,possessed of good friends; trusty friend
συνοπλ-ίζομαι,urn:cite2:hmt:lsj.chicago_md:n100862,friendship_affection,seed,0.439,0.304,0.135,72,to be a companion in arms
εἰσοικ-ειόω,urn:cite2:hmt:lsj.chicago_md:n31449,friendship_affection,seed,0.437,0.411,0.026,125,bring in as a friend; become intimate with
φῐλοποι-ητής,urn:cite2:hmt:lsj.chicago_md:n111403,friendship_affection,seed,0.437,0.36,0.077,65,a friend of poets
φῐλορώμαιος,urn:cite2:hmt:lsj.chicago_md:n111461,friendship_affection,seed,0.435,0.307,0.128,284,a friend to the Romans
φῐλᾰδελφ-έω,urn:cite2:hmt:lsj.chicago_md:n110805,friendship_affection,seed,0.431,0.326,0.106,78,show brotherly affection
φῐλό-χρηστος,urn:cite2:hmt:lsj.chicago_md:n111596,friendship_affection,seed,0.431,0.429,0.002,88,loving goodness; honesty
φῐλ-ορνις,urn:cite2:hmt:lsj.chicago_md:n111452,friendship_affection,seed,0.43,0.491,-0.061,188,fond of birds; loved; haunted by birds
φῐλο-κλέαρχος,urn:cite2:hmt:lsj.chicago_md:n111229,friendship_affection,seed,0.424,0.225,0.199,65,friend of Clearchus
συνήμων,urn:cite2:hmt:lsj.chicago_md:n100542,friendship_affection,seed,0.421,0.353,0.068,179,"united; comrade; friends, comrades"
ἀφιλ-ίωτος,urn:cite2:hmt:lsj.chicago_md:n18352,friendship_affection,seed,0.415,0.245,0.169,94,not to be made a friend of; reconciled
συνέμ-πορος,urn:cite2:hmt:lsj.chicago_md:n100055,friendship_affection,seed,0.414,0.348,0.066,433,"fellow-traveller, companion; partner in..; partner with; for"
ὁμό-νεκρος,urn:cite2:hmt:lsj.chicago_md:n73761,friendship_affection,seed,0.411,0.235,0.176,65,companion in death
μονο-φῐλής,urn:cite2:hmt:lsj.chicago_md:n68701,friendship_affection,seed,0.409,0.227,0.182,56,sole friend
φῐλοσύγ-γᾰμος,urn:cite2:hmt:lsj.chicago_md:n111505,friendship_affection,seed,0.408,0.346,0.063,71,loving her husband
ξέν-ῐσις,urn:cite2:hmt:lsj.chicago_md:n71506,hospitality_xenia,seed+embed,0.776,0.38,0.396,108,entertainment of a guest; stranger
ξέν-ωσις,urn:cite2:hmt:lsj.chicago_md:n71568,hospitality_xenia,seed+embed,0.776,0.347,0.428,76,entertainment of a guest
ξεν-ία,urn:cite2:hmt:lsj.chicago_md:n71498,hospitality_xenia,seed+embed,0.775,0.331,0.444,1465,"hospitality shown to a guest, entertainment; hospitii causa; as a guest; friendly relation between; hospitium facere cum aliquo; friendly relations; friendship with us; with; status of an alien; of an alien for usurping civic rights; guest-chamber; lodging"
ξεν-ίζω,urn:cite2:hmt:lsj.chicago_md:n71501,hospitality_xenia,seed+embed,0.761,0.564,0.197,2148,"receive; entertain as a guest; to present with; with; on; to be entertained as a guest; surprise, astonish by some strange sight; do violence to; to be astonished; to be puzzled, unable to comprehend; to be unaccustomed; make strange; stunt their growth and distort; altered in character; to be a stranger, speak with a foreign accent; to be strange; unusual"
ξενο-δοκέω,urn:cite2:hmt:lsj.chicago_md:n71515,hospitality_xenia,seed+embed,0.758,0.366,0.392,250,entertain guests; strangers.; testify
ξέν-ιος,urn:cite2:hmt:lsj.chicago_md:n71504,hospitality_xenia,seed+embed,0.757,0.626,0.131,2299,"belonging to friendship and hospitality, hospitable; protector of the rights of hospitality; the guests’; guestʼs; bound; by ties of hospitality; friendly gifts; as a friendly gift; to meat; provisions; tribute; honoraria; foreign; with aliens"
παν-δοκεύω,urn:cite2:hmt:lsj.chicago_md:n77322,hospitality_xenia,seed+embed,0.755,0.277,0.478,260,entertain as a host; innkeeper; keep an inn; lodging-house; to be furnished with inns
ξενο-σύνη,urn:cite2:hmt:lsj.chicago_md:n71548,hospitality_xenia,seed+embed,0.729,0.337,0.391,59,hospitality
φῐλοξεν-ία,urn:cite2:hmt:lsj.chicago_md:n111350,hospitality_xenia,seed+embed,0.729,0.337,0.391,203,hospitality
ξένος,urn:cite2:hmt:lsj.chicago_md:n71544,hospitality_xenia,seed,0.698,0.854,-0.156,3758,"guest-friend; guest; visitor; guests; host; stranger; wanderer, refugee; foreigner; hireling; mercenary soldier; ally; foreign; alien; strange to; unacquainted with, ignorant of; a stranger to; strange, unusual; fresh"
κλήτ-ωρ,urn:cite2:hmt:lsj.chicago_md:n57909,hospitality_xenia,seed,0.695,0.414,0.282,335,"one who invites, host; one who invokes; in R."
δαιτῠμ-ών,urn:cite2:hmt:lsj.chicago_md:n23269,hospitality_xenia,seed,0.69,0.266,0.425,234,"one that is entertained, guest; those who bring each his portion"
ξεν-όω,urn:cite2:hmt:lsj.chicago_md:n71563,hospitality_xenia,seed,0.69,0.326,0.364,989,"make oneʼs friend and guest, entertain; enter into a treaty of hospitality with; take up; abode with; as a guest, to be entertained; reside abroad; go into banishment; deprive; of"
φῐλόξεν-ος,urn:cite2:hmt:lsj.chicago_md:n111352,hospitality_xenia,seed,0.685,0.332,0.353,432,"loving strangers, hospitable; of hospitality"
ὑποδεξίη,urn:cite2:hmt:lsj.chicago_md:n108259,hospitality_xenia,seed,0.676,0.363,0.313,123,"reception of a guest, means of entertainment"
ἑστιᾱτ-ωρ,urn:cite2:hmt:lsj.chicago_md:n42998,hospitality_xenia,seed,0.673,0.306,0.367,581,"one who gives a banquet, host; the citizen on whom the liturgy of; fell; manager of the commissariat; guest; office-bearers of a religious association"
κατανθρωπ-ισμός,urn:cite2:hmt:lsj.chicago_md:n54621,hospitality_xenia,seed,0.673,0.379,0.294,94,"hospitality, entertainment"
ξενο-δόκος,urn:cite2:hmt:lsj.chicago_md:n71516,hospitality_xenia,seed,0.672,0.389,0.282,512,"one who receives strangers, host; head of a; witness"
ὑποδοχ-ή,urn:cite2:hmt:lsj.chicago_md:n108341,hospitality_xenia,seed,0.67,0.379,0.29,2316,"reception; entertainment, hospitality; harbouring; means for entertaining; acceptance, support; playing up to, supporting; seconding; an admission; expectation; resort, quarter; receptacle, reservoir; substitutes, diversions; stewardship, office of the; taking over, receipt by an agent, acceptance of responsibility for; continuous succession"
ξεινήϊον,urn:cite2:hmt:lsj.chicago_md:n71474,hospitality_xenia,seed,0.666,0.308,0.359,323,hostʼs gift; provision made for a guest; gifts of (guest-) friendship
ξενᾱγ-έω,urn:cite2:hmt:lsj.chicago_md:n71482,hospitality_xenia,seed,0.66,0.66,-0.0,598,"to be a leader of mercenaries; guide strangers, show them the sights; work as a guide has been done; one seeing the sights; guide, direct; receive hospitality"
κατάκτης,urn:cite2:hmt:lsj.chicago_md:n54307,hospitality_xenia,seed,0.656,0.279,0.378,78,"visitor, guest"
καταξενόομαι,urn:cite2:hmt:lsj.chicago_md:n54674,hospitality_xenia,seed,0.642,0.269,0.373,107,"to be received as a guest, hospitably treated"
ἑστιοῦχ-ος,urn:cite2:hmt:lsj.chicago_md:n43007,hospitality_xenia,seed,0.628,0.318,0.31,418,"guarding the house; guardian of..; having an altar; hearth; on the hearth; altar; entertainer, feaster, host"
εὔξενος,urn:cite2:hmt:lsj.chicago_md:n44575,hospitality_xenia,seed,0.624,0.35,0.274,492,"kind to strangers, hospitable; the guest; the Euxine; the Black Sea"
παρόχ-ιον,urn:cite2:hmt:lsj.chicago_md:n79815,hospitality_xenia,seed,0.615,0.124,0.491,76,public guest-house
ἔνσῑτ-ος,urn:cite2:hmt:lsj.chicago_md:n36053,hospitality_xenia,seed,0.614,0.192,0.423,128,"public guest; fed, replete"
πρόξενος,urn:cite2:hmt:lsj.chicago_md:n88122,hospitality_xenia,seed,0.614,0.336,0.279,2276,"public; public guest; friend; patrons; representatives; witnesses; patron, protector; patroness; assisting, relieving; causing, producing"
διειρωνόξενος,urn:cite2:hmt:lsj.chicago_md:n26483,hospitality_xenia,seed,0.611,0.318,0.292,128,"dissembling with oneʼs guests, treacherous under the mask of hospitality"
ἑστιάω,urn:cite2:hmt:lsj.chicago_md:n43000,hospitality_xenia,seed,0.609,0.388,0.222,2006,"receive at oneʼs hearth; in oneʼs house; entertain, feast; give a feast; entertainers; give a; feast; to be a guest, be feasted; feast on..; have a"
ἑστιῶν,urn:cite2:hmt:lsj.chicago_md:n43001,hospitality_xenia,seed,0.609,0.382,0.227,1340,"give a feast; entertainers; give a; feast; to be a guest, be feasted; feast on..; have a"
προεπι-ξενόομαι,urn:cite2:hmt:lsj.chicago_md:n87387,hospitality_xenia,seed,0.605,0.18,0.425,87,to be received as a guest before
σκῐά,urn:cite2:hmt:lsj.chicago_md:n94815,hospitality_xenia,seed,0.603,0.363,0.241,2918,"shadow; reflection, image; shade; phantom; one worn to a shadow; mere shadows; evil spirit; shadow in painting; silhouette, profile; coloured border; an uninvited guest, introduced by another; umbra; chāyā´"
ἐπιξεν-όομαι,urn:cite2:hmt:lsj.chicago_md:n40373,hospitality_xenia,seed,0.6,0.398,0.202,733,"to be entertained as; a guest, dwell abroad; to be on a visit; to be entertained; have hospitable; relations with, be intimate with; lent to; communicated; with; appeal to thee in"
ξεν-ικός,urn:cite2:hmt:lsj.chicago_md:n71503,hospitality_xenia,seed,0.598,0.756,-0.157,2294,"of; for a stranger, of foreign kind; taxes paid by aliens; more connected with; dependent upon, foreigners; the class of aliens; in which aliens sued; were sued; foreign; alien; concerning the status of an alien; which confers non-citizen status; furnished by the allies; a body of mercenaries; hospitable; protector of guests; between host and guest; hospitably; foreign, strange; their foreign origin; character; non-Attic; unfamiliar; abounding in unusual words and phrases; in non-Attic fashion"
συνδέχομαι,urn:cite2:hmt:lsj.chicago_md:n99646,hospitality_xenia,seed,0.591,0.196,0.394,67,receive as a guest
συμφορ-ητός,urn:cite2:hmt:lsj.chicago_md:n98932,hospitality_xenia,seed,0.59,0.289,0.301,391,"brought together, collected; towards which each guest contributes, picnic"
ἀστόξενος,urn:cite2:hmt:lsj.chicago_md:n16560,hospitality_xenia,seed,0.589,0.484,0.105,161,"public guest of a city; a blood-relation, though a foreigner by birth."
δειπν-ητής,urn:cite2:hmt:lsj.chicago_md:n23749,hospitality_xenia,seed,0.589,0.374,0.216,56,"diner, guest"
δειπν-ίζω,urn:cite2:hmt:lsj.chicago_md:n23751,hospitality_xenia,seed,0.589,0.385,0.204,394,entertain at dinner; give; bribed by dinners
συνάγω,urn:cite2:hmt:lsj.chicago_md:n99045,hospitality_xenia,seed,0.588,0.406,0.181,7171,"bring together, gather together; to; crowd; bring together; hold a club dinner; meeting; are at dinner; join; begin; match, pit; one against the other; engage; collect; levy; bring together, join in one, unite; contract; bring together, make friends of, reconcile; bring; together; lead with one, receive; gave hospitality to..; concise; jumble together, identify; draw together; draw together, narrow, contract; to a point; a.; is pinched in, drawn in; close; prick; to be straitened, afflicted; to become pinched; pull; conclude; infer, prove; form a conclusion of; cogent; sum up; obtain; product..; give; yield; is carried along with; bring about"
θοινοδοτέω,urn:cite2:hmt:lsj.chicago_md:n48932,hospitality_xenia,seed,0.585,0.287,0.298,91,entertain at a banquet
καθεστήριον,urn:cite2:hmt:lsj.chicago_md:n51758,hospitality_xenia,seed,0.584,0.223,0.361,82,guest-room
ἔθνος,urn:cite2:hmt:lsj.chicago_md:n30809,hospitality_xenia,seed,0.581,0.445,0.136,2147,"number of people living together, company, body of men; band; host; swarms, flocks; nation, people; foreign, barbarous nations; clubs of non-Athenians; non-Jews, Ps.; Gentiles; Gentile Christians, Ep. Rom.; provinciae; province; class; caste, tribe; orders; trade-associations; guilds; sex; part, member; a relation"
κᾰλέω,urn:cite2:hmt:lsj.chicago_md:n52571,hospitality_xenia,seed,0.581,0.327,0.254,6187,"call, summon; they had been summoned; demand, require; call to oneself; call; call to oneʼs house; to a repast, invite; invited; guest; invoke; call down; to be invoked; summon; cite; calls on; is called on; to sue; bring before the court; plaintiff; called forth, summoned; call by name, name; shall be given; give; to; because of; to be named; called; socalled; called from; after; to be called; am; is; said that; name; we say"
κατα-λύω,urn:cite2:hmt:lsj.chicago_md:n54452,hospitality_xenia,seed,0.581,0.361,0.22,3979,"put down, destroy; break; up; dissolve, break up, put down; put down, depose; having been dismissed; dissolve, dismiss, disband; abolish; annul; render; useless; neglect; lay; down; bring to an end; make an end; die; retired; ending; disused, obsolete; end; settle; componere inimicitias; make peace; come to terms with; decay; unloose, unyoke; take; to be taken down; take up oneʼs quarters, lodge; is; guest; turn off; go and lodge; may I take my rest"
πάρειμι,urn:cite2:hmt:lsj.chicago_md:n79223,hospitality_xenia,seed,0.581,0.492,0.089,4706,"sum; to be by; present; near; to be; guest; to be present in; at; to be present so as to help, stand by; to have arrived; to have come; ready; at hand; were at; command; available; the present state of affairs; just now; present circumstances; the present; it depends; is in; power; it being possible; easy, since it is allowed; to his face; come here"
παρεμ-βολή,urn:cite2:hmt:lsj.chicago_md:n79335,hospitality_xenia,seed,0.581,0.346,0.235,926,"insertion, interpolation; parenthesis; drawing up in battle-order; insertion of men in the ranks; company; host; encampment; soldiers’ quarters; barracks; trip"
συνδαιτ-ᾰλεύς,urn:cite2:hmt:lsj.chicago_md:n99606,hospitality_xenia,seed,0.581,0.248,0.333,82,fellow-guest
ὑποδέχομαι,urn:cite2:hmt:lsj.chicago_md:n108279,hospitality_xenia,seed,0.581,0.446,0.135,6647,"receive into oneʼs house, welcome; received; who had received him; harbour; admit; admitted; as a friend; opened up to receive; entertain; host; give ear to, hearken to; give ear to; admit, allow; refuse to admit, deny; take up; take on board; bear patiently; submit to; accept; as correct; undertake, promise; undertook; make; promises; undertake to contribute; undertook to collect; accept as a responsibility, take in charge; take over, receive as agent; receive in succession, take up; receiver; come next; come next in order; intercept; catch; catch as in a trap; receives (entraps); was in store for; will be her lot; takes; by surprise; catch, collect; receive; Aër."
ξενο-κτονία,urn:cite2:hmt:lsj.chicago_md:n71530,hospitality_xenia,seed,0.574,0.287,0.288,146,murder of strangers; murder of a guest; of a host
δειδίσκομαι,urn:cite2:hmt:lsj.chicago_md:n23644,hospitality_xenia,seed,0.573,0.32,0.253,500,"greet, welcome; pledged; welcoming; pledging; show"
ἔχω,urn:cite2:hmt:lsj.chicago_md:n45996,hospitality_xenia,seed,0.564,0.524,0.041,23287,"check; seĝh; sáhate; sigis; sĝh; si-sĝh-o; have, hold; possess; propertied class; wealthy man; poor; to have; due to one; to have received; acquire, get; to be possessed; keep, have charge of; having control of; to be engaged in; kept; for; is; himself; inhabit; haunt; ruled; occupiest; have to wife; as husband; have in oneʼs house, entertain; with; keep; get; indulge in; will; for a moment; to be; conceived; have; goes, that; possess mentally, understand; do you understand; attend! listen; know of; keep up, maintain; made; involve, admit of; containing; containing (circumscribing; hold; to hold; uphold; hold fast; holding; by; grip; bear, wear; to be pregnant; had; bore; support, sustain; hold fast, keep close; enclose; contain; keep in a certain direction; aimed; guide, drive, steer; held his course; held on; put in, land; point; to turn; fixed; attend to; hold in, stay, keep back; check, stop; stay; allay, assuage; keep away from; stop, hinder from; keep back, withhold; pray keep; hold in guard, keep safe; protect; hold, consider; have means; power; to be able; could; be able; have to face, be obliged; know; there is; hold oneself; kept balanced; will keep unmoved; to keep; stay now; keep from; to be engaged; busy; be; consisting; it is, is going on; will turn out; to turn out, happen; the case stands; cum res ita se habeant; was; am; no, I thank you; to be well off for; abound in; turn; stand up, jut out; lead towards; to be directed, point; what concerns; extend, reach to; feelings; when it is in your grasp; hold oneself fast, cling closely; hold on by, cling to; claps his hand on; cleave, cling to; lay hold on, take advantage of; fasten upon, attack; lay claim to; to be zealous for; come next to, follow closely; to be close, border on; neighbouring; next; what follows; depend; to be connected with; pertain to; bear; hold for oneself; his; maintain oneself, hold oneʼs ground; keep off from oneself, repel; keep oneself back, abstain; refrain from; to keep oneʼs; hold! cease; are balanced"
δεξίστρᾰτος,urn:cite2:hmt:lsj.chicago_md:n24094,hospitality_xenia,seed,0.558,0.176,0.382,64,receiving the host
τρᾰπεζῑτ-ης,urn:cite2:hmt:lsj.chicago_md:n104549,hospitality_xenia,seed,0.553,0.328,0.225,870,"money-changer, banker; bankers; director of a state-bank; violator of hospitality"
ἀξενᾰγώγητος,urn:cite2:hmt:lsj.chicago_md:n10994,hospitality_xenia,seed,0.532,0.228,0.304,90,not received; guided as a guest
ἀπό-ξενος,urn:cite2:hmt:lsj.chicago_md:n13332,hospitality_xenia,seed,0.526,0.322,0.204,246,"alien to guests, inhospitable; far from; banished from.."
ἑστίᾱσις,urn:cite2:hmt:lsj.chicago_md:n42990,hospitality_xenia,seed,0.526,0.447,0.079,311,"feasting, banqueting, entertainment; banquet; public dinner given by a citizen to his fellow-citizens"
εὐωχ-ητής,urn:cite2:hmt:lsj.chicago_md:n45573,hospitality_xenia,seed,0.518,0.235,0.284,71,"a reveller, guest"
ὑποδοχ-εύς,urn:cite2:hmt:lsj.chicago_md:n108340,hospitality_xenia,seed,0.513,0.319,0.194,161,"receiver, host; entertaining"
ἀσπ-αστός,urn:cite2:hmt:lsj.chicago_md:n16363,hospitality_xenia,seed,0.507,0.303,0.204,515,welcome; to be welcomed
ξεν-ᾰπάτης,urn:cite2:hmt:lsj.chicago_md:n71488,hospitality_xenia,seed,0.507,0.367,0.14,279,one who cheats strangers; one who betrays his host; a treacherous breeze
σκην-ή,urn:cite2:hmt:lsj.chicago_md:n94769,hospitality_xenia,seed,0.507,0.293,0.214,2515,"tent, booth; camp; hut; booth; tabernacle; stage-building; a sort of; heroes represented on the stage; actors, players; actually represented on the stage; songs; odes sung by one of the actors standing on the stage; stage-effect, acting, unreality; stage’; theatrical trick, deception; tented cover, tilt of a wagon; carriage; bed-tester; hidden; state-cabin; entertainment given in tents, banquet"
μῡρῐο-τᾱγός,urn:cite2:hmt:lsj.chicago_md:n69296,hospitality_xenia,seed,0.501,0.269,0.231,86,leader of a countless host
κοπίς,urn:cite2:hmt:lsj.chicago_md:n58969,hospitality_xenia,seed,0.498,0.373,0.125,613,"chopper, cleaver; broad curved knife; sting of a scorpion; feast given on certain festivals to strangers"
κᾰκό-ξενος,urn:cite2:hmt:lsj.chicago_md:n52278,hospitality_xenia,seed,0.492,0.384,0.108,274,"unfortunate in guests; unfriendly to strangers, inhospitable"
στρᾰτόω,urn:cite2:hmt:lsj.chicago_md:n97153,hospitality_xenia,seed,0.492,0.282,0.21,238,"to be on a campaign, in the field; assembled as a host"
φῐλοξεν-έω,urn:cite2:hmt:lsj.chicago_md:n111349,hospitality_xenia,seed,0.492,0.336,0.157,256,entertain hospitably; love foreign fashions
ξενο-δοχία,urn:cite2:hmt:lsj.chicago_md:n71519,hospitality_xenia,seed,0.488,0.413,0.075,103,entertainment of a stranger
συνεστῐ-άω,urn:cite2:hmt:lsj.chicago_md:n100427,hospitality_xenia,seed,0.486,0.295,0.191,215,help to entertain; live; feast along with; together
προσηλύτ-ευσις,urn:cite2:hmt:lsj.chicago_md:n89371,hospitality_xenia,seed,0.484,0.415,0.068,80,residence as a stranger
δειπν-έω,urn:cite2:hmt:lsj.chicago_md:n23744,hospitality_xenia,seed,0.483,0.399,0.084,912,"make a meal; take the chief meal, dine; make; serve as dinner; with; make a meal on; entertain"
περίσχεσις,urn:cite2:hmt:lsj.chicago_md:n82328,hospitality_xenia,seed,0.481,0.277,0.204,216,surrounding; taking in flank; surrounding host; blockade
θοιν-άω,urn:cite2:hmt:lsj.chicago_md:n48928,hospitality_xenia,seed,0.472,0.496,-0.024,1178,"feast on, eat; to be feasted upon; sacrificed; feast, entertain; gave; upon; to be feasted, feast, banquet; to feast; feast on; eating"
κατευωχέομαι,urn:cite2:hmt:lsj.chicago_md:n55898,hospitality_xenia,seed,0.472,0.353,0.119,222,"feast and make merry on; feast, entertain"
θᾰλία,urn:cite2:hmt:lsj.chicago_md:n47797,hospitality_xenia,seed,0.471,0.356,0.115,542,"abundance, good cheer; festivities; funeral-feast"
κατά-λῠσις,urn:cite2:hmt:lsj.chicago_md:n54446,hospitality_xenia,seed,0.471,0.287,0.184,1377,"dissolution, putting down; dismissal, disbanding; breaking up; dismissal; pacification; end, termination; settlement; feebleness, impotence; resting, lodging; rest; restingplace, guest-chamber, quarters, lodging; billets"
ὑπό,urn:cite2:hmt:lsj.chicago_md:n108092,hospitality_xenia,seed,0.47,0.405,0.065,21730,"úpa; uf; from under; from the consequences of; under; under, beneath; in under; NT;; by; before; from; at; accompanying; attendant; accompanied by; in; with; the angle; the rectangle contained by; laden with; NT; foot; next below; yoked to; Deff.* 135.12; ὑ. τῷ δέρματι Gal. 18(2).102. `A.I.2` with Verbs of motion, where rest or position follows, εἷσαν ὑ. φηγῷ set [him]; or; , or; , or the thing; oneʼs; one,; a great host, Nic.Dam. 10J.; ὑ. δικαιοσύνῃ διαγαγεῖν τὸν βίον Pl. *Ep.* 335d.— ὑπό has no sense c. dat. which it has not also c. gen.; but all its senses c. gen. do not belong to the dat.:—later ὑπό c. dat. is found as a mere periphr. of the dat., στέφος.. αὐτὸς ὑφʼ ἡμετέραις πλεξάμενος παλάμαις *AP* 5.73 ( Rufin.), cf. 85 ( Claudian.); λέων ὑπʼ ἄκοντι τετυμμένος A.R. 2.26, cf. Man. 2.131. `C` WITH ACCUSATIVE, of Place; to express motion; an object, ὑ. σπέος ἤλασε μῆλα drove them; , i.e.; of it, i.e.; a lofty citadel, ἤλθεθʼ ὑ. Τροίην; the sun, Il. 5.267; ὑπʼ αὐγὰς ἠελίοιο φοιτῶσι Od. 2.181; τῶν ὑ. τοῦτον τὸν ἥλιον.. ἀνθρώπων D. 18.270; τὰ ὑ. τὴν ἄρκτον Hdt. 5.10, cf. Arist. *Mete.* 362a17; οἴκησις ἡ λεγομένη ὑ. τὸν πόλον Gem. 5.38, cf. 16.21, al.; ὑ. τὸν οὐρανόν LXX *Ex.* 17.14, al., *UPZ* 106.14 (i B.C.); τὸ ὑ. τὴν ἀκρόπολιν Th. 2.17; ὁ ὑ. γῆν λεγόμενος εἶναι θεός Hdt. 7.114, cf. Il. 19.259; ὑ. γῆν is more freq. than ὑ. γῆς in Arist., *Mete.* 349b29, al., in Hipparch., 1.3.10, al., and entirely supersedes ὑ. γῆς in Hdt., 2.124, 125, 127, 148, 150, 3.102, 4.195, 7.114, and Gem., 2.19, al.; it is found also in Plb. 21.28.11, etc.; ὑ. γῆν; of a triangle, Hero; holding; up to; close to; next to; inscribed in; subtending; in the category of; subjection, control, dependence; in the course of, during; duration; throughout; during; about; at the time of; just at; at the very time of; under, below, beneath; under the mother; at the breast; behind; casing; covering; agency; influence under which; somewhat, a little; underhand, secretly"
ξεν-εών,urn:cite2:hmt:lsj.chicago_md:n71491,hospitality_xenia,seed,0.461,0.241,0.22,121,"guest-chamber; almshouse, hospital"
ξεν-ών,urn:cite2:hmt:lsj.chicago_md:n71567,hospitality_xenia,seed,0.461,0.241,0.22,232,guest-chamber
ἀκρᾱτ-ίζομαι,urn:cite2:hmt:lsj.chicago_md:n3427,hospitality_xenia,seed,0.458,0.318,0.14,470,drink neat wine; breakfast; bread dipped in wine; to breakfast on; entertain at breakfast
προεστιάω,urn:cite2:hmt:lsj.chicago_md:n87422,hospitality_xenia,seed,0.453,0.326,0.127,72,"feast, entertain before"
ἀναιρέω,urn:cite2:hmt:lsj.chicago_md:n6616,hospitality_xenia,seed,0.451,0.408,0.044,4117,"take up; having raised; take up and carry off, bear away; make away with, destroy; kill; abrogate, annul; abolish; destroy; confute; confute directly; do away with; deny; appoint, ordain; answer, give a response; give an oracle; take up for oneself, take up, pick up; achieve, win; take; I should take; into my service; get; exact; take up and carry off, snatch; take up for burial; take up in oneʼs arms; own; conceive in the womb; withdraw; upon oneself, undertake; against; undertake, contract for the execution of; accept as oneʼs own, adopt; entertain; rescind, cancel"
δέχομαι,urn:cite2:hmt:lsj.chicago_md:n24289,hospitality_xenia,seed,0.451,0.388,0.064,5545,"take, accept, receive; receive; at the hand of; accept; receive in exchange for..; choose; prefer; catch; take, accept; accept, hail; accept, approve; forgive; give ear to, hear; take; regard; understand; cap; take upon oneself; undertake; welcome; to admit; admit; accept as security; entertain; receive as an enemy, await the attack of; waiting for; expect, wait; expect; occupy, engage; receive, hold; admit of; contain, circum-scribe; succeed, come next; desiti, dositi"
δοξ-άζω,urn:cite2:hmt:lsj.chicago_md:n28003,hospitality_xenia,seed,0.451,0.487,-0.035,1470,"think, imagine; can I suppose; expecting; to be supposed; will suppose that; entertain; hold; opinions; form; hold an opinion; to be matter of opinion; magnify, extol; to be distinguished, held in honour, magnified"
δυσπρόσ-δεκτος,urn:cite2:hmt:lsj.chicago_md:n29458,hospitality_xenia,seed,0.451,0.306,0.145,137,"hardly admitted, disagreeable; disinclined to entertain"
ἐκδέχομαι,urn:cite2:hmt:lsj.chicago_md:n31849,hospitality_xenia,seed,0.451,0.329,0.123,1645,"take; receive from; on oneself; take up the argument; wait for, expect; wait; understand in a certain sense; entertain; to be surety for; await; come next; Peripl.M. Rubr.; support"
ἐπιβαίνω,urn:cite2:hmt:lsj.chicago_md:n38876,hospitality_xenia,seed,0.451,0.399,0.052,5051,"go upon; set foot on, tread, walk upon; set foot on; placed upon..; get upon, mount on; to be superposed; arrive at; have trodden the path of; enter into; entertain; undertake; seize upon; preside over; get upon, board; land on; make forcible entry into; set upon, assault; approach; trample on; light upon; lighting upon; light on; go on to; enter; attack; mount; cover; use, put oneʼs weight on; get a footing, stand on oneʼs feet; set foot; step onwards; advance; advance in oneʼs demands; mount on a; chariot; on horseback, be mounted; go; be on board ship; make; mount, set; upon; set; on; bring; to; had brought thee to; sets"
ὑπολαμβάνω,urn:cite2:hmt:lsj.chicago_md:n108660,hospitality_xenia,seed,0.451,0.362,0.09,4738,"take up by getting under; bear up, support; take up, seize; come suddenly upon; taking up; follow next, come next; take up; interpret; understand; rejoin, retort; reply that; retort by asking; in answer; take up, interrupt; fight with; take up and turn; receive and protect; admit; take in hand, treat; accept; entertain; take it; assume, suppose; assume; conceive of; I assume; opinion; has been formed; is understood; suspect, disbelieve; regard; draw away, seduce; take away, remove; seize; remove; receive; hold up; check"
εἰλᾰπῐν-αστής,urn:cite2:hmt:lsj.chicago_md:n31042,hospitality_xenia,seed,0.45,0.292,0.158,138,"feaster, guest, boon-companion"
ἐπιδεξῐ-όομαι,urn:cite2:hmt:lsj.chicago_md:n39150,hospitality_xenia,seed,0.449,0.292,0.158,78,entertain one another
δαίς,urn:cite2:hmt:lsj.chicago_md:n23250,hospitality_xenia,seed,0.447,0.397,0.05,627,"meal, banquet; duly shared; banquet; sacrificial feast; Fr.inc.; the feast; meat, food"
θοιν-ᾱτήρ,urn:cite2:hmt:lsj.chicago_md:n48924,hospitality_xenia,seed,0.447,0.357,0.089,119,one who gives a feast; lord of a; feast
συνδαίνῡμι,urn:cite2:hmt:lsj.chicago_md:n99605,hospitality_xenia,seed,0.447,0.311,0.136,176,entertain together; share; feast with; feast together
ἑορτ-ή,urn:cite2:hmt:lsj.chicago_md:n37799,hospitality_xenia,seed,0.446,0.386,0.06,1136,"feast, festival, holiday; a feast; holiday-making, amusement, pastime; the fair; a holiday; assembled multitude at a festival"
παρεπι-δημέω,urn:cite2:hmt:lsj.chicago_md:n79449,hospitality_xenia,seed,0.444,0.325,0.12,275,sojourn as a stranger in a place; travel
παρεπιδαμίων,urn:cite2:hmt:lsj.chicago_md:n79450,hospitality_xenia,seed,0.444,0.325,0.12,241,sojourn as a stranger in a place; travel
διάγω,urn:cite2:hmt:lsj.chicago_md:n24666,hospitality_xenia,seed,0.439,0.374,0.065,2399,"carry over; across; cross over; draw through; across, produce; draw apart; pass, spend; 1 Ep.Tim.; celebrate; pass life, live; tarry; delay; spin out, protract; divert, fob off; continue; continue doing; conduct oneself; cause to continue, keep; entertain, feed; manage; separate, force apart; divert"
ξενο-φονέω,urn:cite2:hmt:lsj.chicago_md:n71554,hospitality_xenia,seed,0.438,0.182,0.256,55,murder oneʼs host
πολῠ-ασπις,urn:cite2:hmt:lsj.chicago_md:n84637,hospitality_xenia,seed,0.438,0.153,0.285,96,many-shielded; of a large host
συνοίκ-ια,urn:cite2:hmt:lsj.chicago_md:n100784,hospitality_xenia,seed,0.436,0.28,0.156,320,a public feast in memory of Theseus’ uniting all the towns of Attica into a single city-state; a joint lodging; synoecium
δαίνῡμι,urn:cite2:hmt:lsj.chicago_md:n23243,hospitality_xenia,seed,0.435,0.389,0.046,1626,"give a banquet; feast; to give; on; thou shalt be; have a feast given one, feast; feast on, eat; eat; consume"
ἀντασπάζομαι,urn:cite2:hmt:lsj.chicago_md:n9519,hospitality_xenia,seed,0.434,0.248,0.187,176,"welcome, greet in turn; return greeting; receive kindly"
προσκῠν-έω,urn:cite2:hmt:lsj.chicago_md:n89676,hospitality_xenia,seed,0.43,0.369,0.061,2425,"make obeisance; fall down and worship; do reverence to; prostrating oneself before; throw a kiss to; kiss; greet; welcome respectfully, respect"
συνυπο-δέχομαι,urn:cite2:hmt:lsj.chicago_md:n101125,hospitality_xenia,seed,0.43,0.338,0.091,84,"receive, entertain together"
φῐλοφρον-έομαι,urn:cite2:hmt:lsj.chicago_md:n111571,hospitality_xenia,seed,0.43,0.424,0.006,1245,"treat; deal with kindly, show favour to; salute; greet; embrace; show a favour; indulge; to be of a kindly, cheerful temper; cheer, please, be welcome to"
χαίρω,urn:cite2:hmt:lsj.chicago_md:n112934,hospitality_xenia,seed,0.43,0.427,0.002,8668,"rejoice, be glad; to rejoice; rejoice at, take pleasure in; express oneʼs joy; I rejoice at; am glad to; delight in; to be wont; thou wilt; shalt; rejoice; thou shalt; go unpunished, shalt repent; hail, welcome; accept the greeting; hear the word; welcome; have thy pleasure; fare-thee-well; have done with.., away with; dismiss from oneʼs mind, put away, renounce; be of good cheer; good luck be; glad, joyful; in joy; safe and sound, with impunity; to oneʼs cost; fare; well; rejoicing; with a benison; háryati; heriest; horior."
συμφαντάζομαι,urn:cite2:hmt:lsj.chicago_md:n98887,hospitality_xenia,seed,0.429,0.364,0.065,167,to be imagined along with; entertain fancies along with
δόρπιος,urn:cite2:hmt:lsj.chicago_md:n28097,hospitality_xenia,seed,0.428,0.353,0.076,164,belonging to the feast; supper-time
εὐωχ-έω,urn:cite2:hmt:lsj.chicago_md:n45570,hospitality_xenia,seed,0.426,0.37,0.056,1497,"entertain sumptuously; to feed well; fare sumptuously, feast; after dinner; feast upon, enjoy; to hold a feast; eat their fill; having eaten its fill of; to entertain; with; relish, enjoy"
φῠγό-ξενος,urn:cite2:hmt:lsj.chicago_md:n112483,hospitality_xenia,seed,0.425,0.354,0.071,91,"shunning strangers, inhospitable"
ἑστι-άρχης,urn:cite2:hmt:lsj.chicago_md:n42988,hospitality_xenia,seed,0.424,0.327,0.096,110,the master of a feast
ἄμικτος,urn:cite2:hmt:lsj.chicago_md:n5273,hospitality_xenia,seed,0.422,0.378,0.045,1100,"unmingled, that will not mingle; that will not blend; harmonize; unmixed, pure; unmixed with; uniform; not mingling with others, unsociable, savage; morose; refuse to admit; to; society; not mixing the breed; not having intercourse with; uncivilized; inhospitable"
ἀπαρχή,urn:cite2:hmt:lsj.chicago_md:n11577,hospitality_xenia,seed,0.42,0.491,-0.07,1370,"beginning of a sacrifice, primal offering; banquet; firstlings; first-fruits; tax on inheritances; tax; entrance fee; board of officials; birth-certificate"
εἰλᾰπῐν-η,urn:cite2:hmt:lsj.chicago_md:n31043,hospitality_xenia,seed,0.42,0.372,0.049,308,solemn feast; banquet
ἑστί-ᾱμα,urn:cite2:hmt:lsj.chicago_md:n42986,hospitality_xenia,seed,0.42,0.292,0.129,142,banquet
κλῑν-η,urn:cite2:hmt:lsj.chicago_md:n57936,hospitality_xenia,seed,0.42,0.292,0.129,817,"that on which one lies, couch; couch; bier; grave-niche; lectisternium; banquet"
κλῐσία,urn:cite2:hmt:lsj.chicago_md:n57965,hospitality_xenia,seed,0.42,0.343,0.077,1449,"place for lying down; reclining; hut, shed, booth; cot, cabin; hut; camp; shops; chapel; anything for lying; sitting upon, couch; easy chair; couch for reclining on at table; place on such couch; nuptial bed; company; sitting at meals; banquet; room for company; way of lying, decubitus"
σκην-έω,urn:cite2:hmt:lsj.chicago_md:n94768,hospitality_xenia,seed,0.42,0.365,0.055,856,"to be; dwell in a tent, encamp; to be quartered; billeted; went; and quartered themselves there; have oneʼs meals; banquet; may"
σύνδειπν-ον,urn:cite2:hmt:lsj.chicago_md:n99624,hospitality_xenia,seed,0.42,0.296,0.124,127,common meal; banquet
ἀρχι-τρίκλῑνος,urn:cite2:hmt:lsj.chicago_md:n16019,hospitality_xenia,seed,0.415,0.258,0.157,120,president of a banquet; triclinium; head-waiter
δᾱμοθοινία,urn:cite2:hmt:lsj.chicago_md:n23401,hospitality_xenia,seed,0.414,0.263,0.15,96,public feast
δημοθοιν-ία,urn:cite2:hmt:lsj.chicago_md:n24408,hospitality_xenia,seed,0.414,0.263,0.15,176,public feast
δημοθοιν-έω,urn:cite2:hmt:lsj.chicago_md:n24407,hospitality_xenia,seed,0.41,0.271,0.139,89,give a public feast
ἀναδέχομαι,urn:cite2:hmt:lsj.chicago_md:n6439,hospitality_xenia,seed,0.409,0.388,0.021,1733,"take up, catch, receive; receive, entertain; take upon oneself, submit to; acknowledge; accept, receive; accept; admit of; undertake; take upon oneself; give security to one; go bail for; undertake to satisfy; take back; experience, suffer; wait for"
κατα-λύτης,urn:cite2:hmt:lsj.chicago_md:n54450,hospitality_xenia,seed,0.407,0.295,0.113,120,"lodger, stranger; arbitrator"
δεξιόομαι,urn:cite2:hmt:lsj.chicago_md:n24082,hospitality_xenia,seed,0.405,0.546,-0.141,929,"greet with the right hand, welcome; canvass; to raise oneʼs right hand; pay greeting; honour to; pledging one in; with right hands joined"
ἐπί-κλητος,urn:cite2:hmt:lsj.chicago_md:n39755,hospitality_xenia,seed,0.4,0.585,-0.185,818,"called upon, called in as; ally; specially summoned; privy; convocation, assembly; privy councillors; committee; called to; appointed; designated; summoned before; accused; invited in addition, supernumerary guest; alien, foreign; irrelevant"
ζηλοτῠπ-ία,urn:cite2:hmt:lsj.chicago_md:n46219,hostility_enmity,seed+embed,0.855,0.459,0.396,248,"jealousy, rivalry, envy"
ἔχθρ-α,urn:cite2:hmt:lsj.chicago_md:n45936,hostility_enmity,seed+embed,0.772,0.391,0.381,1061,"hatred, enmity; hatred for, enmity to; at feud; personal enmity; hostility; hatred"
ἐχθο-δοπέω,urn:cite2:hmt:lsj.chicago_md:n45930,hostility_enmity,seed+embed,0.766,0.311,0.455,112,"show enmity towards, engage in hostility with"
λῡπ-ηρός,urn:cite2:hmt:lsj.chicago_md:n64154,hostility_enmity,seed+embed,0.761,0.508,0.253,972,"painful, distressing; causing pain; causing sorrow; causing pain, troublesome; objects of jealousy and envy; sad; painfully, so as to cause pain; painful; with pain, so as to feel; show pain"
ἀντιπαρ-ᾰγωγή,urn:cite2:hmt:lsj.chicago_md:n10261,hostility_enmity,seed+embed,0.749,0.304,0.446,202,flank march; machinations; hostility
πολέμ-ιος,urn:cite2:hmt:lsj.chicago_md:n84422,hostility_enmity,seed+embed,0.749,0.463,0.286,1692,"of; belonging to war; Expl.Arch. de Délos; war and its business; like an enemy, hostile; hostile; enemy; the enemy; hostility; towards; opposed, adverse; most hurtful; from the enemy; enemyʼs wares, contraband; the enemyʼs country; in hostile manner; warlike, skilled in war."
φῐλοτῑμ-ία,urn:cite2:hmt:lsj.chicago_md:n111544,hostility_enmity,seed+embed,0.737,0.781,-0.043,2159,"love of honour; distinction, ambition; ambitious rivalry; jealousies, rivalries; party-feelings; conceited obstinacy; ambitious display, ostentation; lavish outlay for public purposes, munificence; occasions for munificence; honour, distinction, credit; credit; charitable; the conduct of one Philotimus"
ἀνταῖος,urn:cite2:hmt:lsj.chicago_md:n9389,hostility_enmity,seed+embed,0.711,0.324,0.387,572,"set over against, right opposite; in front, right in the breast; opposed to, hostile, hateful; hostile purposes; besought with prayers"
δυσμεν-ικός,urn:cite2:hmt:lsj.chicago_md:n29227,hostility_enmity,seed+embed,0.709,0.332,0.376,93,"like an enemy, hostile"
πολεμ-ικός,urn:cite2:hmt:lsj.chicago_md:n84421,hostility_enmity,seed+embed,0.709,0.438,0.271,1395,"of; for war; most fit for service; the art of war; warlike exercises; signal for battle; war; an air on the flute; fighting part; skilled in war, warlike; warlike spirit; like an enemy, hostile; stirring up hostility"
ἐχθρός,urn:cite2:hmt:lsj.chicago_md:n45948,hostility_enmity,seed,0.694,0.321,0.373,1418,"hated, hateful; hateful; hating, hostile; averse from; enemy; one who has been; but is alienated; one who is at war; one who has long been alienated and refuses to be reconciled."
πᾰν-εχθής,urn:cite2:hmt:lsj.chicago_md:n77404,hostility_enmity,seed,0.694,0.31,0.384,97,all-hostile: all-hateful
ἐπίφθον-ος,urn:cite2:hmt:lsj.chicago_md:n41513,hostility_enmity,seed,0.693,0.387,0.306,1062,"liable to envy; jealousy, looked on with jealousy, odious; invidious, hateful; envy; bearing a grudge against; malignant, hostile; liable to; hatred; in an invidious manner; with; invidiousness; at enmity"
νεῖκος,urn:cite2:hmt:lsj.chicago_md:n70039,hostility_enmity,seed,0.693,0.414,0.279,1267,"quarrel, strife, feud; quarrel; strife of words, railing, abuse; strife at law, dispute before a judge; challenge; battle, fight; hostilities; separative principle"
μῑσ-αλληλία,urn:cite2:hmt:lsj.chicago_md:n67954,hostility_enmity,seed,0.69,0.409,0.282,58,mutual hatred
ἀπεχθάνομαι,urn:cite2:hmt:lsj.chicago_md:n12024,hostility_enmity,seed,0.685,0.402,0.283,1390,"to be hated, incur hatred; to be or become hateful to; incur; hate; roused to hate against; to be hateful; to be irritated; to be hated for; dislike; that causes hatred"
πολεμέω,urn:cite2:hmt:lsj.chicago_md:n84410,hostility_enmity,seed,0.676,0.394,0.282,1913,"to be at war; make war; with; fight, do battle; our means of war are; quarrel, wrangle with; make war upon; have war made upon; to be treated as enemies; hostilities took place"
ἀντικέλευθος,urn:cite2:hmt:lsj.chicago_md:n10016,hostility_enmity,seed,0.674,0.329,0.345,217,"pursuing an opposite path; opposite; opposing, hostile"
πολεμ-όω,urn:cite2:hmt:lsj.chicago_md:n84439,hostility_enmity,seed,0.674,0.368,0.306,430,"make hostile, make an enemy of; you will make; your enemies; to be made an enemy of"
φῐλ-ερις,urn:cite2:hmt:lsj.chicago_md:n110943,hostility_enmity,seed,0.674,0.433,0.241,149,"fond of strife, disputatious, quarrelsome"
βασκ-αίνω,urn:cite2:hmt:lsj.chicago_md:n19565,hostility_enmity,seed,0.673,0.321,0.352,865,"bewitch; malign, disparage; envy, grudge; grudge; keep to oneself"
μέγαρ-σις,urn:cite2:hmt:lsj.chicago_md:n65550,hostility_enmity,seed,0.672,0.376,0.296,62,"jealousy, envy"
ἄγη,urn:cite2:hmt:lsj.chicago_md:n487,hostility_enmity,seed,0.668,0.433,0.234,324,"wonder, amazement; envy, malice; jealousy"
ἔρις,urn:cite2:hmt:lsj.chicago_md:n42522,hostility_enmity,seed,0.668,0.406,0.262,2959,"strife, quarrel, contention; battle-strife; quarrel, strife; discord; wordy wrangling, disputation; Eris; Discord; contention, rivalry; rivalry; contest; rivalry with.."
ζηλοτῠπ-έω,urn:cite2:hmt:lsj.chicago_md:n46218,hostility_enmity,seed,0.664,0.369,0.295,670,"to be jealous of; emulate; envy; regard with jealous anger; pretend to, affect; imitate, follow"
ἀφιλ-έχθρως,urn:cite2:hmt:lsj.chicago_md:n18347,hostility_enmity,seed,0.661,0.373,0.289,79,with no disposition towards enmity
ἐπιφθον-έω,urn:cite2:hmt:lsj.chicago_md:n41512,hostility_enmity,seed,0.651,0.375,0.277,249,grudge; bear hate; a grudge against; to be regarded with jealous hate
ἐγκότ-ησις,urn:cite2:hmt:lsj.chicago_md:n30390,hostility_enmity,seed,0.65,0.342,0.308,67,"anger at one, hatred"
ἐχθρόφρων,urn:cite2:hmt:lsj.chicago_md:n45949,hostility_enmity,seed,0.65,0.274,0.376,72,hostile in disposition
φθον-έω,urn:cite2:hmt:lsj.chicago_md:n110740,hostility_enmity,seed,0.648,0.393,0.254,3903,"bear ill-will; malice, grudge, be envious; jealous; envy; grudge; to envy; to be envious; bear a grudge; resent; feel righteous indignation at; take it ill; amiss; refuse from feelings of envy; ill-will, grudge; do not refuse; grudge, refuse to grant; to be grudging of; to be envied; begrudged; to be grudged"
φῐλονῑκ-έω,urn:cite2:hmt:lsj.chicago_md:n111337,hostility_enmity,seed,0.646,0.555,0.091,1301,"to be fond of victory, engage in rivalry, be contentious; out of contentiousness, party spirit; to be eager; to be so obstinate as to choose"
ζῠγο-μᾰχία,urn:cite2:hmt:lsj.chicago_md:n46329,hostility_enmity,seed,0.644,0.381,0.263,63,"quarrelling, strife"
μῑσο-πονηρία,urn:cite2:hmt:lsj.chicago_md:n68083,hostility_enmity,seed,0.64,0.422,0.219,351,hatred of evil; hatred because of wickedness
ὑποδῃόομαι,urn:cite2:hmt:lsj.chicago_md:n108291,hostility_enmity,seed,0.64,0.261,0.379,93,to be treated in hostile manner
ἐχθρο-ποιέω,urn:cite2:hmt:lsj.chicago_md:n45946,hostility_enmity,seed,0.637,0.21,0.427,92,make hostile
φθόνος,urn:cite2:hmt:lsj.chicago_md:n110745,hostility_enmity,seed,0.636,0.411,0.225,1844,"ill-will; malice; envy; jealousy; through envy; to be envied; envy for, jealousy of; will grudge, deny; jealousy felt by; envyings, jealousies, heartburnings; cause for indignation; reproach; refusal from feelings of ill-will; envy, grudging"
Στύξ,urn:cite2:hmt:lsj.chicago_md:n97397,hostility_enmity,seed,0.635,0.616,0.019,576,"the Styx; the Hateful; a well of fatal coldness in Arcadia; monster, reptile; piercing chill, as of frost; hatred, abhorrence"
δάϊος,urn:cite2:hmt:lsj.chicago_md:n23245,hostility_enmity,seed,0.633,0.422,0.211,1018,"hostile, destructive; burning, consuming; enemies; fighting man; hostile; unhappy, wretched; knowing, cunning"
ἀλλοτριόω,urn:cite2:hmt:lsj.chicago_md:n4517,hostility_enmity,seed,0.63,0.429,0.201,890,"estrange from; deprive; withdrawn; make hostile to; become estranged, be made enemy; to be prejudiced; disguise oneself from; to be inaccessible; to be unnatural, have a strange taste; to be alienated from oneʼs natural condition; to be alienated, fall into other hands"
ἄγᾰμαι,urn:cite2:hmt:lsj.chicago_md:n316,hostility_enmity,seed,0.629,0.437,0.193,2145,"wonder; admire; for; wonder at; to be delighted with; feel envy, bear a grudge; to be jealous; that; to be jealous of, angry at"
διαβολ-ή,urn:cite2:hmt:lsj.chicago_md:n24567,hostility_enmity,seed,0.629,0.392,0.237,1220,"false accusation, slander; them; it slanderously said; charges; the accusations; discredit; prejudice against; ill-repute; prejudice; quarrel, enmity; fear, aversion; withstand; legal obligation(?); fraud"
ζῆλος,urn:cite2:hmt:lsj.chicago_md:n46216,hostility_enmity,seed,0.629,0.792,-0.163,1554,"jealousy; eager rivalry, emulation; zeal for; emulation; passion; rivalry; emulous desire; ambitions; fervour, zeal; indignation; pride, honour, glory; spirit; tastes, interests; style"
ἐφάμιλλος,urn:cite2:hmt:lsj.chicago_md:n45596,hostility_enmity,seed,0.624,0.426,0.197,538,"a match for, equal to, rivalling; equality, evenness; regarded as an object of rivalry; contention"
μῑσό-ξενος,urn:cite2:hmt:lsj.chicago_md:n68069,hostility_enmity,seed,0.624,0.259,0.366,112,hostile to strangers
ἐκπολέμ-ωσις,urn:cite2:hmt:lsj.chicago_md:n32715,hostility_enmity,seed,0.623,0.256,0.367,64,making hostile
μῑσ-εταιρία,urn:cite2:hmt:lsj.chicago_md:n67971,hostility_enmity,seed,0.621,0.328,0.293,64,hatred of oneʼs comrades
ἐπικηραίνω,urn:cite2:hmt:lsj.chicago_md:n39704,hostility_enmity,seed,0.619,0.255,0.364,51,to be hostile to
ἐχθρ-αίνω,urn:cite2:hmt:lsj.chicago_md:n45937,hostility_enmity,seed,0.618,0.339,0.279,385,hate; oneʼs enemies; to be at enmity with; make hateful; hostile
ἐχθρ-εύω,urn:cite2:hmt:lsj.chicago_md:n45939,hostility_enmity,seed,0.618,0.339,0.279,107,to be at enmity with
ἐχθρό-ξενος,urn:cite2:hmt:lsj.chicago_md:n45945,hostility_enmity,seed,0.618,0.373,0.245,127,"hostile to strangers, inhospitable"
ἀνάρσιος,urn:cite2:hmt:lsj.chicago_md:n7425,hostility_enmity,seed,0.614,0.329,0.285,612,"incongruous:; hostile, implacable; enemies; untoward, strange"
στύγος,urn:cite2:hmt:lsj.chicago_md:n97374,hostility_enmity,seed,0.614,0.38,0.234,470,"hatred; sullenness, gloom; object of hatred, abomination; hated; deed of horror"
ἀλληλο-φθονία,urn:cite2:hmt:lsj.chicago_md:n4422,hostility_enmity,seed,0.61,0.434,0.176,53,mutual envy
μᾰχ-η,urn:cite2:hmt:lsj.chicago_md:n65295,hostility_enmity,seed,0.61,0.443,0.167,2155,"battle, combat; single combat; a battle; battle; in battle; battle with; strifes; contention, strife; contest; struggle; mode of fighting, way of battle; field of battle; contradiction, inconsistency"
ἀπεχθ-ρεύω,urn:cite2:hmt:lsj.chicago_md:n12033,hostility_enmity,seed,0.608,0.233,0.375,57,to be hostile
ἐκπολεμ-όω,urn:cite2:hmt:lsj.chicago_md:n32714,hostility_enmity,seed,0.608,0.343,0.265,273,"make hostile, involve in war; become an enemy to, be set at feud with"
ἐχθρωδ-έω,urn:cite2:hmt:lsj.chicago_md:n45950,hostility_enmity,seed,0.608,0.233,0.375,78,to be hostile
ἀπέχθεια,urn:cite2:hmt:lsj.chicago_md:n12025,hostility_enmity,seed,0.607,0.347,0.26,722,"hatred; for; enmity, odium; enmities; hated; hateful; odium; enmity"
ἐχθ-αίρω,urn:cite2:hmt:lsj.chicago_md:n45917,hostility_enmity,seed,0.607,0.347,0.26,1146,"hate, detest; do; bear; hatred; to be hateful"
μῑσ-αργῠρία,urn:cite2:hmt:lsj.chicago_md:n67963,hostility_enmity,seed,0.607,0.508,0.099,71,hatred; contempt of money
μῖσος,urn:cite2:hmt:lsj.chicago_md:n68096,hostility_enmity,seed,0.607,0.378,0.229,603,"hate, hatred; hate borne; hatred; hate felt against; grudge; hateful object"
προσφθονέω,urn:cite2:hmt:lsj.chicago_md:n90315,hostility_enmity,seed,0.607,0.416,0.191,98,oppose through envy; regard with envy
στῠγ-έω,urn:cite2:hmt:lsj.chicago_md:n97359,hostility_enmity,seed,0.606,0.432,0.175,1476,"hate, abhor; to show hatred; hate; fear; to be abhorred, detested; the horrid thing that I have done?; make hateful; would I make; a hate and fear"
συμμῑσοπονηρέω,urn:cite2:hmt:lsj.chicago_md:n98447,hostility_enmity,seed,0.605,0.283,0.323,80,feel common hatred of what is bad
ἀντήεις,urn:cite2:hmt:lsj.chicago_md:n9761,hostility_enmity,seed,0.603,0.295,0.308,77,hostile
ἀντίβῐος,urn:cite2:hmt:lsj.chicago_md:n9807,hostility_enmity,seed,0.603,0.295,0.308,452,opposing force to force; wrangling; hostile; enemy
ἀντιπαρα-τάσσομαι,urn:cite2:hmt:lsj.chicago_md:n10287,hostility_enmity,seed,0.603,0.295,0.308,592,stand in array against; hold oneʼs ground against; stand in hostile array; hostile array; hostile
ἀπεχθ-ής,urn:cite2:hmt:lsj.chicago_md:n12030,hostility_enmity,seed,0.603,0.295,0.308,282,hateful; hostile; hated
ἀπο-στρέφω,urn:cite2:hmt:lsj.chicago_md:n13890,hostility_enmity,seed,0.603,0.375,0.229,3420,"turn back; turn to flight; turn back from flight; send home again; bring back; having twisted back; guide back again; having turned; backwards; turn away, avert; bring back, recall; turn away; aside, divert; cut off; avert; prevent; rebut; dissuade from; aside; to be turned back; to have; bent back; twisted; closecurled; turn oneself from; away; back to back; turn oneʼs face away from, abandon; hostile; to be alienated; turn oneself about; escape; fall off from; desert"
δυσμεν-ής,urn:cite2:hmt:lsj.chicago_md:n29225,hostility_enmity,seed,0.603,0.33,0.273,688,hostile; enemies; an enemy of
ἐχθρ-ικός,urn:cite2:hmt:lsj.chicago_md:n45941,hostility_enmity,seed,0.603,0.295,0.308,94,hostile
ἐχθρώδ-ης,urn:cite2:hmt:lsj.chicago_md:n45951,hostility_enmity,seed,0.603,0.295,0.308,224,hostile
πημ-ονή,urn:cite2:hmt:lsj.chicago_md:n82975,hostility_enmity,seed,0.603,0.295,0.308,192,hostile
στυγν-ός,urn:cite2:hmt:lsj.chicago_md:n97369,hostility_enmity,seed,0.603,0.401,0.203,934,"hated, abhorred; hateful; hostile; gloomy, sullen; sullenly, with an ill grace"
φῐλεχθ-ρος,urn:cite2:hmt:lsj.chicago_md:n110977,hostility_enmity,seed,0.603,0.31,0.294,212,disharmonic; prone to enmity; hostile
ἀφᾰδία,urn:cite2:hmt:lsj.chicago_md:n18089,hostility_enmity,seed,0.602,0.325,0.277,102,enmity
διεχθρ-εύω,urn:cite2:hmt:lsj.chicago_md:n26740,hostility_enmity,seed,0.602,0.325,0.277,111,enmity
ἔχθος,urn:cite2:hmt:lsj.chicago_md:n45933,hostility_enmity,seed,0.602,0.469,0.133,481,hate; hatred for; enmity; object of
ζᾰμεν-ής,urn:cite2:hmt:lsj.chicago_md:n46091,hostility_enmity,seed,0.602,0.409,0.193,421,"very strong, mighty, raging; of violence; enmity"
ἀφθῐτό-μητις,urn:cite2:hmt:lsj.chicago_md:n18308,hostility_enmity,seed,0.6,0.408,0.192,116,of immortal counsel; of undying hatred
ἀνάρτιος,urn:cite2:hmt:lsj.chicago_md:n7429,hostility_enmity,seed,0.595,0.278,0.317,111,"uneven, odd; at odds with one, hostile"
κᾰκηγορ-ία,urn:cite2:hmt:lsj.chicago_md:n52085,hostility_enmity,seed,0.594,0.331,0.263,308,"evil-speaking, abuse, slander; abuse; for abusive language"
διαζηλοτῠπέομαι,urn:cite2:hmt:lsj.chicago_md:n24758,hostility_enmity,seed,0.591,0.382,0.209,89,engage in rivalry
ἀσέλγ-εια,urn:cite2:hmt:lsj.chicago_md:n16140,hostility_enmity,seed,0.59,0.455,0.135,377,"licentiousness, wanton violence; insolence; licentiousness"
ἀπρόσ-φῐλος,urn:cite2:hmt:lsj.chicago_md:n14523,hostility_enmity,seed,0.588,0.332,0.256,58,"unfriendly, hostile"
μῑσό-νεικος,urn:cite2:hmt:lsj.chicago_md:n68065,hostility_enmity,seed,0.587,0.406,0.181,89,hating strife
ἀφθόν-ητος,urn:cite2:hmt:lsj.chicago_md:n18312,hostility_enmity,seed,0.583,0.492,0.09,236,unenvied; beyond the reach of envy; bearing no grudge against; bountiful
ζηλ-όω,urn:cite2:hmt:lsj.chicago_md:n46221,hostility_enmity,seed,0.578,0.565,0.013,1600,"vie with, emulate; to be jealous of, envy; to be jealous; through jealousy; to be jealous for; esteem; pronounce happy, admire, praise; to be deemed fortunate; desire emulously, strive after, affect; pay zealous court to"
παρᾰμιλλ-ος,urn:cite2:hmt:lsj.chicago_md:n78419,hostility_enmity,seed,0.578,0.396,0.182,156,beyond rivalry; entering into competition
ἔχθ-ιστος,urn:cite2:hmt:lsj.chicago_md:n45927,hostility_enmity,seed,0.577,0.394,0.183,387,most hateful; most hostile; bitterest enemies
συναπ-εχθάνομαι,urn:cite2:hmt:lsj.chicago_md:n99372,hostility_enmity,seed,0.576,0.316,0.261,65,become an enemy together
ἀντίπᾰλος,urn:cite2:hmt:lsj.chicago_md:n10251,hostility_enmity,seed,0.574,0.408,0.166,1302,"wrestling against; antagonist, rival; antagonist, rival, adversary; nearly matched, nearly balanced; equally large; caused by the balance of the power of the parties, mutual; adequate; corresponding to..; where; was evenly balanced; a state of balance; such state; him who fights for; champion"
καταλλ-άσσω,urn:cite2:hmt:lsj.chicago_md:n54414,hostility_enmity,seed,0.574,0.35,0.223,1389,"change; give away; to leave; transgress, contravene; exchange; for; exchange prisoners; from enmity to friendship, reconcile; to make up oneʼs; to become reconciled; he may be reconciled; to be atoned for"
ὀδύσσομαι,urn:cite2:hmt:lsj.chicago_md:n72123,hostility_enmity,seed,0.574,0.412,0.162,752,"to be wroth against, hate; hated"
φῐλο-φθονία,urn:cite2:hmt:lsj.chicago_md:n111566,hostility_enmity,seed,0.573,0.495,0.078,64,love of envy
μῑσο-ξενία,urn:cite2:hmt:lsj.chicago_md:n68068,hostility_enmity,seed,0.572,0.307,0.265,77,hatred of strangers; guests
ἀγων-ισμός,urn:cite2:hmt:lsj.chicago_md:n1104,hostility_enmity,seed,0.57,0.37,0.2,44,rivalry
ἀντι-ζηλία,urn:cite2:hmt:lsj.chicago_md:n9931,hostility_enmity,seed,0.57,0.37,0.2,68,rivalry
κᾰκο-ζηλία,urn:cite2:hmt:lsj.chicago_md:n52186,hostility_enmity,seed,0.57,0.37,0.2,200,unhappy imitation; rivalry; affectation
ἀντήρης,urn:cite2:hmt:lsj.chicago_md:n9768,hostility_enmity,seed,0.569,0.292,0.278,407,"set over against, opposite; face to face; on the breast; over against, facing; opposite to; hostile to"
ἄφῐλος,urn:cite2:hmt:lsj.chicago_md:n18367,hostility_enmity,seed,0.569,0.336,0.233,622,"friendless; unfriendly, hateful; unsociable; hostile to; in unfriendly manner"
δῠσ-ερις,urn:cite2:hmt:lsj.chicago_md:n28999,hostility_enmity,seed,0.569,0.391,0.179,235,"quarrelsome, contentious; producing unhappy strife"
προαπ-εχθάνομαι,urn:cite2:hmt:lsj.chicago_md:n86620,hostility_enmity,seed,0.569,0.178,0.391,59,become hostile before
μῑσ-ᾰγᾰθία,urn:cite2:hmt:lsj.chicago_md:n67947,hostility_enmity,seed,0.566,0.42,0.146,74,hatred of good; goodness
ἄφθον-ος,urn:cite2:hmt:lsj.chicago_md:n18314,hostility_enmity,seed,0.565,0.425,0.139,1339,"without envy:; free from envy; ungrudging, bounteous; not grudged, plentiful; plenty; unenvied, provoking no envy; enough"
ἀντέρᾰμαι,urn:cite2:hmt:lsj.chicago_md:n9714,hostility_enmity,seed,0.563,0.485,0.078,93,to be a rival in love
μῑσανθρωπ-ία,urn:cite2:hmt:lsj.chicago_md:n67960,hostility_enmity,seed,0.563,0.388,0.175,93,hatred of mankind
ἐναντῐ-βῐος,urn:cite2:hmt:lsj.chicago_md:n34836,hostility_enmity,seed,0.562,0.355,0.208,301,"set against, hostile; face to face, against"
ἀντικαλλωπίζομαι,urn:cite2:hmt:lsj.chicago_md:n9974,hostility_enmity,seed,0.561,0.35,0.21,103,adorn oneself in rivalry with
μῑσ-ηθρον,urn:cite2:hmt:lsj.chicago_md:n67976,hostility_enmity,seed,0.56,0.387,0.173,89,charm for producing hatred
διάτᾰσις,urn:cite2:hmt:lsj.chicago_md:n26034,hostility_enmity,seed,0.559,0.335,0.224,871,"tension, dilatation; power of dilatation; extension; stretching across; diaphragm; obstruction; tension, exertion; contention, quarrel"
πᾰλίγκοτ-ος,urn:cite2:hmt:lsj.chicago_md:n76846,hostility_enmity,seed,0.556,0.413,0.144,818,"spiteful, malignant, resentful; injurious, untoward; spitefulness of; dreadful; hostile, malignant; adversaries; ill; resentfully; growing malignant, festering; steep, rugged"
ἀντιπαρα-βάλλω,urn:cite2:hmt:lsj.chicago_md:n10253,hostility_enmity,seed,0.555,0.379,0.176,333,"place side by side; to compare; contrast; measure oneself against, rival; contribute instead"
διαφέρω,urn:cite2:hmt:lsj.chicago_md:n26197,hostility_enmity,seed,0.555,0.42,0.135,6849,"carry over; across; carry from one to another; will put; in motion; go through; live, continue; will pass his life; bear through, bear to the end; bear to the end, go through with; bear the burden of; endure, support; carry different ways; toss about; to turn; about; to be drawn apart, disrupted; to be tossed about; spread; fame abroad; tear asunder; disjoin; distract; give; a different way; give each man; pay; up, discharge; defer, reserve; plunder; excel; differ; that make the difference?; to be different from; made the difference; makes a difference; it makes a difference; it makes; odds; has; interest at stake; see; objection; to be of importance; the difference, the odds; interests; essential; vital; points of difference; in point of excess, surpass, excel; in; it was; better..; to differ in point of diminution; a remarkable achievement; prevail; quarrel, struggle; the parties, litigants; come between, intervene; belong to; kinsfolk; appertain to; be at variance, quarrel; differ with; maintain on the contrary; let there be; dispute; the litigants"
ἀπό-στρεπτος,urn:cite2:hmt:lsj.chicago_md:n13889,hostility_enmity,seed,0.554,0.29,0.264,134,"turned back; hostile, unacceptable"
διαφρονέω,urn:cite2:hmt:lsj.chicago_md:n26246,hostility_enmity,seed,0.552,0.338,0.214,113,meditate; quarrel
ἐρεσ-χελία,urn:cite2:hmt:lsj.chicago_md:n42311,hostility_enmity,seed,0.552,0.33,0.222,139,decudia; Gloss.; quarrel
κνισ-μός,urn:cite2:hmt:lsj.chicago_md:n58204,hostility_enmity,seed,0.552,0.327,0.225,175,"itching, tickling; irritation; quarrel"
νεικ-έω,urn:cite2:hmt:lsj.chicago_md:n70035,hostility_enmity,seed,0.552,0.313,0.239,1064,"quarrel, wrangle with; quarrel; with; strove with him; chide, rail at, upbraid; insulted"
στᾰσι-άζω,urn:cite2:hmt:lsj.chicago_md:n96255,hostility_enmity,seed,0.552,0.304,0.248,1485,"to be at variance; with; form a party; faction, be at odds; quarrel; side; against; to be distracted by factions and party strife; to be in a state of discord, disagree; revolutionize, throw into confusion"
χολή,urn:cite2:hmt:lsj.chicago_md:n114339,hostility_enmity,seed,0.552,0.523,0.029,1665,"gall, bile; bile; giving one a disgust for a thing; gall-bladder; bile, gall; bitter anger, wrath; the bile; ink of the cuttle-fish; rôsh; hemlock; poppy, Ps.; venom; bitter drink; fel; gall; h; olus, helvus"
ἐχθρο-ποιός,urn:cite2:hmt:lsj.chicago_md:n45947,hostility_enmity,seed,0.551,0.302,0.249,99,causing enmity
μῑσ-άλληλος,urn:cite2:hmt:lsj.chicago_md:n67955,hostility_enmity,seed,0.55,0.391,0.16,102,hating one another; of mutual hate
στρῆνος,urn:cite2:hmt:lsj.chicago_md:n97199,hostility_enmity,seed,0.548,0.457,0.091,231,"insolence, arrogance; wantonness; eager desire"
ἀπεχθαίρω,urn:cite2:hmt:lsj.chicago_md:n12023,hostility_enmity,seed,0.547,0.276,0.271,227,"hate utterly, detest; make utterly hateful"
δειλοκατα-φρονητής,urn:cite2:hmt:lsj.chicago_md:n23684,hostility_enmity,seed,0.547,0.28,0.266,102,cowardly and insolent
δῠσ-έριστος,urn:cite2:hmt:lsj.chicago_md:n29001,hostility_enmity,seed,0.547,0.443,0.104,112,pertaining to unholy strife
ἐχθο-δᾰπός,urn:cite2:hmt:lsj.chicago_md:n45929,hostility_enmity,seed,0.546,0.258,0.288,142,"foreign, hostile"
μᾰχ-ητικός,urn:cite2:hmt:lsj.chicago_md:n65300,hostility_enmity,seed,0.546,0.324,0.222,423,fit for fighting; warlike; pugnacious; skill in fighting; restive; pugnaciously; in a hostile manner
ἀτῑμ-άζω,urn:cite2:hmt:lsj.chicago_md:n17075,hostility_enmity,seed,0.545,0.56,-0.015,1813,"hold in no honour, esteem lightly; bring dishonour upon; speakest in dishonour of; suffer dishonour, insult; put to shame by; treat as unworthy of; do; deem; unworthy; will; disdain; disfranchise; punish with ignominia"
χαλεπ-ός,urn:cite2:hmt:lsj.chicago_md:n112989,hostility_enmity,seed,0.545,0.562,-0.017,5687,"difficult; hard to bear, painful, grievous; severity; hardships; more unpleasant; hard to do; deal with, difficult, irksome; hard, difficult; difficult for; dangerous; difficult, rugged; most difficult to take; hard to deal with, cruel, harsh, stern; a more bitter enemy; most difficult to deal with, most dangerous; troublesome; cruel; harsh; savage, fierce; ill-tempered, testy; rough; hurtful to the soil; hardly, with difficulty; much ado; hardly, scarcely; painfully, miserably; angrily, cruelly, harshly; ill; angry; with; in a bad way"
ἀλλότριος,urn:cite2:hmt:lsj.chicago_md:n4509,hostility_enmity,seed,0.544,0.349,0.195,2611,"of; belonging to another; another manʼs; of what is anotherʼs; unlike their own; forced, unnatural; anotherʼs; inflicted by other hands; of a stranger; where one has not sown; as if it belonged to another; what belongs to others, not oneʼs own; foreign, strange; stranger; enemy; less near; hostile, unfavourably disposed; disinclined; alien, strange; estrangement; alien country, enemyʼs country; alien from; abnormal; superfluous; foreign to the purpose; unfavourably; less favourably; strangely, marvellously; in a manner foreign to"
διάβολ-ος,urn:cite2:hmt:lsj.chicago_md:n24570,hostility_enmity,seed,0.544,0.313,0.231,455,"slanderous, backbiting; aliquid invidiae; slanderer; enemy; Sâtân; the Devil; injuriously, invidiously"
ὑπεναντί-ος,urn:cite2:hmt:lsj.chicago_md:n107133,hostility_enmity,seed,0.544,0.301,0.244,1634,"set over against, meeting; set against, opposite; enemy; opposed, opposite, contrary; contrary; most opposed to one another; opposite; contrary to; on the contrary; incongruities; subcontrary; in a manner contrary to; opposed"
ζῠγο-μᾰχέω,urn:cite2:hmt:lsj.chicago_md:n46328,hostility_enmity,seed,0.543,0.372,0.17,378,"struggle with oneʼs yoke-fellow; struggle, quarrel"
ἐριδμαίνω,urn:cite2:hmt:lsj.chicago_md:n42427,hostility_enmity,seed,0.54,0.314,0.226,405,"to provoke to strife, irritate; contend; contend against"
ἀλληλο-μῑσέω,urn:cite2:hmt:lsj.chicago_md:n4412,hostility_enmity,seed,0.539,0.314,0.225,61,hate one another
δῠσ-ζηλος,urn:cite2:hmt:lsj.chicago_md:n29017,hostility_enmity,seed,0.539,0.397,0.143,277,exceeding jealous; eager; rivalling in hardship
μῑσο-πόνηρος,urn:cite2:hmt:lsj.chicago_md:n68084,hostility_enmity,seed,0.539,0.354,0.186,380,hating knaves and knavery; with hostile sentiments
προσάντ-ης,urn:cite2:hmt:lsj.chicago_md:n88637,hostility_enmity,seed,0.539,0.36,0.179,843,"uphill, steep; arduous, adverse; repugnant, distasteful; unsuitable; in such a way as to encounter; opposition; adverse, hostile; setting oneself against..; unwillingly"
συνεκ-πολεμόω,urn:cite2:hmt:lsj.chicago_md:n99976,hostility_enmity,seed,0.539,0.438,0.101,178,excite to war together; become hostile together
διαμῑσέω,urn:cite2:hmt:lsj.chicago_md:n25283,hostility_enmity,seed,0.538,0.334,0.204,134,hate bitterly
ἀπαλλάσσω,urn:cite2:hmt:lsj.chicago_md:n11305,hostility_enmity,seed,0.537,0.355,0.181,5407,"set free, deliver from; release; put away from, remove from; take away; remove from; put away, remove; do away; get rid of; dismiss, send away; remove; displace; make away with, destroy; bring to an end; give a release, discharge; discharge; get off free, escape; came off, ended; get along; depart from; in respect of..; to be set free; released from; get off, escape; to be acquitted; to be dismissed as settled; remove, depart from; depart, go away; depart, die; to be divorced; leave; become a man; to be removed from, free from; many removes from; was; far from; inferior to; depart from, leave off from; give up the pursuit of..; is; averse from..; have done, cease; throw up oneʼs case, give up a prosecution; be done withit; make haste; to depart from enmity; to be reconciled, settle a dispute; recover from an ailment"
ἀντευ-δοκιμέω,urn:cite2:hmt:lsj.chicago_md:n9736,hostility_enmity,seed,0.536,0.384,0.152,75,rival in distinction
θῡμός,urn:cite2:hmt:lsj.chicago_md:n49415,hostility_enmity,seed,0.536,0.591,-0.056,4742,"soul, spirit; the principle of life, feeling and thought; of strong feeling and passion; breath, life; spirit, strength; heart; soul; desire; inclination; appetite; in his heart; with all his heart; with all their heart; mind, temper, will; mind; spirit, courage; Passion, Emotion; the seat of anger; anger, wrath; fits of anger, passions; the heart; heartʼs; mind, soul, as the seat of thought; thoughts"
ὀργή,urn:cite2:hmt:lsj.chicago_md:n74767,hostility_enmity,seed,0.536,0.524,0.012,2809,"natural impulse; propensity; temperament, disposition, mood; of ‘a mind; dispositions; oneʼs moods; anger, wrath; passion; involves; oneʼs anger; anger; to anger; in anger. in a passion; visitations of; wrath; anger at; because of"
ὠδῠσίη,urn:cite2:hmt:lsj.chicago_md:n116064,hostility_enmity,seed,0.536,0.414,0.122,75,"anger, wrath"
ἀντισημαίνω,urn:cite2:hmt:lsj.chicago_md:n10476,hostility_enmity,seed,0.534,0.206,0.328,149,give a countersign; give hostile signs
ἀποστῠγ-έω,urn:cite2:hmt:lsj.chicago_md:n13896,hostility_enmity,seed,0.533,0.376,0.156,427,"hate violently, abhor"
μῑσο-τεκνία,urn:cite2:hmt:lsj.chicago_md:n68101,hostility_enmity,seed,0.533,0.307,0.226,85,hatred of oneʼs children
λῆμα,urn:cite2:hmt:lsj.chicago_md:n62897,hostility_enmity,seed,0.531,0.505,0.026,1319,"will, desire, purpose; wil; proud; of will; temper of mind, spirit; courage, resolution; in courage; spirit; insolence, arrogance, audacity; spirit, courage"
ἀγαίομαι,urn:cite2:hmt:lsj.chicago_md:n274,hostility_enmity,seed,0.53,0.437,0.094,574,to be indignant at; look on with jealousy; envy; to be wroth; indignant with; admire
ἄγασις,urn:cite2:hmt:lsj.chicago_md:n362,hostility_enmity,seed,0.53,0.369,0.161,75,rejoicing; envy
διαφθονέω,urn:cite2:hmt:lsj.chicago_md:n26209,hostility_enmity,seed,0.53,0.393,0.137,160,"envy; to be grudged, deprived of; to be envied"
μῆνις,urn:cite2:hmt:lsj.chicago_md:n67485,hostility_enmity,seed,0.53,0.36,0.17,854,wrath; revengeful temper
ἀπέχθ-ημα,urn:cite2:hmt:lsj.chicago_md:n12028,hostility_enmity,seed,0.528,0.365,0.163,59,object of hate
ἔγκοτ-ος,urn:cite2:hmt:lsj.chicago_md:n30392,hostility_enmity,seed,0.528,0.369,0.159,340,"bearing a grudge, spiteful, malignant; grudge; for"
μῑσ-ημα,urn:cite2:hmt:lsj.chicago_md:n67978,hostility_enmity,seed,0.528,0.365,0.163,215,object of hate
ἀντι-ζηλόω,urn:cite2:hmt:lsj.chicago_md:n9933,hostility_enmity,seed,0.527,0.337,0.19,75,"to be emulous of, rival"
ἔρισμα,urn:cite2:hmt:lsj.chicago_md:n42530,hostility_enmity,seed,0.527,0.263,0.264,100,cause of quarrel
ἐποικ-έω,urn:cite2:hmt:lsj.chicago_md:n41758,hostility_enmity,seed,0.526,0.266,0.261,408,go as settler; colonist to; settle in; to be settled near; with hostile views against; was occupied as the seat of offensive operations against
ἀντίθεος,urn:cite2:hmt:lsj.chicago_md:n9945,hostility_enmity,seed,0.525,0.271,0.253,442,"equal to the gods, godlike; contrary to God; hostile deity; disguised as a god"
ὑβρ-ιστής,urn:cite2:hmt:lsj.chicago_md:n106184,hostility_enmity,seed,0.525,0.451,0.074,1162,"violent, wanton, licentious, insolent man; sarcastic; lustful, lewd; insolent; wanton, restive, unruly; proud"
ἀντᾰγων-ίζομαι,urn:cite2:hmt:lsj.chicago_md:n9378,hostility_enmity,seed,0.523,0.407,0.116,559,"struggle against, prove a match for; struggle, vie with; the parties in a lawsuit; act a part in rivalry with; to be set against"
ἀξιο-μῑσής,urn:cite2:hmt:lsj.chicago_md:n11043,hostility_enmity,seed,0.523,0.361,0.163,63,"worthy of hate, hateful"
ἐπιπολ-ασμός,urn:cite2:hmt:lsj.chicago_md:n40582,hostility_enmity,seed,0.523,0.365,0.157,191,"retchings; arrogance, insolence"
ὕπουλ-ος,urn:cite2:hmt:lsj.chicago_md:n109459,hostility_enmity,seed,0.523,0.407,0.117,1551,"extending inwards, under the surface of the flesh, enclosed; festering, purulent; with festering sores underneath, unsound, hollow; treacherous; hollow, unreal; fraught; below; false, fallacious; false, deceitful; concealed; festering within; secretly hostile; hollow; shut up, suppressed"
ἀντεραστής,urn:cite2:hmt:lsj.chicago_md:n9716,hostility_enmity,seed,0.522,0.5,0.022,152,rival in love; rival
ἀντεράω,urn:cite2:hmt:lsj.chicago_md:n9717,hostility_enmity,seed,0.522,0.5,0.022,356,love in return; rival in love; rival; in love for..; jealous love
ἐναντίος,urn:cite2:hmt:lsj.chicago_md:n34855,hostility_enmity,seed,0.519,0.412,0.107,5099,"opposite; on the opposite side, opposite; fronting, face to face; before; things open to; sight; in the opposite direction; to meet; in diametrical aspect; opposing, facing; oneʼs adversaries; the enemy; opposed to; the opposite party; presenting obstacles, hindering; opponent; opposite, contrary, reverse; very reverse; the contrary, Lg.; opposites; contraries; contrary; contradictory; opposite, facing; to my face; in the face; in the presence of; against; contrariwise; on the other hand; conversely; over against, opposite; opposing parties; on the contrary; like an enemy; exactly opposed"
μῑσ-έω,urn:cite2:hmt:lsj.chicago_md:n67974,hostility_enmity,seed,0.519,0.344,0.175,1045,hate; hated (would not suffer; hating; to be hated
μῑσ-ητέος,urn:cite2:hmt:lsj.chicago_md:n67980,hostility_enmity,seed,0.519,0.344,0.175,146,to be hated; one must hate
κοτ-έω,urn:cite2:hmt:lsj.chicago_md:n59369,hostility_enmity,seed,0.517,0.313,0.205,836,"bear; a grudge, be angry at; angry at; angry"
ἀντιστρᾰτήγ-ησις,urn:cite2:hmt:lsj.chicago_md:n10535,hostility_enmity,seed,0.516,0.3,0.215,67,hostile manoeuvre
ἀφῐλό-νεικος,urn:cite2:hmt:lsj.chicago_md:n18362,hostility_enmity,seed,0.516,0.368,0.148,214,not fond of strife
μίσυβρῐς,urn:cite2:hmt:lsj.chicago_md:n68117,hostility_enmity,seed,0.516,0.308,0.208,73,hating insolence
ἀντιπυργόω,urn:cite2:hmt:lsj.chicago_md:n10452,hostility_enmity,seed,0.515,0.359,0.155,189,build a tower over against; reared up; rival
ἀντιφῐλο-φρονέομαι,urn:cite2:hmt:lsj.chicago_md:n10660,hostility_enmity,seed,0.515,0.359,0.155,105,receive kindly in turn; rival
ἀντιχορηγ-έω,urn:cite2:hmt:lsj.chicago_md:n10705,hostility_enmity,seed,0.515,0.359,0.155,167,to be a rival choragus; rival; in the choragia; furnish in return
ἐρίζω,urn:cite2:hmt:lsj.chicago_md:n42432,hostility_enmity,seed,0.515,0.459,0.056,2497,"strive, wrangle, quarrel; contend; sophistical disputations; discord; rival, vie with, challenge; rival; contend with; in; rivalled; there are contests in"
συνάμιλλος,urn:cite2:hmt:lsj.chicago_md:n99180,hostility_enmity,seed,0.515,0.359,0.155,62,rival
συνεξ-ετάζω,urn:cite2:hmt:lsj.chicago_md:n100133,hostility_enmity,seed,0.515,0.399,0.116,369,search out and examine along with; together; to be reckoned with; among; party; adherents; measure oneself with; rival
ζήλ-ωμα,urn:cite2:hmt:lsj.chicago_md:n46222,hostility_enmity,seed,0.513,0.571,-0.058,386,"that which is emulated: object of envy; ambition; high fortune; emulous efforts, rivalries; emulation"
ἀντί-ζηλος,urn:cite2:hmt:lsj.chicago_md:n9932,hostility_enmity,seed,0.512,0.408,0.104,197,"rival, adversary; controversial, in rivalry"
αὐτο-χόλωτος,urn:cite2:hmt:lsj.chicago_md:n18029,hostility_enmity,seed,0.512,0.238,0.274,81,their own enemy
διαπολῑτ-εύομαι,urn:cite2:hmt:lsj.chicago_md:n25589,hostility_enmity,seed,0.512,0.406,0.106,163,to be a political rival
μῑσ-ανδρία,urn:cite2:hmt:lsj.chicago_md:n67957,hostility_enmity,seed,0.512,0.359,0.153,61,hatred of men
πᾰλαιστής,urn:cite2:hmt:lsj.chicago_md:n76784,hostility_enmity,seed,0.512,0.408,0.104,459,"wrestler; rival, adversary; suitor"
ἀδήρι-τος,urn:cite2:hmt:lsj.chicago_md:n1255,hostility_enmity,seed,0.511,0.42,0.09,267,"without strife; battle; uncontested, undisputed; not to be striven against, unconquerable"
στόβ-ος,urn:cite2:hmt:lsj.chicago_md:n96905,hostility_enmity,seed,0.511,0.339,0.172,110,"abuse, bad language, insolence"
φῐλόνῑκ-ος,urn:cite2:hmt:lsj.chicago_md:n111341,hostility_enmity,seed,0.511,0.523,-0.012,1687,"fond of victory, contentious.; in eager rivalry; contentious; fond of victory"
χόλ-ος,urn:cite2:hmt:lsj.chicago_md:n114362,hostility_enmity,seed,0.511,0.488,0.023,1612,"gall, bile; gall, bitter anger, wrath; rage; anger towards; because of; anger for, because of; bitterness; cause of anger"
προφᾰσ-ίζομαι,urn:cite2:hmt:lsj.chicago_md:n90660,hostility_enmity,seed,0.508,0.31,0.199,914,"allege by way; of excuse, plead in excuse; allege as an excuse that..; make excuses; was used as a pretext; was a mere pretence; allege; that..; seek a quarrel against"
ἐπίπλοος,urn:cite2:hmt:lsj.chicago_md:n40556,hostility_enmity,seed,0.506,0.33,0.176,345,sailing against; the enemy; sailing after; on board ship
λῡσῐ-μᾰχος,urn:cite2:hmt:lsj.chicago_md:n64208,hostility_enmity,seed,0.506,0.408,0.098,244,ending strife
συμβολ-εύς,urn:cite2:hmt:lsj.chicago_md:n98300,hostility_enmity,seed,0.506,0.299,0.207,263,twister; forked pole; one who sets; at enmity; interpreter
ἀντιπαρ-εξάγω,urn:cite2:hmt:lsj.chicago_md:n10296,hostility_enmity,seed,0.503,0.389,0.114,631,lead on against; cite; in contradiction of; incite to rivalry; bring into action as an enemy; march against; adduce arguments against; march parallel with; compare
ἐριστ-ικός,urn:cite2:hmt:lsj.chicago_md:n42538,hostility_enmity,seed,0.503,0.42,0.083,830,"eager for strife; battle; involving a contest; debate; fond of wrangling; arguing, captious; sophistry; sophism, fallacy"
ἐπίκοτ-ος,urn:cite2:hmt:lsj.chicago_md:n39840,hostility_enmity,seed,0.502,0.401,0.101,270,"wrathful, vengeful; in wrath at; wrathfully; hateful"
ἐνῑπή,urn:cite2:hmt:lsj.chicago_md:n35712,hostility_enmity,seed,0.501,0.37,0.131,474,"rebuke, reproof; abuse, contumely; angry threats; reproach; violent attack"
πραγμᾰτο-λογέω,urn:cite2:hmt:lsj.chicago_md:n86128,hostility_enmity,seed,0.5,0.287,0.213,120,"narrate facts; quarrel, argue"
προβασκ-αίνω,urn:cite2:hmt:lsj.chicago_md:n86773,hostility_enmity,seed,0.5,0.348,0.152,105,envy before; because of
φθονερ-ός,urn:cite2:hmt:lsj.chicago_md:n110739,hostility_enmity,seed,0.5,0.36,0.14,908,"envious, jealous; grudging; enviously; jealous; full of envy"
ἀμύνω,urn:cite2:hmt:lsj.chicago_md:n5607,hostility_enmity,seed,0.498,0.377,0.121,3339,"keep off, ward off; to be kept off; for; from whom; ward off; from; defend, aid, succour; aid ye give; he kept; off from; defend; succour; to aid; help!; means of defence; requite, repay; keep; ward off from oneself, guard; defend oneself against; requital, revenge:; defend oneself, act in self-defence; avenge oneself on; retaliate; are warded off; let him be driven away"
δυσμεν-έων,urn:cite2:hmt:lsj.chicago_md:n29224,hostility_enmity,seed,0.498,0.281,0.217,118,"bearing ill-will, hostile"
θύρ-ᾱθεν,urn:cite2:hmt:lsj.chicago_md:n49468,hostility_enmity,seed,0.496,0.357,0.139,396,"from outside the door; from without; outside the door, outside; foreigners, the enemy"
μῑσ-ᾰδελφία,urn:cite2:hmt:lsj.chicago_md:n67948,hostility_enmity,seed,0.496,0.28,0.217,63,hatred of oneʼs brother
ἄζηλος,urn:cite2:hmt:lsj.chicago_md:n1816,hostility_enmity,seed,0.494,0.378,0.116,363,"unenvied, unenviable, dreary; sorry; in ill plight; not deserving of envy; not envious"
ἀνάκρισις,urn:cite2:hmt:lsj.chicago_md:n6807,hostility_enmity,seed,0.494,0.349,0.145,1023,"examination; previous examination; preparation; begin proceedings; the first forms of law; inquiry, examination; preliminary examination; examination, testing; quarrel, dispute; disputation"
ἀντιλογ-ία,urn:cite2:hmt:lsj.chicago_md:n10110,hostility_enmity,seed,0.494,0.273,0.22,904,"contradiction, controversy; argue the point; to argue it; contradiction; opposing arguments; grounds for defence; dispute; quarrel, dispute; right, claim"
διά-κρῐσις,urn:cite2:hmt:lsj.chicago_md:n25055,hostility_enmity,seed,0.494,0.581,-0.087,1208,"separation, dissolution; segregation; discrimination; differentiation; resolved form; decision, determination; judicial decision; interpretation; diagnosis; determinations, crises; examination; revision of accounts; decision by battle; quarrel, dispute; space between the eyes; separation; secretion; a bandage"
ἀντᾰγων-ιστής,urn:cite2:hmt:lsj.chicago_md:n9380,hostility_enmity,seed,0.493,0.372,0.122,376,"opponent, competitor, rival; a rival; opponents"
φῐλοτῑμ-έομαι,urn:cite2:hmt:lsj.chicago_md:n111541,hostility_enmity,seed,0.492,0.62,-0.128,2215,"love; seek after honour; to be ambitious, emulous; to be jealous; vie emulously with, rival; to place oneʼs fame; glory; pride oneself; contend in rivalry; show patriotic zeal; strive eagerly to; endeavour earnestly, aspire; to be anxious that; present with; lavish upon"
διαβάλλω,urn:cite2:hmt:lsj.chicago_md:n24523,hostility_enmity,seed,0.491,0.421,0.07,3228,"throw; carry over; across; pass over, cross; put through; they threw to; set at variance; set against; bring into discredit; to be at variance with; to be filled with suspicion and resentment against; to be brought into discredit; discredited; put off with evasions; attack; calumniate; accuse, complain of; reproach; with..; misrepresent; speak; state slanderously; give hostile information; lay the blame for; disprove; declare; spurious; deceive by false accounts, impose upon, mislead; divert; contract an obligation"
ἐξυβρίζω,urn:cite2:hmt:lsj.chicago_md:n37675,hostility_enmity,seed,0.489,0.369,0.12,871,"break out into insolence, wax wanton; come; of insolence; commit; violence; extravagance; treat with insolence; despised; break out; to be over-luxuriant"
ὑβρ-ιστικός,urn:cite2:hmt:lsj.chicago_md:n106185,hostility_enmity,seed,0.488,0.379,0.109,771,"given to wantonness, insolent, outrageous; such as proceed from wanton insolence; an insolent disposition; wanton, luxuriant; of; relating to an outrage"
ἐπιτρέφω,urn:cite2:hmt:lsj.chicago_md:n41417,hostility_enmity,seed,0.485,0.369,0.116,782,"—grow; rear upon; support, maintain; supply; maintained; cause to grow upon; form upon; grow up after; grow up as a rival; successor"
προσόχθ-ισμα,urn:cite2:hmt:lsj.chicago_md:n89864,hostility_enmity,seed,0.485,0.415,0.07,121,"object of wrath, offence"
προσπολεμ-όομαι,urn:cite2:hmt:lsj.chicago_md:n89990,hostility_enmity,seed,0.484,0.258,0.226,133,"make oneʼs enemy besides, go to war with besides"
ὑβρίζω,urn:cite2:hmt:lsj.chicago_md:n106175,hostility_enmity,seed,0.482,0.489,-0.007,3615,"wax wanton, run riot; neigh; bray and prance about; run riot, grow rank and luxuriant; had been carried away; treat; despitefully, outrage, insult, maltreat; commit an outrage; to do one a personal injury; to injure that which belongs to one;; commit; outrages; commit a physical outrage on one; mauled; of ill-treatment; to be mutilated; arrogant, ostentatious"
μάρνᾰμαι,urn:cite2:hmt:lsj.chicago_md:n65072,hostility_enmity,seed,0.479,0.469,0.01,1373,"fight, do battle; with, against; together with; on his side; about; for; quarrel, wrangle; contend, strive; strive; mṛṇā´ti"
μάχομαι,urn:cite2:hmt:lsj.chicago_md:n65313,hostility_enmity,seed,0.479,0.428,0.051,3420,"fight; fight with; against; with thy help; will fight; the force that had; come into action; fight against; quarrel, wrangle; make a scene; dispute, argue; contend for the mastery; measure oneself with; struggle against; struggle, make an effort; to be in contradiction; inconsistent"
διαπολῑτ-εία,urn:cite2:hmt:lsj.chicago_md:n25588,hostility_enmity,seed,0.478,0.326,0.152,95,party-strife
ἐξῐσ-όω,urn:cite2:hmt:lsj.chicago_md:n37408,hostility_enmity,seed,0.477,0.404,0.073,1046,"make equal; even, bring to a level with; bring; abreast; make oneself equal; to be; become equal; to be reduced to a level with; to be a match for, rival; put on a level; levelled, equalized; resolved in harmony; levelled; to be equal; like; acts; make; equal"
ἐπι-βλέπω,urn:cite2:hmt:lsj.chicago_md:n38928,hostility_enmity,seed,0.477,0.36,0.118,679,"look upon, look attentively; look well at; observe; being taken; into consideration; face; eye with envy; to be in aspect with"
φρον-ημᾰτισμός,urn:cite2:hmt:lsj.chicago_md:n112354,hostility_enmity,seed,0.477,0.376,0.101,98,"presumptuousness, arrogance"
ἀντιγεννάω,urn:cite2:hmt:lsj.chicago_md:n9834,hostility_enmity,seed,0.476,0.352,0.124,107,generate in rivalry; in return
ὑφίστημι,urn:cite2:hmt:lsj.chicago_md:n109865,hostility_enmity,seed,0.475,0.659,-0.184,7345,"place; set under; having set; under; to support; plants; having laid; as a foundation, having begun with; post secretly; in ambush; bring to a halt, hold up; stationed; give substance to, cause to subsist, ‘hypostatize’; treat as subsisting; lay down, premise; substitute; conceive, suppose; set before onself; stand under as a support; sink, settle; sediment, deposit; set; place oneself under an engagement, promise; after promise given; he promised; I promised; we made; submit; submit to, consent to; who offers to take; undertake; unwillingly; consent, bring oneself to; submit patiently; yields; make an offer; make; bid, commit myself to; undertook; x] PTheb. Bank; laid himself open to; lie concealed; resist, withstand; stand oneʼs ground, face the enemy; subsist, exist; business in hand; having; open; are costive; are obstructed; stopped; arise within"
πᾰλεο-μίσημα,urn:cite2:hmt:lsj.chicago_md:n76817,hostility_enmity,seed,0.474,0.349,0.125,100,ancient object of hate
μῑσο-λογία,urn:cite2:hmt:lsj.chicago_md:n68063,hostility_enmity,seed,0.47,0.215,0.255,132,hatred of argument; hatred of speaking
μῑσο-στρᾰτιώτης,urn:cite2:hmt:lsj.chicago_md:n68098,hostility_enmity,seed,0.469,0.23,0.238,68,the soldierʼs enemy
ἐπιπολ-άζω,urn:cite2:hmt:lsj.chicago_md:n40578,hostility_enmity,seed,0.468,0.428,0.04,1568,"to be at the top, come to the surface, float on the surface; hover over; remain; crude; have the upper hand, prevail; to be prevalent, fashionable, current; to be common, abound; abounding; to be ‘uppish’; insolent; behave insolently; to; wander over; overflow; be engaged upon"
μῑσο-γῠνία,urn:cite2:hmt:lsj.chicago_md:n68039,hostility_enmity,seed,0.468,0.346,0.122,78,hatred of women
ὀνείδ-ισμα,urn:cite2:hmt:lsj.chicago_md:n74008,hostility_enmity,seed,0.468,0.209,0.259,69,"insult, reproach, blame"
ἀπᾰμύνω,urn:cite2:hmt:lsj.chicago_md:n11362,hostility_enmity,seed,0.466,0.373,0.093,817,"keep off, ward off; for; from; repulse; requite, take vengeance on; keep off from oneself, drive back, repel; defend, protect oneself; may protect ourselves"
ἀντιμερίτης,urn:cite2:hmt:lsj.chicago_md:n10144,hostility_enmity,seed,0.465,0.266,0.199,71,rival claimant
φθόν-ησις,urn:cite2:hmt:lsj.chicago_md:n110741,hostility_enmity,seed,0.464,0.272,0.192,61,jealous refusal
ὑπερηφᾰν-ία,urn:cite2:hmt:lsj.chicago_md:n107546,hostility_enmity,seed,0.463,0.342,0.121,350,arrogance; contempt towards; for
κοτ-ήεις,urn:cite2:hmt:lsj.chicago_md:n59370,hostility_enmity,seed,0.462,0.285,0.177,89,"wrathful, jealous"
ἀντιμέτ-ειμι,urn:cite2:hmt:lsj.chicago_md:n10172,hostility_enmity,seed,0.461,0.316,0.145,127,ibo; compete with; rival competitors
ὕβρις,urn:cite2:hmt:lsj.chicago_md:n106177,hostility_enmity,seed,0.461,0.508,-0.047,2969,"wanton violence; insolence; in wantonness; lust, lewdness; violence; an outrage; outrage; wanton acts, outrages; an outrage on the person; violation, rape; the more serious injuries done to the person; a loss by sea; a violent, overbearing man"
ἀντίτῠπ-ος,urn:cite2:hmt:lsj.chicago_md:n10631,hostility_enmity,seed,0.46,0.524,-0.063,1854,"repelled; blow and counter-blow; echoed, echoing; repercussion; reflected; corresponding; figuring; representing; resembling; feigned, counterfeit; mutual; image; reproduction, copy; antitype; repelling; firm, resistent; rigid, inelastic; hard ground; most resistent; stubborn, obstinate; harsh-sounding; glaring; opposed to; the reverse of..; the adversary; adverse; opposite, over against"
ἐπικᾰλέω,urn:cite2:hmt:lsj.chicago_md:n39550,hostility_enmity,seed,0.459,0.365,0.094,2449,"summon; invoke; over; to be; gracious to; watch over; pray for; invite; call in; appeal to; appello, provoco; call before one, summon; challenge; call by surname; to be called by surname; to be nicknamed; bring as an accusation against; accuse; is; your charge; objecting to; let; bring his action; plaintiff; imputed; to him; which he was charged with having; sums claimed; quarrel, dispute with"
ἀπεχθ-ητικός,urn:cite2:hmt:lsj.chicago_md:n12031,hostility_enmity,seed,0.458,0.284,0.174,110,"full of hatred, envious"
μεγαίρω,urn:cite2:hmt:lsj.chicago_md:n65334,hostility_enmity,seed,0.458,0.544,-0.086,1414,regard as too great; grudge; as too great; complain; object; feel a grudge towards; care; grudging; to be envied; bewitch
νεμεσάω,urn:cite2:hmt:lsj.chicago_md:n70168,hostility_enmity,seed,0.458,0.399,0.059,2173,"feel just resentment, to be wroth at undeserved good; bad fortune; to be wroth with; at; grudge; to be displeased with oneself; is indignant, ashamed at the thought of.., rejects it as unseemly; feel shame; is wroth at"
ὄκν-ος,urn:cite2:hmt:lsj.chicago_md:n72769,hostility_enmity,seed,0.458,0.261,0.197,1022,"shrinking, hesitation; alarm, fear; grudge; hesitate"
μεγᾰλ-αυχία,urn:cite2:hmt:lsj.chicago_md:n65353,hostility_enmity,seed,0.457,0.342,0.115,136,"boasting, arrogance; exultation"
ἀγαυρ-ίᾱμα,urn:cite2:hmt:lsj.chicago_md:n371,hostility_enmity,seed,0.456,0.322,0.134,70,insolence
ἀνθυφίστᾰμαι,urn:cite2:hmt:lsj.chicago_md:n8976,hostility_enmity,seed,0.456,0.387,0.069,234,undertake for; undertake to serve; in rivalry with; imply reciprocally
ἀντεπι-θῡμέω,urn:cite2:hmt:lsj.chicago_md:n9680,hostility_enmity,seed,0.456,0.489,-0.033,204,desire; in rivalry with; have oneʼs; desired in turn
θρᾰσυστομ-ία,urn:cite2:hmt:lsj.chicago_md:n49049,hostility_enmity,seed,0.456,0.322,0.134,57,insolence
συνυβρίζω,urn:cite2:hmt:lsj.chicago_md:n101102,hostility_enmity,seed,0.456,0.322,0.134,136,join in violence; insolence; to be insulted as well
ἀνταν-ίστημι,urn:cite2:hmt:lsj.chicago_md:n9459,hostility_enmity,seed,0.455,0.36,0.095,260,set up against; in rivalry; rise up against; rise one against another
ἀντί-ξοος,urn:cite2:hmt:lsj.chicago_md:n10221,hostility_enmity,seed,0.455,0.36,0.096,553,"opposed to, adverse; opposition; in hostile spirit; opposite side"
παρα-φθᾰδόν,urn:cite2:hmt:lsj.chicago_md:n79017,hostility_enmity,seed,0.455,0.33,0.125,99,overtaking; in rivalry
ἐπιβολ-ή,urn:cite2:hmt:lsj.chicago_md:n38954,hostility_enmity,seed,0.454,0.444,0.01,3497,"throwing; laying; on; affixing; a fray; massage; application; scrupulously; act of direct apprehension; intuition; conception, notion; point of view; doctrine; principles; impulse; setting upon; design, attempt, enterprise; writing; acquisition; designs; designedly; hostile attempt, assault; that which is laid on; courses; layers; superstructure, gallery; commissures; penalty, fine; the penalty; imposed; fine; requisition, number of men; required; impost, public burden; requisition; additional quantity; proportion; pro rata; a thing put over for shelter; protection; embankment; cloak; introduction, approach; power, ‘grasp’; general survey, consideration; ‘trimmings’, ornament; ‘projection’"
ὄπῐς,urn:cite2:hmt:lsj.chicago_md:n74458,hostility_enmity,seed,0.453,0.471,-0.018,1355,"the vengeance; visitation; divine vengeance; the care; favour; the awful regard; religious awe, veneration, obedience; regard; reverence towards; due reverence for; pious care; zeal"
ἁψι-μᾰχέω,urn:cite2:hmt:lsj.chicago_md:n18883,hostility_enmity,seed,0.451,0.445,0.006,150,skirmish with an enemy; entice; lead on to fight
ἄδηρις,urn:cite2:hmt:lsj.chicago_md:n1254,hostility_enmity,seed,0.45,0.374,0.077,101,without strife
ἁμόθι,urn:cite2:hmt:lsj.chicago_md:n5382,hostility_enmity,seed,0.45,0.374,0.077,147,"together, in common; without strife"
μήνῑμα,urn:cite2:hmt:lsj.chicago_md:n67483,hostility_enmity,seed,0.45,0.36,0.091,495,cause of wrath; guilt; blood-guiltiness; wrath
τῑμωρ-ητικός,urn:cite2:hmt:lsj.chicago_md:n104022,hostility_enmity,seed,0.45,0.357,0.093,199,revengeful; acts of revenge
ὕβρ-ισμα,urn:cite2:hmt:lsj.chicago_md:n106180,hostility_enmity,seed,0.45,0.31,0.14,446,"wanton; insolent act, outrage; object of insolence"
ἀντηρέτης,urn:cite2:hmt:lsj.chicago_md:n9767,hostility_enmity,seed,0.449,0.333,0.116,178,"one who rows against; opponent, adversary"
ἀντίδῐκ-ος,urn:cite2:hmt:lsj.chicago_md:n9903,hostility_enmity,seed,0.449,0.333,0.116,363,"opponent; adversary in a suit; the defendant; the plaintiff; opponent, adversary"
ἀντιστᾰτ-ης,urn:cite2:hmt:lsj.chicago_md:n10518,hostility_enmity,seed,0.449,0.333,0.116,156,"opponent, adversary; vertical beam"
ἐνδιαβάλλω,urn:cite2:hmt:lsj.chicago_md:n35177,hostility_enmity,seed,0.449,0.338,0.111,172,calumniate; stand in the way as an adversary
προδίδωμι,urn:cite2:hmt:lsj.chicago_md:n87038,hostility_enmity,seed,0.449,0.443,0.006,2349,"give beforehand, pay in advance; give first; give up; deliver up; give up to the enemy, betray; forsake, abandon; play false, desert; will; prove traitor; treat treasonably; to be guilty of treachery; betray, fail; fail; run dry; surrender, give up; to be false to, fail to uphold; give up as lost, bid adieu to"
ἀντιπαρα-σκευή,urn:cite2:hmt:lsj.chicago_md:n10283,hostility_enmity,seed,0.448,0.286,0.161,61,hostile preparation
ἀντισυμποσιάζω,urn:cite2:hmt:lsj.chicago_md:n10553,hostility_enmity,seed,0.448,0.291,0.157,81,write a Symposium in rivalry of
κατεχθραίνω,urn:cite2:hmt:lsj.chicago_md:n55902,hostility_enmity,seed,0.448,0.285,0.163,67,hate inveterately
ἐπισυμ-μᾰχία,urn:cite2:hmt:lsj.chicago_md:n41114,hostility_enmity,seed,0.447,0.313,0.135,104,alliance against a common enemy
κατατολμάω,urn:cite2:hmt:lsj.chicago_md:n55418,hostility_enmity,seed,0.447,0.362,0.086,630,"behave boldly towards; make an insolent attack upon; presume beyond; make a bold bid for; desperate, reckless persons"
ἀγαυρ-ιάομαι,urn:cite2:hmt:lsj.chicago_md:n372,hostility_enmity,seed,0.446,0.289,0.157,73,to be insolent
ἀτασθάλλω,urn:cite2:hmt:lsj.chicago_md:n16980,hostility_enmity,seed,0.446,0.289,0.157,145,to be insolent
ἐπηρε-άζω,urn:cite2:hmt:lsj.chicago_md:n38835,hostility_enmity,seed,0.446,0.316,0.13,845,"threaten abusively; speak disparagingly of; deal despitefully with, act despitefully towards; oppose; insolently; to be insolent; to be insulted"
Σᾰτάν,urn:cite2:hmt:lsj.chicago_md:n93405,hostility_enmity,seed,0.446,0.327,0.119,448,"Satan; adversary, opponent; accuser; chief of the evil spirits, the Devil; NT"
ὑπέρθῡμος,urn:cite2:hmt:lsj.chicago_md:n107581,hostility_enmity,seed,0.446,0.372,0.074,543,"high-spirited, high-minded, daring; overweening; over-spirited; vehemently angry; in; vehement wrath; eagerly, readily"
ἀντιμῑσέω,urn:cite2:hmt:lsj.chicago_md:n10186,hostility_enmity,seed,0.444,0.351,0.093,54,hate in return
σκῡλ-ευτής,urn:cite2:hmt:lsj.chicago_md:n95301,hostility_enmity,seed,0.444,0.282,0.161,76,one who strips a slain enemy
ἀντεπι-δείκνῡμι,urn:cite2:hmt:lsj.chicago_md:n9677,hostility_enmity,seed,0.443,0.348,0.095,309,exhibit in turn; contrast; exhibit oneself in competition; display a; sight in rivalry with
μενε-δήϊος,urn:cite2:hmt:lsj.chicago_md:n66266,hostility_enmity,seed,0.443,0.37,0.072,141,"standing oneʼs ground against the enemy, staunch"
ἀναντᾰγώνιστος,urn:cite2:hmt:lsj.chicago_md:n7079,hostility_enmity,seed,0.441,0.356,0.085,358,"without a struggle; unchallenged; unalloyed; without having to strive for it; irresistible; without a rival, incomparable"
συνεχθ-αίρω,urn:cite2:hmt:lsj.chicago_md:n100496,hostility_enmity,seed,0.439,0.338,0.102,95,"hate together, join in hating"
φθον-ητέον,urn:cite2:hmt:lsj.chicago_md:n110742,hostility_enmity,seed,0.438,0.281,0.157,72,one must envy
ὄνομαι,urn:cite2:hmt:lsj.chicago_md:n74128,hostility_enmity,seed,0.437,0.339,0.099,1164,"blame, find fault with, treat scornfully; do ye think it a light thing; is it to your profit; thou wilt; quarrel with; deem; too light; throw a slur upon"
προσεπι-φθονέω,urn:cite2:hmt:lsj.chicago_md:n89284,hostility_enmity,seed,0.436,0.196,0.241,59,grudge besides
μῑσ-ητικός,urn:cite2:hmt:lsj.chicago_md:n67984,hostility_enmity,seed,0.435,0.311,0.125,69,inclined to hate
ἀντιπαρά-ταξις,urn:cite2:hmt:lsj.chicago_md:n10286,hostility_enmity,seed,0.434,0.285,0.149,166,hostile demonstration; stubborn determination to resist
ἀπήμων,urn:cite2:hmt:lsj.chicago_md:n12069,hostility_enmity,seed,0.433,0.387,0.046,755,"unharmed, unhurt; without sorrow; care; doing no harm; kindly, propitious; without hostile intent; free from harm to"
ἀπότροπ-ος,urn:cite2:hmt:lsj.chicago_md:n14127,hostility_enmity,seed,0.432,0.28,0.152,590,"turned away, far from men; turned away in flight; from which one turns away, horrible; stern, hostile; turning away, averting; preventing, saving from"
ἐπηρε-αστής,urn:cite2:hmt:lsj.chicago_md:n38837,hostility_enmity,seed,0.432,0.239,0.193,112,insolent person
ἐφυβρ-ιστής,urn:cite2:hmt:lsj.chicago_md:n45847,hostility_enmity,seed,0.432,0.239,0.193,66,insolent person
νέμεσις,urn:cite2:hmt:lsj.chicago_md:n70177,hostility_enmity,seed,0.432,0.36,0.073,1735,distribution of what is due; retribution; righteous anger; cause for anger; wrath; indignation at undeserved good fortune; Nemesis; divine Retribution; avenger; five
ἀποφθαλμόομαι,urn:cite2:hmt:lsj.chicago_md:n14204,hostility_enmity,seed,0.429,0.342,0.086,94,"look askance at; covet, envy"
καταβάλλω,urn:cite2:hmt:lsj.chicago_md:n53653,hostility_enmity,seed,0.429,0.367,0.062,4674,"throw down, overthrow; to bring down; confound, defy; throw; down; strike down; slay; to be stricken; throw, bring; overthrow, refute; abuse, bully; cast down; away, cast off, reject; forget; throw away; despicable fellows; let fall, drop; droop; abandon; lay down, set down; lay down, lay in; stored up; pay down, yield, bring in; pay; pay up, discharge; put in, deposit; deposit; throw down; sow; spread abroad; lay down as a foundation; beginning; to be the author of, commit to writing; fundamental, established; begin; lie down; arrive; fall"
ἄντῐτος,urn:cite2:hmt:lsj.chicago_md:n10619,hostility_enmity,seed,0.426,0.343,0.084,235,"requited, revenged; of revenge; revenge for"
ἀπομνησικᾰκέω,urn:cite2:hmt:lsj.chicago_md:n13230,hostility_enmity,seed,0.426,0.203,0.223,89,bear a grudge against
βᾰρύ-ζηλος,urn:cite2:hmt:lsj.chicago_md:n19418,hostility_enmity,seed,0.426,0.246,0.18,96,exceeding jealous; envious
ἐθελ-εχθρέω,urn:cite2:hmt:lsj.chicago_md:n30757,hostility_enmity,seed,0.426,0.203,0.223,113,bear a grudge against
μῶμος,urn:cite2:hmt:lsj.chicago_md:n69593,hostility_enmity,seed,0.426,0.33,0.096,515,"blame, reproach, disgrace; brand; blemish; Momus"
βλασφημ-ία,urn:cite2:hmt:lsj.chicago_md:n20068,hostility_enmity,seed,0.423,0.343,0.08,592,"word of evil omen, profane speech; defamation, slander; of abuse; irreverent speech against God, blasphemy; against.."
κᾰκηγορ-έω,urn:cite2:hmt:lsj.chicago_md:n52084,hostility_enmity,seed,0.423,0.284,0.139,293,"speak ill of, abuse, slander; evil-speaking; to be abused"
ἐθέλ-εχθρος,urn:cite2:hmt:lsj.chicago_md:n30758,hostility_enmity,seed,0.421,0.203,0.218,139,bearing one a grudge
θράσος,urn:cite2:hmt:lsj.chicago_md:n49022,hostility_enmity,seed,0.421,0.442,-0.021,1219,"courage; boldly; confidence; over-boldness, rashness, insolence"
ὑποφθον-έω,urn:cite2:hmt:lsj.chicago_md:n109500,hostility_enmity,seed,0.42,0.288,0.132,160,feel secret envy at
ψαύω,urn:cite2:hmt:lsj.chicago_md:n115374,hostility_enmity,seed,0.42,0.327,0.093,2350,"touch; in close contact; touched with; assailing; touch lightly.; touch upon; notice; slightly; lightly upon; touch as an enemy, lay hands upon; touch, affect; reach, gain; hit the mark; tangent; to be touched; are affected"
ἀντιτῑμώρ-ημα,urn:cite2:hmt:lsj.chicago_md:n10603,hostility_enmity,seed,0.419,0.34,0.079,85,"vengeance, revenge"
ἀντεκ-τείνω,urn:cite2:hmt:lsj.chicago_md:n9576,hostility_enmity,seed,0.418,0.366,0.052,177,stretch out in rivalry; match; with
ἐγχλίω,urn:cite2:hmt:lsj.chicago_md:n30589,hostility_enmity,seed,0.418,0.248,0.17,80,"to deal wantonly with, insult"
δυσμέν-εια,urn:cite2:hmt:lsj.chicago_md:n29223,hostility_enmity,seed,0.416,0.289,0.128,258,"ill-will, enmity"
ἐνυβρ-ίζω,urn:cite2:hmt:lsj.chicago_md:n36377,hostility_enmity,seed,0.416,0.273,0.142,374,insult; mock; in; to be irritated
ἐπονείδιστος,urn:cite2:hmt:lsj.chicago_md:n41811,hostility_enmity,seed,0.416,0.333,0.083,498,"to be reproached, disgraceful, shameful; matter of reproach; of reproach; shamefully; so as to shame"
ὑπέροπλ-ος,urn:cite2:hmt:lsj.chicago_md:n107742,hostility_enmity,seed,0.416,0.292,0.124,538,"insolent, presumptuous; insolently, presumptuously; big, mighty; monstrous; overwhelming"
ὑποφθᾰδόν,urn:cite2:hmt:lsj.chicago_md:n109494,hostility_enmity,seed,0.416,0.334,0.082,126,"striving to be first, in rivalry; taking one unawares"
μῑσο-σύλλας,urn:cite2:hmt:lsj.chicago_md:n68099,hostility_enmity,seed,0.415,0.31,0.105,62,enemy of Sulla
τρῐ-χάλεπτος,urn:cite2:hmt:lsj.chicago_md:n105388,hostility_enmity,seed,0.413,0.318,0.096,106,thrice-jealous
γαυρ-ίᾱμα,urn:cite2:hmt:lsj.chicago_md:n21692,hostility_enmity,seed,0.412,0.336,0.076,109,"arrogance, exultation"
πρᾶξις,urn:cite2:hmt:lsj.chicago_md:n86184,hostility_enmity,seed,0.412,0.41,0.002,3250,"doing, transaction, business; on a trading voyage; affair; transaction; result; issue of a business; good result, success; good; market; issue.; issue; doing; achievement; action; moral action; in actual life; action, exercise; sexual intercourse; operation, spell; action, act; military action, battle; doing, faring; fortune, state, condition; practical ability; practice; trickery, treachery; exaction of money, recovery of debts, arrears; an action of recovery; exaction of vengeance, retribution; public office; discourse, lecture"
ἀνδρεία,urn:cite2:hmt:lsj.chicago_md:n7911,hostility_enmity,seed,0.41,0.484,-0.074,944,"may; manliness, manly spirit; brave deeds; hardihood, insolence; membrum virile; skill"
ἐρῐδ-αίνω,urn:cite2:hmt:lsj.chicago_md:n42420,hostility_enmity,seed,0.41,0.469,-0.059,878,"wrangle, quarrel; strive; compete in"
ζήλ-η,urn:cite2:hmt:lsj.chicago_md:n46211,hostility_enmity,seed,0.41,0.331,0.079,70,female rival
τίνῠμαι,urn:cite2:hmt:lsj.chicago_md:n104038,hostility_enmity,seed,0.41,0.383,0.027,1432,"punish, chastise; chastising; avenge, take vengeance for; avenge oneself; repay; pay; pendo; pendo poenas"
ἀντᾰγών-ιστος,urn:cite2:hmt:lsj.chicago_md:n9381,hostility_enmity,seed,0.409,0.283,0.126,170,contending as an adversary
ἀποδίδωμι,urn:cite2:hmt:lsj.chicago_md:n12485,hostility_enmity,seed,0.408,0.426,-0.019,5734,"give up; back, restore, return; render what is due, pay; give; back; make atonement for; pay the debt of; assign; refer; render, yield; yield fruit; renders, makes; concede, allow; suffer; allow; allowed; render; make; exhibit, display; render, express; present; deliver over, give up; deliver; bring; to a conclusion; give an account; definition; explain; de.An.; use by way of definition; define; expound; render, interpret; by; explain, interpret; use with reference to; attach; append, make dependent upon; to; return, recur; introduce a clause answering to the; has; apodosis; complete the comparison; turn; back to face the enemy; to be evacuated; give away of oneʼs own will, sell; take; and sell; sell for; for; sell; take a bribe to forgo; farm out; to be sold"
ἐνᾰσελγ-αίνω,urn:cite2:hmt:lsj.chicago_md:n35026,hostility_enmity,seed,0.407,0.276,0.131,161,behave lewdly; to be treated with insult in
ἀντιβροντάω,urn:cite2:hmt:lsj.chicago_md:n9829,hostility_enmity,seed,0.406,0.319,0.087,89,rival in thunaering
διάφορ-ος,urn:cite2:hmt:lsj.chicago_md:n26233,hostility_enmity,seed,0.406,0.483,-0.077,3172,"different, unlike; differing from; several, various; ambiguous; differing; disagreeing with; at variance with; adversary; excellent, distinguished, remarkable; making a difference to one; advantageous, profitable, important; disagreeable; difference; differences; what concerns one; matters of; concern; difference, disagreement; difference with; difference, balance; expenditure; expenses; losses; ready money, cash; sum of money; interest; price; expenses of carriage; with a difference; in a variety of ways; differ; to differ with..; pre-eminently; excellently, with distinction"
ἔγ-κλημα,urn:cite2:hmt:lsj.chicago_md:n30299,hostility_enmity,seed,0.406,0.323,0.083,885,"accusation, charge; matter of complaint; accusations; complaints; ground of complaint; clear away; written complaint; a complaint; a standing reproach; defect"
ἐν-στάτης,urn:cite2:hmt:lsj.chicago_md:n36095,hostility_enmity,seed,0.406,0.281,0.125,73,adversary
πούς,urn:cite2:hmt:lsj.chicago_md:n86108,hostility_enmity,seed,0.406,0.411,-0.005,9220,"foot; talons; arms; feelers; the foot from the ankle; the leg with the foot; on foot; to trample; tread upon; pattering; just; off-hand, at once; close at hand; feet; in a moment; close behind; immediately afterwards; at his very feet; in oneʼs way, close at hand; everyday matters; out of the way, far off; in the track; on the heels; on the moment; very next; running; at his heels, on his track; immediately after; backwards; backwards facing the enemy; without turning to fly, leisurely; feetforemost; round the foot; fitting exactly; for feet; entirely; just below them; next below them; recede, decline; from the land; by the feet; round the bottom; as coming; foot, lowest part; foot of a hill; the two lower corners of the sail; the ropes fastened thereto; sheets; the sheet; of it; it; sheet; rudder; steering-paddle; a foot; phrase; passage; boundary stone; pes; fotus"
βᾰρῠ-φθονος,urn:cite2:hmt:lsj.chicago_md:n19507,hostility_enmity,seed,0.405,0.327,0.077,81,heavy with envy
σοβ-άς,urn:cite2:hmt:lsj.chicago_md:n95566,hostility_enmity,seed,0.405,0.292,0.113,185,"insolent, capricious; dance"
φορτ-ῐκός,urn:cite2:hmt:lsj.chicago_md:n112162,hostility_enmity,seed,0.405,0.424,-0.019,1825,"fit for carrying; of burden; of the nature of a burden:; tiresome, wearisome; most onerous; coarse, vulgar, common; vulgar, low; base, low; ad captandum vulgus; vulgar; vulgar arrogance; vulgarity; coarsely, vulgarly; more like a clown"
μεμψῐ-μοιρέω,urn:cite2:hmt:lsj.chicago_md:n66255,hostility_enmity,seed,0.404,0.275,0.129,242,"grumble, complain of; blame, bear a grudge against"
προσμῑσέω,urn:cite2:hmt:lsj.chicago_md:n89756,hostility_enmity,seed,0.404,0.267,0.137,74,hate besides
τῑμωρ-ία,urn:cite2:hmt:lsj.chicago_md:n104023,hostility_enmity,seed,0.404,0.437,-0.033,2031,"retribution, vengeance; vengeance taken for; for having shed; punishing; vengeance; it; to be punished; right of vengeance; penalties; succour; due; medical and"
ὑπεροπλ-ία,urn:cite2:hmt:lsj.chicago_md:n107740,hostility_enmity,seed,0.404,0.39,0.015,169,"insolence, presumptuousness; high courage"
μηνίω,urn:cite2:hmt:lsj.chicago_md:n67488,hostility_enmity,seed,0.403,0.315,0.088,1050,"cherish wrath, be wroth against; because of"
ἀντανα-πλέκω,urn:cite2:hmt:lsj.chicago_md:n9447,hostility_enmity,seed,0.4,0.294,0.106,100,plait in rivalry with
μεγᾰλο-ψῡχία,urn:cite2:hmt:lsj.chicago_md:n65528,hostility_enmity,seed,0.4,0.454,-0.054,371,"greatness of soul, highmindedness, lordliness; generosity; arrogance; Quixotism"
οἰκί-α,urn:cite2:hmt:lsj.chicago_md:n72287,kinship_family,seed+embed,0.735,0.358,0.377,1838,"building, house, dwelling; home; house; set of apartments; room; property; estate; dwelling-house; oneʼs own apartments; those let out to lodgers; household, domestic establishment; establishments; the household; inmates of the house; family from which one is descended; school"
εἰσποι-έω,urn:cite2:hmt:lsj.chicago_md:n31506,kinship_family,seed+embed,0.721,0.311,0.41,1298,"give in adoption; begets; make; heir; attracts; adopt as oneʼs son; to be adopted; bring new; into; forced; in; introduce; thrust; father; adopts into the family of; makes; as swift as; interuene, meddle"
ἄνωθεν,urn:cite2:hmt:lsj.chicago_md:n10933,kinship_family,embed,0.713,0.299,0.413,1649,"from above, from on high; from the interior; above, on high; living; on deck; of the air; upper; from the beginning, from farther back; above, earlier; ancestors; by descent; born; from early life; higher, more universal principles; over again, anew, afresh"
ἔμπροσθ-εν,urn:cite2:hmt:lsj.chicago_md:n34522,kinship_family,embed,0.713,0.325,0.388,1031,"before, in front; the front, the foreside; forwards; in front, opposite; before, of old; ancestors; before, in front of; beforehand with; preferred before"
κοκύαι,urn:cite2:hmt:lsj.chicago_md:n58535,kinship_family,embed,0.713,0.216,0.497,95,ancestors
πατρ-ᾰγᾰθία,urn:cite2:hmt:lsj.chicago_md:n80022,kinship_family,seed+embed,0.713,0.318,0.394,103,virtue of oneʼs father; ancestors
Τριτο-πᾰτέρες,urn:cite2:hmt:lsj.chicago_md:n105340,kinship_family,embed,0.713,0.216,0.497,79,ancestors
φῠτοσπόρ-ος,urn:cite2:hmt:lsj.chicago_md:n112775,kinship_family,seed+embed,0.713,0.53,0.183,257,planting: generative; begetting; father; ancestors; predecessors
αἷμα,urn:cite2:hmt:lsj.chicago_md:n2392,kinship_family,seed+embed,0.711,0.558,0.153,1701,"blood; streams of blood; anything like blood; dye; alkanet; spirit, courage; pale, spiritless; bloodshed, murder; murder; corpses; death; blood relationship, kin; origin; kinship; akin; by blood"
συγγέν-εια,urn:cite2:hmt:lsj.chicago_md:n97502,kinship_family,seed+embed,0.711,0.36,0.35,1514,"kinship; kin, relationship, with; to; with; ties of kindred, family connexion, family influence; congenital character; kinsfolk, family; kinsman; kinsfolk, kinsmen; families; clan; kind, species; kind, class"
συμφῡλ-ία,urn:cite2:hmt:lsj.chicago_md:n98961,kinship_family,seed+embed,0.711,0.284,0.427,118,kindred material; kinship
πατρι-ά,urn:cite2:hmt:lsj.chicago_md:n80033,kinship_family,seed+embed,0.707,0.36,0.347,378,"lineage, descent; by the fatherʼs side; clan; family; patrum officia"
ἄκουρος,urn:cite2:hmt:lsj.chicago_md:n3380,kinship_family,seed+embed,0.701,0.19,0.511,141,"childless, without male heir; unshaven"
ἴδιος,urn:cite2:hmt:lsj.chicago_md:n49875,kinship_family,seed,0.697,0.402,0.296,6541,"oneʼs own, pertaining to oneself; private, personal; private; a private man; private buildings; private persons; oneʼs own; private interests; oneʼs own property; oneʼs own business; self; personal; for my own part; personally attached; members of oneʼs family, relatives; place of origin; natural; Cities and Bishoprics; separate, distinct; peculiar; unique and different; private account; special account; strange, unusual; peculiar, exceptional; eccentric; peculiar, appropriate; proper, specific; ordinary private; characteristic property; distinguishing feature; peculiarly; severally; specifically; as a proper name; in a peculiar sense; usage; extra versum; by oneself, privately, on oneʼs own account; apart from..; in ordinary talk; in private; aside; separately, apart"
ὁμό-φῡλος,urn:cite2:hmt:lsj.chicago_md:n73903,kinship_family,seed,0.666,0.326,0.34,695,"of the same race; stock, akin; those of the same race; based on kinship; peopled by different races; of the same breed; kind; homogeneous matter"
ὀρφᾰνός,urn:cite2:hmt:lsj.chicago_md:n75446,kinship_family,seed,0.666,0.286,0.379,1510,"orphan, without parents, fatherless; orphan; neglected; bereaved; bereft of; reft; free from; poor; without sauce; orbus; arbi"
ἀδελφο-μιξία,urn:cite2:hmt:lsj.chicago_md:n1207,kinship_family,seed,0.665,0.189,0.476,75,marriage of brother and sister
ἀγένειος,urn:cite2:hmt:lsj.chicago_md:n453,kinship_family,seed,0.658,0.252,0.406,427,"beardless, boyish; like a boy; boys; childless"
ἀγεν-ής,urn:cite2:hmt:lsj.chicago_md:n454,kinship_family,seed,0.658,0.3,0.358,305,"unborn, uncreated; of no family, ignoble; childless"
ἄγον-ος,urn:cite2:hmt:lsj.chicago_md:n759,kinship_family,seed,0.658,0.325,0.333,1183,"unborn; childless; no longer a son; unfruitful, sterile; withoutissue, bringing no children to the birth; sterile; infertile; unlucky for begetting children; odd; impedinggeneration; not productive of"
ἀμήτωρ,urn:cite2:hmt:lsj.chicago_md:n5250,kinship_family,seed,0.658,0.244,0.415,361,"motherless; that is no mother, unmotherly; childless"
ἀνήνωρ,urn:cite2:hmt:lsj.chicago_md:n8659,kinship_family,seed,0.658,0.302,0.357,130,unmanly; of no manhood; childless
ἄπαις,urn:cite2:hmt:lsj.chicago_md:n11245,kinship_family,seed,0.658,0.244,0.415,481,childless; without; yet children none
λῐπό-παις,urn:cite2:hmt:lsj.chicago_md:n63540,kinship_family,seed,0.658,0.244,0.415,93,childless
λῐπό-τεκνος,urn:cite2:hmt:lsj.chicago_md:n63569,kinship_family,seed,0.658,0.244,0.415,63,childless
υἱο-θεσία,urn:cite2:hmt:lsj.chicago_md:n106558,kinship_family,seed,0.653,0.137,0.516,309,adoption as a son
υἱοποι-ία,urn:cite2:hmt:lsj.chicago_md:n106565,kinship_family,seed,0.653,0.137,0.516,101,adoption as a son
γένος,urn:cite2:hmt:lsj.chicago_md:n21920,kinship_family,seed,0.652,0.537,0.114,3851,"race, stock, kin; by race; ;; race; of kin; direct descent; collateral relationship; hereditary; offspring; a single descendant; offspring, posterity; mules; clan, house, family; of noble family; gens; tribe; caste; breed; age, generation; age, time of life; sex; gender; class, sort, kind; Classes; genus; species; crops; produce; materials; kind; elements; jánas; jánasas; genus, -eris"
γον-εύς,urn:cite2:hmt:lsj.chicago_md:n22633,kinship_family,seed,0.649,0.248,0.401,492,"begetter, father; parents; progenitor, ancestor; ancestor"
ὀρφᾰν-ῐκός,urn:cite2:hmt:lsj.chicago_md:n75440,kinship_family,seed,0.649,0.363,0.286,360,"orphaned, fatherless; which makes one an orphan; orphanhood; of; for orphans; their property and interests"
προπάτωρ,urn:cite2:hmt:lsj.chicago_md:n88265,kinship_family,seed,0.649,0.277,0.372,670,"first founder of a family, forefather; ancestor; primal god; PMag. Leid.V.; ancestors, forefathers; founders, inventors"
γενέθλιος,urn:cite2:hmt:lsj.chicago_md:n21850,kinship_family,seed,0.648,0.314,0.334,1212,"of; belonging to oneʼs birth; birthday; to celebrate a birthday, ClG; birthday feast; birthday offerings; of oneʼs race; family; presiding over generation; Penates; kindred; parentʼs; giving birth, generative; natal"
γένεσις,urn:cite2:hmt:lsj.chicago_md:n21872,kinship_family,seed,0.648,0.393,0.254,1711,"origin, source; beginning; manner of birth; race, descent; nativity, geniture; lot, fortune; production, generation, coming into being; formation; origination, making; becoming; creation; all created things; race, kind; sort; family; generation, age; time; genitalia muliebria; generation; origin; initial"
ἔμφῡλος,urn:cite2:hmt:lsj.chicago_md:n34660,kinship_family,seed,0.648,0.381,0.267,808,in the tribe; of the same tribe; race; kinsfolk; kindred; of a kinsman; registered in a tribe; oneʼs native; in; among oneʼs people; family; intestine
ἔνδον,urn:cite2:hmt:lsj.chicago_md:n35267,kinship_family,seed,0.648,0.329,0.318,1185,"within; in oneʼs heart; at home; of the house; family; domestics; family matters, household affairs; in the house; master of; below"
ἐφέστι-ος,urn:cite2:hmt:lsj.chicago_md:n45681,kinship_family,seed,0.648,0.324,0.323,1611,"at oneʼs own fireside, at home; their own homes; sitting by the fireside; inmate; guest; dwelling with; of; in the house; family; of the house; household, family; the household; presiding over hospitality; by the hearth"
μέρος,urn:cite2:hmt:lsj.chicago_md:n66342,kinship_family,seed,0.648,0.606,0.042,5523,"share, portion; allotment; heritage, lot, destiny; portion; considerations of rank; family; oneʼs turn; the turn; time; his turn of duty; in turn, successively; severally; particulars; in turn; by turns, in succession; in oneʼs turn; in; out of turn; in turn, by turns; partially; the part one takes in; my; thy part; me, thou; thee; as to me; as to thee; part; fraction; parts of the country, regions; as their part; branch, business, matter; division; class; party; factions; caste; direction; submultiple; denominators; Stereom.* 2.14: Gramm., μ. τῆς λέξεως; of speech, Arist. *Po.* 1456b20, D.H. *Comp.* 2: more freq. μ. λόγου D.T. 634.4, A.D. *Pron.* 4.6, al.; μ. λόγου, also, =; , S.E. *M.* 1.159, Heph. 1.4 (v. λόγος I X. 3 c);; of a document, Mitteis *Chr.* 28.30 (iii B. C.), etc. `A.II.2` abs. as Adv., μέρος τι; , Antip.Stoic. 3.249, *BGU* 1201.15 (i A.D.), *2 Ep.Cor.* 2.5; ἐπὶ μέρους Luc.; .., consider; , POxy. 2113.25 (iv A.D.). `A.II.5` in Neo-Platonism,; or"
οἰκο-κερδής,urn:cite2:hmt:lsj.chicago_md:n72341,kinship_family,seed,0.648,0.301,0.346,84,profitable to a house; family
οἰκονομ-ικός,urn:cite2:hmt:lsj.chicago_md:n72349,kinship_family,seed,0.648,0.453,0.195,845,"practised in the management of a household; family; thrifty, frugal, economical; on the duties of domestic life; on public finance; economy, husbandry; patriarchal rule; in a well ordered manner"
οἶκος,urn:cite2:hmt:lsj.chicago_md:n72357,kinship_family,seed,0.648,0.341,0.307,2924,"house; built houses; any dwelling-place; cave; tent; home; room, chamber; dining-hall; room; a single house; domestic; home, within; meeting-house, hall; treasuries; temple; cage; beehive; domicile; oneʼs household goods, substance; estate, inheritance; family; domus Augusta; veśás, viś-; vicus, vicinus"
οἰκο-τρῐβής,urn:cite2:hmt:lsj.chicago_md:n72368,kinship_family,seed,0.648,0.301,0.346,79,ruining a house; family
ὁμο-γενής,urn:cite2:hmt:lsj.chicago_md:n73547,kinship_family,seed,0.648,0.344,0.303,807,"of the same race; family; in a family; their fellows; of the same genus; congeners; of the same kind; general character, Cat.; sharing one brood with"
ὁμό-γνιος,urn:cite2:hmt:lsj.chicago_md:n73552,kinship_family,seed,0.648,0.301,0.346,382,"of the same race, brother; sister; in the family; who protect a race; family"
συνοδ-ία,urn:cite2:hmt:lsj.chicago_md:n100757,kinship_family,seed,0.648,0.326,0.321,659,"journey in company, companionship on a journey; party of travellers, caravan; family; leader of a caravan; office of"
φῐλ-οίκειος,urn:cite2:hmt:lsj.chicago_md:n111189,kinship_family,seed,0.648,0.431,0.217,312,loving oneʼs relations; family
ἔγκληρ-ος,urn:cite2:hmt:lsj.chicago_md:n30307,kinship_family,seed,0.646,0.497,0.149,460,"having a lot; share in; an equal share with; having a share of an inheritance, heir; heiress; which brings wealth; possessed as an inheritance; occupying a"
πάτρᾱ,urn:cite2:hmt:lsj.chicago_md:n80021,kinship_family,seed,0.645,0.414,0.231,1084,"fatherland, native land; fatherhood, descent from a common father; hereditary descent; body of persons claiming descent from a; common ancestor, house, clan; union of families; fatherʼs sister, aunt; Zweiter Bericht"
ἀγχιστ-εία,urn:cite2:hmt:lsj.chicago_md:n1042,kinship_family,seed,0.643,0.247,0.396,409,"close kinship; rights of kin, right of inheritance; exclusion by descent"
ὀρφᾰνο-πάτωρ,urn:cite2:hmt:lsj.chicago_md:n75445,kinship_family,seed,0.641,0.324,0.317,94,father of orphans
αὐθ-αίμων,urn:cite2:hmt:lsj.chicago_md:n17359,kinship_family,seed,0.64,0.479,0.161,168,"of the same blood, brother, sister, kinsman"
οἴκ-ησις,urn:cite2:hmt:lsj.chicago_md:n72279,kinship_family,seed,0.639,0.404,0.235,1371,"the act of dwelling; inhabiting; residence; right of residence; management, administration; house, dwelling; lair; nest; dwellings; inhabited district; inhabited portion of the globe; family, household"
οἰκει-όω,urn:cite2:hmt:lsj.chicago_md:n72259,kinship_family,seed,0.638,0.392,0.246,1321,"make; a kinsman; oneʼs friend; reconcile; make friends; to be made friendly; to be endeared by nature; claim as oneʼs own, appropriate; claim; as their own; entice; adapt, make fit; suitable; to be familiarized to; become familiar with; to be domiciliarily related; having; as its domicile"
μήτρως,urn:cite2:hmt:lsj.chicago_md:n67613,kinship_family,seed,0.635,0.22,0.414,378,maternal uncle; relation by the motherʼs side
πλειστο-τόκος,urn:cite2:hmt:lsj.chicago_md:n83666,kinship_family,seed,0.635,0.198,0.437,76,bringing forth most offspring
υἱο-θετέω,urn:cite2:hmt:lsj.chicago_md:n106559,kinship_family,seed,0.635,0.156,0.478,100,adopt as a son; Cat. Cod.Astr.
υἱοποι-έομαι,urn:cite2:hmt:lsj.chicago_md:n106563,kinship_family,seed,0.635,0.156,0.478,165,adopt as a son; Cat. Cod.Astr.
γενεά,urn:cite2:hmt:lsj.chicago_md:n21830,kinship_family,seed,0.631,0.532,0.1,2083,"race, family; by birth; blood; younger; of; race; by birthright; by descent; descent; breed, stock; families; issue; tribe, nation; race, generation; age; offspring; l.; class, kind; birthplace; evrie; age, time of life; time of birth"
συγγεν-ής,urn:cite2:hmt:lsj.chicago_md:n97507,kinship_family,seed,0.629,0.367,0.262,3292,"congenital, inborn; character; natural; connate; of my natural life; born with one; birth; its natural force; from his birth; of the same kin, descent; family, akin to; akin, cognate; most nearly akin; kinsman, relative; kinsfolk, kinsmen; kindred, relationship; the spirit of oneʼs race; connexion; akin, cognate, of like kind; fitting, proper; things of the same kind, homogeneous; congener; to similar effect; nobles; b"
γενάρχ-ης,urn:cite2:hmt:lsj.chicago_md:n21829,kinship_family,seed,0.626,0.315,0.31,302,founder; first ancestor of a family; ruler of created beings
γενικός,urn:cite2:hmt:lsj.chicago_md:n21893,kinship_family,seed,0.625,0.468,0.158,767,"belonging to; connected with the; generic; principal, typical; consisting of families; of the family; sexual; in kind; genitive case"
ἄμνᾱμος,urn:cite2:hmt:lsj.chicago_md:n5350,kinship_family,seed,0.624,0.213,0.411,107,descendant
ἀπόγονος,urn:cite2:hmt:lsj.chicago_md:n12371,kinship_family,seed,0.624,0.269,0.355,401,born; descended from; descendant; descendants; offspring; viable
ἔγγονος,urn:cite2:hmt:lsj.chicago_md:n29998,kinship_family,seed,0.624,0.314,0.309,819,grandson; grand-daughter; descendant; issue; productive
πατρῐκός,urn:cite2:hmt:lsj.chicago_md:n80040,kinship_family,seed,0.623,0.287,0.335,1329,"derived from oneʼs fathers, hereditary; by right of inheritance; of; belonging to oneʼs father; of your father(s); patrimony; fatherʼs house; like a father, paternal; genitive"
οἰκεῖος,urn:cite2:hmt:lsj.chicago_md:n72254,kinship_family,seed,0.621,0.357,0.264,3906,"in; of the house; of; for household affairs, domestic; household affairs, property; household goods; domiciliary; of the same household, family; kin, related; akin; closely akin; kins; relative, near friend; kinsmen; nearest kinsmen; relationship; friendly; belonging to oneʼs house; family, oneʼs own; born in the house; their own; his own property; in oneʼs own country; homegrown; oneʼs own, personal, private; more our own; mother; his own; endeared by nature; what is earliest endeared; proper to; fitting, suitable; belonging to, conformable to the nature of; a student of..; addicted to; proper, fit; fit; in its proper, literal sense; like your own affair; familiarly; to be on familiar terms; properly, naturally; affectionately, dutifully; literally, actually; to be in its domicile"
σπέρμ-α,urn:cite2:hmt:lsj.chicago_md:n95853,kinship_family,seed,0.621,0.372,0.249,1814,"seed; the products; germ, origin; elements; seed-time, sowing; seed, semen; by; of; race, origin, descent; seed, offspring"
κληρονόμ-ος,urn:cite2:hmt:lsj.chicago_md:n57879,kinship_family,seed,0.617,0.311,0.306,571,heir; the heir in possession; heir apparent
ὀρφᾰν-εύω,urn:cite2:hmt:lsj.chicago_md:n75437,kinship_family,seed,0.617,0.315,0.303,164,"take care of, rear orphans; to be an orphan"
πατρο-κᾰσιγνήτη,urn:cite2:hmt:lsj.chicago_md:n80055,kinship_family,seed,0.617,0.162,0.455,81,fatherʼs sister
δόμος,urn:cite2:hmt:lsj.chicago_md:n27980,kinship_family,seed,0.616,0.492,0.124,1552,"domus; house; part of a house, room, chamber; a house; temple; the building; the temple; chamber; abode; fold; nest; hole; pyre; closet; chest; household, family; oneʼs fatherʼs house; course; layer; ply; strand"
δῶμα,urn:cite2:hmt:lsj.chicago_md:n29773,kinship_family,seed,0.616,0.324,0.292,906,"house; chief room, hall; a single house; housetop; household, family"
ἑστία,urn:cite2:hmt:lsj.chicago_md:n42983,kinship_family,seed,0.616,0.342,0.274,3431,"hearth of a house; the house itself, home; the last home, the grave; household, family; altar; the public table; central fire; focus; the hearthgoddess; the beginning; fire; Vesta"
ἐσωτικός,urn:cite2:hmt:lsj.chicago_md:n43068,kinship_family,seed,0.616,0.324,0.292,106,"internal :; household, family"
ὁμό-σπορος,urn:cite2:hmt:lsj.chicago_md:n73833,kinship_family,seed,0.614,0.228,0.386,432,"sown together :; sprung from the same parents; ancestors, kindred; brother; sister; common to two; having the same wife with"
πατρῷος,urn:cite2:hmt:lsj.chicago_md:n80107,kinship_family,seed,0.614,0.386,0.228,2728,"of; from oneʼs father, coming; inherited from him; hereditary; fatherland; fatherʼs goods, patrimony; of our fathers; of a family; people; who protects parents’ rights; belonging to oneʼs father; imposed by him; of him; the cause of oneʼs father; patrimonial possession"
υἱόω,urn:cite2:hmt:lsj.chicago_md:n106567,kinship_family,seed,0.609,0.207,0.402,121,make into a son; adopt as oneʼs son
ἀτεκν-όω,urn:cite2:hmt:lsj.chicago_md:n16996,kinship_family,seed,0.605,0.24,0.365,95,make childless; to be barren
ἐκλόχ-ευμα,urn:cite2:hmt:lsj.chicago_md:n32404,kinship_family,seed,0.599,0.306,0.293,69,an offspring
ὅμαιμ-ος,urn:cite2:hmt:lsj.chicago_md:n73383,kinship_family,seed,0.598,0.518,0.079,428,"of the same blood, related by blood; by one near of kin; brother; sister"
ὀρφᾰν-ευμα,urn:cite2:hmt:lsj.chicago_md:n75436,kinship_family,seed,0.597,0.29,0.308,71,"orphan state, orphanhood"
ὀρφᾰν-ίζω,urn:cite2:hmt:lsj.chicago_md:n75439,kinship_family,seed,0.597,0.316,0.281,583,"make orphan, make destitute; rob, bereave of; rob; to be bereaved; to be left in orphanhood; sweep away"
ἀπογένν-ημα,urn:cite2:hmt:lsj.chicago_md:n12341,kinship_family,seed,0.596,0.269,0.327,74,offspring
γενέθλ-η,urn:cite2:hmt:lsj.chicago_md:n21839,kinship_family,seed,0.596,0.421,0.176,687,"race, stock, family; race; by birth; origin; breed, stock; offspring; birth; birthplace; generation, age; time of birth"
γένεθλον,urn:cite2:hmt:lsj.chicago_md:n21852,kinship_family,seed,0.596,0.269,0.327,203,"race, descent; offspring; sons"
γονή,urn:cite2:hmt:lsj.chicago_md:n22635,kinship_family,seed,0.596,0.541,0.056,1464,"offspring; children; fruits; race, stock, family; parentage; generation; that which engenders, seed; organs of generation; womb; act of generation; child-birth; birth; unity"
γόνος,urn:cite2:hmt:lsj.chicago_md:n22658,kinship_family,seed,0.596,0.445,0.152,1214,"that which is begotten, child; offspring; son; roe; product; sex; race, stock, descent; begetting, procreation; bearing; seed; genitals"
Εἰλείθυια,urn:cite2:hmt:lsj.chicago_md:n31049,kinship_family,seed,0.596,0.431,0.166,778,she that comes; Ilithyia; parturition; offspring
ἔκγονος,urn:cite2:hmt:lsj.chicago_md:n31809,kinship_family,seed,0.596,0.269,0.327,923,"born of, sprung from; child; son; daughter; descendants; childrenʼs children; the child; grandchild; offspring"
καρπός,urn:cite2:hmt:lsj.chicago_md:n53442,kinship_family,seed,0.596,0.556,0.04,2082,"fruit; the fruits of the earth, corn; harvest; crops; produce; fruits; taxes paid in kind; seed; seed with seed-vessel; offspring; returns, profits; fruit, profit; bloom; reward, profit; carpo; harvest."
σπόρος,urn:cite2:hmt:lsj.chicago_md:n96077,kinship_family,seed,0.596,0.374,0.222,620,"sowing; seed-time; seed; harvest, crop; offspring; semen genitale"
τόκος,urn:cite2:hmt:lsj.chicago_md:n104221,kinship_family,seed,0.596,0.442,0.155,2280,"childbirth, parturition; the time of parturition; period of gestation; foetal stage; offspring; son; daughter; fry; litter; produce of money; interest; compound interest; bringing forth; oppression"
ὑπάρχω,urn:cite2:hmt:lsj.chicago_md:n106974,kinship_family,seed,0.596,0.523,0.073,7436,"begin, take the initiative; beginner; take the initiative in, begin; take the initiative in; had used first; to what was done for him; a beginning; had been made; to be the begining; to be already in existence; was already there; already existed; had; originally existing; original; existed; there is in store; there is; existing; current; being what it is; ready prepared; exist really; be; to be; record; past record; which has been incurred; to be the descendant of; to be laid down, to be taken for granted; this being granted; belong to, fall to; accrue; will have; proper; normal; as a property; to be devoted to; he will be on; side; outside our sphere of influence; to which we do; belong; the subsistence; in a subject, Metaph.; will have predicates; existing circumstances, presentadvantages; under the circumstances, according to oneʼs means; possessions, resources; present; future resources; positive; the fact is that; the case stands; it is allowed, it is possible; was possible; since it is allowed; subordinate colleague; rule"
φῐλότεκν-ος,urn:cite2:hmt:lsj.chicago_md:n111528,kinship_family,seed,0.596,0.408,0.189,264,loving oneʼs children; offspring
φῠτόν,urn:cite2:hmt:lsj.chicago_md:n112769,kinship_family,seed,0.596,0.595,0.001,1105,"plant; garden plant; tree; sucker, slip; creature; creatures; offspring"
μήτηρ,urn:cite2:hmt:lsj.chicago_md:n67543,kinship_family,seed,0.594,0.356,0.238,2293,mother; dam; mother-bird; queen; motherʼs womb; mother and grandmother; Mater Patriae; Mater invictorum castrorum; origin; source; the mother; mater; módor
νέννος,urn:cite2:hmt:lsj.chicago_md:n70196,kinship_family,seed,0.594,0.199,0.395,266,"motherʼs; fatherʼs brother, uncle; motherʼs brother; motherʼs father"
πάτρως,urn:cite2:hmt:lsj.chicago_md:n80109,kinship_family,seed,0.594,0.199,0.395,377,"fatherʼs brother, uncle"
πατρίληκτος,urn:cite2:hmt:lsj.chicago_md:n80041,kinship_family,seed,0.593,0.174,0.419,59,inherited from a father
θῠγατρο-θετέω,urn:cite2:hmt:lsj.chicago_md:n49273,kinship_family,seed,0.592,0.139,0.453,69,adopt as daughter
πάτριος,urn:cite2:hmt:lsj.chicago_md:n80042,kinship_family,seed,0.592,0.263,0.329,1893,"of; belonging to oneʼs father; derived from oneʼs fathers, hereditary; more ancient; an hereditary custom; ancestral customs; as our fathers; the inherited constitution; according to the custom of; fathers; in their native language; uncle"
πρόγον-ος,urn:cite2:hmt:lsj.chicago_md:n86917,kinship_family,seed,0.592,0.279,0.313,1313,"early-born; first-born; forefather, ancestor; authors; founders; fathers; parents; child by a former marriage, step-son; step-daughter; eldest step-son"
κατακληρο-νομέω,urn:cite2:hmt:lsj.chicago_md:n54169,kinship_family,seed,0.591,0.308,0.283,305,obtain as oneʼs assured possession; leave as an inheritance; assign as a possession; make oneʼs heir
νάννας,urn:cite2:hmt:lsj.chicago_md:n69699,kinship_family,seed,0.591,0.253,0.338,131,maternal; paternal uncle; aunt; maternal aunt
ἐπίγονος,urn:cite2:hmt:lsj.chicago_md:n39075,kinship_family,seed,0.589,0.378,0.211,1041,"born besides; offspring, posterity; breed; the Afterborn; descendants; belonging to the; after-born; born; after; besides the presumptive heir; issue of; second marriage"
γεναρχ-έω,urn:cite2:hmt:lsj.chicago_md:n21828,kinship_family,seed,0.586,0.221,0.365,129,to be the ancestor of the human race
κληρονομ-έω,urn:cite2:hmt:lsj.chicago_md:n57874,kinship_family,seed,0.582,0.311,0.271,1220,"inherit; acquire, obtain; receive possession of; obtain; to be an inheritor; heir; of; to be succeeded in the inheritance; leave an heir behind"
πάππος,urn:cite2:hmt:lsj.chicago_md:n77742,kinship_family,seed,0.581,0.287,0.295,993,"grandfather; grandparents; ascendants, ancestors; down on the seeds; first down on the chin"
φύω,urn:cite2:hmt:lsj.chicago_md:n112794,kinship_family,seed,0.58,0.379,0.201,9264,"bring forth, produce, put forth; made; grow; beget, engender; creating; begetter, father; son; will bring to light; birth; get; to form; put forth shoots; is putting forth scions; grows up, appears; grow, wax, spring up; forth; growing there; grew; grown with; is produced; of the things produced; waxed great by; upon; to be begotten; born; to be born; descended from; become; to be; by nature; of; natural ability; to be formed; disposed by nature; is by nature prone; is inclined; fall; by nature, be; natural lot; it is natural, it happens naturally; is natural; nature; as he is; bhū-; búti; fui; be"
πατρ-άδελφος,urn:cite2:hmt:lsj.chicago_md:n80025,kinship_family,seed,0.578,0.172,0.406,79,fatherʼs brother
πατρο-κᾰσίγνητος,urn:cite2:hmt:lsj.chicago_md:n80056,kinship_family,seed,0.578,0.172,0.406,96,fatherʼs brother
ἐπιπάτωρ,urn:cite2:hmt:lsj.chicago_md:n40456,kinship_family,seed,0.577,0.192,0.385,68,stepfather
θέτης,urn:cite2:hmt:lsj.chicago_md:n48558,kinship_family,seed,0.577,0.267,0.31,192,one who places; giver; mortgagor; adoptive father of a child
μητρυι-ός,urn:cite2:hmt:lsj.chicago_md:n67605,kinship_family,seed,0.577,0.192,0.385,71,stepfather
παππικός,urn:cite2:hmt:lsj.chicago_md:n77740,kinship_family,seed,0.577,0.231,0.345,87,inherited from oneʼs grandfather
πατρυιός,urn:cite2:hmt:lsj.chicago_md:n80090,kinship_family,seed,0.577,0.192,0.385,135,stepfather
πατρωός,urn:cite2:hmt:lsj.chicago_md:n80108,kinship_family,seed,0.577,0.192,0.385,130,stepfather
υἱό-θετος,urn:cite2:hmt:lsj.chicago_md:n106560,kinship_family,seed,0.577,0.122,0.455,132,adopted as a son
υἱοποί-ητος,urn:cite2:hmt:lsj.chicago_md:n106564,kinship_family,seed,0.577,0.122,0.455,61,adopted as a son
σύγγαμβροι,urn:cite2:hmt:lsj.chicago_md:n97494,kinship_family,seed,0.575,0.248,0.327,177,the husbands of two sisters; brother-in-law; congener
ἀπάτωρ,urn:cite2:hmt:lsj.chicago_md:n11630,kinship_family,seed,0.574,0.251,0.323,547,"without father; fatherless, orphan; disowned by the father; not having; for a father; of unknown father"
θῠγατρο-ποιία,urn:cite2:hmt:lsj.chicago_md:n49275,kinship_family,seed,0.574,0.119,0.455,125,adoption of a daughter
γάλοως,urn:cite2:hmt:lsj.chicago_md:n21541,kinship_family,seed,0.573,0.138,0.435,291,"husbandʼs sister; brotherʼs wife, sister-in-law; glōs"
τεκν-όω,urn:cite2:hmt:lsj.chicago_md:n102892,kinship_family,seed,0.572,0.346,0.226,1460,"furnish; stock with children; to be furnished with children; to have them; engender, procreate children; beget them; from; bear children; has offspring; to be born; where husband and son are one; to be adopted"
ἀδελφός,urn:cite2:hmt:lsj.chicago_md:n1211,kinship_family,seed,0.569,0.293,0.276,1805,"son of the same mother; brother; brother and sister; kinsman; tribesman, Ex.; colleague, associate; member of a college; fellow; brotherly; sisterly; twin, in pairs; akin, cognate"
γαμβρός,urn:cite2:hmt:lsj.chicago_md:n21549,kinship_family,seed,0.569,0.3,0.269,530,"connexion by marriage; son-in-law; brother-in-law; sisterʼs husband; wifeʼs brother; father-in-law; bridegroom, wooer; jārá-; ĝṃró-"
ἑκῠρ-ός,urn:cite2:hmt:lsj.chicago_md:n33133,kinship_family,seed,0.569,0.228,0.341,211,father-in-law; swekuro-; śváśuras; socer
κηδεστ-ής,urn:cite2:hmt:lsj.chicago_md:n57057,kinship_family,seed,0.569,0.3,0.269,452,connexion by marriage; son-in-law; father-in-law; step-father; brother-in-law
πενθερός,urn:cite2:hmt:lsj.chicago_md:n80583,kinship_family,seed,0.569,0.3,0.269,441,father-in-law; parents-in-law; connexion by marriage; brother-in-law; son-in-law; bándhus; beñdras; bindan
συγκηδεστής,urn:cite2:hmt:lsj.chicago_md:n97792,kinship_family,seed,0.569,0.228,0.341,138,"brother-in-law, wifeʼs sisterʼs husband; father-in-law"
γένν-ας,urn:cite2:hmt:lsj.chicago_md:n21901,kinship_family,seed,0.568,0.18,0.387,53,"motherʼs brother, uncle"
θεῖος,urn:cite2:hmt:lsj.chicago_md:n48052,kinship_family,seed,0.568,0.18,0.387,213,"oneʼs fatherʼs; motherʼs brother, uncle"
ἐπιγονή,urn:cite2:hmt:lsj.chicago_md:n39074,kinship_family,seed,0.567,0.348,0.219,713,"increase, growth; larger; produce; offspring, breed; descendants of foreign; military settlers"
κενός,urn:cite2:hmt:lsj.chicago_md:n56586,kinship_family,seed,0.567,0.378,0.189,4646,"empty; pause; the void of space; cavity; not occupied by a planet; empty, fruitless, void; idle; ineffectual; without a projectile; to no purpose; destitute, bereft; without the fruits; empty-handed; without burdens, unloaded; bereft of; orphan; exhausted; without garrison; without flesh; devoid of wit, vain, pretentious"
υἱός,urn:cite2:hmt:lsj.chicago_md:n106566,kinship_family,seed,0.567,0.49,0.077,6570,"Vasen mit Meister-signaturen; ṛ; pitṛṣu; son; a son; sons; child; hostages; A, B; men; man; inheritors of the nature; participants in the glory; Divi; Caesaris; filius; *sū-yú-s; sūte; se; soyä; *sū-nu-s; sūnūs; *sǔ-nu-s; sunu; *sūyú-; *sǔwyú-; *suiwú-"
ἀδελφο-ποιός,urn:cite2:hmt:lsj.chicago_md:n1209,kinship_family,seed,0.566,0.052,0.513,61,adopting as a brother
ὠμοτόκ-ος,urn:cite2:hmt:lsj.chicago_md:n116227,kinship_family,seed,0.565,0.2,0.365,244,bringing forth immature offspring
κουρο-τρόφος,urn:cite2:hmt:lsj.chicago_md:n59485,kinship_family,seed,0.563,0.246,0.316,725,rearing children; nursing-mother
στέμμα,urn:cite2:hmt:lsj.chicago_md:n96454,kinship_family,seed,0.562,0.547,0.015,1266,"wreath, garland, chaplet; shrine with chaplcts decked; crowns of office; wreaths of wool; pedigrees, family trees; stemmata quid faciunt?; guild"
παιδο-γόνος,urn:cite2:hmt:lsj.chicago_md:n76613,kinship_family,seed,0.561,0.414,0.147,410,"begetting children; father of a child by; giving birth to children; genitalia; giving generative power, making fruitful; with aphrodisiac properties"
συγγεν-έτειρα,urn:cite2:hmt:lsj.chicago_md:n97504,kinship_family,seed,0.56,0.201,0.359,80,"parent, mother"
συγγενν-ήτωρ,urn:cite2:hmt:lsj.chicago_md:n97513,kinship_family,seed,0.559,0.254,0.305,135,"one who assists in generating, common parent"
ἀρχι-πατριώτης,urn:cite2:hmt:lsj.chicago_md:n15987,kinship_family,seed,0.558,0.212,0.346,67,head of a family
ἄττα,urn:cite2:hmt:lsj.chicago_md:n17246,kinship_family,seed,0.558,0.25,0.308,160,father
γείνομαι,urn:cite2:hmt:lsj.chicago_md:n21730,kinship_family,seed,0.558,0.346,0.212,1198,y; to be born; at oneʼs birth; beget; bring forth; parents; father; mother; women in childbed; bare; bring into life
γενέτ-ης,urn:cite2:hmt:lsj.chicago_md:n21877,kinship_family,seed,0.558,0.294,0.264,526,"begetter, ancestor; father; the tomb of my fathers; parents; author; son; produced"
μητρο-πάτωρ,urn:cite2:hmt:lsj.chicago_md:n67591,kinship_family,seed,0.558,0.164,0.393,101,"motherʼs father, grandfather"
οἰκοδεσποτ-έω,urn:cite2:hmt:lsj.chicago_md:n72315,kinship_family,seed,0.558,0.302,0.256,282,to be master of a house; head of a family; predominate
πάππας,urn:cite2:hmt:lsj.chicago_md:n77734,kinship_family,seed,0.558,0.25,0.308,440,papa; father
πᾰτήρ,urn:cite2:hmt:lsj.chicago_md:n80011,kinship_family,seed,0.558,0.317,0.241,2181,"pitṛṣu; father; grandfather; by the fatherʼs side; father, author; authors; pater patriae; forefathers; from our fathers’ time; parents; parentnation; pitár; pater"
πατρι-άρχης,urn:cite2:hmt:lsj.chicago_md:n80035,kinship_family,seed,0.558,0.341,0.217,372,"father; chief of a race, patriarch; title borne by the Bishops; of; belonging to him"
τοκ-εών,urn:cite2:hmt:lsj.chicago_md:n104211,kinship_family,seed,0.558,0.196,0.362,118,parent
φῠτ-εύω,urn:cite2:hmt:lsj.chicago_md:n112755,kinship_family,seed,0.558,0.643,-0.085,2714,"of the thing planted, plant; plant for oneself; beget, engender; father; parents; to be begotten, spring; produce, bring about, cause; implant in; set up; of the ground planted, plant with fruit-trees"
φῠτ-ωρ,urn:cite2:hmt:lsj.chicago_md:n112792,kinship_family,seed,0.558,0.25,0.308,116,father
ἐγγᾰμ-έω,urn:cite2:hmt:lsj.chicago_md:n29938,kinship_family,seed,0.556,0.189,0.367,59,marry into a family
μητρ-άδελφος,urn:cite2:hmt:lsj.chicago_md:n67559,kinship_family,seed,0.555,0.213,0.342,151,"motherʼs brother; sister, uncle; aunt"
ἄτεκν-ος,urn:cite2:hmt:lsj.chicago_md:n16995,kinship_family,seed,0.553,0.294,0.259,401,"without children, childless, barren"
γένν-ᾰ,urn:cite2:hmt:lsj.chicago_md:n21895,kinship_family,seed,0.553,0.483,0.069,894,"descent, birth, origin; origin; production; offspring, son; generation; race, family; creation, creature; Creative Force; coming forth"
θεία,urn:cite2:hmt:lsj.chicago_md:n48021,kinship_family,seed,0.553,0.165,0.388,166,"oneʼs fatherʼs; motherʼs sister, aunt"
προπένθερος,urn:cite2:hmt:lsj.chicago_md:n88276,kinship_family,seed,0.553,0.153,0.4,80,oneʼs father-in-lawʼs father
τηθίς,urn:cite2:hmt:lsj.chicago_md:n103772,kinship_family,seed,0.553,0.232,0.321,813,"fatherʼs; motherʼs sister, aunt; nutricem; grandmothers; great-aunts"
ἀγχιστ-εύς,urn:cite2:hmt:lsj.chicago_md:n1044,kinship_family,seed,0.551,0.273,0.278,213,next of kin; heir-at-law
κοινο-μήτωρ,urn:cite2:hmt:lsj.chicago_md:n58418,kinship_family,seed,0.55,0.193,0.357,81,having a common mother
δίς,urn:cite2:hmt:lsj.chicago_md:n27438,kinship_family,seed,0.549,0.209,0.341,823,"twice, doubly; twice; twice over; son and grandson; dvis; bis."
πατρ-ᾰδέλφεια,urn:cite2:hmt:lsj.chicago_md:n80024,kinship_family,seed,0.549,0.22,0.329,80,cousin by the fatherʼs side
ἐξελευθερ-ικός,urn:cite2:hmt:lsj.chicago_md:n37098,kinship_family,seed,0.545,0.324,0.221,323,of the class of freeamen; their offspring; concerning freedmen; of the freedmen; presented by freedmen
εὔπωλος,urn:cite2:hmt:lsj.chicago_md:n44911,kinship_family,seed,0.545,0.324,0.221,209,abounding in foals; horses; their offspring
οἰκεί-ωμα,urn:cite2:hmt:lsj.chicago_md:n72261,kinship_family,seed,0.545,0.311,0.234,214,"private; family affairs; affinity; special feature, advantage"
ἐγγεν-ής,urn:cite2:hmt:lsj.chicago_md:n29960,kinship_family,seed,0.542,0.334,0.207,668,"native; of the race; country; born of the same race, kindred; with a kinsman; like kinsmen; inborn, innate; ʼtis in their race; in the family; ingenuus"
θετός,urn:cite2:hmt:lsj.chicago_md:n48562,kinship_family,seed,0.541,0.235,0.306,451,"placed, set; having position; taken as oneʼs child, adopted; adopted son; adopted daughter; adoptive"
μαμμο-πάτωρ,urn:cite2:hmt:lsj.chicago_md:n64889,kinship_family,seed,0.541,0.216,0.325,78,maternal grandfather
προμήτωρ,urn:cite2:hmt:lsj.chicago_md:n88031,kinship_family,seed,0.541,0.216,0.325,262,first mother; maternal grandfather
ἀνδρ-άδελφος,urn:cite2:hmt:lsj.chicago_md:n7882,kinship_family,seed,0.54,0.133,0.407,126,"husbandʼs brother, brother-in-law; husbandʼs sister"
δᾱήρ,urn:cite2:hmt:lsj.chicago_md:n23192,kinship_family,seed,0.54,0.232,0.309,323,"Aus Lydien; husbandʼs brother, brother-in-law; devár-; dieveȓs; dèverǐ; lēvir."
ἑκῠρ-εύω,urn:cite2:hmt:lsj.chicago_md:n33132,kinship_family,seed,0.54,0.231,0.309,82,to be a father-in-law
ῥίζ-α,urn:cite2:hmt:lsj.chicago_md:n92406,kinship_family,seed,0.539,0.448,0.091,2037,"root; roots; roots of the eye; streaks; foundations; that from which anything springs as from a root; foundation; original; stock; race, family; sect, party; base, foundation; base; waúrts; radix."
ἐχε-πάμων,urn:cite2:hmt:lsj.chicago_md:n45895,kinship_family,seed,0.536,0.311,0.224,124,holding property; heir; representative
ὀψί-τεκνος,urn:cite2:hmt:lsj.chicago_md:n76339,kinship_family,seed,0.535,0.179,0.356,54,late descendant
σπάργᾰν-ον,urn:cite2:hmt:lsj.chicago_md:n95751,kinship_family,seed,0.535,0.304,0.231,760,"band for swathing infants; swaddling-clothes; ab incunabulis; origin; objects left with an exposed child, the marks by which a personʼs true birth and family are identified; crepundia, monumenta"
καλλι-γένεθλος,urn:cite2:hmt:lsj.chicago_md:n52626,kinship_family,seed,0.534,0.28,0.254,160,beautifully formed; deherb.; having a fair offspring
πάτρηθε,urn:cite2:hmt:lsj.chicago_md:n80032,kinship_family,seed,0.532,0.36,0.172,160,from oneʼs native land; from a family; clan
πατρο-ποίητος,urn:cite2:hmt:lsj.chicago_md:n80076,kinship_family,seed,0.532,0.097,0.435,151,adopted as a father
πατρο-μήτωρ,urn:cite2:hmt:lsj.chicago_md:n80067,kinship_family,seed,0.531,0.181,0.35,106,motherʼs father; grandmother
πατρονομ-ικός,urn:cite2:hmt:lsj.chicago_md:n80071,kinship_family,seed,0.531,0.41,0.121,145,pertaining to fatherly rule; the rule; nurture of a father
κοινό-τοκος,urn:cite2:hmt:lsj.chicago_md:n58434,kinship_family,seed,0.53,0.242,0.288,153,of; from common parents; in one born of the same parents; a brother
γεροντ-ίας,urn:cite2:hmt:lsj.chicago_md:n21994,kinship_family,seed,0.529,0.172,0.357,87,fatherʼs father
ἑπτα-μήτωρ,urn:cite2:hmt:lsj.chicago_md:n41979,kinship_family,seed,0.529,0.197,0.332,76,mother of seven children
οἰκο-κρᾰτέομαι,urn:cite2:hmt:lsj.chicago_md:n72342,kinship_family,seed,0.529,0.332,0.198,114,live under family rule; without civil bonds; laws
πατρο-πάτωρ,urn:cite2:hmt:lsj.chicago_md:n80075,kinship_family,seed,0.529,0.172,0.357,196,fatherʼs father
γαμβρά,urn:cite2:hmt:lsj.chicago_md:n21544,kinship_family,seed,0.527,0.163,0.364,106,sister-in-law
παιδο-φόνος,urn:cite2:hmt:lsj.chicago_md:n76673,kinship_family,seed,0.525,0.32,0.204,287,killing children; the slayer of my children; of having killed a son; of slain children
ἐκγένν-ημα,urn:cite2:hmt:lsj.chicago_md:n31800,kinship_family,seed,0.523,0.15,0.373,98,"offspring, issue"
ἀτέκμων,urn:cite2:hmt:lsj.chicago_md:n16992,kinship_family,seed,0.522,0.217,0.305,70,"childless, barren"
τίκ-τω,urn:cite2:hmt:lsj.chicago_md:n103942,kinship_family,seed,0.521,0.321,0.201,4936,"bring into the world, engender; beget; bring forth.; parents; the father; the mother; mother; Aër.; bear young, breed; hatch; lay; spawn; bear, produce; generate, engender, produce"
τοκ-εύς,urn:cite2:hmt:lsj.chicago_md:n104210,kinship_family,seed,0.521,0.301,0.22,718,"one who begets, father; begetter; parents"
τρί-παππος,urn:cite2:hmt:lsj.chicago_md:n105113,kinship_family,seed,0.521,0.243,0.278,85,ancestor in the sixth generation; tritavus
φῐλο-θρέμμᾰτος,urn:cite2:hmt:lsj.chicago_md:n111179,kinship_family,seed,0.52,0.318,0.202,101,loving foster-children
πενθερ-ῐδεύς,urn:cite2:hmt:lsj.chicago_md:n80579,kinship_family,seed,0.519,0.219,0.3,262,brother-in-law; Erster Bericht; Zweiter Bericht
μητρο-γᾰμία,urn:cite2:hmt:lsj.chicago_md:n67572,kinship_family,seed,0.518,0.124,0.394,76,incest with oneʼs mother
μητρο-μιξία,urn:cite2:hmt:lsj.chicago_md:n67588,kinship_family,seed,0.518,0.124,0.394,70,incest with oneʼs mother
ἀνά-θρεπτος,urn:cite2:hmt:lsj.chicago_md:n6564,kinship_family,seed,0.517,0.23,0.286,85,foster-child; verna
τεκνό-θρεπτος,urn:cite2:hmt:lsj.chicago_md:n102864,kinship_family,seed,0.517,0.23,0.286,65,foster-child
ποι-ητός,urn:cite2:hmt:lsj.chicago_md:n84253,kinship_family,seed,0.516,0.48,0.036,831,"made; well made; cultivated; self-inflicted; made into a son, adopted; adopted; factitious; made by oneself; invented, feigned; imitated"
φῐλότροφ-ος,urn:cite2:hmt:lsj.chicago_md:n111556,kinship_family,seed,0.514,0.444,0.07,254,"fond of rearing; nurture; fond of oneʼs foster-children; breeder of animals, fancier"
γενν-ημᾰτίζω,urn:cite2:hmt:lsj.chicago_md:n21905,kinship_family,seed,0.513,0.201,0.312,64,produce offspring
σπορ-ά,urn:cite2:hmt:lsj.chicago_md:n96061,kinship_family,seed,0.512,0.372,0.14,970,"sowing; origin; origin, birth..; procreation; begetting; seed-time, sowing-time; seed-time; year; seed; field sown; ground sown; seed, offspring; young ones; race"
συνάδελφος,urn:cite2:hmt:lsj.chicago_md:n99056,kinship_family,seed,0.511,0.46,0.051,163,one that has a brother; sister; member of an association
γ,urn:cite2:hmt:lsj.chicago_md:n21357,kinship_family,seed,0.51,0.242,0.268,259,"three, third, thrice; B., son and grandson of B."
ἀγχιστ-εύω,urn:cite2:hmt:lsj.chicago_md:n1046,kinship_family,seed,0.508,0.27,0.238,441,"to be next; near; to be next of kin, heir-at-law; do a kinsmanʼs office; marry; enter upon.., Nu.; to be excluded by descent"
κλεψι-τόκος,urn:cite2:hmt:lsj.chicago_md:n57830,kinship_family,seed,0.508,0.166,0.342,84,concealing offspring
ῥιζουχία,urn:cite2:hmt:lsj.chicago_md:n92431,kinship_family,seed,0.508,0.269,0.239,72,"root, origin of a family"
ἀδελφ-ίζω,urn:cite2:hmt:lsj.chicago_md:n1197,kinship_family,seed,0.507,0.282,0.224,176,"adopt as a brother, call brother; to be very like"
ἀτάλλω,urn:cite2:hmt:lsj.chicago_md:n16947,kinship_family,seed,0.507,0.188,0.319,446,"skip in childish glee, gambol; bring up a child, rear, foster; grow up, wax"
μητρυι-ογάμος,urn:cite2:hmt:lsj.chicago_md:n67604,kinship_family,seed,0.507,0.155,0.352,93,one who marries his stepmother
ἐπίπαππος,urn:cite2:hmt:lsj.chicago_md:n40428,kinship_family,seed,0.505,0.261,0.245,213,grandfatherʼs grandfather; grandfatherʼs father; grandfather
συγκληρονόμ-ος,urn:cite2:hmt:lsj.chicago_md:n97817,kinship_family,seed,0.505,0.236,0.27,94,joint-heir
αὐτ-άδελφος,urn:cite2:hmt:lsj.chicago_md:n17547,kinship_family,seed,0.503,0.191,0.312,246,brotherʼs; sisterʼs; oneʼs own brother; sister
συνοικει-όω,urn:cite2:hmt:lsj.chicago_md:n100774,kinship_family,seed,0.503,0.368,0.135,767,"bind together as friends; kinsmen, associate, bring into connexion; adapt exactly; bring into relation with; to be bound by ties of kindred, to be closely united; to be associated with; to be situated together in the domicile"
αὐθέντ-ης,urn:cite2:hmt:lsj.chicago_md:n17367,kinship_family,seed,0.5,0.303,0.197,633,"murderer; suicide; one of a murdererʼs family; perpetrator, author; doer; master; by one of the same family; sen-, sṇ-."
νόθ-ος,urn:cite2:hmt:lsj.chicago_md:n70932,kinship_family,seed,0.5,0.307,0.193,1288,"bastard, baseborn; child of a citizen father and an alien mother; temple-attendants; cross-bred; spurious, counterfeit, supposititious; false; meretricious, Peripl.M.; insincerely, disingenuously; spurious"
αὐτο-κᾰσιγνήτη,urn:cite2:hmt:lsj.chicago_md:n17742,kinship_family,seed,0.497,0.193,0.304,79,own sister
συγκᾰσιγνήτη,urn:cite2:hmt:lsj.chicago_md:n97610,kinship_family,seed,0.497,0.193,0.304,53,own sister
αὐτο-πάμων,urn:cite2:hmt:lsj.chicago_md:n17853,kinship_family,seed,0.496,0.284,0.213,88,sole heir
πατρόθεν,urn:cite2:hmt:lsj.chicago_md:n80054,kinship_family,seed,0.496,0.297,0.199,955,"from; after a father; and giving his fatherʼs name; on the fatherʼs side; with the addition of oneʼs fatherʼs name; of oneʼs father; coming from, sent by oneʼs father; fatherʼs; from the time of oneʼs fathers"
πατρο-μύστης,urn:cite2:hmt:lsj.chicago_md:n80068,kinship_family,seed,0.496,0.234,0.262,112,one whose father was a; hereditary
συγγεν-ικός,urn:cite2:hmt:lsj.chicago_md:n97509,kinship_family,seed,0.496,0.326,0.17,1035,"congenital; hereditary; of; for kinsmen; between kinsfolk; like kinsfolk; kindred, of a common kind; of our own nature; of, belonging to the"
ἑτερο-μήτριος,urn:cite2:hmt:lsj.chicago_md:n43178,kinship_family,seed,0.495,0.208,0.287,80,born of another mother
μελλό-γαμβρος,urn:cite2:hmt:lsj.chicago_md:n66160,kinship_family,seed,0.495,0.154,0.341,64,about to be a brother-in-law
συγκληρονομ-έω,urn:cite2:hmt:lsj.chicago_md:n97816,kinship_family,seed,0.494,0.279,0.216,65,to be joint-heir
ἀδελφ-ιδέος,urn:cite2:hmt:lsj.chicago_md:n1193,kinship_family,seed,0.492,0.423,0.069,235,nephew; brotherʼs son; sisterʼs son; beloved one
αὐτο-κᾰσίγνητος,urn:cite2:hmt:lsj.chicago_md:n17743,kinship_family,seed,0.491,0.196,0.295,58,own brother
γῠναικ-άδελφος,urn:cite2:hmt:lsj.chicago_md:n23007,kinship_family,seed,0.491,0.167,0.324,111,wifeʼs brother
ἀνεψι-ᾰδοῦς,urn:cite2:hmt:lsj.chicago_md:n8582,kinship_family,seed,0.49,0.141,0.349,198,first cousinʼs son; second cousins
ἑδν-ωτής,urn:cite2:hmt:lsj.chicago_md:n30696,kinship_family,seed,0.49,0.145,0.344,107,father who portions a bride
ὀλῐγό-γονος,urn:cite2:hmt:lsj.chicago_md:n73005,kinship_family,seed,0.489,0.153,0.336,212,producing few offspring; unprolific
θῠγατρ-ῐδοῦς,urn:cite2:hmt:lsj.chicago_md:n49268,kinship_family,seed,0.487,0.17,0.316,229,"daughterʼs son, grandson"
ἀνεψι-ός,urn:cite2:hmt:lsj.chicago_md:n8583,kinship_family,seed,0.485,0.182,0.303,349,first cousin; cousin; nepos
κᾰσίγνητ-ος,urn:cite2:hmt:lsj.chicago_md:n53599,kinship_family,seed,0.485,0.221,0.264,796,"brother; born from the same mother; sister; sisters; cousin; Gemini; brotherly, sisterly; brotherʼs"
φέρω,urn:cite2:hmt:lsj.chicago_md:n110598,kinship_family,seed,0.485,0.483,0.002,30222,"fero; beran; bhárati; náśati; nanciscor; nèšti; bear; carry; to have; bear, convey; motion; bring to bear; hurl; lead, direct; bear along; is fair; endure, suffer; bear, admit; take; to be; about; bring, fetch; bring with; for oneʼs own use; fetch; bring, offer, present; grant; do; show; cherish; bring, produce, cause; work; bring; brought with it, brought about; yield; produce, adduce, bring forward; carry with one, involve; tell, announce; report; reports; enter, book; shalt have; brought; receive; announced, Ep.Heb.; pay; due; owing; subscribe to the expense; receive, draw; bring in, yield; apply, refer; confer; give; appoint; nominate; am enrolled; choose, adopt; bring forth, produce; bear fruit, be fruitful; oneʼs country; Mother Earth; create, form; carry off; away; sweep away; carry off with one; carry away as booty; prize; rob, plunder; carry off, gain; by toil; trouble, win, achieve; receive oneʼs due; win for oneself; carry off as a prize; carry off, win; get; for onself, gain; they received; get for oneʼs own use and profit, take and carry away; to oneʼs own home; lead; leading; stretch, extend; b; be conducive; tend, conduce; was for; good; point; refer; addressed; refers; extends; inclines; inclined to; inclined; have in the mouth; speak of; use; record; spoken of; is carried about; it is said; is recorded as occurring; are in use; to be in circulation; come, now, well; come; suppose, grant; let us; destiny, fate; what; bears to you, awards you; he brought and; and; with; went and; full tilt; down; hurling themselves; went; took) and; occurring; to be borne; carried; to be borne along; to be swept away; falling; flying; go; swing free; comes; move, go; have; tendency; to be conveyed; universal motion; moving; with a rush, at full speed; turn out, prosper; succeed; fail; take their course; fare; being generally; behave; have an opinion; his opinion was"
γνωτός,urn:cite2:hmt:lsj.chicago_md:n22547,kinship_family,seed,0.484,0.221,0.263,373,"kinsman, kinswoman; brothers; sisters; brother; sister; znuots; jñātís"
ἑκῠρ-ά,urn:cite2:hmt:lsj.chicago_md:n33131,kinship_family,seed,0.484,0.18,0.304,123,mother-in-law
κηδέστ-ρια,urn:cite2:hmt:lsj.chicago_md:n57060,kinship_family,seed,0.484,0.242,0.241,150,"female attendant, keeper; guardian; mother-in-law"
νίννη,urn:cite2:hmt:lsj.chicago_md:n70865,kinship_family,seed,0.484,0.181,0.303,152,grandmother; mother-in-law
παππεπίπαππος,urn:cite2:hmt:lsj.chicago_md:n77736,kinship_family,seed,0.484,0.227,0.258,90,grandfatherʼs grandfather
πενθερ-ά,urn:cite2:hmt:lsj.chicago_md:n80578,kinship_family,seed,0.484,0.18,0.304,134,mother-in-law
ἀδελφ-ιδῆ,urn:cite2:hmt:lsj.chicago_md:n1194,kinship_family,seed,0.483,0.183,0.3,146,"a brotherʼs; sisterʼs daughter, a niece"
ἀνοίκ-ειος,urn:cite2:hmt:lsj.chicago_md:n9152,kinship_family,seed,0.483,0.34,0.144,565,"not of the family; less closely related; unfitting, unseasonable; foreign to, incongruous with; dissimilar to; alien from; not in its domicile"
τοκ-άς,urn:cite2:hmt:lsj.chicago_md:n104206,kinship_family,seed,0.482,0.387,0.095,815,"of; for breeding, brood; prolific; having just brought forth; with cubs; with pups; mothers; mother"
πατρο-δώρητος,urn:cite2:hmt:lsj.chicago_md:n80053,kinship_family,seed,0.481,0.267,0.214,66,given by a father
μητρικός,urn:cite2:hmt:lsj.chicago_md:n67570,kinship_family,seed,0.48,0.282,0.198,309,of a mother
μητρῷος,urn:cite2:hmt:lsj.chicago_md:n67612,kinship_family,seed,0.48,0.441,0.039,943,of a mother; temple of Demeter; temple of Cybele; the worship of Cybele; music played in her honour
σύγγονος,urn:cite2:hmt:lsj.chicago_md:n97540,kinship_family,seed,0.479,0.554,-0.076,602,"congenital, inborn, natural; connected by blood, akin; proper to his race; brother, sister; kinsfolk; native, of oneʼs country"
αἰνο-πᾰτηρ,urn:cite2:hmt:lsj.chicago_md:n2559,kinship_family,seed,0.478,0.265,0.213,61,unhappy father
ἀναχωρ-έω,urn:cite2:hmt:lsj.chicago_md:n7832,kinship_family,seed,0.476,0.43,0.047,1568,"go back; walk backwards; retire, withdraw; they had retired; returned; were forced; to retire to..; come back; revert to the rightful heir; withdraw, retire; retire from; from; inland; obsolete; recondite; strike, refuse to work"
γονο-ποιΐα,urn:cite2:hmt:lsj.chicago_md:n22651,kinship_family,seed,0.475,0.174,0.301,70,production of offspring
εὐπᾰτέρεια,urn:cite2:hmt:lsj.chicago_md:n44711,kinship_family,seed,0.475,0.393,0.082,245,daughter of a noble sire; belonging to a noble father
φῐλο-πάτωρ,urn:cite2:hmt:lsj.chicago_md:n111377,kinship_family,seed,0.473,0.356,0.117,285,loving oneʼs father
πατρο-λάθησις,urn:cite2:hmt:lsj.chicago_md:n80063,kinship_family,seed,0.471,0.197,0.274,92,neglect of oneʼs father
βλάστ-ημα,urn:cite2:hmt:lsj.chicago_md:n20054,kinship_family,seed,0.47,0.247,0.223,473,"offspring, offshoot; excrescence; eruption"
ὀλῐγο-γονία,urn:cite2:hmt:lsj.chicago_md:n73004,kinship_family,seed,0.47,0.15,0.319,88,production of few offspring
μον-ᾰδελφία,urn:cite2:hmt:lsj.chicago_md:n68421,kinship_family,seed,0.469,0.232,0.237,78,possession of only one brother
πρόπαππος,urn:cite2:hmt:lsj.chicago_md:n88224,kinship_family,seed,0.469,0.261,0.208,124,great-grandfather; grandfather
πατρο-κόμος,urn:cite2:hmt:lsj.chicago_md:n80058,kinship_family,seed,0.467,0.237,0.23,73,taking care of her father
σύναιμος,urn:cite2:hmt:lsj.chicago_md:n99081,kinship_family,seed,0.467,0.47,-0.003,418,"of common blood, kindred; kinsman, kinswoman; brother, sister; kinsmen; presiding over kindred; between kinsmen"
ἀδελφ-ή,urn:cite2:hmt:lsj.chicago_md:n1192,kinship_family,seed,0.466,0.223,0.243,551,sister; kinswoman
ἀδελφο-κτονέω,urn:cite2:hmt:lsj.chicago_md:n1205,kinship_family,seed,0.466,0.304,0.162,101,to be murderer of a brother; sister
ἀδελφο-κτονία,urn:cite2:hmt:lsj.chicago_md:n1206,kinship_family,seed,0.466,0.227,0.239,94,murder of a brother; sister
ἀνάδελφος,urn:cite2:hmt:lsj.chicago_md:n6423,kinship_family,seed,0.466,0.188,0.278,104,without brother; sister
κᾰσιγνήτ-η,urn:cite2:hmt:lsj.chicago_md:n53597,kinship_family,seed,0.466,0.188,0.278,301,sister
κάσις,urn:cite2:hmt:lsj.chicago_md:n53604,kinship_family,seed,0.466,0.189,0.277,283,brother; sister
οἰκονομ-ία,urn:cite2:hmt:lsj.chicago_md:n72348,kinship_family,seed,0.466,0.556,-0.091,1488,"management of a household; family, husbandry, thrift; households; direction, regulation; administration; principles of government; arrangement; market, fair; proceedings; steps; office of; stewardship; plan, dispensation; scheming; public revenue; transaction, contract; instrument; operation; process"
ὁμαίμ-ων,urn:cite2:hmt:lsj.chicago_md:n73386,kinship_family,seed,0.466,0.189,0.277,326,near akin to..; more near akin; brother; sister
ὁμό-γνητος,urn:cite2:hmt:lsj.chicago_md:n73551,kinship_family,seed,0.466,0.189,0.277,169,brother; sister
ὁμό-παις,urn:cite2:hmt:lsj.chicago_md:n73780,kinship_family,seed,0.466,0.188,0.278,91,twin-brother; sister
ὁμό-σφῠρος,urn:cite2:hmt:lsj.chicago_md:n73845,kinship_family,seed,0.466,0.189,0.277,162,walking in company; sister; brother
συνομαίμων,urn:cite2:hmt:lsj.chicago_md:n100824,kinship_family,seed,0.466,0.438,0.028,178,"of the same blood, kindred; brother; sister"
μητρυι-ά,urn:cite2:hmt:lsj.chicago_md:n67602,kinship_family,seed,0.465,0.233,0.231,634,stepmother; mauru; módrie
στεῖρα,urn:cite2:hmt:lsj.chicago_md:n96416,kinship_family,seed,0.465,0.447,0.018,550,"that has not brought forth young; barren; not having had offspring, virgin; starīs; sterilis."
θῠγατρο-μιξία,urn:cite2:hmt:lsj.chicago_md:n49274,kinship_family,seed,0.464,0.125,0.339,80,incest with a daughter
καλλι-γένεια,urn:cite2:hmt:lsj.chicago_md:n52627,kinship_family,seed,0.461,0.35,0.111,364,bearer of a fair offspring; sacrifice to Demeter K.
δυσ-πένθερος,urn:cite2:hmt:lsj.chicago_md:n29385,kinship_family,seed,0.459,0.278,0.181,78,of an evil father-in-law
αὐτ-ᾰνέψιος,urn:cite2:hmt:lsj.chicago_md:n17553,kinship_family,seed,0.458,0.173,0.285,151,own cousin
παρθέν-ιος,urn:cite2:hmt:lsj.chicago_md:n79588,kinship_family,seed,0.458,0.384,0.075,792,"of a maiden, maidenly; of the temple of the Virgin Goddess; the son of an unmarried girl; of maidenhood, first; pure, undefiled; white; Samia terra"
πατρι-άζω,urn:cite2:hmt:lsj.chicago_md:n80034,kinship_family,seed,0.458,0.144,0.314,58,take after oneʼs father
παιδουργ-ία,urn:cite2:hmt:lsj.chicago_md:n76664,kinship_family,seed,0.457,0.225,0.232,130,a mother
μονο-πάτωρ,urn:cite2:hmt:lsj.chicago_md:n68613,kinship_family,seed,0.456,0.15,0.306,68,only father
ὑϊδοῦς,urn:cite2:hmt:lsj.chicago_md:n106552,kinship_family,seed,0.456,0.2,0.256,151,"sonʼs son, grandson"
μητρο-μήτωρ,urn:cite2:hmt:lsj.chicago_md:n67587,kinship_family,seed,0.454,0.148,0.306,111,"motherʼs mother, grandmother"
δῠσ-ᾰριστοτόκεια,urn:cite2:hmt:lsj.chicago_md:n28739,kinship_family,seed,0.453,0.315,0.138,102,unhappy mother of the noblest son
ἐξευγεν-ίζω,urn:cite2:hmt:lsj.chicago_md:n37225,kinship_family,seed,0.453,0.368,0.085,207,produce noble offspring; make noble; in de An.; degeneration
μῑσο-ΐδιος,urn:cite2:hmt:lsj.chicago_md:n68050,kinship_family,seed,0.453,0.289,0.165,92,hating oneʼs own family
παιδο-κτόνος,urn:cite2:hmt:lsj.chicago_md:n76626,kinship_family,seed,0.453,0.179,0.275,132,slaying oneʼs children; slaying offspring
βρᾰδῠτεκνία,urn:cite2:hmt:lsj.chicago_md:n20799,kinship_family,seed,0.451,0.159,0.292,78,lateness in having offspring
ἀμμά,urn:cite2:hmt:lsj.chicago_md:n5311,kinship_family,seed,0.45,0.226,0.224,171,"mother; foster-mother, nurse"
ἀμμία,urn:cite2:hmt:lsj.chicago_md:n5320,kinship_family,seed,0.45,0.293,0.158,76,mother; nurse
βοῦς,urn:cite2:hmt:lsj.chicago_md:n20674,kinship_family,seed,0.45,0.515,-0.065,2336,"bullock, bull, ox; cow; cattle; buffalo; zebu; urus; dam; mother; ox-hide shield; fish; Notidanus griseus; crescent loaf; seam; the constellation Taurus; gaús; gā´m; bos"
γενέτ-ειρα,urn:cite2:hmt:lsj.chicago_md:n21874,kinship_family,seed,0.45,0.226,0.224,192,mother; daughter
μαῖα,urn:cite2:hmt:lsj.chicago_md:n64530,kinship_family,seed,0.45,0.262,0.188,806,good mother; foster-mother; mother; midwife; lady doctor; grandmother; large kind of crab
μάμμ-η,urn:cite2:hmt:lsj.chicago_md:n64884,kinship_family,seed,0.45,0.226,0.224,342,mother; motherʼs breast; grandmother
μαμμ-ία,urn:cite2:hmt:lsj.chicago_md:n64885,kinship_family,seed,0.45,0.226,0.224,51,mother
παιδοτρόφ-ος,urn:cite2:hmt:lsj.chicago_md:n76661,kinship_family,seed,0.45,0.315,0.135,194,nourishing young life; mother
πάτρων,urn:cite2:hmt:lsj.chicago_md:n80095,kinship_family,seed,0.449,0.283,0.166,272,patronus; uncle
ἑκᾰτέρ-ωθεν,urn:cite2:hmt:lsj.chicago_md:n31609,kinship_family,seed,0.448,0.36,0.088,231,"on each side, on either hand; at each end; on both sides, by father and mother"
παμ-μήτωρ,urn:cite2:hmt:lsj.chicago_md:n77086,kinship_family,seed,0.448,0.256,0.193,196,mother of all; a very mother
μαμμ-ικός,urn:cite2:hmt:lsj.chicago_md:n64887,kinship_family,seed,0.447,0.241,0.207,128,of a grandmother
τηλύγετος,urn:cite2:hmt:lsj.chicago_md:n103841,kinship_family,seed,0.447,0.336,0.111,1508,"a darling son, petted child; only; of oneʼs old age; the only; far away, far-distant; latest-born; after whom no more are born; only children; petted, well-beloved"
σύντροφ-ος,urn:cite2:hmt:lsj.chicago_md:n101083,kinship_family,seed,0.446,0.419,0.027,2263,"brought up together with; foster-brother; bred up with; of like habits with oneself; his foster-brother; living with; of a companion; used to; habitual; Aër.; everyday; congenital property; innate; natural to; familiar; suitable; joint-herd, fellow-herdsman; assisting in nourishing.."
φῐλό-παππος,urn:cite2:hmt:lsj.chicago_md:n111368,kinship_family,seed,0.446,0.353,0.093,204,loving oneʼs grandfather; loving their grandparents
αἰνο-τόκος,urn:cite2:hmt:lsj.chicago_md:n2571,kinship_family,seed,0.444,0.191,0.253,125,unhappy in being a parent
θάλπ-ω,urn:cite2:hmt:lsj.chicago_md:n47819,kinship_family,seed,0.443,0.399,0.044,1918,"heat, soften by heat; to be softened, deceived; heat, warm; softening; keep warm; to be warm; to be alive; warm at the fire, dry; hatch; sit; heat, inflame; comfort; cherish, foster; tend; with fostering care; care; to be full of heat, vigorous; to live"
πολυ-μήτωρ,urn:cite2:hmt:lsj.chicago_md:n85073,kinship_family,seed,0.442,0.284,0.158,63,mother of many
εὐπάτωρ,urn:cite2:hmt:lsj.chicago_md:n44715,kinship_family,seed,0.441,0.254,0.188,115,a good father
παππ-ωνῠμικῶς,urn:cite2:hmt:lsj.chicago_md:n77747,kinship_family,seed,0.441,0.244,0.196,109,called after oneʼs grandfather
πενθεροφθόρος,urn:cite2:hmt:lsj.chicago_md:n80584,kinship_family,seed,0.441,0.16,0.281,69,slaying oneʼs father-in-law
ὄρπηξ,urn:cite2:hmt:lsj.chicago_md:n75339,kinship_family,seed,0.439,0.214,0.225,429,"sapling, young shoot; goad; lance; scion, descendant"
ὁμο-γάλακτες,urn:cite2:hmt:lsj.chicago_md:n73541,kinship_family,seed,0.438,0.331,0.106,311,"persons suckled with the same milk, foster-brothers; sisters :; clansmen, tribesmen"
ἀδελφο-κτόνος,urn:cite2:hmt:lsj.chicago_md:n1204,kinship_family,seed,0.435,0.23,0.204,139,murdering a brother or sister
ἀνεψι-ᾰδῆ,urn:cite2:hmt:lsj.chicago_md:n8580,kinship_family,seed,0.435,0.109,0.326,64,first cousinʼs daughter
γαμβρο-ποιέω,urn:cite2:hmt:lsj.chicago_md:n21548,kinship_family,seed,0.435,0.16,0.275,63,make a son-in-law of
ἄπαππος,urn:cite2:hmt:lsj.chicago_md:n11446,kinship_family,seed,0.434,0.251,0.183,145,with no grandfather; unfathered by
ἐξάδελφος,urn:cite2:hmt:lsj.chicago_md:n36521,kinship_family,seed,0.434,0.188,0.247,168,cousin-german; nephew
φῐλᾰδελφ-ος,urn:cite2:hmt:lsj.chicago_md:n110808,kinship_family,seed,0.434,0.335,0.099,729,"loving oneʼs brother; sister, brotherly, sisterly; NT, loving the brethren; mock orange, Philadelphus coronarius; stones"
αὐτο-μήτωρ,urn:cite2:hmt:lsj.chicago_md:n17820,kinship_family,seed,0.433,0.192,0.241,105,very mother herself; her motherʼs very child
φῐλο-θρεψ,urn:cite2:hmt:lsj.chicago_md:n111182,kinship_family,seed,0.432,0.243,0.188,115,dear foster-child; Zweiter Bericht
μητρο-κᾰσιγνήτη,urn:cite2:hmt:lsj.chicago_md:n67577,kinship_family,seed,0.431,0.223,0.209,96,uterine sister
ἀτῐτάλτας,urn:cite2:hmt:lsj.chicago_md:n17096,kinship_family,seed,0.43,0.213,0.217,65,foster-father
μητρυι-άζω,urn:cite2:hmt:lsj.chicago_md:n67603,kinship_family,seed,0.43,0.213,0.217,61,"to be a stepmother, act as one"
τῐθηνός,urn:cite2:hmt:lsj.chicago_md:n103934,kinship_family,seed,0.43,0.294,0.135,520,nursing; one who nurses; foster-father; nursling
δυστοκ-εύς,urn:cite2:hmt:lsj.chicago_md:n29531,kinship_family,seed,0.428,0.285,0.142,141,suffering in child-birth; unhappy parent
συγγᾰλακτοτροφέω,urn:cite2:hmt:lsj.chicago_md:n97492,kinship_family,seed,0.427,0.115,0.312,104,bring up as a foster-child with
πατρο-γενής,urn:cite2:hmt:lsj.chicago_md:n80050,kinship_family,seed,0.426,0.298,0.128,77,begotten of the father
εὐπένθερος,urn:cite2:hmt:lsj.chicago_md:n44729,kinship_family,seed,0.422,0.167,0.255,67,with a good father-in-law
ἰσ-άδελφος,urn:cite2:hmt:lsj.chicago_md:n50911,kinship_family,seed,0.421,0.172,0.249,103,like a brother
πατρο-τύπτης,urn:cite2:hmt:lsj.chicago_md:n80081,kinship_family,seed,0.421,0.354,0.067,117,one who beats his father
Τάντᾰλος,urn:cite2:hmt:lsj.chicago_md:n102319,kinship_family,seed,0.421,0.326,0.095,943,Tantalus; of; belonging to T.; of T.; descendant of Tantalus; daughter of T.; endurance; balanced and tottering
τανταλίδης,urn:cite2:hmt:lsj.chicago_md:n102320,kinship_family,seed,0.421,0.138,0.283,79,descendant of Tantalus
ὁμο-μήτριος,urn:cite2:hmt:lsj.chicago_md:n73758,kinship_family,seed,0.419,0.176,0.243,220,born of the same mother
παπποκτόνος,urn:cite2:hmt:lsj.chicago_md:n77741,kinship_family,seed,0.419,0.208,0.21,60,grandfather-slaying
πατρο-στερής,urn:cite2:hmt:lsj.chicago_md:n80079,kinship_family,seed,0.419,0.194,0.225,70,"reft of father, fatherless"
ὑποτρέφω,urn:cite2:hmt:lsj.chicago_md:n109396,kinship_family,seed,0.418,0.274,0.143,561,"rear, nourish; cherish, nurse; foster, encourage; cherish; grow up in succession; grew"
ὀβρῐμόσπορος,urn:cite2:hmt:lsj.chicago_md:n71933,kinship_family,seed,0.417,0.31,0.106,69,with mighty offspring
ὁμοιο-γονία,urn:cite2:hmt:lsj.chicago_md:n73631,kinship_family,seed,0.416,0.215,0.202,81,generation of like offspring
μητρο-κτόνος,urn:cite2:hmt:lsj.chicago_md:n67582,kinship_family,seed,0.415,0.24,0.175,357,"killing oneʼs mother, matricidal; of a motherʼs murder; matricide"
πᾰτέρ-ιον,urn:cite2:hmt:lsj.chicago_md:n80007,kinship_family,seed,0.415,0.173,0.242,71,little father
ἀδελφο-πρεπῶς,urn:cite2:hmt:lsj.chicago_md:n1210,kinship_family,seed,0.413,0.173,0.24,70,as befits a brother
Κάβειροι,urn:cite2:hmt:lsj.chicago_md:n51596,kinship_family,seed,0.413,0.311,0.102,1392,the Cabeiri; the sisters; mother of the Cabeiri; Cabeiric; sanctuary of the C.; their mysteries; celebrate these mysteries; KBR ‘greatʼ; Kúbera-; *Kabera-; Kāberaká-.
μητρωνῠμικός,urn:cite2:hmt:lsj.chicago_md:n67611,kinship_family,seed,0.413,0.182,0.231,110,named after oneʼs mother
μῑσο-πάτωρ,urn:cite2:hmt:lsj.chicago_md:n68074,kinship_family,seed,0.413,0.239,0.174,80,hating oneʼs father
πατρωνῠμ-ία,urn:cite2:hmt:lsj.chicago_md:n80103,kinship_family,seed,0.413,0.23,0.183,104,"name taken from oneʼs father, patronymic"
φῐλο-πάτρως,urn:cite2:hmt:lsj.chicago_md:n111376,kinship_family,seed,0.413,0.303,0.109,69,lover of oneʼs uncle
πολῠ-γονος,urn:cite2:hmt:lsj.chicago_md:n84726,kinship_family,seed,0.412,0.273,0.139,426,"producing much offspring, prolific; Aër.; much-producing, fertilizing"
γνωτο-φόνος,urn:cite2:hmt:lsj.chicago_md:n22548,kinship_family,seed,0.41,0.239,0.171,144,murderer of anotherʼs brother; murderess of a brother
θῠγάτρ-ιον,urn:cite2:hmt:lsj.chicago_md:n49270,kinship_family,seed,0.409,0.223,0.186,238,little daughter; girl
πληγενής,urn:cite2:hmt:lsj.chicago_md:n83762,kinship_family,seed,0.409,0.158,0.251,81,"half-brother, half-sister"
οἴομαι,urn:cite2:hmt:lsj.chicago_md:n72610,kinship_family,seed,0.408,0.398,0.01,6045,"forebode, presage; expect; suspect; fear; thou art; suspecting; guess; think; mean, intend; there comes a boding; think, suppose, believe; that he is the putative father; I ween; I think so, I should think so; you canʼt think; intend, purpose; his object is; intentionally; methinks; mean to, intend"
σύνορος,urn:cite2:hmt:lsj.chicago_md:n100893,kinship_family,seed,0.408,0.256,0.152,397,"marching with, conterminous; neighbouring; twin-sister"
λῐπο-μήτωρ,urn:cite2:hmt:lsj.chicago_md:n63532,kinship_family,seed,0.407,0.202,0.205,79,having left oneʼs mother
ἐκ-δότις,urn:cite2:hmt:lsj.chicago_md:n31914,kinship_family,seed,0.406,0.228,0.178,71,brideʼs mother
ἔκπαππος,urn:cite2:hmt:lsj.chicago_md:n32569,kinship_family,seed,0.406,0.257,0.149,63,great-great-grandfather
εὔπαις,urn:cite2:hmt:lsj.chicago_md:n44669,kinship_family,seed,0.406,0.385,0.02,314,"blest with children; with many; with good, fine children; noble son"
τρέφω,urn:cite2:hmt:lsj.chicago_md:n104690,kinship_family,seed,0.405,0.389,0.016,9154,"thicken; congeal; curdle; curdle, congeal; cause to grow; increase, bring up, rear; bring up; rear for oneself; to be reared, grow up; grew up; left the nursery; true nurslings of; art nursed; rear and keep; keepers; keep; master; he keeps; to be bred, reared; bred; tend, cherish; let grow, cherish, foster; put; on; breed, produce, teem with; have within oneself, contain; to keep; she has as her lot; cherish; is; daily lot; maintain, support; feed; provide the food for; maintain; feed, maintain; suckle; nourish; bring up, rear, educate; motherland; to be; was well-grown; vox nihili"
Δάρδᾰνος,urn:cite2:hmt:lsj.chicago_md:n23464,kinship_family,seed,0.403,0.312,0.091,501,Dardanus; Trojan; Trojan woman; Troy; son; descendant of Dardanus; sons of Dardanus
πηΐσκος,urn:cite2:hmt:lsj.chicago_md:n82911,kinship_family,seed,0.403,0.217,0.186,87,"child, son"
ἔρνος,urn:cite2:hmt:lsj.chicago_md:n42640,kinship_family,seed,0.402,0.556,-0.154,799,"young sprout, shoot; a young plant; wreaths; scion, offspring; having sprung out of the sea; fruit"
παιδό-παις,urn:cite2:hmt:lsj.chicago_md:n76640,kinship_family,seed,0.402,0.183,0.219,79,grandson
σύννομος,urn:cite2:hmt:lsj.chicago_md:n100744,kinship_family,seed,0.402,0.381,0.02,1765,"feeding in herds; together; of birds that flock together; herd together; living with; associated with..; sharing; partaking in; partner with; in..; partner of..; lie between; partners with; partner, consort, mate; kindred, correspondent; cut so as to fit, ashlar"
υἱων-ός,urn:cite2:hmt:lsj.chicago_md:n106571,kinship_family,seed,0.402,0.183,0.219,284,grandson
παλλᾰκ-ῖνος,urn:cite2:hmt:lsj.chicago_md:n77011,kinship_family,seed,0.401,0.308,0.092,58,son by a concubine
προικ-ίδιος,urn:cite2:hmt:lsj.chicago_md:n87562,marriage,seed+embed,0.795,0.271,0.524,85,forming a dowry
ἄπροικος,urn:cite2:hmt:lsj.chicago_md:n14427,marriage,seed+embed,0.785,0.355,0.43,167,without portion; dowry
ἐπιφέρνια,urn:cite2:hmt:lsj.chicago_md:n41497,marriage,seed+embed,0.785,0.355,0.43,64,dowry
ἀποπροικίζω,urn:cite2:hmt:lsj.chicago_md:n13512,marriage,seed+embed,0.783,0.299,0.484,62,give a dowry
φερν-ή,urn:cite2:hmt:lsj.chicago_md:n110581,marriage,seed+embed,0.783,0.379,0.403,633,"that which is brought by the wife, dowry; a dowry; given as a dowry; a dower; bridal gifts; portion"
μνῆστρον,urn:cite2:hmt:lsj.chicago_md:n68221,marriage,seed+embed,0.772,0.27,0.502,83,"betrothal, marriage"
εἰσφέρω,urn:cite2:hmt:lsj.chicago_md:n31537,marriage,seed+embed,0.771,0.389,0.382,2734,"carry in; bring in, contribute; pay the propertytax; bring in; upon; brings; into; introduce; bring forward, propose; legem rogare; propose, nominate; carry with one, sweep along; bring in for oneself; bring in with one, introduce; to utter; having brought; as a dowry; contribute; apply, employ; eat; drink; draw breath; to be brought in, introduced; rush in"
προικ-ῐμαῖος,urn:cite2:hmt:lsj.chicago_md:n87564,marriage,seed+embed,0.763,0.316,0.447,130,gratuitous; belonging to a dowry
προίξ,urn:cite2:hmt:lsj.chicago_md:n87576,marriage,seed+embed,0.751,0.402,0.349,1122,"gift, present; of his bounty, without reimbursement; with impunity; gift; marriage-porlion, dowry; as part of the dowry; as a free gift, freely, at oneʼs own cost; without a gift, unbribed; of oneself, without a teacher; to say nothing of, in addition to"
ἐπιδίδωμι,urn:cite2:hmt:lsj.chicago_md:n39238,marriage,seed+embed,0.75,0.466,0.284,2773,"give besides; administer; give afterwards; give in dowry; contribute as a ‘benevolence; offer money; give freely, bestow; give; up, devote; before the wind; give into; hands, deliver; power to; dictate; take as oneʼs witness; give each other our; increase, advance; increase; grow; advance, improve; waxes; give in, give way"
ἐπιφέρω,urn:cite2:hmt:lsj.chicago_md:n41498,marriage,seed+embed,0.745,0.453,0.292,4424,"bring, put; lay upon; will lay; upon; make; to bring; shall pursue your attack; inflict; vent; place upon; offerings; lay on, apply; bring; against; impute; to; cast; in his teeth; confer, impose, upon; add to, increase; minister; gratify; give; assign; to give; subjoin, add; adduce, cite; produce; assert as a conclusion; inference; follows from; bring with; upon oneself, bring as a dowry; consume (eat) in addition; wear; carry on oneʼs person; rush upon; after, attack, assault; bear down upon; strikes the ship; inveigh against; to be eager to; accumulation; abscess; to be borne onwards; to be led to; impend, threaten; coming events; the following; to be applied; outbursts; follow"
παράφερνα,urn:cite2:hmt:lsj.chicago_md:n79012,marriage,seed+embed,0.711,0.286,0.425,192,goods which a bride brings over and above her dowry; b
προικ-ίζω,urn:cite2:hmt:lsj.chicago_md:n87563,marriage,seed,0.694,0.262,0.432,129,"portion, give a dowry to"
ἐπί-προικος,urn:cite2:hmt:lsj.chicago_md:n40639,marriage,seed,0.668,0.232,0.436,163,woman who inherits a charge upon a property as her dowry; dowered
πολύ-εδνος,urn:cite2:hmt:lsj.chicago_md:n84796,marriage,seed,0.668,0.391,0.277,65,with rich dowry
νύμφ-ευσις,urn:cite2:hmt:lsj.chicago_md:n71276,marriage,seed,0.663,0.331,0.332,64,"bridal, marriage"
γάμος,urn:cite2:hmt:lsj.chicago_md:n21578,marriage,seed,0.66,0.422,0.239,1648,"wedding; a wedding; marriage, wedlock; marriage; prostitution; rape; unlawful wedlock; a wife; ritual marriage; three; five; six; jāmís; geminus."
ἐκδίδωμι,urn:cite2:hmt:lsj.chicago_md:n31875,marriage,seed,0.66,0.456,0.205,3586,"give up; surrender; giving up; give up oneʼs; give out of oneʼs house; give; in marriage; having provided for; marriage; give in marriage; given in marriage; for adoption; put; out; farm out, let for hire; to let out; one who has contracted for; give in charge; bring out; lend out money; pay out; put out, publish; bring to the birth; return, yield, produce; hand over, deliver; betray; empty themselves, disembogue; run to; find an outlet; emerge"
εὔν-ημα,urn:cite2:hmt:lsj.chicago_md:n44536,marriage,seed,0.66,0.328,0.332,68,marriage
κῆδ-ος,urn:cite2:hmt:lsj.chicago_md:n57070,marriage,seed,0.66,0.408,0.253,1497,"care about; do; matter; anxiety, grief; troubles; funeral rites, mourning; mourning for; the funeral; funerals; object of care; connexion by marriage; marriage"
λέχος,urn:cite2:hmt:lsj.chicago_md:n62799,marriage,seed,0.66,0.339,0.321,1233,"couch, bed; bedstead; bier; marriage-bed; marriage; spouse; nest"
ὀπυστύς,urn:cite2:hmt:lsj.chicago_md:n74684,marriage,seed,0.66,0.328,0.332,69,marriage
συνέλευσις,urn:cite2:hmt:lsj.chicago_md:n100035,marriage,seed,0.66,0.398,0.262,674,"coming together, meeting; co-operation; co-operative community; sexual intercourse; marriage; coming together, combination, union; group; contraction; crasis; stronghold"
συνοικ-έσιον,urn:cite2:hmt:lsj.chicago_md:n100776,marriage,seed,0.66,0.328,0.332,225,marriage
συνοικ-έω,urn:cite2:hmt:lsj.chicago_md:n100778,marriage,seed,0.66,0.345,0.315,1774,"dwell; live together; live with; live together, form a community; live with in wedlock; live in wedlock; marriage; he dwells; being; versed; cling closely; share the same domicile; people; colonize jointly with; to be thickly peopled"
συνοίκ-ησις,urn:cite2:hmt:lsj.chicago_md:n100780,marriage,seed,0.66,0.328,0.332,316,"cohabitation; marriage; collections; settlement, community"
συνοικ-ῐσία,urn:cite2:hmt:lsj.chicago_md:n100788,marriage,seed,0.66,0.328,0.332,216,nuova serie; marriage
τελεί-ωσις,urn:cite2:hmt:lsj.chicago_md:n102939,marriage,seed,0.66,0.433,0.227,959,"development, completion; saturation; execution; by completing; attainment of manhood; marriage; accomplishment, fulfilment"
ἑδν-ωτή,urn:cite2:hmt:lsj.chicago_md:n30695,marriage,seed,0.654,0.237,0.417,54,bride betrothed for
ἐκγᾰμ-έομαι,urn:cite2:hmt:lsj.chicago_md:n31789,marriage,seed,0.64,0.376,0.265,69,to be given in marriage
φῠτάλμιος,urn:cite2:hmt:lsj.chicago_md:n112741,marriage,seed,0.639,0.403,0.236,693,"producing, nourishing, fostering; the marriage; productive power; by birth; bring; to life?; ad hoc."
γᾰμο-δαίσια,urn:cite2:hmt:lsj.chicago_md:n21573,marriage,seed,0.636,0.294,0.342,64,wedding
ὑμέναι-ος,urn:cite2:hmt:lsj.chicago_md:n106685,marriage,seed,0.636,0.357,0.279,862,the wedding; bridal song; wedding; Hymen
ἔκ-δοσις,urn:cite2:hmt:lsj.chicago_md:n31910,marriage,seed,0.634,0.383,0.25,1070,"giving up, surrendering; giving in marriage, dowering; letting, hiring; farming out; lending money on ships; exported goods, bottomry; publication; a ‘publication’, treatise; edition; Poëm.; translation; bursting forth; delivery; motions"
νυμφ-ευτής,urn:cite2:hmt:lsj.chicago_md:n71279,marriage,seed,0.634,0.257,0.377,168,"groomsman; bridegroom, husband"
χηρ-αίνω,urn:cite2:hmt:lsj.chicago_md:n113915,marriage,seed,0.633,0.287,0.346,66,to be parted from oneʼs husband
νῠός,urn:cite2:hmt:lsj.chicago_md:n71316,marriage,seed,0.632,0.308,0.323,321,"daughter-in-law; daughter-by-marriage; bride, wife; snusā; snur; nurus"
ἁρμ-οστής,urn:cite2:hmt:lsj.chicago_md:n15293,marriage,seed,0.621,0.286,0.334,430,"one who arranges; governs; harmost, governor; governor of a dependent colony; triumvir; praefectus; betrothed husband"
νυμφ-εύω,urn:cite2:hmt:lsj.chicago_md:n71281,marriage,seed,0.621,0.376,0.245,954,"give in marriage; betroth; marry; to be given in marriage, marry; to be wedded; take to wife"
λαμβάνω,urn:cite2:hmt:lsj.chicago_md:n61791,marriage,seed,0.605,0.424,0.181,12778,"a; take; receive; take hold of, grasp, seize; caught; by; took hold of; take by violence, carry off as prize; booty; capture; take, exact; seize; came to; occurred; attack; seize, possess; occupy, possess; catch, overtake; find, come upon; catch, find out, detect; bind; take as; taking, keeping; assume; apprehend by the senses; apprehend with the mind, understand; understand; took; are used for; be taken; assume, take for granted; determine, estimate; take in hand, undertake; taking; take in, hold; took and; have given one, get, receive; gain, win; attain; incur; receive hospitably; treat; receive in marriage; suffer; get; demand; conceive; receive as produce, profit; purchase; admit of; admit, initiate; receiving; having; added; receive permission to..; take hold of, lay hold on; seize and keep hold of, obtain possession of; seizing; lay hands upon; lay; hands on; deal; with; take to; reaching; find fault with, censure; check"
τᾶλις,urn:cite2:hmt:lsj.chicago_md:n102256,marriage,seed,0.604,0.301,0.303,197,"marriageable maiden; betrothed maiden, married woman; bride"
ζεύγνῡμι,urn:cite2:hmt:lsj.chicago_md:n46176,marriage,seed,0.599,0.472,0.127,3822,"yoke, put to; put to oneʼs; harness, saddle and bridle; put to, get ready; bind fast; having; fastened..; in the yoke of; was tamed; join together; well-joined; joined; join in wedlock; yokes; in wedlock; wed; married; to be married; join; by bridges; furnish; with cross-benches; having strengthened; with thwarts; pair; match; yunákti; yuñjánti; jungo, jugum."
κηδ-εύω,urn:cite2:hmt:lsj.chicago_md:n57066,marriage,seed,0.599,0.352,0.247,1344,"take charge of, tend.; attend to; bury; contract a marriage; ally oneself in marriage; marry; ally oneself with; become the son-in-law of; to be married; make oneʼs kinsman by marriage; to marry; those who formed the marriage"
ὀπυίω,urn:cite2:hmt:lsj.chicago_md:n74682,marriage,seed,0.599,0.349,0.25,1487,"marry, take to wife; marry; wedded.; to be married; to have connexion with; pusyati"
τελέω,urn:cite2:hmt:lsj.chicago_md:n102995,marriage,seed,0.599,0.482,0.117,8574,"fulfil, accomplish, execute, perform; did it; perform; fulfil; glut; grant; the fulfilment; accomplishment of; he succeeded; to be fulfilled; bring; to issue; grant in full, work out; make; effective; execute; bring to fulfilment; perfection; bless; with perfect happiness; to maturity, bring; to the birth; makes perfectly; bring to an end, finish, end; Lyr.Alex. Adesp.; come to the end of; come to oneʼs end; come to an end, be fulfilled, turn out; to be; pay; will administer; bring supplies of; pay, present; pay oneʼs contribution of; pay tax; to be paid; to be in receipt of rent; lay out, spend; to be spent; expended; laid out; consume, eat; to belong to; to be reckoned among; belong to; become; come to; belongs..; to compare; initiate; to have oneself initiated; to be consecrated; initiated in; mysteries; endow; with potency, consecrate; enchant; to be formally appointed; a votary of; to be married"
ὑποδαμνάω,urn:cite2:hmt:lsj.chicago_md:n108229,marriage,seed,0.599,0.409,0.19,549,"master; weaken beneath; to be overcome, overpowered; subdued; yielding to; embrace; subdued by love; to be married"
ἄγαμ-ος,urn:cite2:hmt:lsj.chicago_md:n323,marriage,seed,0.597,0.342,0.255,383,"unmarried, single; marriage that is no marriage, fatal marriage"
προσσυν-οικίζω,urn:cite2:hmt:lsj.chicago_md:n90092,marriage,seed,0.597,0.37,0.227,194,give; in marriage besides; to be settled in addition
τελεσσί-γᾰμος,urn:cite2:hmt:lsj.chicago_md:n102965,marriage,seed,0.597,0.277,0.32,139,perfecting; consecrating a marriage
γάμελα,urn:cite2:hmt:lsj.chicago_md:n21551,marriage,seed,0.595,0.35,0.245,106,offerings made on the occasion of a marriage
κόρη,urn:cite2:hmt:lsj.chicago_md:n59098,marriage,seed,0.593,0.33,0.263,3539,"girl; maiden; nymphs; bride; daughter; my daughter; colony; newly-launched; puppet, doll; small votive image; pupil; long sleeve; the Attic drachma; female figures as supports, Caryatids; the Daughter; Persephone; flour"
μνήστ-ειρα,urn:cite2:hmt:lsj.chicago_md:n68207,marriage,seed,0.593,0.305,0.288,152,bride; mindful of
νυμφ-εῖος,urn:cite2:hmt:lsj.chicago_md:n71274,marriage,seed,0.593,0.314,0.28,531,"bridal, nuptial; bridechamber; nuptial rites, marriage; bride"
νυμφ-εύτρια,urn:cite2:hmt:lsj.chicago_md:n71280,marriage,seed,0.593,0.301,0.292,164,"she who escorts the bride, bridesmaid; bride"
φῐλο-νύμφιος,urn:cite2:hmt:lsj.chicago_md:n111346,marriage,seed,0.593,0.301,0.292,83,loving the bridegroom; bride
γᾰμέω,urn:cite2:hmt:lsj.chicago_md:n21556,marriage,seed,0.591,0.332,0.259,3297,"marry; take to wife; marry a wife; take for a paramour; give oneself; oneʼs; in marriage; give herself in marriage; wed; married; get their children married, betroth; get a wife for the son; will seek; make suit; to be taken to wife; marry a husband"
γᾰμ-ίζω,urn:cite2:hmt:lsj.chicago_md:n21565,marriage,seed,0.591,0.332,0.259,91,give; in marriage
δίδωμι,urn:cite2:hmt:lsj.chicago_md:n26447,marriage,seed,0.591,0.432,0.158,7227,"give freely; to be ready to give, offer; things offered; grant, assign; have; been granted; give; provide; for; grant permission; offer; gave; giving; tender; put; propose; having indulged; deliberate; render; lend; dare operam; ram; hand over, deliver up; to wife; in marriage; grant; pardon; forgive; condone; up; appoint, establish; place; Nethinim, ministers; orders were given; grant, allow, bring about that; grant that; to; grant, concede; data; take; describe, record; give oneself up, devote oneself; at full speed"
ἐξαιτ-έω,urn:cite2:hmt:lsj.chicago_md:n36581,marriage,seed,0.591,0.442,0.149,1299,"demand; ask for from; ask; in marriage; demand the surrender of; beg for; ask for oneself, demand; for; aid; prayed; beg off, gain; pardon; release; make intercession for..; begged; to allow; avert by begging"
συνοικ-ίζω,urn:cite2:hmt:lsj.chicago_md:n100787,marriage,seed,0.591,0.415,0.176,1395,"make to live with; to give; in marriage; combine; join in one city; unite into a city-state; having been regularly formed; unite in one building; join in peopling; colonizing; unite, associate"
ἐκ-δοτέον,urn:cite2:hmt:lsj.chicago_md:n31911,marriage,seed,0.59,0.351,0.239,190,one must give up; one must give in marriage
γᾰμήλ-ιος,urn:cite2:hmt:lsj.chicago_md:n21559,marriage,seed,0.577,0.307,0.27,633,"of; for a wedding, bridal, nuptial; presiding over marriage; bride cake; wedding-feast; the wedding feast"
μονο-γᾰμέω,urn:cite2:hmt:lsj.chicago_md:n68496,marriage,seed,0.577,0.352,0.225,74,to be the husband of one wife
νυμφο-στολέω,urn:cite2:hmt:lsj.chicago_md:n71297,marriage,seed,0.577,0.248,0.33,209,escort the bride; bridegroom
θᾰλᾰμ-εύω,urn:cite2:hmt:lsj.chicago_md:n47721,marriage,seed,0.575,0.295,0.28,181,"lead into the; take to wife; to be shut up, kept at home; to be taken to wife"
νύμφ-η,urn:cite2:hmt:lsj.chicago_md:n71282,marriage,seed,0.575,0.358,0.217,2034,"young wife, bride; marriageable maiden; daughter-in-law; young girl; Nymph; springs; water; doll, puppet; young bee; wasp; winged male of the ant; mollusc; point of the ploughshare; hollow between the under-lip and chin; opening rosebud; clitoris; niche"
εὔγᾰμ-ος,urn:cite2:hmt:lsj.chicago_md:n43534,marriage,seed,0.57,0.321,0.249,140,happily married
θεο-γᾰμία,urn:cite2:hmt:lsj.chicago_md:n48148,marriage,seed,0.568,0.382,0.186,120,marriage of gods
γᾰμ-ικός,urn:cite2:hmt:lsj.chicago_md:n21566,marriage,seed,0.562,0.336,0.226,604,"of; for marriage; connubial; bridal; bridal, wedding; questions of marriage-rights; as at a wedding; marriage-contract; of marriageable age"
νυμφό-κλαυτος,urn:cite2:hmt:lsj.chicago_md:n71292,marriage,seed,0.561,0.274,0.287,98,a bride bringing woe
ἐπιγᾰμ-ία,urn:cite2:hmt:lsj.chicago_md:n39011,marriage,seed,0.56,0.294,0.266,704,additional marriage; connexion; by marriage; right; of intermarriage; conubium; intermarriage
πρωτο-γύναικες,urn:cite2:hmt:lsj.chicago_md:n90960,marriage,seed,0.56,0.165,0.395,117,persons married for the first time; who still have their first wife
συζῠγ-ιος,urn:cite2:hmt:lsj.chicago_md:n98066,marriage,seed,0.56,0.456,0.104,205,"joined, united; joining, uniting; patroness of marriage."
εὔνυμφος,urn:cite2:hmt:lsj.chicago_md:n44571,marriage,seed,0.559,0.355,0.204,71,of a fair bride
καταιν-έω,urn:cite2:hmt:lsj.chicago_md:n54058,marriage,seed,0.558,0.342,0.216,760,"agree to; approve of; agree; agree, promise to; agree that; grant, promise; promise in marriage, betroth"
μνηστ-εύω,urn:cite2:hmt:lsj.chicago_md:n68212,marriage,seed,0.558,0.322,0.236,1594,"court, seek in marriage; woo and win, espouse; court for oneself; promise in marriage, betroth; to bring about; for; betrothed; sue, canvass for; pass off; hawk"
νυμφᾰγωγ-ός,urn:cite2:hmt:lsj.chicago_md:n71269,marriage,seed,0.557,0.409,0.148,415,leader of the bride; one who leads her from her home to the bridegroomʼs house; friend; one who negotiates a marriage for another
σύγγᾰμ-ος,urn:cite2:hmt:lsj.chicago_md:n97497,marriage,seed,0.557,0.371,0.186,414,"united in wedlock, married; husband; wife; connected by marriage; sharing; marriage-bed; the rival wives of one man"
θᾰλᾰμηπόλ-ος,urn:cite2:hmt:lsj.chicago_md:n47727,marriage,seed,0.556,0.286,0.27,498,"attendant in a ladyʼs chamber, waiting-maid; eunuch of the bedchamber; eunuch-priests of Cybele; a priestess of Cybele; bridegroom; bridal"
νυμφ-ίος,urn:cite2:hmt:lsj.chicago_md:n71288,marriage,seed,0.556,0.286,0.27,557,bridegroom; bridal; son-in-law
γᾰμέτ-ης,urn:cite2:hmt:lsj.chicago_md:n21554,marriage,seed,0.555,0.217,0.337,313,"husband, spouse; a wife"
πόσις,urn:cite2:hmt:lsj.chicago_md:n85907,marriage,seed,0.555,0.263,0.292,780,"husband, spouse; lawful husband; potis; pátis; pátnī; sum"
ἀνέκ-δοτος,urn:cite2:hmt:lsj.chicago_md:n8138,marriage,seed,0.554,0.291,0.263,301,"not given in marriage, unaffianced; unpublished; secret"
ἐπιβῐόω,urn:cite2:hmt:lsj.chicago_md:n38918,marriage,seed,0.554,0.235,0.319,308,"live over; after, survive; live to see; married"
τέλειος,urn:cite2:hmt:lsj.chicago_md:n102930,marriage,seed,0.554,0.494,0.06,7715,"perfect; entire, without spot; blemish; perfect, of full tale; number; performed with all rites; the surest bird of augury; fully constituted, valid; authoritative, final; final; full-grown; drawn by horses; life-sized; full-sized; full-grown, adult; married; accomplished, perfect in his kind; trained; qualified; serious, dangerous; absolute; complete; fully inundated; fulfilled, accomplished; which imported; full, complete; great; third; having power to fulfil prayer, all-powerful; the head; lord; last; a royal banquet; full point; finally, absolutely, with full authority; completely, absolutely, thoroughly; perfectly; completely; absolutely"
νυμφό-τῑμος,urn:cite2:hmt:lsj.chicago_md:n71301,marriage,seed,0.553,0.508,0.045,96,honouring the bride; bridal
ἀλέκτωρ,urn:cite2:hmt:lsj.chicago_md:n3987,marriage,seed,0.552,0.301,0.251,593,"cock; yellow rattle, Rhinanthusmajor; husband, consort"
γαμβρεύω,urn:cite2:hmt:lsj.chicago_md:n21545,marriage,seed,0.552,0.341,0.211,198,form connexions by marriage; marry; to be connected by marriage
γῠνή,urn:cite2:hmt:lsj.chicago_md:n23069,marriage,seed,0.552,0.326,0.226,1443,"woman; man; mistress, lady; the lasses; a woman; wife, spouse; concubine; mortal woman; goddess; female, mate; gnā-; janis."
δάμᾰρ,urn:cite2:hmt:lsj.chicago_md:n23363,marriage,seed,0.552,0.21,0.342,104,"wife, spouse"
κήδ-ευμα,urn:cite2:hmt:lsj.chicago_md:n57062,marriage,seed,0.551,0.378,0.173,181,connexion; alliance by marriage; one who is so connected
συμβολ-ή,urn:cite2:hmt:lsj.chicago_md:n98303,marriage,seed,0.548,0.421,0.127,2887,"coming together, meeting, joining; confluence; putting together; meeting; joint, juncture; suture; twisting, plaiting; point of contact; bond of union; encounter, engagement; marriage-contract; contributions; their share of the reckoning; oneʼs shot; the meal; entertain ment; picnic; poll; contribution, subscription; subscriptions; a; cooperation"
ἐπιγαμβρ-ευτής,urn:cite2:hmt:lsj.chicago_md:n39008,marriage,seed,0.547,0.345,0.202,76,one connected by marriage
νυμφο-κόμος,urn:cite2:hmt:lsj.chicago_md:n71294,marriage,seed,0.547,0.286,0.26,219,dressing a bride; bridesmaid; bridal
ἁρμόζω,urn:cite2:hmt:lsj.chicago_md:n15274,marriage,seed,0.544,0.595,-0.052,4522,"fit together, join; joinerʼs; put together; plant; kiss; furnish; with..,; adapt, accommodate; award; accord; apply; make ready; accommodate, suit oneself; acquire; betroth; betroth to oneself, take to wife; have; betrothed; married to; troth was plighted; bind fast; set in order, regulate, govern; was ruled; drilled; act as harmost; tune; tune oneʼs; adapt; to; to be tuned; at harmony with itself; compose; fit well; fit; coincide with; correspond; suit, be adapted for; shall; be adapted; is applicable; it is fitting; fitting, suitable; appropriate; Praef.;; to be in tune"
ἀγχί-γᾰμος,urn:cite2:hmt:lsj.chicago_md:n1010,marriage,seed,0.541,0.231,0.311,76,near marriage
κουρ-ίδιος,urn:cite2:hmt:lsj.chicago_md:n59463,marriage,seed,0.541,0.31,0.231,1124,"wedded; lawful, wedded wife; wedded wife; lawful marriage; of my wedlock; born in wedlock; nuptial, bridal"
ἑδν-όω,urn:cite2:hmt:lsj.chicago_md:n30694,marriage,seed,0.54,0.28,0.26,379,"promise for wedding-presents, betroth; dower; marry; woo"
γᾰμο-στολέω,urn:cite2:hmt:lsj.chicago_md:n21579,marriage,seed,0.539,0.308,0.231,68,furnish forth a wedding
προγᾰμ-έω,urn:cite2:hmt:lsj.chicago_md:n86872,marriage,seed,0.539,0.279,0.26,279,live with; before marriage; to be married before; marry first; before; live in wedlock before; already
καλλί-γᾰμος,urn:cite2:hmt:lsj.chicago_md:n52625,marriage,seed,0.538,0.42,0.118,78,of happy marriage
ὁμό-νυμφος,urn:cite2:hmt:lsj.chicago_md:n73770,marriage,seed,0.537,0.358,0.179,63,allied by marriage
πηοσύνη,urn:cite2:hmt:lsj.chicago_md:n82998,marriage,seed,0.537,0.266,0.271,60,relationship by marriage
πολῠ-γᾰμος,urn:cite2:hmt:lsj.chicago_md:n84697,marriage,seed,0.537,0.284,0.253,100,often-married; living in polygamy
εὔλεκτρος,urn:cite2:hmt:lsj.chicago_md:n44369,marriage,seed,0.536,0.395,0.142,162,bringing wedded happiness; a beauteous bride
δυσγᾰμ-έω,urn:cite2:hmt:lsj.chicago_md:n28774,marriage,seed,0.535,0.319,0.216,62,to be unhappily married
ἐκ-δότης,urn:cite2:hmt:lsj.chicago_md:n31913,marriage,seed,0.535,0.298,0.237,195,one who farms out contracts; taxes; one who gives his daughter in marriage; betrayer
ἐπιγαμβρ-εύω,urn:cite2:hmt:lsj.chicago_md:n39009,marriage,seed,0.535,0.226,0.308,343,become son-in-law; become father-in-law; take; to wife as her husbandʼs next of kin; intermarry with
ὀπυάζομαι,urn:cite2:hmt:lsj.chicago_md:n74679,marriage,seed,0.535,0.207,0.328,114,get married
πολῠ-γᾰμία,urn:cite2:hmt:lsj.chicago_md:n84696,marriage,seed,0.534,0.27,0.264,88,polygamy; frequent marriage
λέκτρον,urn:cite2:hmt:lsj.chicago_md:n62352,marriage,seed,0.532,0.351,0.182,735,"couch, bed; to bed; marriage-bed; the fruit of marriage, a child"
συνδῠ-άς,urn:cite2:hmt:lsj.chicago_md:n99803,marriage,seed,0.532,0.367,0.165,95,paired; wedded wife
ἑκκαιδεκᾰτάλαντος,urn:cite2:hmt:lsj.chicago_md:n32091,marriage,seed,0.531,0.349,0.182,130,worth sixteen talents; with a dowry of sixteen talents
συνοικ-ισμός,urn:cite2:hmt:lsj.chicago_md:n100791,marriage,seed,0.531,0.255,0.275,192,"living together, wedlock; founding a city"
νυμφο-στόλος,urn:cite2:hmt:lsj.chicago_md:n71299,marriage,seed,0.53,0.286,0.243,113,escorting the bride; bridal
ὕπανδρος,urn:cite2:hmt:lsj.chicago_md:n106898,marriage,seed,0.53,0.237,0.294,272,"under a man, subject to him, married; feminine"
ὁμό-γᾰμος,urn:cite2:hmt:lsj.chicago_md:n73543,marriage,seed,0.529,0.193,0.336,180,married to the same wife
εὐν-ᾱτήριον,urn:cite2:hmt:lsj.chicago_md:n44528,marriage,seed,0.527,0.264,0.262,188,bed-chamber; marriage-chamber
τροφ-ῖτις,urn:cite2:hmt:lsj.chicago_md:n105562,marriage,seed,0.527,0.297,0.23,337,providing for aliment; wet-nurse; wife married according to a
ἔρᾰνος,urn:cite2:hmt:lsj.chicago_md:n42123,marriage,seed,0.526,0.387,0.139,2257,"meal to which each contributed his share, picnic; feast, festival; wedding-banquet; loan; debts; repayment-instalments; favour, service; a permanent association; friendly society"
συναρμογή,urn:cite2:hmt:lsj.chicago_md:n99506,marriage,seed,0.526,0.312,0.214,220,combination; wedlock; musical combination
σύνερξις,urn:cite2:hmt:lsj.chicago_md:n100403,marriage,seed,0.526,0.278,0.248,286,"forcing together, junction; close order; wedlock; confinement"
γᾰμο-στολικός,urn:cite2:hmt:lsj.chicago_md:n21580,marriage,seed,0.525,0.175,0.35,107,determining marriage; Cat.Cod. Astr.
ἔκ-δοτος,urn:cite2:hmt:lsj.chicago_md:n31915,marriage,seed,0.524,0.308,0.216,714,"given up, delivered; betrayed; give; entirely up; given in marriage"
ὑπευν-άομαι,urn:cite2:hmt:lsj.chicago_md:n108021,marriage,seed,0.524,0.273,0.251,302,in wedlock with; to be under-bedded with; lying; sitting upon
ἐγγᾰμ-ίζω,urn:cite2:hmt:lsj.chicago_md:n29939,marriage,seed,0.521,0.349,0.172,62,give in marriage
εὐνάζω,urn:cite2:hmt:lsj.chicago_md:n44521,marriage,seed,0.521,0.418,0.103,1637,"lay; place in ambush; put to bed, put to sleep; in a form; lay asleep; calm, soothe; go to bed, sleep; used to roost; give in marriage; lull, deaden"
νυμφο-πόνος,urn:cite2:hmt:lsj.chicago_md:n71296,marriage,seed,0.521,0.22,0.301,91,busied with the bride
κηδ-εία,urn:cite2:hmt:lsj.chicago_md:n57048,marriage,seed,0.52,0.355,0.165,518,"care; funeral; mourning; connexion by marriage, alliance"
κήδ-ιστος,urn:cite2:hmt:lsj.chicago_md:n57067,marriage,seed,0.52,0.36,0.161,243,"most worthy of oneʼs care, most cared for; those nearest allied by marriage"
νυμφο-κομέω,urn:cite2:hmt:lsj.chicago_md:n71293,marriage,seed,0.519,0.304,0.215,254,adorn as a bride; make ripe for marriage; dress oneself as a bride
πικρό-γᾰμος,urn:cite2:hmt:lsj.chicago_md:n83132,marriage,seed,0.517,0.28,0.237,114,attaining a bitter kind of marriage
νυμφᾰγωγ-έω,urn:cite2:hmt:lsj.chicago_md:n71267,marriage,seed,0.516,0.253,0.263,305,lead the bride to the bridegroomʼs house; premote; lead home
προτελ-ίζω,urn:cite2:hmt:lsj.chicago_md:n90488,marriage,seed,0.516,0.259,0.257,198,initiate; consecrate by a ceremony preliminary to marriage; to be prepared for the mysteries
συννυμφοκόμος,urn:cite2:hmt:lsj.chicago_md:n100749,marriage,seed,0.514,0.21,0.304,75,helping to deck a bride
ἐπιγαμβρ-εία,urn:cite2:hmt:lsj.chicago_md:n39005,marriage,seed,0.511,0.3,0.212,108,connexion by marriage
κηδεστ-ία,urn:cite2:hmt:lsj.chicago_md:n57058,marriage,seed,0.511,0.3,0.212,69,connexion by marriage
ἄλεκτρος,urn:cite2:hmt:lsj.chicago_md:n3977,marriage,seed,0.51,0.217,0.293,250,unwedded; that is no marriage
ἐπινυμφ-εύομαι,urn:cite2:hmt:lsj.chicago_md:n40357,marriage,seed,0.51,0.199,0.311,91,contract a; second marriage
ἑτερο-γᾰμία,urn:cite2:hmt:lsj.chicago_md:n43122,marriage,seed,0.51,0.199,0.311,60,second marriage
ὀψῐγᾰμ-ίου,urn:cite2:hmt:lsj.chicago_md:n76311,marriage,seed,0.509,0.242,0.268,132,for putting off marriage beyond the appointed age
γᾰμο-ποιΐα,urn:cite2:hmt:lsj.chicago_md:n21576,marriage,seed,0.508,0.307,0.201,64,celebration of a wedding
ἀμνήστευτος,urn:cite2:hmt:lsj.chicago_md:n5366,marriage,seed,0.507,0.283,0.224,164,unwooed; not sought in lawful wedlock; without honouiable wooing
ζεῦγος,urn:cite2:hmt:lsj.chicago_md:n46178,marriage,seed,0.506,0.481,0.025,1609,"yoke of beasts, pair; team of mules, oxen; horses; carriage drawn by a yoke of beasts, a chariot; wagons; racing-car; chariot; with; pair; couple; married couple; pairs; mouthpiece of a double flute; suit; more than two things; persons joined together; jugerum"
προγᾰμ-ιος,urn:cite2:hmt:lsj.chicago_md:n86874,marriage,seed,0.505,0.37,0.135,118,sacrifice before marriage
γᾰμετ-ή,urn:cite2:hmt:lsj.chicago_md:n21553,marriage,seed,0.504,0.203,0.301,390,"married woman, wife"
στερῐφεύομαι,urn:cite2:hmt:lsj.chicago_md:n96583,marriage,seed,0.504,0.211,0.293,54,to be unmarried
ὠμό-δροπος,urn:cite2:hmt:lsj.chicago_md:n116203,marriage,seed,0.504,0.373,0.131,196,plucked unripe; of plucking the fresh fruit; of the marriage-bed; husbandʼs
νεό-γᾰμος,urn:cite2:hmt:lsj.chicago_md:n70215,marriage,seed,0.503,0.23,0.273,197,newly married; married early
παρεκ-δίδωμι,urn:cite2:hmt:lsj.chicago_md:n79269,marriage,seed,0.503,0.213,0.29,97,give in marriage secretly
μνάομαι,urn:cite2:hmt:lsj.chicago_md:n68158,marriage,seed,0.5,0.328,0.171,1379,"to be mindful of; when I remember him; turn oneʼs mind; woo for oneʼs bride, court; sue for, solicit; gṷnā"
κῠᾰμ-ίζω,urn:cite2:hmt:lsj.chicago_md:n60419,marriage,seed,0.498,0.375,0.123,77,to be ripe for marriage
γᾰμο-στόλος,urn:cite2:hmt:lsj.chicago_md:n21581,marriage,seed,0.497,0.174,0.323,304,preparing a wedding
ἀλεξί-γᾰμος,urn:cite2:hmt:lsj.chicago_md:n4010,marriage,seed,0.495,0.187,0.308,72,shunning marriage
ἐπαύλ-ιον,urn:cite2:hmt:lsj.chicago_md:n38375,marriage,seed,0.495,0.262,0.234,358,the day after the wedding; presents given to the bride
εὐγᾰμ-ία,urn:cite2:hmt:lsj.chicago_md:n43533,marriage,seed,0.495,0.323,0.172,79,happy marriage
πηός,urn:cite2:hmt:lsj.chicago_md:n82997,marriage,seed,0.495,0.342,0.153,291,kinsman by marriage; kinsman
ὑμεναι-όω,urn:cite2:hmt:lsj.chicago_md:n106686,marriage,seed,0.495,0.335,0.159,176,"sing the wedding-song; wed, take to wife"
φᾰτίζω,urn:cite2:hmt:lsj.chicago_md:n110422,marriage,seed,0.495,0.449,0.045,942,"tell of; they spoke of; say; make a statement; to be expressed; to be said; as the saying is; promise, engage, betroth; promised bride; to be called, named"
ἀγαμ-ία,urn:cite2:hmt:lsj.chicago_md:n321,marriage,seed,0.494,0.258,0.236,60,"single estate, celibacy"
κᾰκόνυμφ-ος,urn:cite2:hmt:lsj.chicago_md:n52275,marriage,seed,0.494,0.229,0.265,186,illmarried; most unprofitable wedlock; unhappy bridegroom
νύμφ-ευμα,urn:cite2:hmt:lsj.chicago_md:n71275,marriage,seed,0.494,0.366,0.128,203,"marriage, espousal; the person married; match"
ἀθρήματα,urn:cite2:hmt:lsj.chicago_md:n2048,marriage,seed,0.49,0.255,0.235,46,wedding-gifts
ἕδνον,urn:cite2:hmt:lsj.chicago_md:n30692,marriage,seed,0.49,0.379,0.11,768,bride-price; wedding-gifts; portion; by those of her own household; wedding-presents; by their guests.; gift
κᾰκονύμφ-ιον,urn:cite2:hmt:lsj.chicago_md:n52274,marriage,seed,0.489,0.39,0.098,74,of an evil bride
ἀρτι-ζῠγία,urn:cite2:hmt:lsj.chicago_md:n15650,marriage,seed,0.488,0.23,0.257,100,recent union; newly married
νεό-νυμφος,urn:cite2:hmt:lsj.chicago_md:n70318,marriage,seed,0.488,0.23,0.257,187,newly married
πρωτό-ζευκτος,urn:cite2:hmt:lsj.chicago_md:n90968,marriage,seed,0.488,0.23,0.257,54,newly married
συναρμόζω,urn:cite2:hmt:lsj.chicago_md:n99507,marriage,seed,0.488,0.406,0.082,2159,"fit together; close; Aër.; to be joined in wedlock; put together; combination in act; thought; compound; adapt; conform; agree together; join together, unite; join in wedlock; adapt oneself"
συναρίθμοξα,urn:cite2:hmt:lsj.chicago_md:n99508,marriage,seed,0.488,0.406,0.082,2106,"fit together; close; Aër.; to be joined in wedlock; put together; combination in act; thought; compound; adapt; conform; agree together; join together, unite; join in wedlock; adapt oneself"
ἐγγῠάω,urn:cite2:hmt:lsj.chicago_md:n30011,marriage,seed,0.487,0.339,0.148,1866,"give; hand over as a pledge; have a thing pledged; accept as a surety; plight, betroth; have; plighted; betrothed toone; to be betrothed; pledge oneself, give security; promise; engage that; answer for; give surety for; give guarantees"
τρί-γᾰμος,urn:cite2:hmt:lsj.chicago_md:n104852,marriage,seed,0.485,0.277,0.208,99,thrice-married
κενογάμιον,urn:cite2:hmt:lsj.chicago_md:n56570,marriage,seed,0.484,0.288,0.196,107,"empty, unreal marriage"
νυμφο-στολικῶς,urn:cite2:hmt:lsj.chicago_md:n71298,marriage,seed,0.484,0.193,0.291,79,like one escorting a bride
προτέλ-ειος,urn:cite2:hmt:lsj.chicago_md:n90476,marriage,seed,0.484,0.416,0.068,794,before a ceremony of initiation; sacrifice offered before any solemnity; as an offering in behalf of..; before the marriage-rite; beginning; preliminary; introduction
ἀθεμιτο-γαμία,urn:cite2:hmt:lsj.chicago_md:n1934,marriage,seed,0.482,0.219,0.263,129,unlawful marriage
ἀνύμφευτος,urn:cite2:hmt:lsj.chicago_md:n10839,marriage,seed,0.482,0.311,0.172,208,unwedded; of an ill marriage
γᾰμ-ητικῶς,urn:cite2:hmt:lsj.chicago_md:n21564,marriage,seed,0.481,0.362,0.119,84,with an inclination for marriage
δί-γᾰμος,urn:cite2:hmt:lsj.chicago_md:n26383,marriage,seed,0.481,0.227,0.254,85,"married to two people, adulterous"
εὐν-ή,urn:cite2:hmt:lsj.chicago_md:n44534,marriage,seed,0.481,0.339,0.141,2126,"bed; bedding; abode; lair; form; nest; marriage-bed; oneʼs last bed, the grave; stones thrown out from the prow and used as anchors; at anchor"
κοίτ-η,urn:cite2:hmt:lsj.chicago_md:n58478,marriage,seed,0.481,0.407,0.074,1971,"bedstead; marriage-bed; bed; lair; nest; quarters; pen, fold; act of going to bed; going to bed; to lie still; lodging, entertainment; sexual connexion; lasciviousness; parcel, lot; chest, case; basket"
μῑσό-λεκτρος,urn:cite2:hmt:lsj.chicago_md:n68061,marriage,seed,0.481,0.295,0.186,55,hating marriage
μῑσό-νυμφος,urn:cite2:hmt:lsj.chicago_md:n68067,marriage,seed,0.481,0.295,0.186,54,hating marriage
στῠγόδεμνος,urn:cite2:hmt:lsj.chicago_md:n97373,marriage,seed,0.481,0.295,0.186,72,hating marriage
ἀνάεδνος,urn:cite2:hmt:lsj.chicago_md:n6488,marriage,seed,0.479,0.228,0.251,166,without bride-price; bringing no gifts
κᾰκο-γᾰμία,urn:cite2:hmt:lsj.chicago_md:n52132,marriage,seed,0.479,0.301,0.178,63,bad marriage
κᾰκο-γᾰμίου,urn:cite2:hmt:lsj.chicago_md:n52133,marriage,seed,0.476,0.262,0.215,166,for forming an unlawful; improper marriage
ἀνδρο-τῠχής,urn:cite2:hmt:lsj.chicago_md:n8033,marriage,seed,0.475,0.256,0.219,105,getting a man; husband; wedded
ἀνήρ,urn:cite2:hmt:lsj.chicago_md:n8665,marriage,seed,0.475,0.545,-0.07,5024,"nar-; ner-, nṛ-; nṛ-; ṇr-; man; woman; beast; male; free; one; god; men; monsters; youth; a man in the prime of life; warrior; man indeed; like a man; the part of a man..; husband; a paramour; gentlemen; a man, any man; every one; viritim; individuals; ‘each to his fellow’; any one, Le.; male animal"
θάλᾰμος,urn:cite2:hmt:lsj.chicago_md:n47734,marriage,seed,0.475,0.346,0.128,1585,"an inner room; chamber, surrounded by other buildings; womenʼs apartment, inner part of the house; a special chamber in this part of the house; bedroom; bride-chamber; bedroom of an unmarried son; store-room; chamber, room; house, mansion; the grave; realms; folds; pens; the lowest, darkest part of the ship, the hold; certain mystic shrines; chapels; the innermost shrine"
ὀπυιητής,urn:cite2:hmt:lsj.chicago_md:n74681,marriage,seed,0.475,0.24,0.236,50,husband
συγγᾰμέτης,urn:cite2:hmt:lsj.chicago_md:n97495,marriage,seed,0.475,0.24,0.236,73,husband
σύνευνος,urn:cite2:hmt:lsj.chicago_md:n100459,marriage,seed,0.475,0.314,0.161,353,"bed-fellow, consort; wife; husband"
συνήορος,urn:cite2:hmt:lsj.chicago_md:n100546,marriage,seed,0.475,0.331,0.144,423,"linked with, wedded to; in communion with; joined in wedlock; consort; husband; wife"
τᾰμῐ-εύω,urn:cite2:hmt:lsj.chicago_md:n102274,marriage,seed,0.475,0.312,0.163,2780,"to be treasurer, paymaster, controller; to be paymaster; to be quaestor; deal out, dispense; we have; dealt out; manage, control; regulate, manage; store up; she was the depository of; to be held in trust for; to be stored; saved up for; husband; control; make the best use of; lay; by..; save up..; having preserved..; regulate in amount, exercise control over; fisco, proscribo"
παστο-φόρος,urn:cite2:hmt:lsj.chicago_md:n79975,marriage,seed,0.474,0.291,0.183,293,carrying a; shrine; bringing the marriage-bed
ἀκοίτης,urn:cite2:hmt:lsj.chicago_md:n3273,marriage,seed,0.473,0.233,0.24,248,"bedfellow, husband; wife"
αὖλαξ,urn:cite2:hmt:lsj.chicago_md:n17404,marriage,seed,0.473,0.578,-0.105,1394,"furrow; the furrow; furrowʼs breadth; wife; furrow in the skin, gash, wound; swathe; duct; velkù; vlèką"
ἐλεύθερος,urn:cite2:hmt:lsj.chicago_md:n33618,marriage,seed,0.473,0.376,0.097,2258,"free; of freedom; freedom; to freedom; freed from; independent; married woman; wife; freedwoman; free, open to all; libera custodia; unencumbered; legally permissible, open to; fit for a freeman, free, frank; such as might be used to a freeman; like free men; līber; loufero; e)leudh-ero; liud; liut"
μελλό-ποσις,urn:cite2:hmt:lsj.chicago_md:n66169,marriage,seed,0.473,0.233,0.24,99,about to become a husband; wife
ὄᾰρ,urn:cite2:hmt:lsj.chicago_md:n71890,marriage,seed,0.473,0.233,0.24,169,wife
ὁμό-λεκτρος,urn:cite2:hmt:lsj.chicago_md:n73738,marriage,seed,0.473,0.233,0.24,230,sharing the same bed; wife
παρά-κοιτῐς,urn:cite2:hmt:lsj.chicago_md:n78221,marriage,seed,0.473,0.233,0.24,241,wife
πλᾶτις,urn:cite2:hmt:lsj.chicago_md:n83551,marriage,seed,0.473,0.233,0.24,79,wife
σύζῠγ-ος,urn:cite2:hmt:lsj.chicago_md:n98067,marriage,seed,0.473,0.398,0.075,639,"yoked together, paired, united; wedded; swimming in pairs; wife; yoke-fellow, comrade; brother; adversary; Koische Forschungen; common; conjointly with"
σύλλεκτρος,urn:cite2:hmt:lsj.chicago_md:n98188,marriage,seed,0.473,0.262,0.211,272,"partner of the bed, husband; wife; sharing; bed with; D Deor."
συμβία,urn:cite2:hmt:lsj.chicago_md:n98264,marriage,seed,0.473,0.233,0.24,93,wife
συμβῐ-ότη,urn:cite2:hmt:lsj.chicago_md:n98273,marriage,seed,0.473,0.233,0.24,83,wife
συνευν-έτης,urn:cite2:hmt:lsj.chicago_md:n100454,marriage,seed,0.473,0.314,0.159,256,"bed-fellow, consort; wife; concubine"
συνευν-ίς,urn:cite2:hmt:lsj.chicago_md:n100456,marriage,seed,0.473,0.233,0.24,81,wife
ἰσό-προικον,urn:cite2:hmt:lsj.chicago_md:n51131,marriage,seed,0.471,0.249,0.221,150,wedding-gift; as good as given away
ἀπαλλ-ᾰγή,urn:cite2:hmt:lsj.chicago_md:n11296,marriage,seed,0.47,0.337,0.133,1027,"deliverance, release, relief from; putting an end to; release, discharge; relief from; divorce; removal; going away, means of getting away; escape; departure; separation; death; avoidance"
ἀπεῖπον,urn:cite2:hmt:lsj.chicago_md:n11711,marriage,seed,0.47,0.5,-0.03,3771,"speak out, tell out, declare; to give; full notice; to deliver; verbal; deny, refuse; forbid; to; tell; not to; the use of; forbidden; contrary to orders; renounce, disown, give up; renounce; to resign; divorce; had; been renounced; averruncare; let him renounce; withdraw, retract; refuse; fail, tire, sink from exhaustion; shall; give in; was; unfulfilled; fail; be wanting to; fall short in; now that they are bankrupt; give way to, sink under; to be tired; will be tired of; give over; had failed to.."
ἀπολύω,urn:cite2:hmt:lsj.chicago_md:n13150,marriage,seed,0.47,0.367,0.103,4483,"loose from; from; undo; set free, release, relieve from; save; from the trouble; to be set free; acquit of; acquit; release on receipt of ransom; set free by payment of ransom, ransom, redeem; at a price of..; let go, let alone, leave; discharge, disband; dismiss, discharge; divorce; do away with, remove; discharge; pay; pay off; dismiss; sell; outright; deliver; begin to count; depart; redeem; do away with, refute; against one; refute; in defence; release from; put off; to be released; to be freed from; to be acquitted; to be absolved from; to be separated, part; to be separated; detached; having; distinct, differentiated; to be brought forth; to be delivered; to be annulled; absolute; general; irregular, without strophic responsion"
ἀποπομπ-ή,urn:cite2:hmt:lsj.chicago_md:n13482,marriage,seed,0.47,0.432,0.038,274,sending away; valediction; divorce; averting; getting rid
ἄφεσις,urn:cite2:hmt:lsj.chicago_md:n18225,marriage,seed,0.47,0.338,0.132,2124,"letting go, release; in private hands; dismissal; release; quittance from; discharge from; exemption from attendance, leave of absence; exemption from; remission; forgiveness, Ev. Marc.; relaxation, exhaustion; divorce; starting; starting-post; the first start, beginning; discharge, emission; the dropping; discharge, release; conduit, sluice; channels; reckoning of the vital quadrant; starting from"
διαζύγιον,urn:cite2:hmt:lsj.chicago_md:n24765,marriage,seed,0.47,0.33,0.14,155,"divorce; differences, quarrels"
διακοπή,urn:cite2:hmt:lsj.chicago_md:n25003,marriage,seed,0.47,0.607,-0.137,738,"gash, cleft; deepseated wound; severance; rupture; cutting; canal; narrow channel; passage; divorce; breach, rupture, quarrel; refutation; intermission; tmesis"
διά-λῠσις,urn:cite2:hmt:lsj.chicago_md:n25186,marriage,seed,0.47,0.386,0.084,1931,"separating, parting; dissolution; break; disbanding; breaking up; the time of; broke off; liquidation; divorce; resolution; ending, cessation; cessation of hostilities; settlement, compromise; settlement; solution; refutation; resolution of a diphthong; asyndeton; discharge; deed of separation; division"
διά-στᾰσις,urn:cite2:hmt:lsj.chicago_md:n25905,marriage,seed,0.47,0.355,0.115,1575,"parting, separation; fissures; breach; opening; splitting headache; distension; retching; expansion; setting at variance; cause of breach; contrasting; difference, contrast; disagreement; divorce; written as two words; interval; extension; dimension; tridimensionality"
δίεσις,urn:cite2:hmt:lsj.chicago_md:n26686,marriage,seed,0.47,0.355,0.115,729,"sending through, discharge; putting through; letting through; release, discharge; dismissal; divorce; moistening, wetting; smallest interval; semi-tone; quarter-tone"
ἐκβάλλω,urn:cite2:hmt:lsj.chicago_md:n31709,marriage,seed,0.47,0.348,0.122,5127,"throw; cast out of; throw out; threw; overboard; throw ashore; carry out; drove; out of; course; put ashore; jettison; drive out of; drive out, banish; turn out; exorcize, cast out; cause to depart; expose; divorce; depose; to be ejected; throw decisively; dig; get rid of; expel; publish; issue; strike out of; fell; cut; strike open, break in; let fall, drop; let fall; utter, speak; shed; cast, shed; throw up; spit out; will drop out; throw away, cast aside, reject; recall, repudiate; annul; remove; drive; lose; produce; hatch; put forth; put out; upset, undo the effect of; start counting; go out, depart; break out of its bed; branch off"
ἐκπομπή,urn:cite2:hmt:lsj.chicago_md:n32722,marriage,seed,0.47,0.241,0.229,141,sending out; forth; divorce
ἔξοδος,urn:cite2:hmt:lsj.chicago_md:n37470,marriage,seed,0.47,0.362,0.107,2398,"going out; marching out, military expedition; procession; divorce; way out, outlet; exits; Exodus; way out; orifices; delivery; emission; discharges; end, close; departure, death; end, issue; decision; end of a tragedy; off the stage; outgoing, payment of money; street"
κοπή,urn:cite2:hmt:lsj.chicago_md:n58958,marriage,seed,0.47,0.337,0.133,636,"cutting; cutting in pieces, slaughter; breaking up; pounding; dressing; striking, minting; divorce"
λύσις,urn:cite2:hmt:lsj.chicago_md:n64221,marriage,seed,0.47,0.39,0.08,3362,"loosing, releasing, ransoming; deliverance from; means of letting; loose from port; deliverance from guilt; a deliverance; atonement; by; offer to release them; blotting out; redemption; release, discharge; loosing, parting; dissolution; breaking; emptying, evacuation; emission of semen; remission; cure; solution; interpretation; refutation; unravelling; softening; resolution of one vowel into two; looseness; resolution; divorce; place"
παραιτ-έομαι,urn:cite2:hmt:lsj.chicago_md:n78071,marriage,seed,0.47,0.371,0.099,3110,"beg of; from; ask as a favour of; asks; for permission to; having obtained; leave; intercede with, appeal to; entreating; and saying; beg; pardon for; entreat; to; avert by entreaty, deprecate; decline, deprecate; refuse; do not admit; reject; except; reject the use of, avoid; demand exemption from; ask; to excuse; decline; invitation; pace Ephori; divorce; dismiss; relieve; intercede for, beg off; excuse; from the charge"
πρόγᾰμ-ος,urn:cite2:hmt:lsj.chicago_md:n86875,marriage,seed,0.467,0.203,0.265,137,betrothed; before a marriage
πρότερος,urn:cite2:hmt:lsj.chicago_md:n90504,marriage,seed,0.466,0.435,0.031,12189,"before, in front; fore; in front; former, earlier; men of former times; older; by the first; a former marriage; on the day before; before; preceding; preceded; PCair.Zēn.; before..; superior; superior to; before, earlier; for the first time, Ep. Gal.; foremost; the front; end; outermost; front; first; first-offered; earlier; the first; above all, especially; first in order of existence, primary; primitive, simple; normal, typical; prime; the first men; first, highest; first prize; first part, beginning; extremities; highest development; primary things, elements; the first undemonstrable propositions; first, for the present, just now; the first time; first, in the first place; first, in the first place, at the beginning; too early, before the time; first, for the first time; once; at all; now that..; now that; as soon as; first time; primarily"
δυσγᾰμ-ία,urn:cite2:hmt:lsj.chicago_md:n28775,marriage,seed,0.465,0.308,0.157,52,an ill marriage
ἐξίημι,urn:cite2:hmt:lsj.chicago_md:n37368,marriage,seed,0.464,0.271,0.193,940,"send out, let; go out; had dismissed, satisfied; let out; throw out; forth; take; out; discharge; discharge themselves; put off from oneself, get rid of; send from oneself, divorce"
δορῐ-γαμβρος,urn:cite2:hmt:lsj.chicago_md:n28053,marriage,seed,0.462,0.379,0.083,135,bride of battles; causing war by marriage; wooed by battle
δεσποτ-εία,urn:cite2:hmt:lsj.chicago_md:n24201,marriage,seed,0.461,0.461,-0.0,385,"the power of a master; the relation of master; of husband; absoluterule, despotism; ownership"
νεό-ζευκτος,urn:cite2:hmt:lsj.chicago_md:n70246,marriage,seed,0.461,0.235,0.225,82,newly-married
νεό-ζῠγος,urn:cite2:hmt:lsj.chicago_md:n70248,marriage,seed,0.461,0.299,0.162,88,newly-yoked; newly-married
νεό-ζυξ,urn:cite2:hmt:lsj.chicago_md:n70249,marriage,seed,0.461,0.235,0.225,106,newly-married
προτελ-ής,urn:cite2:hmt:lsj.chicago_md:n90487,marriage,seed,0.461,0.184,0.277,103,offered before a marriage
ἄζυξ,urn:cite2:hmt:lsj.chicago_md:n1837,marriage,seed,0.46,0.256,0.204,432,"unyoked, unpaired; unmarried; isolated; single; vowels"
ἀνανδρ-ία,urn:cite2:hmt:lsj.chicago_md:n7048,marriage,seed,0.46,0.354,0.107,347,"want of manhood; unmanliness, cowardice; unmarried womanhood"
ἀτελής,urn:cite2:hmt:lsj.chicago_md:n17007,marriage,seed,0.46,0.42,0.04,2430,"without end; not brought to an end; issue, unaccomplished; not brought about; unaccomplished; harmless; incomplete, unfinished; purpose; inchoate, imperfect; castrate; less highly developed; incompletely; never-ending; indeterminate; not bringing to an end, not accomplishing oneʼs purpose, ineffectual; imperfectly fitted for; unable; effectually; invalid; not giving accomplishment to; free from tax; tribute; free from; taxes; free from tithe on; exempt; untaxed; without deduction, nett; clear gain; not costly; uninitiated; unmarried"
ἄωρος,urn:cite2:hmt:lsj.chicago_md:n18937,marriage,seed,0.46,0.256,0.205,1047,"untimely, unseasonable; too late; who die untimely; unmarried; unripe; unbecoming; out of season; Comp. Thes.Rom.; without youthful freshness, ugly"
ἡμί-γᾰμος,urn:cite2:hmt:lsj.chicago_md:n47057,marriage,seed,0.459,0.236,0.222,84,half-married; a concubine
θῠγατρό-γᾰμος,urn:cite2:hmt:lsj.chicago_md:n49271,marriage,seed,0.457,0.158,0.3,78,married to oneʼs own daughter
καθομολογ-έω,urn:cite2:hmt:lsj.chicago_md:n51873,marriage,seed,0.455,0.425,0.029,660,"confess, allow; consent; consent to accept in payment; promise, engage, vow; betroth; pledge, mortgage"
καθοσι-όω,urn:cite2:hmt:lsj.chicago_md:n51889,marriage,seed,0.455,0.452,0.002,467,dedicate; devoted; betroth; purify
ὑπερεγγῠάω,urn:cite2:hmt:lsj.chicago_md:n107416,marriage,seed,0.455,0.22,0.235,43,betroth
ὑπομνησ-τεύομαι,urn:cite2:hmt:lsj.chicago_md:n108815,marriage,seed,0.455,0.22,0.235,133,betroth; one betrothed
κῠνο-γᾰμία,urn:cite2:hmt:lsj.chicago_md:n60877,marriage,seed,0.453,0.269,0.184,103,dog-wedding
λουτρόν,urn:cite2:hmt:lsj.chicago_md:n63928,marriage,seed,0.451,0.352,0.1,1278,"bath, bathing-place; bath; washing; bathing-establishment; water for bathing; bathing; bathe; the conveying of water to the bride; libations to the dead"
φυξᾱνορία,urn:cite2:hmt:lsj.chicago_md:n112630,marriage,seed,0.451,0.254,0.196,99,aversion to wedlock
ἀπο-στᾰσίου,urn:cite2:hmt:lsj.chicago_md:n13812,marriage,seed,0.45,0.394,0.055,565,"for having forsaken his; of divorce; of cession, conveyance"
Ὑμήν,urn:cite2:hmt:lsj.chicago_md:n106699,marriage,seed,0.449,0.318,0.131,314,Hymen; wedding-song
φῠγο-δέμνιος,urn:cite2:hmt:lsj.chicago_md:n112475,marriage,seed,0.448,0.19,0.258,86,shunning the marriage-bed
νυμφο-τροφέω,urn:cite2:hmt:lsj.chicago_md:n71304,marriage,seed,0.444,0.224,0.22,83,bring up for marriage
πεντᾰ-λεκτρος,urn:cite2:hmt:lsj.chicago_md:n80670,marriage,seed,0.442,0.135,0.308,59,five times married
γαμβρο-κτόνος,urn:cite2:hmt:lsj.chicago_md:n21547,marriage,seed,0.44,0.314,0.126,59,bridegroom-slaying
ἀμερσί-γᾰμος,urn:cite2:hmt:lsj.chicago_md:n5173,marriage,seed,0.439,0.252,0.187,66,robbing of wedlock
μῐαιγᾰμία,urn:cite2:hmt:lsj.chicago_md:n67650,marriage,seed,0.439,0.124,0.315,57,unlawful wedlock
λαθρό-νυμφος,urn:cite2:hmt:lsj.chicago_md:n61615,marriage,seed,0.438,0.161,0.276,56,secretly married
θνητο-γᾰμία,urn:cite2:hmt:lsj.chicago_md:n48907,marriage,seed,0.437,0.252,0.185,63,marriage with a mortal
σύννυμφος,urn:cite2:hmt:lsj.chicago_md:n100750,marriage,seed,0.436,0.151,0.285,146,husbandʼs brotherʼs wife; Zweiter Bericht
νοθ-εία,urn:cite2:hmt:lsj.chicago_md:n70924,marriage,seed,0.434,0.228,0.206,225,birth out of wedlock; by a marriage with an inferior; spuriousness
κρή-ϊον,urn:cite2:hmt:lsj.chicago_md:n59866,marriage,seed,0.431,0.308,0.124,159,bride-cake
μον-ανδρέω,urn:cite2:hmt:lsj.chicago_md:n68435,marriage,seed,0.431,0.212,0.219,63,to have but one husband
παρθέν-ευμα,urn:cite2:hmt:lsj.chicago_md:n79575,marriage,seed,0.431,0.375,0.056,204,pursuits; amusements of maidens; maidenʼs work; child of an unmarried woman
εὐν-ητήρ,urn:cite2:hmt:lsj.chicago_md:n44538,marriage,seed,0.429,0.275,0.154,428,"a bedfellow, husband; partner of; bed; that makes; cease; night"
μνηστύς,urn:cite2:hmt:lsj.chicago_md:n68222,marriage,seed,0.429,0.235,0.194,182,"wooing, courting, asking in marriage"
δεινο-λεχής,urn:cite2:hmt:lsj.chicago_md:n23716,marriage,seed,0.428,0.256,0.172,61,dreadfully married
πρωτό-ποσις,urn:cite2:hmt:lsj.chicago_md:n91032,marriage,seed,0.428,0.127,0.301,101,a woman who still has her first husband
λῡσί-γᾰμος,urn:cite2:hmt:lsj.chicago_md:n64197,marriage,seed,0.426,0.266,0.161,86,dissolving marriage
παρανδρόομαι,urn:cite2:hmt:lsj.chicago_md:n78474,marriage,seed,0.424,0.11,0.314,84,remain unmarried
συγγρᾰφοδιαθήκη,urn:cite2:hmt:lsj.chicago_md:n97552,marriage,seed,0.424,0.133,0.291,88,contract with marriage settlement
ἀρτί-γᾰμος,urn:cite2:hmt:lsj.chicago_md:n15631,marriage,seed,0.421,0.175,0.246,104,just married
πρωτό-γᾰμος,urn:cite2:hmt:lsj.chicago_md:n90946,marriage,seed,0.421,0.175,0.246,57,just married
πρωτο-νύμφευτος,urn:cite2:hmt:lsj.chicago_md:n91014,marriage,seed,0.421,0.175,0.246,75,just married
ὀψῐγᾰμ-ος,urn:cite2:hmt:lsj.chicago_md:n76312,marriage,seed,0.42,0.187,0.232,86,late-married
θεώρ-ητρα,urn:cite2:hmt:lsj.chicago_md:n48590,marriage,seed,0.419,0.207,0.212,132,presents made by the bridegroom; when she first unveiled
ἄλοχος,urn:cite2:hmt:lsj.chicago_md:n4667,marriage,seed,0.418,0.242,0.175,392,"partner of oneʼs bed, wife; leman, concubine; unwedded"
γόνιμος,urn:cite2:hmt:lsj.chicago_md:n22643,marriage,seed,0.418,0.474,-0.056,1389,"productive, fertile, fruitful; parentʼs; generative; of true genius; born in lawful wedlock; viable; favourable to generation"
ἰθᾱγενής,urn:cite2:hmt:lsj.chicago_md:n50174,marriage,seed,0.418,0.306,0.112,992,"born in lawful wedlock; his true-born sons; from the ancient stock, aboriginal; natural, original; genuine; originalis, indigena; ihá; *idhá"
προσυν-οικέω,urn:cite2:hmt:lsj.chicago_md:n90247,marriage,seed,0.418,0.273,0.145,100,cohabit; live as wife with before
συνάπτω,urn:cite2:hmt:lsj.chicago_md:n99485,marriage,seed,0.418,0.472,-0.054,7195,"join together; bind; fast; meet; close; kiss; link; with; join; share with; combination in thought; frame; connect; refer; to; take together; continues; abridge; associate with; attribute to; bring; has engaged; in conflict; involved; engage; has; rejoined by stating; approach, make contact; form an alliance by; get oneʼs daughter married; is compounded of..; continued; geometric; conjunct; hypothetical proposition; conclusion follows?; border on, lie next to; reaching to..; to be nigh at hand; meet together; do; combine; to be connected with; attach; will border upon; have reference to; enter into; come close; come in; reach; to be in conjunction; PMag. Leid.W.; unite for oneself; form; to be next to, connected with; lay hold of; take part with; assist; bring upon oneself"
εὐθάλᾰμος,urn:cite2:hmt:lsj.chicago_md:n43939,marriage,seed,0.417,0.243,0.175,77,blessing wedlock
λαθρο-κοιτέω,urn:cite2:hmt:lsj.chicago_md:n61614,marriage,seed,0.417,0.178,0.239,97,live in secret marriage
ὀπτ-ήρια,urn:cite2:hmt:lsj.chicago_md:n74660,marriage,seed,0.417,0.292,0.126,332,presents made by the bridegroom on seeing the bride without the veil; presents upon seeing; for the sight of
οἰκονόμ-ισσα,urn:cite2:hmt:lsj.chicago_md:n72350,marriage,seed,0.416,0.216,0.2,170,wife of; female official in the church; Papers of Amer. Sch. at Athens
ἁμαρτί-γαμος,urn:cite2:hmt:lsj.chicago_md:n4966,marriage,seed,0.415,0.192,0.223,67,failing of marriage
ὀψῐγᾰμ-ία,urn:cite2:hmt:lsj.chicago_md:n76310,marriage,seed,0.414,0.141,0.273,85,late marriage
ὑπεργᾰμία,urn:cite2:hmt:lsj.chicago_md:n107361,marriage,seed,0.412,0.171,0.241,48,a late marriage
βᾰσῐλ-ισσα,urn:cite2:hmt:lsj.chicago_md:n19560,marriage,seed,0.41,0.289,0.121,463,queen; wife of the; at Athens; Empress; PMag.Leid. V.
γνήσι-ος,urn:cite2:hmt:lsj.chicago_md:n22483,marriage,seed,0.41,0.327,0.083,1229,"belonging to the race; lawfully begotten, born in wedlock; genuine, legitimate; lawful; true; real, unfeigned; inspired; genuine; genuinely, truly; nobly; lawfully; charges on land"
προκατ-εγγῠάω,urn:cite2:hmt:lsj.chicago_md:n87745,marriage,seed,0.408,0.185,0.223,70,betroth beforehand
κατεγγῠ-άω,urn:cite2:hmt:lsj.chicago_md:n55695,marriage,seed,0.404,0.388,0.017,933,"pledge, betroth; make responsible, compel to give security; make; give security; to be held to bail; sequester, put an embargo upon; seize as a security; bind, subject; undertake"
νυκτῐ-γᾰμος,urn:cite2:hmt:lsj.chicago_md:n71192,marriage,seed,0.404,0.217,0.188,65,"wedding by night, secretly"
Δηῐάνειρα,urn:cite2:hmt:lsj.chicago_md:n24308,marriage,seed,0.403,0.252,0.151,129,destroying her spouse
ἀνῐερ-ος,urn:cite2:hmt:lsj.chicago_md:n9009,marriage,seed,0.402,0.305,0.097,297,"unholy, unhallowed; unhallowed because of; born out of wedlock; receiving no victims"
ἴσχω,urn:cite2:hmt:lsj.chicago_md:n51369,marriage,seed,0.4,0.341,0.059,3301,"keep back, restrain; keep; back; to keep; from; to be checked; the matter stopped; hold, stay, stop!; put in; stop; check thyself, be calm; keep quiet; desist from; hold fast, hold; keep, maintain; affects; keep up; is permanent; hold; have in possession; have a wife; to be pregnant; conceives; receive; have in it, involve; to be susceptible, capable of; to be worth; to be"
ἀπόστολ-ος,urn:cite2:hmt:lsj.chicago_md:n13872,messenger_herald_envoy,seed+embed,0.76,0.335,0.424,945,"messenger, ambassador, envoy; on a mission; commander of a naval force; messenger from God; Apostles; naval squadron; expedition; colony; packet; order for dispatch; export-licence; cargo dispatched by order"
προσκηρῡκεύομαι,urn:cite2:hmt:lsj.chicago_md:n89593,messenger_herald_envoy,seed,0.682,0.341,0.341,61,send a herald to
ἀντικῆρυξ,urn:cite2:hmt:lsj.chicago_md:n10021,messenger_herald_envoy,seed,0.657,0.263,0.394,57,deputy-herald
ἐπικηρ-ύκευμα,urn:cite2:hmt:lsj.chicago_md:n39711,messenger_herald_envoy,seed,0.656,0.351,0.305,77,demand by; herald
ἱερο-κῆρυξ,urn:cite2:hmt:lsj.chicago_md:n50052,messenger_herald_envoy,seed,0.656,0.325,0.331,287,herald; attendant at a sacrifice
κηρυκ-εύω,urn:cite2:hmt:lsj.chicago_md:n57249,messenger_herald_envoy,seed,0.656,0.352,0.304,298,"perform the office of a herald; to be; herald; proclaim, notify"
κῆρυξ,urn:cite2:hmt:lsj.chicago_md:n57262,messenger_herald_envoy,seed,0.656,0.336,0.321,1897,"herald, pursuivant; public messenger, envoy; messengers between nations at war; crier; auctioneer; messenger, herald; trumpet-shell; Triton nodiferum; kārús; kīrtis"
προφήτ-ης,urn:cite2:hmt:lsj.chicago_md:n90679,messenger_herald_envoy,seed,0.656,0.461,0.195,2147,"one who speaks for a god and interprets his will; interpreter, expounder of the will; minister; interpreter; keepers of the oracle; member of the highest order of the clergy, priest; interpreter, expounder; possessor of oracular powers; interpreter, declarer; spokesman; proclaimer, harbinger; herald; revealer of Godʼs will, prophet; NT, inspired preacher and teacher, organ of special revelations from God; foreteller, prophet of future events; herbalist; quack doctor"
πρῠτᾰν-εύω,urn:cite2:hmt:lsj.chicago_md:n90852,messenger_herald_envoy,seed,0.656,0.341,0.315,1434,"to be; president, hold sway; among; to be chairman; hold the presidency; mover; put the question on a motion for; obtain; herald; control, regulate; to suffer oneself to be guided; served; to be entertained"
σπονδο-φόρος,urn:cite2:hmt:lsj.chicago_md:n96054,messenger_herald_envoy,seed,0.656,0.45,0.206,442,one who offers libations; one who brings proposals for a truce; treaty of peace; herald; officer who published the; fetialis
κηρύκ-ειος,urn:cite2:hmt:lsj.chicago_md:n57246,messenger_herald_envoy,seed,0.65,0.366,0.285,178,of a herald
κηρύκ-ῐνος,urn:cite2:hmt:lsj.chicago_md:n57253,messenger_herald_envoy,seed,0.65,0.366,0.285,167,of a herald; crierʼs office
ἐπικηρ-ῡκεύομαι,urn:cite2:hmt:lsj.chicago_md:n39712,messenger_herald_envoy,seed,0.64,0.481,0.159,713,"send; a message by a herald; send a message proposing to ask; messages; being sent.; send ambassadors to treat for peace, make proposals; for a treaty of peace; negotiate; with; go as a herald; ambassador"
πρέσβ-ευμα,urn:cite2:hmt:lsj.chicago_md:n86286,messenger_herald_envoy,seed,0.637,0.247,0.389,207,"ambassador; the embassy; embassies, missions"
πρεσβ-εύς,urn:cite2:hmt:lsj.chicago_md:n86287,messenger_herald_envoy,seed,0.637,0.247,0.389,471,ambassador; Griech. Dialekte
πρεσβ-ευτής,urn:cite2:hmt:lsj.chicago_md:n86291,messenger_herald_envoy,seed,0.637,0.247,0.389,543,"ambassador; agent; commissioner; legatus, staff officer; legatus pro praetore"
πρέσβ-ις,urn:cite2:hmt:lsj.chicago_md:n86297,messenger_herald_envoy,seed,0.637,0.247,0.389,216,ambassador
πρέσβῠς,urn:cite2:hmt:lsj.chicago_md:n86305,messenger_herald_envoy,seed,0.637,0.324,0.313,4103,"old man; the elder; elders; elder; older; wise beyond thy years; rather old; in my old age, PCair. Zen.; eldest; more; most important, taking precedence; higher, more important; greater than; ambassador; president; elder, alderman; both; elder of the Jewish Sanhedrin; elder of the Christian Church, presbyter; wren; -gu; vanar-gú-; žmogùs; prae, pris-tinus"
κηρυκ-εία,urn:cite2:hmt:lsj.chicago_md:n57244,messenger_herald_envoy,seed,0.629,0.256,0.373,226,office of herald; crier; embassy; crierʼs pay
διαπρεσβ-εύομαι,urn:cite2:hmt:lsj.chicago_md:n25637,messenger_herald_envoy,seed,0.622,0.197,0.425,222,send embassies; serve as envoy
ἄγγελος,urn:cite2:hmt:lsj.chicago_md:n397,messenger_herald_envoy,seed,0.621,0.331,0.29,992,"messenger, envoy; one that announces; tells; angel; semi-divine being"
πομπ-ός,urn:cite2:hmt:lsj.chicago_md:n85632,messenger_herald_envoy,seed,0.621,0.327,0.294,629,"conductor, escort, guide; attendants, guards; conductress; conveyor, carrier of; messenger, envoy; conducting; signal, beacon"
θεωρός,urn:cite2:hmt:lsj.chicago_md:n48598,messenger_herald_envoy,seed,0.619,0.285,0.334,1055,envoy sent to consult an oracle; to present an offering; to be present at festivals; envoy; magistrate; spectator; one who travels to see
καταγγελ-εύς,urn:cite2:hmt:lsj.chicago_md:n53753,messenger_herald_envoy,seed,0.604,0.356,0.248,172,"one who proclaims, herald"
ἐπισπουδ-ασμός,urn:cite2:hmt:lsj.chicago_md:n40948,messenger_herald_envoy,seed,0.603,0.2,0.404,182,"transport, dispatch"
πρεσβ-εύω,urn:cite2:hmt:lsj.chicago_md:n86293,messenger_herald_envoy,seed,0.601,0.476,0.125,2889,"to be the elder; eldest; to be older than, be the eldest of; to be; take the first place, be best; rank before, take precedence of; rule over; have at oneʼs command; disposal; place as oldest; first, put first in rank; pay special honour; worship to; hold the first place; is first; is most notable; more honoured than..; cultivate; to be an ambassador; serve as one; for; act as legatus; negotiate; negotiations; send ambassadors; go as ambassador; represent, urge, maintain"
διακηρῡκεύομαι,urn:cite2:hmt:lsj.chicago_md:n24939,messenger_herald_envoy,seed,0.599,0.356,0.243,69,negotiate by herald
προκηρ-ῡκεύομαι,urn:cite2:hmt:lsj.chicago_md:n87785,messenger_herald_envoy,seed,0.599,0.4,0.199,171,"have proclaimed by herald, give public notice; negotiate by herald"
κηρύσσω,urn:cite2:hmt:lsj.chicago_md:n57264,messenger_herald_envoy,seed,0.595,0.634,-0.039,2893,"to be a herald, officiate as herald; to be an auctioneer; make proclamation as a herald; by voice of herald; proclamation was made; summon by herald; summon; was summoned; proclaim; to be proclaimed, extolled; call upon, invoke; to be called; proclaim, announce; advertise; invite; make proclamation; to be proclaimed; declare, tell; news was spread; proclaim, command publicly; crow; preach, teach publicly"
ἄγγᾰρος,urn:cite2:hmt:lsj.chicago_md:n382,messenger_herald_envoy,seed,0.594,0.259,0.335,383,mounted courier; courier; posting-mules; agarru
προᾰγορ-εύω,urn:cite2:hmt:lsj.chicago_md:n86425,messenger_herald_envoy,seed,0.574,0.449,0.126,1790,"tell beforehand; declare beforehand that..; advise beforehand; foretell, prophesy; declare; proclaim publicly; have; proclaimed by herald; order publicly; forbid; give public notice; serve notice on; forestall"
ἀρχι-πρεσβευτής,urn:cite2:hmt:lsj.chicago_md:n15993,messenger_herald_envoy,seed,0.567,0.23,0.337,110,chief ambassador
ἀποστέλλω,urn:cite2:hmt:lsj.chicago_md:n13831,messenger_herald_envoy,seed,0.561,0.319,0.242,1144,"send off; away from; send away, banish; go away, depart; dispatch; put off, doff; retire, withdraw"
διᾰγωγ-ή,urn:cite2:hmt:lsj.chicago_md:n24668,messenger_herald_envoy,seed,0.561,0.351,0.211,814,"carrying across; carrying through; taking a person through; course of instruction, lectures; passing of life, way; course of life; way of passing time, amusement; pastimes; delay; management; dispatch; station"
διαπο-στέλλω,urn:cite2:hmt:lsj.chicago_md:n25622,messenger_herald_envoy,seed,0.561,0.319,0.242,396,dispatch; send as a representative
διεπι-στέλλω,urn:cite2:hmt:lsj.chicago_md:n26633,messenger_herald_envoy,seed,0.561,0.319,0.242,49,dispatch
ἐξαπο-στέλλω,urn:cite2:hmt:lsj.chicago_md:n36880,messenger_herald_envoy,seed,0.561,0.354,0.207,1027,"dispatch; to be dispatched; send forth; send; send away, dismiss; send away; divorce; expel; discharge; destroy; emit, display"
ἐξαφ-ίημι,urn:cite2:hmt:lsj.chicago_md:n37019,messenger_herald_envoy,seed,0.561,0.346,0.215,443,"send forth, discharge; dispatch; let go; set free from; set free; let loose; to be allowed to escape; squander"
ἐξαφ-ίστημι,urn:cite2:hmt:lsj.chicago_md:n37021,messenger_herald_envoy,seed,0.561,0.319,0.242,331,remove; dispatch; depart; withdraw from; grow out of
ἐπιτίθημι,urn:cite2:hmt:lsj.chicago_md:n41357,messenger_herald_envoy,seed,0.561,0.401,0.161,5213,"lay, put; place upon; laid on; set; on; put upon, set up; apply; set upon, turn towards; put; into; put on; as a door; before; to; put to, add, grant; give besides; add, bring on; add; impose, inflict; imposing as a penalty; dispatch; give; contribute; put on oneself; for oneself; placed; on his; laying oneʼs; upon.; on oneʼs; apply oneself to, employ oneself on; in; attempt to.; make an attempt upon, attack; attempt; take advantage of; make an attack; with assiduity; bring on oneself; cause; to be imposed; lay commands on"
θοάζω,urn:cite2:hmt:lsj.chicago_md:n48913,messenger_herald_envoy,seed,0.561,0.362,0.199,524,"move quickly, ply rapidly; hurrying; on?; urge; on; dispatch; quickly; move quickly, rush, dart"
σπουδή,urn:cite2:hmt:lsj.chicago_md:n96106,messenger_herald_envoy,seed,0.561,0.448,0.113,4182,"haste, speed; haste; I am hastening; in haste; dispatch; zeal, pains, trouble, effort; zealously; exert oneself, take pains, be eager; much ado about..; zeal for; to be eager; zeal; with great attention to; eagerness for..; zealous exertions; esteem, regard; good will, good offices; support; party feelings; attachments, rivalries; enthusiasms; disputation; earnestness; in earnest, seriously; object of attention, serious engagement; pursuit; in haste, hastily; with great exertion and difficulty; hardly, scarcely; earnestly, seriously, urgently; attentively; busily"
τεσσᾰράριος,urn:cite2:hmt:lsj.chicago_md:n103246,messenger_herald_envoy,seed,0.561,0.319,0.242,369,"tesserarius, non-commissioned officer who communicates the password; I Got.; dispatch"
ἰάλλω,urn:cite2:hmt:lsj.chicago_md:n49676,messenger_herald_envoy,seed,0.559,0.399,0.16,1211,"send forth; they put forth; laid; threw; give; set down, plant; assail; send, dispatch; send oneself on; flee, run; iyarti"
συμπρεσβεύω,urn:cite2:hmt:lsj.chicago_md:n98813,messenger_herald_envoy,seed,0.558,0.279,0.28,222,"to be a fellow-ambassador, be joined; associated with on an embassy; join in sending an embassy"
συμπέμπω,urn:cite2:hmt:lsj.chicago_md:n98601,messenger_herald_envoy,seed,0.554,0.275,0.279,496,send; dispatch along with; at the same time; help in conducting
συμπρεσβευτής,urn:cite2:hmt:lsj.chicago_md:n98812,messenger_herald_envoy,seed,0.553,0.28,0.273,127,fellow-ambassador
στέλλω,urn:cite2:hmt:lsj.chicago_md:n96447,messenger_herald_envoy,seed,0.55,0.307,0.242,5235,"make ready; rig; fit; out; fit out; get; ready; furnish with, array in; dress; bury; put on; having dressed themselves in..; fit oneself out, get ready; prepare; prepared; dispatch, send; set out; journey; begone!; to be sent; prepare to go, start, set forth; set out upon; summon, fetch, bring; sent for; leads; gather up, make compact; furl, take in; girded up, tucked up; check; repress; draw in, shorten our; hush; up; draw up; bind, make costive; astringents; shrink up; restrict oneʼs diet; avoiding; sqṷel-.; st(h)el-; stǐlati; lātus; *stlātus"
ἀστάνδης,urn:cite2:hmt:lsj.chicago_md:n16447,messenger_herald_envoy,seed,0.547,0.189,0.358,96,courier; astandel
ἱππ-εύς,urn:cite2:hmt:lsj.chicago_md:n50702,messenger_herald_envoy,seed,0.547,0.359,0.189,1475,"one who fights from a chariot; the driver; the hero who fights; one who drives in a chariot-race; horseman, rider, cavalryman; courier; groom, Class.Rev.; knights; equites; eques Romanus; nimble; crab; comet; girlʼs ornament; measure"
ὁδοποι-ός,urn:cite2:hmt:lsj.chicago_md:n72090,messenger_herald_envoy,seed,0.547,0.275,0.272,205,"one who opens the way, road-maker; pioneer; road-surveyor; courier"
προπρεσβεύω,urn:cite2:hmt:lsj.chicago_md:n88384,messenger_herald_envoy,seed,0.547,0.234,0.313,72,accomplish previously as envoy
πτερο-φόρος,urn:cite2:hmt:lsj.chicago_md:n91147,messenger_herald_envoy,seed,0.547,0.344,0.204,407,"feathered, winged; feathered; winged; courier"
τᾰχῠ-δρόμος,urn:cite2:hmt:lsj.chicago_md:n102694,messenger_herald_envoy,seed,0.547,0.234,0.313,255,fast-running; courier; cursor
προσαπο-στέλλω,urn:cite2:hmt:lsj.chicago_md:n88701,messenger_herald_envoy,seed,0.543,0.215,0.328,117,send off; dispatch besides
ἐκπέμπω,urn:cite2:hmt:lsj.chicago_md:n32591,messenger_herald_envoy,seed,0.541,0.327,0.214,1546,"send out; forth from; bring out by calling, call; fetch out; go forth, depart; send forth, dispatch; send away; divorce; conduct across; send out, send abroad; export; send forth, give out; utter, pronounce"
συναπο-στέλλω,urn:cite2:hmt:lsj.chicago_md:n99457,messenger_herald_envoy,seed,0.54,0.252,0.288,206,dispatch together with; join in dispatching
εἰσκαθίημι,urn:cite2:hmt:lsj.chicago_md:n31393,messenger_herald_envoy,seed,0.539,0.299,0.24,94,dispatch to
ἐπαγγ-ελτήρ,urn:cite2:hmt:lsj.chicago_md:n37820,messenger_herald_envoy,seed,0.538,0.22,0.318,93,envoy who announces a festival
πρεσβ-ευτικός,urn:cite2:hmt:lsj.chicago_md:n86292,messenger_herald_envoy,seed,0.535,0.264,0.271,177,of; for an ambassador; embassy
προαπο-στέλλω,urn:cite2:hmt:lsj.chicago_md:n86685,messenger_herald_envoy,seed,0.534,0.293,0.242,337,"send away, dispatch beforehand; in advance; to be sent in advance"
καταπέμπ-ω,urn:cite2:hmt:lsj.chicago_md:n54767,messenger_herald_envoy,seed,0.53,0.192,0.338,370,"send down; down; send from head-quarters, dispatch"
ἀποπρεσβ-εύω,urn:cite2:hmt:lsj.chicago_md:n13496,messenger_herald_envoy,seed,0.528,0.19,0.338,120,report as ambassador; make such a report
ἀποπέμπω,urn:cite2:hmt:lsj.chicago_md:n13394,messenger_herald_envoy,seed,0.527,0.343,0.185,1049,"send off; away, dispatch, dismiss; dismiss; send away from oneself; put away, divorce; get rid of..; get rid of; send from home; send back; send off, dispatch; export; emit, discharge; avert; banish, exorcise"
θεο-κῆρυξ,urn:cite2:hmt:lsj.chicago_md:n48189,messenger_herald_envoy,seed,0.522,0.437,0.086,127,divine herald; claiming descent from Talthybius
διακηρύσσω,urn:cite2:hmt:lsj.chicago_md:n24941,messenger_herald_envoy,seed,0.515,0.338,0.178,345,proclaim by herald; declared war; sell by auction; celebrate
εἰσκηρύσσω,urn:cite2:hmt:lsj.chicago_md:n31404,messenger_herald_envoy,seed,0.515,0.331,0.184,250,proclaim by herald; call into the lists for combat
ὑποκηρ-ύσσω,urn:cite2:hmt:lsj.chicago_md:n108549,messenger_herald_envoy,seed,0.515,0.347,0.169,304,proclaim by herald; have; proclaimed; cried; advertising
σκῠτάλη,urn:cite2:hmt:lsj.chicago_md:n95347,messenger_herald_envoy,seed,0.514,0.538,-0.024,1916,"staff, cudgel, club; club; staff; baton; a Spartan dispatch; dispatch, message; pole; strickle for levelling grain; wooden tally; ticket; strip; rod of metal; ivory; scourge whip; handle; lever; handspike; sucker; cylinder; roller; a serpent; a fish; finger-bone, phalanx"
ἀνακηρ-ύσσω,urn:cite2:hmt:lsj.chicago_md:n6702,messenger_herald_envoy,seed,0.503,0.411,0.093,536,"proclaim by voice of herald, publish abroad; proclaim; extol, sing praises of; put up to auction; offer by voice of herald"
ψευδ-απόστολος,urn:cite2:hmt:lsj.chicago_md:n115444,messenger_herald_envoy,seed,0.488,0.291,0.197,81,false ambassador; apostle
ψευδο-πρεσβευτής,urn:cite2:hmt:lsj.chicago_md:n115550,messenger_herald_envoy,seed,0.488,0.2,0.288,73,false ambassador
ἐπιπρεσβεύομαι,urn:cite2:hmt:lsj.chicago_md:n40625,messenger_herald_envoy,seed,0.483,0.204,0.279,200,go as ambassador; send an; embassy; send a; second embassy
ἐπιστολ-ή,urn:cite2:hmt:lsj.chicago_md:n41045,messenger_herald_envoy,seed,0.483,0.402,0.08,796,"anything sent by a messenger, message, order, commission; command; by; commands; commands about; letter; litterae; ab epistulis Othoni; secretary"
χρημᾰτ-ιστικός,urn:cite2:hmt:lsj.chicago_md:n114633,messenger_herald_envoy,seed,0.478,0.502,-0.024,933,"of; for traffic; money-making; a man of business; portending gain; commercial class; art of money-making; belonging to; fitted for the dispatch of public business; for holding conferences, giving audience; notarial; d.; oracular, prophetic; effective, operative"
προεπι-στέλλω,urn:cite2:hmt:lsj.chicago_md:n87396,messenger_herald_envoy,seed,0.474,0.296,0.178,229,dispatch before; order by letter before; to have been allocated before
παραπρεσβ-ευτής,urn:cite2:hmt:lsj.chicago_md:n78643,messenger_herald_envoy,seed,0.465,0.24,0.225,76,dishonest ambassador
ὑπηρετ-ικός,urn:cite2:hmt:lsj.chicago_md:n108055,messenger_herald_envoy,seed,0.464,0.336,0.128,916,"menial; of the hired soldiery; of; for service, doing service; of public servants; serviceable; subordinate; attending on; dispatch-boat, tender"
ἐξαρτ-ίζω,urn:cite2:hmt:lsj.chicago_md:n36943,messenger_herald_envoy,seed,0.462,0.287,0.174,625,"complete, finish; finish; equip and dispatch; equip; furnish, supply; completely furnished; provide oneself with"
μεταχειρ-ίζω,urn:cite2:hmt:lsj.chicago_md:n67039,messenger_herald_envoy,seed,0.462,0.424,0.038,1478,"take in hand, handle; have in hand, administer; manage, conduct; governs; practise, pursue; deal with; handle, treat; treat; dispatch, kill; prepare"
κηρυκ-τός,urn:cite2:hmt:lsj.chicago_md:n57258,messenger_herald_envoy,seed,0.458,0.314,0.144,115,announced by public herald
προσκατ-εργάζομαι,urn:cite2:hmt:lsj.chicago_md:n89563,messenger_herald_envoy,seed,0.457,0.311,0.146,168,"accomplish besides; acquire besides; dispatch, kill besides"
ἐξαν-ύω,urn:cite2:hmt:lsj.chicago_md:n36817,messenger_herald_envoy,seed,0.456,0.427,0.029,1276,"accomplish, make effectual; accomplish; finish for oneself; finish, dispatch; kill; conquer; bring to an end, finish, accomplish; finish; oneʼs way to; arrive at; manage; obtain, borrow"
ἐκεχειροφόρος,urn:cite2:hmt:lsj.chicago_md:n31958,messenger_herald_envoy,seed,0.455,0.331,0.124,153,herald of truce; mediator
ἡμερο-δρόμης,urn:cite2:hmt:lsj.chicago_md:n46985,messenger_herald_envoy,seed,0.454,0.121,0.333,118,"long-distance runner, courier"
ἡμέροας,urn:cite2:hmt:lsj.chicago_md:n46986,messenger_herald_envoy,seed,0.454,0.121,0.333,98,"long-distance runner, courier"
ἐκκηρ-ύσσω,urn:cite2:hmt:lsj.chicago_md:n32158,messenger_herald_envoy,seed,0.452,0.558,-0.107,435,"proclaim by voice of herald; banish by proclamation; cashier, ‘drum out’"
νερτερο-δρόμος,urn:cite2:hmt:lsj.chicago_md:n70464,messenger_herald_envoy,seed,0.45,0.24,0.211,69,courier of the dead
προκηρ-ύσσω,urn:cite2:hmt:lsj.chicago_md:n87787,messenger_herald_envoy,seed,0.44,0.31,0.13,481,"proclaim by herald, proclaim publicly; advertise for sale; put up to auction"
πρέσβ-ευσις,urn:cite2:hmt:lsj.chicago_md:n86288,messenger_herald_envoy,seed,0.436,0.225,0.211,122,dispatch on an embassy
μετάγγελος,urn:cite2:hmt:lsj.chicago_md:n66604,messenger_herald_envoy,seed,0.43,0.281,0.149,229,"one who carries news from one to another, messenger"
διαπορθμ-εύω,urn:cite2:hmt:lsj.chicago_md:n25616,messenger_herald_envoy,seed,0.415,0.342,0.074,506,carry over; across; carry a message from one to another; to be ferried across; transmit; ply across; cross over
ψευδο-κῆρυξ,urn:cite2:hmt:lsj.chicago_md:n115503,messenger_herald_envoy,seed,0.415,0.312,0.103,68,"false, lying herald"
φορ-έω,urn:cite2:hmt:lsj.chicago_md:n112102,messenger_herald_envoy,seed,0.413,0.421,-0.009,3538,"repeated; habitual; bear to and fro, bear along; conveyed; habitually, served as a messenger.; carrying about; was pregnant; bear constantly, wear; possess, hold, bear; bear, suffer; extend, last; to be borne along; in motion; to be storm-tossed; to be carried away; to be shifted; fetch for oneself, fetch regularly; putting; oneʼs"
τροχίας,urn:cite2:hmt:lsj.chicago_md:n105610,messenger_herald_envoy,seed,0.412,0.2,0.213,124,"courier, messenger; cast"
τρόχ-ις,urn:cite2:hmt:lsj.chicago_md:n105624,messenger_herald_envoy,seed,0.412,0.2,0.213,141,"courier, messenger"
ἀοιδο-κῆρυξ,urn:cite2:hmt:lsj.chicago_md:n11111,messenger_herald_envoy,seed,0.409,0.207,0.203,112,herald who announces singers
στρᾰτ-αρχέω,urn:cite2:hmt:lsj.chicago_md:n97096,military_rank,seed+embed,0.823,0.45,0.372,133,command an army
φάλαγξ,urn:cite2:hmt:lsj.chicago_md:n110166,military_rank,seed+embed,0.799,0.422,0.377,2603,"line of battle, battle-array; the ranks of an army in battle; heavy infantry; in battle-order; line of battle; line; main body, centre; camp; phalanx; corps of 16384; corps of 8192; contingent of 64; chariots; elephants; band; staff; officium; round piece of wood, trunk, log; rollers; arm of a balance; arm of the Danish steelyard; bone between two joints; metacarpals; row; log; OHG balcho; sufflamen; sub-flag-men"
στρᾰτηλ-άτης,urn:cite2:hmt:lsj.chicago_md:n97125,military_rank,seed+embed,0.792,0.422,0.369,352,"leader of an army, general, commander; magister militum; Gloss."
στρατ-εύω,urn:cite2:hmt:lsj.chicago_md:n97108,military_rank,seed+embed,0.743,0.408,0.336,2948,"advance with an army; fleet, wage war; they have been soldiers, have seen war-service; a militiis; serve in the army; have joined the army; to join the army; who are in the army; take; receive into the army, enroll, enlist"
σκηπτουχία,urn:cite2:hmt:lsj.chicago_md:n94803,military_rank,embed,0.733,0.47,0.263,310,"bearing of a staff; sceptre; military command; rank; province of a Persian; command, power"
στρᾰτηλ-ᾰσία,urn:cite2:hmt:lsj.chicago_md:n97123,military_rank,seed+embed,0.733,0.429,0.303,318,"expedition, campaign; campaigning; army; office of magister militum; military command"
ζών-η,urn:cite2:hmt:lsj.chicago_md:n46456,military_rank,embed,0.726,0.396,0.33,2971,"belt, girdle; the lower girdle worn by women; above the hips; girdle; marriage; sexual intercourse; the girdle; belt; conceive; for girdle-money; pinmoney; purse; part round which the girdle passed, waist; cingulum, belt; soldiers; anything that goes round like a belt; one of the zones of the terrestrial sphere; one of the planetary spheres; frieze; zona; shingles; stripes; engirdled with; zones"
κρηπίς,urn:cite2:hmt:lsj.chicago_md:n59905,military_rank,embed,0.726,0.371,0.355,1354,"manʼs high boot; half-boot; soldiers’ boots; soldiers; shoeshaped cake; groundwork, foundation, basement; bottom; foundation; walled edge; quay; abutment; tiers; ox-tongue, Helminthia echioides"
στρᾰτηγ-ός,urn:cite2:hmt:lsj.chicago_md:n97121,military_rank,seed+embed,0.725,0.424,0.301,3358,"leader; commander of an army, general; commander, governor; masters; strategum te facio huic convivio; officers elected by yearly vote to command the army and navy, and conduct the war-department at home, commanders in chief and ministers of war; commander of the infantry; chief magistrates; military and civil governor of a nome; a; consul; proconsul; praetor; praetor urbanus; duumviri; chief magistrates of Roman colonies; Comes Orientis; an officer who had the custody of the Temple at Jerusalem; superintendent of police"
στρᾰτηγ-ία,urn:cite2:hmt:lsj.chicago_md:n97115,military_rank,seed+embed,0.717,0.449,0.268,1298,"office of general, command; office of; presidency; praetorship; period of command, campaign; troops commanded by one general, command; generalship; piece of strategy; province governed by a"
πεζ-αρχέω,urn:cite2:hmt:lsj.chicago_md:n80274,military_rank,embed,0.714,0.424,0.291,60,command infantry
δῠνᾰτ-ός,urn:cite2:hmt:lsj.chicago_md:n28588,military_rank,embed,0.7,0.481,0.219,2208,"strong, mighty; the ablest-bodied men; sound in limb; fit for service; powerful; able; mighty; powerful, influential; the chief men of rank and influence; able to produce, productive; potential; possible; practicable; quantum fieri possit; which are practicable; strongly, powerfully; most ably"
στρᾰτεία,urn:cite2:hmt:lsj.chicago_md:n97101,military_rank,seed,0.695,0.531,0.164,2023,"expedition, campaign; war; service done; expedition; foreign service; military service, warfare; campaigns; exauctoratus; levy of those liable to serve; military discipline; military appointment; campaign; army, expeditionary force; army; campaign."
ἡγεμών,urn:cite2:hmt:lsj.chicago_md:n46612,military_rank,seed,0.694,0.431,0.263,2633,"one who leads; guide; one who does a thing first, shows the way; leaders, Mnemos.; leader, commander, chief; chief, sovereign; queen; leader; president; a Roman Emperor; princeps; princeps juventutis; a provincial governor; praefectus Aegypti; Tab. Defix.Aud.; coping-tiles"
ἡγ-ήτωρ,urn:cite2:hmt:lsj.chicago_md:n46632,military_rank,seed,0.694,0.389,0.305,358,"f; leader, commander, chief; chiefs in war"
ἐφόδ-ιον,urn:cite2:hmt:lsj.chicago_md:n45809,military_rank,seed,0.668,0.422,0.245,1394,"supplies for travelling, money and provisions; of an army; travelling-allowance; ways and means, maintenance; sinews"
στράτιος,urn:cite2:hmt:lsj.chicago_md:n97130,military_rank,seed,0.668,0.422,0.245,328,"of an army; war, warlike; valiantly"
οὐλᾰμ-ηφόρος,urn:cite2:hmt:lsj.chicago_md:n75814,military_rank,seed,0.666,0.498,0.169,71,"bringing an army, warlike"
στρᾰτ-άρχης,urn:cite2:hmt:lsj.chicago_md:n97097,military_rank,seed,0.661,0.408,0.252,183,general of an army
ἐξηγ-έομαι,urn:cite2:hmt:lsj.chicago_md:n37267,military_rank,seed,0.653,0.502,0.15,2123,"to be leader of; lead, govern; show; the way to; go before, lead; lead the way to; lead an army; dictate; dictate, name; prescribe, order; order; expound, interpret; expound; tell at length, relate in full; set forth, explain; explain"
φᾰλαγγο-μᾰχέω,urn:cite2:hmt:lsj.chicago_md:n110159,military_rank,seed,0.644,0.396,0.248,136,fight in a phalanx; fight in the ranks
ἀμφί,urn:cite2:hmt:lsj.chicago_md:n5704,military_rank,seed,0.639,0.405,0.234,5792,"abhitas; ambi; on both sides;; about, for the sake of; for the possession of; for; sake; about, concerning; of; about, around; on both sides of; about; around; all round; round; upon; at, by; at; on; clinging to; over; in compass of; as concerning; as far as concerns; in; in virtue of; in respect of; concerning; added to; by, on; by; somewhere by; somewhere about; all about in; somewhere; somewhere on; to the neighbourhood of; and his train; army; next; school of; friends, Cra.; concerns; throughout, for; about, at the time of, during; about, around, on both; all sides; on both sides; on all sides; for the sake of"
ποιμᾱνόριον,urn:cite2:hmt:lsj.chicago_md:n84321,military_rank,seed,0.639,0.359,0.28,87,herd; army
ῥώμη,urn:cite2:hmt:lsj.chicago_md:n92927,military_rank,seed,0.639,0.392,0.247,1273,"bodily strength, might; strength; full strength; vigour; strength, force, might; a force; army; confidence"
στρᾰτιά,urn:cite2:hmt:lsj.chicago_md:n97128,military_rank,seed,0.639,0.359,0.28,852,"army; a land force; host, company, band; cohors ministrorum; expedition; service"
στρᾰτο-κῆρυξ,urn:cite2:hmt:lsj.chicago_md:n97135,military_rank,seed,0.639,0.359,0.28,313,herald of a camp; army; one of; attached to a; to a
στρᾰτοπέδ-ευμα,urn:cite2:hmt:lsj.chicago_md:n97144,military_rank,seed,0.639,0.359,0.28,79,army
στρᾰτόπεδ-ον,urn:cite2:hmt:lsj.chicago_md:n97148,military_rank,seed,0.639,0.359,0.28,642,"camp, encampment; encamped army; Castra Praetoriana; army; squadron; legion; the court; suite"
στρᾰτηγ-έω,urn:cite2:hmt:lsj.chicago_md:n97112,military_rank,seed,0.636,0.451,0.185,2672,to be general; are eligible as general; hold the office of; to be consul; to be praetor; to be general of; serve as general; manoeuvre so as..; Archons of Athens; do; as general; carry on the; war; manage; in his command; to be commanded by a general; serve under a; to be governed as a province; out-general
πεζο-μάχος,urn:cite2:hmt:lsj.chicago_md:n80300,military_rank,seed,0.633,0.487,0.146,155,fighting on foot; fighting as a soldier
στρᾰτο-λογέω,urn:cite2:hmt:lsj.chicago_md:n97136,military_rank,seed,0.631,0.336,0.294,170,"levy an army, enlist soldiers"
ὕπαρχ-ος,urn:cite2:hmt:lsj.chicago_md:n106973,military_rank,seed,0.631,0.431,0.2,957,"subordinate commander, lieutenant; subordinate governor; proconsul; legatus; praefectus Aegypti; praefectus praetorio; praefectus praetorio Illyrici; praefectus urbi; subject to"
κοίρᾰν-ος,urn:cite2:hmt:lsj.chicago_md:n58468,military_rank,seed,0.63,0.385,0.245,373,"king; ruler; leader, commander; lord, master"
στρᾰτῐώτ-ης,urn:cite2:hmt:lsj.chicago_md:n97132,military_rank,seed,0.629,0.436,0.193,836,"soldier; professional soldier; water-lettuce; Pistia Stratiotes; Achillea Millefolium, yarrow; milfoil"
παραφῠλᾰκ-ίτης,urn:cite2:hmt:lsj.chicago_md:n79060,military_rank,seed,0.626,0.393,0.233,145,soldier of a garrison
τᾱγός,urn:cite2:hmt:lsj.chicago_md:n102171,military_rank,seed,0.626,0.395,0.231,728,"commander, ruler, chief; federal commander; college of magistrates; one such magistrate; president"
ἔξαρχ-ος,urn:cite2:hmt:lsj.chicago_md:n36955,military_rank,seed,0.623,0.4,0.223,485,"leader, beginner; leader of a chorus; leader, chief; pontifex maximus; military commander"
πολέμαρχ-ος,urn:cite2:hmt:lsj.chicago_md:n84409,military_rank,seed,0.623,0.402,0.221,740,"chieftain, war-lord; the third archon; military commander; chief, leader"
στρᾰτοπεδ-άρχης,urn:cite2:hmt:lsj.chicago_md:n97141,military_rank,seed,0.623,0.4,0.223,263,military commander; praefectus castrorum
καταστρᾰτηγ-έω,urn:cite2:hmt:lsj.chicago_md:n55307,military_rank,seed,0.621,0.408,0.213,380,"overcome by generalship; stratagem; out-general, outwit; counteract by stratagem"
ὅπλ-ισμα,urn:cite2:hmt:lsj.chicago_md:n74539,military_rank,seed,0.619,0.408,0.211,187,"army, armament; weapon; tackle"
στρᾰτῐωτ-ικός,urn:cite2:hmt:lsj.chicago_md:n97133,military_rank,seed,0.618,0.483,0.136,1416,"of; for soldiers; the pay of the forces; the soldiery; military affairs; military funds; aerarium militare; fit for a soldier, military; military; serving in the army; rather as troop-ships; warlike, soldierlike; like a rude soldier, brutally; eye-salves; stratioticum"
στρᾰτο-ϋπηρέτης,urn:cite2:hmt:lsj.chicago_md:n97151,military_rank,seed,0.618,0.402,0.215,76,army servant
ἐπιμελ-ητής,urn:cite2:hmt:lsj.chicago_md:n40161,military_rank,seed,0.615,0.418,0.196,1896,"one who has charge of; manager, curator; military; commander; curator; chiefs; clerk; master; inspector; curator viae Appiae; financial officer; deputy"
ἴλη,urn:cite2:hmt:lsj.chicago_md:n50360,military_rank,seed,0.614,0.338,0.276,707,"band, troop; companies; troop of horse; turma; ala; troop; company of soldiers"
κοσμ-ήτωρ,urn:cite2:hmt:lsj.chicago_md:n59309,military_rank,seed,0.614,0.421,0.194,400,"one who marshals an army, commander, leader; guide, director; one who adorns"
ἐφίστημι,urn:cite2:hmt:lsj.chicago_md:n45794,military_rank,seed,0.613,0.544,0.069,7163,"set, place upon; set over; to be appointed, instituted; b; bring in; to let; have a hand in; bring in, cause, occasion; set up, establish; ordain, prescribe; set by; near to; place in rear; stop, cause to halt; check; interrupt; having halted; to be checked, stopped; fix oneʼs; attend; give attention; with; care and accuracy; ad Them.; arrest the attention of; call; attention; having led; object; stand upon; to be imposed upon; stand on the top; surface; cream; form; to be set over; person in authority; officer in command; stand by; near; appear to; to be posted after; behind; stand against; appear before; come upon suddenly; by surprise; spring upon; occur; impend, be at hand; to be in store, lie in wait for; halt, stop; fix oneʼs mind on, give oneʼs attention to; set up; set, post; finem imponere; cause; to halt; having been"
στόλος,urn:cite2:hmt:lsj.chicago_md:n96979,military_rank,seed,0.609,0.518,0.091,2596,"equipment; expedition; an equipage; journey; voyage; in a journey; course; sending; the purpose; cause of a journey, mission, errand; vestments; armament, army; seaforce, fleet; party, band, troop; people; guild; appendage, excrescence; stump of the tail; a shipʼs prow"
πεζός,urn:cite2:hmt:lsj.chicago_md:n80306,military_rank,seed,0.604,0.432,0.172,3074,"on foot, walking; fighters on foot; on land, going by land; infantry; land-force, army; by land; land; beasts; prosaic; prose; unaccompanied by music; common, ordinary; on foot; without musical accompaniment; in prose; more like a foot-journey; more like prose"
ἐκλοχίζω,urn:cite2:hmt:lsj.chicago_md:n32406,military_rank,seed,0.603,0.338,0.265,81,pick out of a cohort; troop
ὁπλῑτ-ᾰγωγός,urn:cite2:hmt:lsj.chicago_md:n74543,military_rank,seed,0.603,0.338,0.265,116,carrying the heavy-armed; troop; transports
οὐλᾰμ-ός,urn:cite2:hmt:lsj.chicago_md:n75816,military_rank,seed,0.603,0.338,0.265,254,throng of warriors; a swarm; troop
στρᾰτῐῶτ-ις,urn:cite2:hmt:lsj.chicago_md:n97134,military_rank,seed,0.602,0.466,0.136,445,"martial; a soldierʼs; troop-ship, transport; soldier-fly; stratiotides"
στρᾰτο-φύλαξ,urn:cite2:hmt:lsj.chicago_md:n97152,military_rank,seed,0.602,0.411,0.191,80,commanding officer
τάξις,urn:cite2:hmt:lsj.chicago_md:n102381,military_rank,seed,0.596,0.695,-0.099,5492,"arranging, arrangement; drawing up in rank and file, order; disposition of an army; tactics; battle array, order of battle; a single rank; line; lines; body of soldiers; the quota of infantry furnished by each; company; squadron; band, company; a contingent of; men; membership of the militia palatina; post; place in the line; on the unattached list; arrangement, order; disposition; on; order, regularity; to be regular; in an orderly manner; ordine; ordinance; prescription; recipe; assessment; ration; political order, constitution; post, rank, position, station; ranging herself with; as; way; position; championship; order, class; function; list, register; account; payment; category; reduction; degree; treatise; fixed point of time, term; end; date fixed for the end"
στρᾰτοπέδ-ευσις,urn:cite2:hmt:lsj.chicago_md:n97145,military_rank,seed,0.59,0.306,0.284,144,"encamping; encampment, position of an army"
τετρωβολ-ίζω,urn:cite2:hmt:lsj.chicago_md:n103617,military_rank,seed,0.589,0.503,0.086,101,receive four obols; to be a soldier
ἀποτέλει-ος,urn:cite2:hmt:lsj.chicago_md:n14009,military_rank,seed,0.588,0.351,0.237,180,magistrate; subordinate commander
στρᾰτηλ-ᾰτέω,urn:cite2:hmt:lsj.chicago_md:n97124,military_rank,seed,0.588,0.44,0.148,319,"lead an army into the field; to be commander of, command"
ὑποστρᾰτηγ-ος,urn:cite2:hmt:lsj.chicago_md:n109242,military_rank,seed,0.588,0.351,0.237,366,subordinate commander; legatus
ὑποστρᾰτοφύλαξ,urn:cite2:hmt:lsj.chicago_md:n109243,military_rank,seed,0.588,0.351,0.237,77,subordinate commander
στράτ-ευμα,urn:cite2:hmt:lsj.chicago_md:n97103,military_rank,seed,0.586,0.326,0.261,817,"expedition, campaign; invasion; armament, army, host; naval armament; the people"
ταξῐαρχ-ος,urn:cite2:hmt:lsj.chicago_md:n102377,military_rank,seed,0.584,0.381,0.204,1139,commander of a corps; squadron; commander of a; centurio; tribunus militum; legatus legionis; ordinarius; manipularis; evocatus; quota of infantry
φῠλᾰκ-ή,urn:cite2:hmt:lsj.chicago_md:n112530a,military_rank,seed,0.584,0.315,0.268,3859,"watching; guarding; watch and ward; to watch; watch; guard; garrison; the rank of; station, post; three; five; four; place for keeping; ward, prison; prison; guarding, keeping, preserving; guarded; occupied; to preserve; be; ware of; keep guard, be on the watch; custody; safeguard; precaution; precaution against"
σύνταγμα,urn:cite2:hmt:lsj.chicago_md:n100937,military_rank,seed,0.581,0.617,-0.036,1164,"that which is put together in order; body; drawn up in order; contingent; corps; cohors; whole army; double; battalion; the constitution of a state; a form; classes; orders; arrangement of musical notes, scale; mode; treatise, work, book; body of doctrine; arrangement; a word in a grammatical construction, syntactical element"
ἰλ-άρχης,urn:cite2:hmt:lsj.chicago_md:n50341,military_rank,seed,0.58,0.368,0.211,475,commander of a troop of horse; praefectus turmae; commander of eight elephants; command cavalry; to be sevir equitum
μεράρχ-ης,urn:cite2:hmt:lsj.chicago_md:n66296,military_rank,seed,0.577,0.348,0.23,241,distributing official; commander of a division of; men; commander of; elephants
ἀντιπαρ-άγω,urn:cite2:hmt:lsj.chicago_md:n10260,military_rank,seed,0.575,0.411,0.163,528,"shift in order to meet attacks; to be shifted in the other direction; to be produced correspondingly; adduce, allege on the other side; argue on the other side; lead an army against, advance to meet the enemy; march parallel with, skirt"
ἀντιστρᾰτιώτης,urn:cite2:hmt:lsj.chicago_md:n10537,military_rank,seed,0.572,0.421,0.151,97,soldier of the enemy
ξενᾱγ-ός,urn:cite2:hmt:lsj.chicago_md:n71485,military_rank,seed,0.572,0.419,0.154,407,"commander of mercenary troops; commander of a; cicerone, guide"
προστᾰτ-ης,urn:cite2:hmt:lsj.chicago_md:n90128,military_rank,seed,0.572,0.368,0.204,2837,"one who stands before, front-rank man; leader, chief; ruler; chief authors; administrator; president; presiding officer; one who stands before and protects, guardian, champion; patron; a patron; by oneʼs patronʼs name; patronus; one who stands before; suppliant; prostate gland"
στρᾰτό-μαντις,urn:cite2:hmt:lsj.chicago_md:n97138,military_rank,seed,0.567,0.343,0.224,75,prophet to the army
ἀρχηγός,urn:cite2:hmt:lsj.chicago_md:n15900,military_rank,seed,0.565,0.425,0.14,1034,"beginning, originating; primary, leading, chief; founder; ancestral heroine; founder of a family; prince, chief; chief captain, leader; first cause, originator; the originating power; primary, fundamental"
ὑποστρᾰτηγ-έω,urn:cite2:hmt:lsj.chicago_md:n109241,military_rank,seed,0.565,0.344,0.221,112,serve as subordinate commander
ἀρχι-στράτηγος,urn:cite2:hmt:lsj.chicago_md:n16006,military_rank,seed,0.564,0.361,0.203,96,commander-in-chief
ξενολόγ-ιον,urn:cite2:hmt:lsj.chicago_md:n71535,military_rank,seed,0.563,0.373,0.19,140,army of mercenaries
ῥῡμ-άρχης,urn:cite2:hmt:lsj.chicago_md:n92792,military_rank,seed,0.563,0.337,0.226,71,chief officer of
θῐᾰσ-ος,urn:cite2:hmt:lsj.chicago_md:n48858,military_rank,seed,0.561,0.339,0.222,687,"Bacchic revel, rout; religious guild, confraternity; company, troop; company; feast, banquet"
ἐπιστᾰτ-ης,urn:cite2:hmt:lsj.chicago_md:n40987,military_rank,seed,0.557,0.33,0.227,2757,"one who stands near; by; suppliant; oneʼs rear-rank man; even numbers; one who stands; is mounted upon; one who is set over, chief, commander; mastering; judges; stewards; supervisor; Rabbi, Ev.; president; chairman; keeper; overseer, superintendent; clerk; governor; administrator; magistrate; patronus"
στρᾰτηγ-ικός,urn:cite2:hmt:lsj.chicago_md:n97117,military_rank,seed,0.557,0.403,0.154,907,"of; for a general; a treatise on strategy; suited; fitted for command, general-like, versed in generalship; praetorian; milites praetoriani; tribunal praetorium; praetorius, ex-praetor"
φρούραρχ-ος,urn:cite2:hmt:lsj.chicago_md:n112383,military_rank,seed,0.555,0.33,0.225,477,commander of a watch; commandant of a garrison; guardians; gaoler
στρᾰτο-λογία,urn:cite2:hmt:lsj.chicago_md:n97137,military_rank,seed,0.554,0.339,0.216,114,"raising, levying an army"
σύνταξις,urn:cite2:hmt:lsj.chicago_md:n100957,military_rank,seed,0.554,0.614,-0.059,4556,"putting together in order, arranging; array in battle-order; system, arrangement, organization; organization; system; rule; the order; system of the world; modes; composition; framework, structure; extra ordinem; systematic treatise; collection; composite volume; rules for construction; scale; grammatical putting together; syntax; compound forms; rule for combination of sounds; letters; connected speech; body of troops; contingent; combined forces; company, troupe; covenant, previous arrangement; time and place arranged; ordinance; resolution; assigned impost, tribute, levy; subvention, pension; pay; salary; assignment"
φῡλαρχ-ος,urn:cite2:hmt:lsj.chicago_md:n112557,military_rank,seed,0.554,0.362,0.193,632,chief officer of a; tribunus militum; chief priest; elders; sheikh; the commander of the cavalry furnished by each tribe
περιπολ-άρχης,urn:cite2:hmt:lsj.chicago_md:n81973,military_rank,seed,0.553,0.369,0.184,188,commander of military patrol
στρᾰτηγ-ητέον,urn:cite2:hmt:lsj.chicago_md:n97114,military_rank,seed,0.548,0.379,0.169,83,"one must be a general, one must command"
φρουραρχ-έω,urn:cite2:hmt:lsj.chicago_md:n112380,military_rank,seed,0.548,0.39,0.158,119,to be commandant of a garrison
στρᾰτός,urn:cite2:hmt:lsj.chicago_md:n97150,military_rank,seed,0.547,0.611,-0.064,997,"army, host.; the commons, people; band; body"
παραστρᾰτ-εύομαι,urn:cite2:hmt:lsj.chicago_md:n78829,military_rank,seed,0.544,0.341,0.203,96,march with an army
δῐ-λοχίτης,urn:cite2:hmt:lsj.chicago_md:n27059,military_rank,seed,0.543,0.33,0.213,82,commander of a
ἐξοπλ-ῐσία,urn:cite2:hmt:lsj.chicago_md:n37573,military_rank,seed,0.543,0.343,0.2,256,"muster of troops under arms, review; under arms; field-day, manoeuvres"
κεράρχης,urn:cite2:hmt:lsj.chicago_md:n56729,military_rank,seed,0.543,0.33,0.213,132,commander of a; commander of thirty-two elephants
λᾱάρχ-ης,urn:cite2:hmt:lsj.chicago_md:n61435,military_rank,seed,0.543,0.33,0.213,88,commander of a
λοχ-ᾱγός,urn:cite2:hmt:lsj.chicago_md:n63969,military_rank,seed,0.543,0.364,0.178,561,leader of an armed band; commander of a company; captain; commander of a; centurio; curio
ὁπλο-φόρος,urn:cite2:hmt:lsj.chicago_md:n74588,military_rank,seed,0.543,0.395,0.148,371,"bearing arms: armed man, warrior, soldier"
πεντηκόνταρχ-ος,urn:cite2:hmt:lsj.chicago_md:n80838,military_rank,seed,0.543,0.33,0.213,272,commander of fifty men; commander of a; leader of a company of fifty
τελάρχης,urn:cite2:hmt:lsj.chicago_md:n102916,military_rank,seed,0.543,0.33,0.213,130,commander of a
τετρᾰφᾰλαγγ-άρχης,urn:cite2:hmt:lsj.chicago_md:n103568,military_rank,seed,0.543,0.33,0.213,78,commander of a
φᾰλαγγ-άρχης,urn:cite2:hmt:lsj.chicago_md:n110150,military_rank,seed,0.543,0.33,0.213,194,commander of a
χῑλιάρχ-ης,urn:cite2:hmt:lsj.chicago_md:n113995,military_rank,seed,0.543,0.33,0.213,240,commander of a; tribunus militum
χῑλίαρχ-ος,urn:cite2:hmt:lsj.chicago_md:n113998,military_rank,seed,0.543,0.356,0.187,354,captain over a thousand; commandant
ἐπῑλάρχ-ης,urn:cite2:hmt:lsj.chicago_md:n39993,military_rank,seed,0.542,0.324,0.217,83,commander of an
ψῑλ-ῐκός,urn:cite2:hmt:lsj.chicago_md:n115725,military_rank,seed,0.542,0.468,0.074,138,of; for a light-armed soldier; light troops
λόγχ-η,urn:cite2:hmt:lsj.chicago_md:n63783,military_rank,seed,0.538,0.388,0.15,914,"spear-head; the point with its barbs; the spear-head; of the spear-head; lance-shaped birth-mark; lance, spear, javelin; troop of spearmen"
τρῐ-φᾰλαγγία,urn:cite2:hmt:lsj.chicago_md:n105364,military_rank,seed,0.538,0.268,0.271,144,triple phalanx; army marching in three phalanxes
μῡρῐ-άρχης,urn:cite2:hmt:lsj.chicago_md:n69250,military_rank,seed,0.534,0.315,0.218,70,commander of; men
ὅμ-ασπις,urn:cite2:hmt:lsj.chicago_md:n73413,military_rank,seed,0.534,0.443,0.091,57,fellow-soldier
πεντᾰκοσι-άρχης,urn:cite2:hmt:lsj.chicago_md:n80661,military_rank,seed,0.534,0.315,0.218,216,commander of; men
σημάν-τωρ,urn:cite2:hmt:lsj.chicago_md:n93802,military_rank,seed,0.534,0.387,0.147,619,"one who gives a signal, leader, commander; driver; herdsman; subordinate officers; informer, guide; indicator"
συστρᾰτιώτης,urn:cite2:hmt:lsj.chicago_md:n101489,military_rank,seed,0.534,0.443,0.091,390,fellow-soldier
ναύαρχ-ος,urn:cite2:hmt:lsj.chicago_md:n69791,military_rank,seed,0.532,0.355,0.177,454,"commander of a fleet, admiral; the Spartan admiral-in-chief; nauarchorum coetus circiter provincias Orientis"
ὀψων-ιασμός,urn:cite2:hmt:lsj.chicago_md:n76387,military_rank,seed,0.529,0.251,0.277,137,furnishing with provisions; supplies and pay of an army
ὑπηρέτ-ης,urn:cite2:hmt:lsj.chicago_md:n108051,military_rank,seed,0.529,0.395,0.135,1729,"rower; underling, servant, attendant; subordinate; a helper in; the servant who attended each man-at-arms; assistant; petty officer; staff-officers in immediate attendance on the general, aides-de-camp, adjutants; officer attached to; servitor"
ἐπιλοχᾱγός,urn:cite2:hmt:lsj.chicago_md:n40087,military_rank,seed,0.528,0.342,0.186,79,commander of the
ἐνωμοτ-ία,urn:cite2:hmt:lsj.chicago_md:n36441,military_rank,seed,0.527,0.341,0.186,262,band of sworn soldiers; division of the Spartan army; a quarter of a
ἀποστράτηγος,urn:cite2:hmt:lsj.chicago_md:n13885,military_rank,seed,0.526,0.303,0.223,204,"retired general; remove; from the command, supersede; general who has completed his term of office"
ἀγελ-άρχης,urn:cite2:hmt:lsj.chicago_md:n427,military_rank,seed,0.523,0.334,0.189,259,"leader of a flock; herd; leader, captain"
ἐπιβᾰτ-εύω,urn:cite2:hmt:lsj.chicago_md:n38895,military_rank,seed,0.518,0.334,0.184,601,"set oneʼs foot upon, occupy; take oneʼs stand upon; usurping; rely upon..; to be an; passenger; soldier on board; ship; mount"
φᾰλαγγ-ίτης,urn:cite2:hmt:lsj.chicago_md:n110157,military_rank,seed,0.518,0.295,0.223,172,soldier in a phalanx
ἐπεξ-όδιος,urn:cite2:hmt:lsj.chicago_md:n38698,military_rank,seed,0.517,0.317,0.2,150,of a march; expedition; before the march of an army
ἀντιστράτηγος,urn:cite2:hmt:lsj.chicago_md:n10536,military_rank,seed,0.515,0.356,0.159,706,enemyʼs general; acting commander; governor; pro consule; pro praetore; propraetor; lieutenant; legatus pro praetore; legatus Augusti pro praetore
στολ-άρχης,urn:cite2:hmt:lsj.chicago_md:n96957,military_rank,seed,0.515,0.309,0.206,217,commander of a fleet
μονο-φᾰλαγγία,urn:cite2:hmt:lsj.chicago_md:n68696,military_rank,seed,0.514,0.252,0.262,77,army marching in one phalanx
λοχ-ίτης,urn:cite2:hmt:lsj.chicago_md:n63991,military_rank,seed,0.513,0.377,0.136,402,"one of the same; company, fellow-soldier, comrade; attendants; comitia centuriata; one who lies in wait"
πρῳρ-εύς,urn:cite2:hmt:lsj.chicago_md:n90900,military_rank,seed,0.513,0.325,0.188,218,officer in command at the bow
χορός,urn:cite2:hmt:lsj.chicago_md:n114468,military_rank,seed,0.513,0.324,0.189,2956,"dance; chorus; choir, band of dancers and singers, h. Ven.; choir, troop; row; a row; class; place for dancing; a ring-dance."
ἔξειμι,urn:cite2:hmt:lsj.chicago_md:n37074,military_rank,seed,0.512,0.313,0.199,1328,"ibo; go out, come out; leave; quit service; come forth; submit; march out with an army; go out; come forward on the stage; come to an end, expire; cease"
τρῐήραρχ-ος,urn:cite2:hmt:lsj.chicago_md:n104945,military_rank,seed,0.51,0.321,0.189,578,"captain of a trireme; trierarch, one who; had to fit out a trireme for the public service; naval commander"
ναύκληρ-ος,urn:cite2:hmt:lsj.chicago_md:n69808,military_rank,seed,0.509,0.313,0.195,672,"shipowner and merchant; skipper, sailing-master; captain, commander; the masterʼs; one who rented and sub-let tenement-houses"
τᾰγοῦχος,urn:cite2:hmt:lsj.chicago_md:n102172,military_rank,seed,0.507,0.266,0.241,78,"having command, commander"
στρᾰτόπλωτος,urn:cite2:hmt:lsj.chicago_md:n97149,military_rank,seed,0.503,0.283,0.22,104,transporting an army; for sailing
ἱππ-αρμοστής,urn:cite2:hmt:lsj.chicago_md:n50672,military_rank,seed,0.502,0.329,0.174,110,commander of cavalry
ἵππαρχ-ος,urn:cite2:hmt:lsj.chicago_md:n50679,military_rank,seed,0.502,0.408,0.094,537,ruling the horse; commander of cavalry; magister equitum; praefectus equitum
αὐτ-ερέτης,urn:cite2:hmt:lsj.chicago_md:n17589,military_rank,seed,0.5,0.214,0.286,182,one who rows himself; rower and soldier at once; rowing oneʼs own boat
ὁπλῑτ-ης,urn:cite2:hmt:lsj.chicago_md:n74546,military_rank,seed,0.499,0.383,0.116,955,"heavy-armed, armed; of men in armour; an armed; warrior; heavy-armed foot-soldier, man-at-arms"
πεντηκοντ-ήρ,urn:cite2:hmt:lsj.chicago_md:n80846,military_rank,seed,0.496,0.263,0.233,191,commander of fifty men
στρᾰτηλ-ᾰτικός,urn:cite2:hmt:lsj.chicago_md:n97126,military_rank,seed,0.496,0.331,0.165,84,of; for a commander
ἁρμ-όστωρ,urn:cite2:hmt:lsj.chicago_md:n15297,military_rank,seed,0.495,0.292,0.204,64,commander
ἔπαρχ-ος,urn:cite2:hmt:lsj.chicago_md:n38343,military_rank,seed,0.495,0.292,0.204,702,commander; governor of a country; praefectus; pracf. fabrum; praef. urbi; praef. castrorum; praef. praetorio; prefect; ex praefecto
ἐπιτάκ-της,urn:cite2:hmt:lsj.chicago_md:n41238,military_rank,seed,0.495,0.292,0.204,137,commander; Imperiosus
ἐφέτ-ης,urn:cite2:hmt:lsj.chicago_md:n45687,military_rank,seed,0.495,0.292,0.204,320,commander; the Ephetae; judge of appeals
πρωτάρχ-ης,urn:cite2:hmt:lsj.chicago_md:n90915,military_rank,seed,0.495,0.292,0.204,72,commander
ἔνταξις,urn:cite2:hmt:lsj.chicago_md:n36157,military_rank,seed,0.494,0.255,0.239,201,"putting in, insertion; placing of light-armed soldiers alternately with hoplites in the phalanx"
συστρᾰτηγ-έω,urn:cite2:hmt:lsj.chicago_md:n101487,military_rank,seed,0.492,0.432,0.06,145,to be a fellow-general; help in procuring
ἀρχι-μάχιμος,urn:cite2:hmt:lsj.chicago_md:n15971,military_rank,seed,0.489,0.317,0.172,109,officer of native Egyptian troops
διαστρᾰτηγέω,urn:cite2:hmt:lsj.chicago_md:n25942,military_rank,seed,0.489,0.312,0.178,417,assume the position of general; to out-general; practise stratagems; conduct; to its close; come to the end of oneʼs praetorship
θήρ-αρχος,urn:cite2:hmt:lsj.chicago_md:n48710,military_rank,seed,0.487,0.289,0.198,140,commander of two elephants; his command
παραφῠλᾰκ-ή,urn:cite2:hmt:lsj.chicago_md:n79058a,military_rank,seed,0.487,0.351,0.136,414,"guard, garrison; keeping securely, safeguarding; watchfulness; police-; garrison-duty, Not.Arch.; observation"
φρουρά,urn:cite2:hmt:lsj.chicago_md:n112379,military_rank,seed,0.487,0.381,0.106,1296,"look-out, watch, guard; watch; watchful; while on guard; a watch of the night; prison, ward; guard, garrison; frontier-posts; garrison-duty; a body of men destined for service; levy; ban’"
παραφῠλᾰκ-έω,urn:cite2:hmt:lsj.chicago_md:n79058,military_rank,seed,0.486,0.384,0.101,73,perform garrison duty
δεκᾰδαρχ-ος,urn:cite2:hmt:lsj.chicago_md:n23820,military_rank,seed,0.483,0.284,0.199,236,commander of ten men; decemvir
συλλοχ-ίτης,urn:cite2:hmt:lsj.chicago_md:n98224,military_rank,seed,0.483,0.372,0.111,73,soldier of the same
συνεδρ-ίτης,urn:cite2:hmt:lsj.chicago_md:n99833,military_rank,seed,0.483,0.386,0.096,119,fellow-officer of the Guard
ἰδῐώτ-ης,urn:cite2:hmt:lsj.chicago_md:n49908,military_rank,seed,0.482,0.362,0.12,2588,"private person, individual; one in a private station; private soldier; layman; homely; common man, plebeian; private; everyday; one who has no professional knowledge, layman; unpractised, unskilled in; raw hand, ignoramus; average man; oneʼs own countrymen"
καταλογεύς,urn:cite2:hmt:lsj.chicago_md:n54422,military_rank,seed,0.482,0.266,0.216,112,officer who enrols
στρᾰτηγ-ίς,urn:cite2:hmt:lsj.chicago_md:n97120,military_rank,seed,0.479,0.331,0.149,415,of the general; of the generalʼs tent; flag; cohortes praetoriae; female commander
ἐξισ-ωτής,urn:cite2:hmt:lsj.chicago_md:n37421,military_rank,seed,0.478,0.334,0.144,245,officer; who apportioned and equalized the taxes; peraequator
ὁπλῑτ-ικός,urn:cite2:hmt:lsj.chicago_md:n74547,military_rank,seed,0.478,0.399,0.079,488,"of; for a man-at-arms; the art of using heavy arms, the soldier’ s art; art of arms; heavy-armed; the soldiery"
οὐρεύω,urn:cite2:hmt:lsj.chicago_md:n75981,military_rank,seed,0.478,0.388,0.09,99,to be on garrison duty
περίνεως,urn:cite2:hmt:lsj.chicago_md:n81731,military_rank,seed,0.477,0.395,0.082,500,"supernumerary; to spare in a ship; supercargo, passenger; marines; petty officer"
ἀνδοκ-ιάρχης,urn:cite2:hmt:lsj.chicago_md:n7873,military_rank,seed,0.475,0.309,0.166,79,officer in charge of
κεστρο-φύλαξ,urn:cite2:hmt:lsj.chicago_md:n56963,military_rank,seed,0.475,0.309,0.166,120,officer in charge of
λειτουργ-ία,urn:cite2:hmt:lsj.chicago_md:n62291,military_rank,seed,0.473,0.357,0.116,1171,"public service; liturgies; any public service; work; the officer who superintended the workmen, carpenters; duty; any service; function; service, ministration, help; the service; ministry"
φρουρ-ικός,urn:cite2:hmt:lsj.chicago_md:n112391,military_rank,seed,0.473,0.342,0.131,157,"of, for a watch, guard; garrison; guard duty"
ἀμφοδ-άρχης,urn:cite2:hmt:lsj.chicago_md:n6144,military_rank,seed,0.472,0.262,0.21,183,officer commanding troops levied in a ward
συστρᾰτηγ-ος,urn:cite2:hmt:lsj.chicago_md:n101488,military_rank,seed,0.472,0.341,0.131,136,fellow-general
πεζο-βόας,urn:cite2:hmt:lsj.chicago_md:n80287,military_rank,seed,0.471,0.328,0.143,116,"one who responds to the battle-cry on foot, foot-soldier"
ποιμήν,urn:cite2:hmt:lsj.chicago_md:n84331,military_rank,seed,0.467,0.303,0.164,842,"herdsman; shepherd; captain, chief; master, lord; NT, pastor, teacher, Je.; piemuõ; piemeñs"
στρᾰτηγ-ιάω,urn:cite2:hmt:lsj.chicago_md:n97116,military_rank,seed,0.467,0.359,0.107,207,wish to be a general; wish to make war; to be going to war
θῠρεο-κοιλίτης,urn:cite2:hmt:lsj.chicago_md:n49487,military_rank,seed,0.466,0.38,0.086,95,soldier armed with hollow
φρουρός,urn:cite2:hmt:lsj.chicago_md:n112395,military_rank,seed,0.464,0.26,0.204,487,"watcher, guard; a garrison"
ἀναρχ-ία,urn:cite2:hmt:lsj.chicago_md:n7437,military_rank,seed,0.463,0.382,0.08,513,"lack of a leader; no commander; lawlessness, anarchy; independence; a year during which there was no archon; not holding office"
πανστρᾰτιᾷ,urn:cite2:hmt:lsj.chicago_md:n77555,military_rank,seed,0.463,0.274,0.188,194,with the whole army
πρόσταξις,urn:cite2:hmt:lsj.chicago_md:n90114,military_rank,seed,0.463,0.345,0.118,632,"posting of additional troops on the wings of a phalanx; ordinance, command; command; requisition; in certain specified particulars"
ἡμι-στρᾰτιώτης,urn:cite2:hmt:lsj.chicago_md:n47285,military_rank,seed,0.459,0.269,0.19,79,half-soldier
λᾱογράφ-ος,urn:cite2:hmt:lsj.chicago_md:n61907,military_rank,seed,0.458,0.222,0.236,87,officer in charge of enrolments
πλινθ-εία,urn:cite2:hmt:lsj.chicago_md:n83878,military_rank,seed,0.454,0.238,0.215,140,brickmaking; drawing up of an army in square
σκηναρχέω,urn:cite2:hmt:lsj.chicago_md:n94763,military_rank,seed,0.452,0.328,0.124,122,to be camp-captain
σταθμ-οῦχος,urn:cite2:hmt:lsj.chicago_md:n96197,military_rank,seed,0.452,0.331,0.121,333,"keeper of a house, landlord; quartermaster; householder on whom a soldier is billeted; billeted soldier"
γυμν-ής,urn:cite2:hmt:lsj.chicago_md:n22977,military_rank,seed,0.449,0.366,0.083,338,light-armed foot-soldier; Argive serfs; Et.Gud.
προφύλ-αξ,urn:cite2:hmt:lsj.chicago_md:n90717,military_rank,seed,0.442,0.306,0.137,266,advanced guard; officer on guard
στρᾰτήγ-ημα,urn:cite2:hmt:lsj.chicago_md:n97113,military_rank,seed,0.442,0.339,0.104,386,"act of a general; piece of generalship, stratagem; trick, device; trick"
πεμπάδ-αρχος,urn:cite2:hmt:lsj.chicago_md:n80535,military_rank,seed,0.439,0.276,0.162,128,commander of a body of five
ἀρετή,urn:cite2:hmt:lsj.chicago_md:n14967,military_rank,seed,0.436,0.571,-0.135,2551,"goodness, excellence; manly; valour; brave deeds; glorious deeds, wonders, miracles; b; excellence; forms of excellence; moral virtue; good nature, kindness; productive; prosperity; active merit, good service; reward; distinction, fame; glories; praises; worship; engine of war; plaster"
ἐπιθήραρχ-ος,urn:cite2:hmt:lsj.chicago_md:n39451,military_rank,seed,0.434,0.319,0.115,72,officer commanding such a contingent
ἐπιξενᾱγ-ός,urn:cite2:hmt:lsj.chicago_md:n40371,military_rank,seed,0.431,0.291,0.14,118,officer attached to an
ἀστρᾰτήγ-ητος,urn:cite2:hmt:lsj.chicago_md:n16615,military_rank,seed,0.43,0.32,0.11,276,"never having been general; incapable of command, no general; without a general"
εἰκᾰδάρχης,urn:cite2:hmt:lsj.chicago_md:n30908,military_rank,seed,0.43,0.281,0.149,57,commander of twenty
νεό-λεκτος,urn:cite2:hmt:lsj.chicago_md:n70306,military_rank,seed,0.43,0.354,0.076,143,"newly enlisted, recruit"
ἀδί-οπος,urn:cite2:hmt:lsj.chicago_md:n1406,military_rank,seed,0.427,0.272,0.155,68,without commander
πολεμ-ητήριον,urn:cite2:hmt:lsj.chicago_md:n84415,military_rank,seed,0.427,0.268,0.159,70,head-quarters of a general
συνιππ-ία,urn:cite2:hmt:lsj.chicago_md:n100685,military_rank,seed,0.425,0.283,0.141,47,troop of horse
κολοι-άρχης,urn:cite2:hmt:lsj.chicago_md:n58661,military_rank,seed,0.421,0.248,0.172,82,"chief of jackdaws, jackdaw-general"
πύργος,urn:cite2:hmt:lsj.chicago_md:n91605,military_rank,seed,0.415,0.542,-0.127,1905,"tower; city walls; ramparts with their towers; movable tower; tower of defence; a tower of defence from; the part of a house; in which the women lived and worked; workmanʼs hut; outbuildings; part of an army drawn up in close order, column; dice-box; pyrgus."
ἁπλόος,urn:cite2:hmt:lsj.chicago_md:n12210,military_rank,seed,0.411,0.537,-0.125,2791,"twofold; single; single-soled shoes; simple, plain, straightforward; simple; simple issue; single-membered; a plain course; simple, open, frank; simple-minded; simple, silly; compound; mixed; without the article; positive; containing a single author; unalloyed, pure; bandage; absolute, sheer; simple, unqualified; general; sṃ;; jedan put; one journey; onceʼ;; vienkaršs; vienkart"
ἐγκύκλ-ιος,urn:cite2:hmt:lsj.chicago_md:n30460,military_rank,seed,0.411,0.306,0.106,1697,"circular, round; in a circle; revolving in a cycle, recurrent; required regularly; common to all citizens; ordinary, everyday; everyday; farmed out annually; commonly liable to; general; in general knowledge; tax on sales"
εἰδ-ικός,urn:cite2:hmt:lsj.chicago_md:n30855,military_rank,seed,0.411,0.455,-0.044,633,specific; infima species; specifically.; special; general; specially; formal; material
ἐπιλεκτ-άρχης,urn:cite2:hmt:lsj.chicago_md:n40009,military_rank,seed,0.411,0.242,0.169,133,commander of a picked band
καθολικός,urn:cite2:hmt:lsj.chicago_md:n51863,military_rank,seed,0.411,0.403,0.008,1477,general; generic description; praecepta; of general interest; universal; generally; in general terms; universally; supervisor of accounts; procurator a rationibus; rationalis; consularis; rationalis summarum
καθόλου,urn:cite2:hmt:lsj.chicago_md:n51867,military_rank,seed,0.411,0.341,0.071,1833,"on the whole, in general; general; kept by the central government; summae rationes; whole; in general, speaking generally; universal; commensurate; completely, entirely; at all"
κοινός,urn:cite2:hmt:lsj.chicago_md:n58429,military_rank,seed,0.411,0.561,-0.15,10306,"common; shared in common; jointly; common to; with; shared in by; shared; public, general; of public; general interest; popular, free; state; leagues; federations; private associations; guilds; corporations; boards; the government, public authorities; by public authority; by common consent; the public treasury; common right; rights; public affairs; public life; the public money; at the public expense; common funds; joint expense; common, ordinary; commonplaces; general; every-day; ordinary, ‘regular’ Greek; who use this language; colloquial, vulgar Greek; demotic; common, of inferior quality; words added at will; and so forth; connected by common origin; kindred; one who shares in; partner; belonging in part; lending a ready ear to all, impartial; neutral; arbitrators; easily accessible; courteous, affable; prostitute; more impartial; more equal; general, universal; axioms; objectively valid; abstract; of ambiguous metrical form; in common; common, profane; eye-salve; in common, jointly; publicly; sociably, like other citizens; in general; in the common dialect; in plain language; in the ordinary; wide sense; in common, by common consent; together with; in common, in public; for public use; rem in medio reliquerunt; jointly, in common"
πάν-δημος,urn:cite2:hmt:lsj.chicago_md:n77310,military_rank,seed,0.411,0.705,-0.294,929,"the whole body of; of; general; pandemic; vulgar; common, vulgar; ordinary (common)"
πᾰνήγῠρ-ις,urn:cite2:hmt:lsj.chicago_md:n77413,military_rank,seed,0.411,0.366,0.045,1387,"general; national assembly; a festal assembly; such festivals; holy-days; a; any assembly; feast; people assembled; crowd, audience"
σύμπᾱς,urn:cite2:hmt:lsj.chicago_md:n98584,military_rank,seed,0.411,0.352,0.06,1883,"all together, all at once; the whole; as a whole; general; sum; whole together; universe; whole; altogether, on the whole, in general; in all"
τῠπ-ώδης,urn:cite2:hmt:lsj.chicago_md:n105946,military_rank,seed,0.411,0.302,0.11,257,like an outline; general; superficial; summarily
σκῆπτρον,urn:cite2:hmt:lsj.chicago_md:n94808,rank_kingship_rule,seed+embed,0.774,0.525,0.249,1976,"staff; stick; staffs; supports; baton; sceptre; cudgel; royalty, kingly power; Shevet"
βᾰσῐλ-εύω,urn:cite2:hmt:lsj.chicago_md:n19549,rank_kingship_rule,seed+embed,0.769,0.563,0.206,1426,"to be king, rule, reign; was king; reigned as queen; to have become king; to be king of, rule over; to be king among; to be governed by a king; to be governed; administered; submit to the king; to be; imperial; enjoy as master; live royally; appoint as king; make; a king"
μοναρχ-ία,urn:cite2:hmt:lsj.chicago_md:n68445,rank_kingship_rule,seed+embed,0.733,0.376,0.357,538,"monarchy, government by a single ruler; supreme command"
ἡγέομαι,urn:cite2:hmt:lsj.chicago_md:n46613,rank_kingship_rule,seed+embed,0.732,0.458,0.275,5554,"go before, lead the way; precede; to go before; might guide; drive; to be antecedent; leading principle; main thing; to be; leader in; to lead; to be leader in..; lead, conduct; front; advanced; lead, command; might lead; to be in command; rule, have dominion; the rulers; leading men; to be the head; president; praeses provinciae; officials; abbot; abbess; principal; believe, hold; hold; regard; to hold; to believe in; think; deem; being led; sāg-; praesagio."
βᾰσιλ-είᾱ,urn:cite2:hmt:lsj.chicago_md:n19540,rank_kingship_rule,seed+embed,0.727,0.493,0.234,926,"kingdom, dominion; hereditary monarchy; the age of monarchies; kingly office; the office of the archon; being ruled by a king; diadem; reign; the reigns of the Kings; accession to the throne; His Majesty"
καταδῠναστ-εύω,urn:cite2:hmt:lsj.chicago_md:n53950,rank_kingship_rule,embed,0.724,0.457,0.266,524,oppress; to be oppressed; were under their; rulers; get control
βᾰσῐλ-ικός,urn:cite2:hmt:lsj.chicago_md:n19554,rank_kingship_rule,seed+embed,0.723,0.581,0.142,2844,"royal, kingly; truly kingly; art of ruling; as a king, with kingly authority; of; belonging to a king; the kingʼs friends; officers; of high-treason; to the king; kingʼs; royal; of Kings; choice; walnuts; basilica; hall; treasury; royal bank; palace; royal decree; a plaster; an eyesalve; a bandage; basil, Ocimum basilicum; communications received from kings; interests; revenues of the crown; prerogatives"
ἀριστο-κρᾰτία,urn:cite2:hmt:lsj.chicago_md:n15114,rank_kingship_rule,embed,0.718,0.503,0.216,282,"rule of the best-born, aristocracy; rule of the rich; ideal constitution, rule of the best"
τῠρανν-ίς,urn:cite2:hmt:lsj.chicago_md:n105964,rank_kingship_rule,seed+embed,0.717,0.467,0.251,858,"monarchy, sovereignty; sovereignty; despotic rule; tyranny; lordship; royal; territory; resources of a princeling; princess"
τῠρανν-εύω,urn:cite2:hmt:lsj.chicago_md:n105956,rank_kingship_rule,seed+embed,0.713,0.413,0.3,1897,"to be a monarch, absolute ruler; to become such; to be a prince; princess; to be ruler of; to be under the sway of; to be of a tyrannical disposition, be imperious"
μόναρχ-ος,urn:cite2:hmt:lsj.chicago_md:n68448,rank_kingship_rule,seed,0.688,0.451,0.237,613,"monarch, sole ruler; sole ruler; princelet, dynast; leader, general; dictator; royal"
κράν-τωρ,urn:cite2:hmt:lsj.chicago_md:n59650,rank_kingship_rule,seed,0.687,0.427,0.259,148,"ruler, sovereign"
κρείων,urn:cite2:hmt:lsj.chicago_md:n59796,rank_kingship_rule,seed,0.685,0.453,0.233,807,"ruler, lord, master; queen"
εὐγένεια,urn:cite2:hmt:lsj.chicago_md:n43537,rank_kingship_rule,seed,0.681,0.49,0.191,700,"nobility of birth; pure breeding; nobleness; excellence; elevation, nobility"
ἐξάρχ-ων,urn:cite2:hmt:lsj.chicago_md:n36957,rank_kingship_rule,seed,0.674,0.445,0.229,149,"ruler, president; Inschriften der jüdischen Katakombe am Monteverde"
λᾱο-μέδων,urn:cite2:hmt:lsj.chicago_md:n61916,rank_kingship_rule,seed,0.666,0.35,0.316,70,ruler of the people
ἀβασίλευτος,urn:cite2:hmt:lsj.chicago_md:n58,rank_kingship_rule,seed,0.665,0.394,0.27,132,not ruled by a king; free from rule
πρῠτᾰν-ις,urn:cite2:hmt:lsj.chicago_md:n90855,rank_kingship_rule,seed,0.665,0.46,0.205,1624,"ruler, lord; member of the tribe presiding in; a; officials of the; chief magistrate; chief priest; president"
δῠνάστ-ης,urn:cite2:hmt:lsj.chicago_md:n28582,rank_kingship_rule,seed,0.661,0.442,0.219,330,"lord, master, ruler; the chief men; petty chief, princelet"
μέδω,urn:cite2:hmt:lsj.chicago_md:n65584,rank_kingship_rule,seed,0.655,0.465,0.19,1244,"protect, rule over; lord, ruler; lord; provide for, be mindful of; plan, contrive, devise; modus; med-dix"
αἰσυμν-ητήρ,urn:cite2:hmt:lsj.chicago_md:n2697,rank_kingship_rule,seed,0.654,0.381,0.273,76,"ruler, prince"
ἀντιβᾰσῐλεύω,urn:cite2:hmt:lsj.chicago_md:n9798,rank_kingship_rule,seed,0.651,0.483,0.169,68,reign as a rival king
παγ-κοίρᾰνος,urn:cite2:hmt:lsj.chicago_md:n76461,rank_kingship_rule,seed,0.635,0.45,0.185,80,supreme ruler
πολίαρχ-ος,urn:cite2:hmt:lsj.chicago_md:n84457,rank_kingship_rule,seed,0.63,0.314,0.316,265,"ruler of a city, prince; praefectus urbi"
ὑπεροχ-ή,urn:cite2:hmt:lsj.chicago_md:n107773,rank_kingship_rule,seed,0.628,0.55,0.078,2387,"projection, prominence; prominent points; top; an eminence; rising; raising; pre-eminence, superiority; superiority in; superiority; excess; exceeds; supremacy, authority, dignity; periphrasis. prolixity; Excellency"
Ὀροσάγγαι,urn:cite2:hmt:lsj.chicago_md:n75309,rank_kingship_rule,seed,0.626,0.438,0.187,139,the Benefactors of the King; bodyguard
γενν-αιότης,urn:cite2:hmt:lsj.chicago_md:n21900,rank_kingship_rule,seed,0.624,0.442,0.182,230,the character of a; nobility; fertility; noble birth; high spirit
πρόσχημα,urn:cite2:hmt:lsj.chicago_md:n90371,rank_kingship_rule,seed,0.624,0.442,0.182,1839,"that which is held before; that which is held before to cover, screen, cloak; pretence, pretext; the ground; a pretence; show; pretend; as a screen; disguise; by way of pretext; appearances; preface; ornament; dignity; nobility; the pomp; pomp; outward appearance; aspect; costume, uniform"
ἄρχω,urn:cite2:hmt:lsj.chicago_md:n16051,rank_kingship_rule,seed,0.614,0.575,0.039,5332,"to be first; begin, make a beginning; to be the aggressor; to begin oneʼs; to open; make a beginning of; strike the first; beginning with; begin from; with; even; including; begin; show; lead; take the lead!; at first; at the beginning; rule, govern, command; rule, be leader of; held command; led; on; rule; hold a magistracy; to be archon; to be ruled, governed; subjects"
δεσποτ-ικός,urn:cite2:hmt:lsj.chicago_md:n24208,rank_kingship_rule,seed,0.61,0.43,0.18,878,"of; for a master; that befall oneʼs master; masterʼs; Imperial; fitted to rule; inclined to tyranny, despotic; tyrannical; exercising despotic power over"
ἀνακτόριος,urn:cite2:hmt:lsj.chicago_md:n6832,rank_kingship_rule,seed,0.607,0.358,0.25,231,"belonging to a lord; king, royal"
δεσπότ-ης,urn:cite2:hmt:lsj.chicago_md:n24206,rank_kingship_rule,seed,0.605,0.392,0.212,1209,"master, lord; the master of the house; despot, absolute ruler; Emperors; dominant planet; master, lord, owner; Chiefs"
τύραννος,urn:cite2:hmt:lsj.chicago_md:n105974,rank_kingship_rule,seed,0.596,0.419,0.177,2615,"an absolute ruler; monarchs; chief, princeling; tyrants; monarchical party; members of the rulerʼs family; the queen; the kingʼs daughter, princess; supreme; golden-crested wren, Regulus cristatus; kingly, royal; as a king; the kingʼs; royal; the royal house; imperious, despotic"
εὐπᾰτρίδης,urn:cite2:hmt:lsj.chicago_md:n44713,rank_kingship_rule,seed,0.595,0.37,0.225,690,"of good or noble sire, of noble family; old aristocracy; Patricians"
ἐπικηρ-ύσσω,urn:cite2:hmt:lsj.chicago_md:n39715,rank_kingship_rule,seed,0.594,0.368,0.226,1075,"proclaim; proclaimed king; set; on; issue; set upon oneʼs head; proscribed; person, outlaw; offer as a reward; put up to public auction"
μονό-σκηπτρος,urn:cite2:hmt:lsj.chicago_md:n68648,rank_kingship_rule,seed,0.593,0.407,0.185,132,wielding the sceptre alone; monarchic
ἡγεμον-ία,urn:cite2:hmt:lsj.chicago_md:n46606,rank_kingship_rule,seed,0.592,0.515,0.077,1659,"leading the way, going first; example; authority, rule; presidency; headship; political supremacy; political leadership; imperium; reign of an Emperor; office of prefect; military unit, regiment; commands; chief thing, principal part; a principality; a Roman governorship; tenure of office of a governor; Government"
τῠρανν-ικός,urn:cite2:hmt:lsj.chicago_md:n105963,rank_kingship_rule,seed,0.591,0.422,0.169,1179,"of; for a; royal; of kings; befitting a tyrant, despotic; that befall a tyrant; smacking of tyranny; in favour of tyranny; the period of the tyrants; tyrannical; fit for tyrannical government"
ἐξουσ-ία,urn:cite2:hmt:lsj.chicago_md:n37650,rank_kingship_rule,seed,0.585,0.572,0.013,1902,"power, authority; permission; freedom permitted; power; control; power over, licence in; qualification for..; abuse of authority, licence, arrogance; licence; office, magistracy; consulate; quaestorship; lordship; body of magistrates; authorities; abundance of means, resources; excessive wealth; pomp"
ἰσο-βᾰσῐλεύς,urn:cite2:hmt:lsj.chicago_md:n50999,rank_kingship_rule,seed,0.581,0.279,0.302,69,equal to a king
αὐτο-κρᾰτορία,urn:cite2:hmt:lsj.chicago_md:n17770,rank_kingship_rule,seed,0.575,0.405,0.171,149,sovereignty; reign of an Emperor
φῠή,urn:cite2:hmt:lsj.chicago_md:n112496,rank_kingship_rule,seed,0.571,0.522,0.049,1767,"growth, stature; fine growth, noble stature; in size; growth; original form; nature, genius; the flower; prime of age; substance; the race; produce; harvest"
κοσμο-κράτωρ,urn:cite2:hmt:lsj.chicago_md:n59324,rank_kingship_rule,seed,0.565,0.422,0.143,516,lord of the world; ruler of the; planet; cosmic rulers
τῠραννοκτον-έω,urn:cite2:hmt:lsj.chicago_md:n105968,rank_kingship_rule,seed,0.565,0.446,0.118,162,slay a tyrant; to be slain as a tyrant
μεδέων,urn:cite2:hmt:lsj.chicago_md:n65580,rank_kingship_rule,seed,0.563,0.52,0.042,1319,"guardian, ruler; ruling; ruler; guardian goddess"
οἰκοδεσπότ-ης,urn:cite2:hmt:lsj.chicago_md:n72316,rank_kingship_rule,seed,0.562,0.366,0.196,515,master; steward of a house; native ruler; owner of a domicile
προ-στᾰσία,urn:cite2:hmt:lsj.chicago_md:n90118,rank_kingship_rule,seed,0.562,0.424,0.137,1946,"standing in front; standing before; at the head of, leadership; chieftainship, presidency; leadership, authority; authority; dignity; governorship; praefectura; superintendence, care, charge; taking up a charge; management; outward dignity, pomp, show; patronage, protection; patronatus; patrocinium; partisanship; collusion, champerty; place before a building, court"
γενν-αῖος,urn:cite2:hmt:lsj.chicago_md:n21899,rank_kingship_rule,seed,0.561,0.395,0.166,1916,"true to oneʼs birth; descent; high-born, noble; well-bred; noble in mind, high-minded; noble; very good; good of their kind, excellent; great; genuine, intense; violent; nobly"
οἰκο-τύραννος,urn:cite2:hmt:lsj.chicago_md:n72371,rank_kingship_rule,seed,0.56,0.437,0.123,68,domestic tyrant
βᾰσίλ-ειος,urn:cite2:hmt:lsj.chicago_md:n19545,rank_kingship_rule,seed,0.558,0.325,0.233,755,royal; the kingʼs; of the archon; basilica; choice
ἄρχων,urn:cite2:hmt:lsj.chicago_md:n16052,rank_kingship_rule,seed,0.557,0.52,0.037,963,"ruler, commander; chief, king; chief magistrate; the authorities; eponymous magistrate of the year; consul; governor; praefectus; magistrate, official; ruler; president"
δίοπος,urn:cite2:hmt:lsj.chicago_md:n27232,rank_kingship_rule,seed,0.557,0.378,0.18,206,"ruler, commander; captain of a ship"
δύνᾰμαι,urn:cite2:hmt:lsj.chicago_md:n28566,rank_kingship_rule,seed,0.557,0.483,0.074,5881,"to be able, strong enough; canst; powerful, mighty; multum valet; men of power, rank, and influence; having influence; one that can maintain himself; potentialities; to be able, dare, bear; enjoy a legal right; could; possibly can; to be equivalent to; that are as good as; to be worth; pass, be current; to be equal; equivalent to; will be equivalent to; signify, mean; is equivalent to; avail to produce; brings; mean, ‘spell’; mean; to be equivalent when squared to; are the roots; the square on; is greater; square on; representing; square roots; in the roots; powers; hypotenuse; come to; it cannot be, is not to be; it is possible"
κραίνω,urn:cite2:hmt:lsj.chicago_md:n59589,rank_kingship_rule,seed,0.554,0.487,0.067,3226,"ṇ-y; accomplish, fulfil; accomplish; give true; come true; to be accomplished, brought to pass; hath been cast; was perfected; ordain; finishing [the tale of; exercise sway, reign; sway; reign over, govern; dominate; come to an end, result; culminate, be at its worst; terminate; extend"
βᾰσῐλ-ίζω,urn:cite2:hmt:lsj.chicago_md:n19553,rank_kingship_rule,seed,0.552,0.327,0.225,263,"to be of the kingʼs party; affect, assume the state of a king"
ἐθν-άρχης,urn:cite2:hmt:lsj.chicago_md:n30804,rank_kingship_rule,seed,0.552,0.407,0.145,383,ruler of a tribe; nation; sheikh; ruling over nations
αἰσυμν-ήτης,urn:cite2:hmt:lsj.chicago_md:n2698,rank_kingship_rule,seed,0.551,0.404,0.147,459,"judge, umpire; overseer, bailiff; ruler chosen; elective monarch; dictator"
βᾰθυ-χάϊος,urn:cite2:hmt:lsj.chicago_md:n19112,rank_kingship_rule,seed,0.551,0.378,0.173,91,of old nobility
βᾰσῐλ-εύς,urn:cite2:hmt:lsj.chicago_md:n19546,rank_kingship_rule,seed,0.551,0.335,0.217,3752,"king, chief; captain; judge; hereditary king; king; more kingly; God; prince; descendant of a royal house; of the royal house’; lord, master; the second of the nine Archons; rex sacrorum; the king of Persia; kings; emperors; great man; first; most distinguished of any class; winner; sage; choice; wren; queen-bee"
ἐπιστᾰσία,urn:cite2:hmt:lsj.chicago_md:n40974,rank_kingship_rule,seed,0.548,0.437,0.111,467,"attention, care; attention; recognition; authority, dominion; dominion over"
ἀστῠ-θεμις,urn:cite2:hmt:lsj.chicago_md:n16697,rank_kingship_rule,seed,0.543,0.432,0.111,55,just ruler of cities
ἀρχή,urn:cite2:hmt:lsj.chicago_md:n15893,rank_kingship_rule,seed,0.542,0.72,-0.178,4332,"beginning, origin; a foundation; source; the beginning; the first; of old; anew, afresh; original; principal sum; first; to begin with, at first; at all; first principle, element; practical principle; principles; end, corner; origin; branch; sum, total; vital organs; first place; power, sovereignty; power over; method of government; empire, realm; magistracy, office; an office; term of office; the authorities, the magistrates; magistrate; authority; command; body of troops; heavenly powers; powers of evil"
κατατῠραννέω,urn:cite2:hmt:lsj.chicago_md:n55453,rank_kingship_rule,seed,0.541,0.443,0.098,70,to be tyrant over
δαιμονι-άρχης,urn:cite2:hmt:lsj.chicago_md:n23227,rank_kingship_rule,seed,0.538,0.351,0.187,71,ruler of demons
δαιμονο-τάκτης,urn:cite2:hmt:lsj.chicago_md:n23241,rank_kingship_rule,seed,0.538,0.351,0.187,93,ruler of demons
βάθρον,urn:cite2:hmt:lsj.chicago_md:n19013,rank_kingship_rule,seed,0.535,0.386,0.148,1184,"that on which anything steps; stands; base, pedestal; throne; stage, scaffold; solid base; house; foundations; firm; utterly; step; rung of a ladder; bench, seat; seats; machine for reducing dislocation; the verge"
δίφρος,urn:cite2:hmt:lsj.chicago_md:n27618,rank_kingship_rule,seed,0.535,0.386,0.148,906,"chariot-board; two; chariot; travelling-car; litter; seat, couch, stool; sella curulis; seat of office; throne; night-stool"
ἕδρ-α,urn:cite2:hmt:lsj.chicago_md:n30700,rank_kingship_rule,seed,0.535,0.505,0.029,2668,"sitting-place; seat, chair, stool, bench; seat of honour; throne; seat, abode; sanctuary, temple; station; seat; place; right place; wriggle; base; the back; on which the rider sits; quarters; sitting; sitting still; inactivity, delay; position; place occupied by; sitting, session; the sitting; quietude; a sitting; seat, breech, fundament; rump; face"
εὔθρονος,urn:cite2:hmt:lsj.chicago_md:n44015,rank_kingship_rule,seed,0.535,0.386,0.148,174,with beautiful seat; throne
καθέδρ-α,urn:cite2:hmt:lsj.chicago_md:n51723,rank_kingship_rule,seed,0.535,0.386,0.148,908,"seat; form; chair; seats; sitting part, posteriors; base; sitting posture; sitting idle, inaction; session; professorial chair; throne"
κύριος,urn:cite2:hmt:lsj.chicago_md:n61056,rank_kingship_rule,seed,0.535,0.534,0.0,6278,"having power; authority over; in possession of; with power of; have authority; am entitled; better able; having authority, supreme; sovereign power; supreme authorities; sovereign; principal; authoritative, decisive; of more authority; important, principal; most important matters; valid; ordained, appointed; appointed; legitimate, lawful; lawful power; proper, real; real; actual; current, ordinary; current; most ordinary; proper, personal; lord, master; head; master; guardian; guardian, trustee; sir; mistress, lady of the house; madam; Yahweh"
ποικῐλό-διφρος,urn:cite2:hmt:lsj.chicago_md:n84281,rank_kingship_rule,seed,0.535,0.386,0.148,117,with chariot; throne; richly dight
τῑμ-ή,urn:cite2:hmt:lsj.chicago_md:n103975,rank_kingship_rule,seed,0.535,0.676,-0.141,4541,"worship, esteem, honour; honours; due regard; paid to them by; the honour due; with honour, honourably; a mark of honour; honour, dignity, lordship; prerogative; special attribute; prerogatives; a dignity, office, magistracy; civic honours; office; office, task; a person in authority, an authority; authorities; present of honour, compliment, offering; reward, present; worth, value, price; a price; prices; value; valuation, estimate; compensation, satisfaction, penalty; it; penalty"
ἄνα,urn:cite2:hmt:lsj.chicago_md:n6215,rank_kingship_rule,seed,0.534,0.323,0.211,332,king
βαλλήν,urn:cite2:hmt:lsj.chicago_md:n19273,rank_kingship_rule,seed,0.534,0.323,0.211,294,king
ἐσσήν,urn:cite2:hmt:lsj.chicago_md:n42954,rank_kingship_rule,seed,0.534,0.323,0.211,411,priest of Artemis; king; king bee; queen bee
ἰσ-άρχων,urn:cite2:hmt:lsj.chicago_md:n50934,rank_kingship_rule,seed,0.534,0.384,0.149,78,equitable ruler
κοαλδδεῖν,urn:cite2:hmt:lsj.chicago_md:n58252,rank_kingship_rule,seed,0.534,0.323,0.211,45,king
ἄνα1,urn:cite2:hmt:lsj.chicago_md:n6214,rank_kingship_rule,seed,0.534,0.323,0.211,261,king
πᾰν-άρχων,urn:cite2:hmt:lsj.chicago_md:n77271,rank_kingship_rule,seed,0.532,0.396,0.136,62,ruler of all
πᾰν-ηγεμών,urn:cite2:hmt:lsj.chicago_md:n77407,rank_kingship_rule,seed,0.532,0.396,0.136,56,ruler of all
ἀρχοντ-ικός,urn:cite2:hmt:lsj.chicago_md:n16043,rank_kingship_rule,seed,0.531,0.451,0.08,223,of an archon; of a ruler; ex-archon
αἰωνο-πολοκράτωρ,urn:cite2:hmt:lsj.chicago_md:n2821,rank_kingship_rule,seed,0.529,0.316,0.212,86,eternal ruler of the heavens
ὁμό-τῑμος,urn:cite2:hmt:lsj.chicago_md:n73862,rank_kingship_rule,seed,0.529,0.53,-0.001,829,"equally valued; honoured, held in equal honour; with; having an equal share in; chief nobles, peers; equal in degree; no less than..,"
παραβᾰσῐλεύω,urn:cite2:hmt:lsj.chicago_md:n77775,rank_kingship_rule,seed,0.527,0.34,0.187,152,"reign beside, be co-regent; govern ill; commit treason"
αὐταρχ-έω,urn:cite2:hmt:lsj.chicago_md:n17563,rank_kingship_rule,seed,0.526,0.404,0.123,74,to be an absolute ruler
αὐτο-κράτωρ,urn:cite2:hmt:lsj.chicago_md:n17775,rank_kingship_rule,seed,0.522,0.438,0.085,1341,"oneʼs own master:; free, independent; that has come of age; possessing full powers, plenipotentiary; absolute; at their pleasure; Dictator; Imperator; the Emperor; peremptory; complete master of; having full liberty to; having full power"
τῠρανν-ητέον,urn:cite2:hmt:lsj.chicago_md:n105959,rank_kingship_rule,seed,0.522,0.355,0.167,64,one must be tyrant
κατεξ-ουσία,urn:cite2:hmt:lsj.chicago_md:n55783,rank_kingship_rule,seed,0.517,0.474,0.043,241,"sovereignty, dominion; power over"
ἀρχέτας,urn:cite2:hmt:lsj.chicago_md:n15884,rank_kingship_rule,seed,0.514,0.347,0.167,131,"leader, prince; princely"
ἀνάσσω,urn:cite2:hmt:lsj.chicago_md:n7504,rank_kingship_rule,seed,0.513,0.521,-0.008,1616,"to be lord, master; to be lord, hold sway in..; to be lord of..; to be master of; the kings; to have been king; to be ruled; lord of; is held as lord"
βεβαι-ωτής,urn:cite2:hmt:lsj.chicago_md:n19727,rank_kingship_rule,seed,0.512,0.419,0.093,361,one who gives assurance of; authority; confirmatory; surety; warrantor
κῡρι-ότης,urn:cite2:hmt:lsj.chicago_md:n61057,rank_kingship_rule,seed,0.512,0.419,0.093,249,"dominion; authority; proper, legitimate use of a term; proprietas"
λέγω,urn:cite2:hmt:lsj.chicago_md:n62205,rank_kingship_rule,seed,0.512,0.432,0.08,10190,"pick up; gather, pick up; picking out stones for building; gather for oneself; choose for oneself, pick out; to be chosen; count, tell; counted; reckoned myself; told him over; was counted; count; recount, tell over; repeated; tell the tale; say, speak; oral; speak, say on; say, declare; indicates; express; say; speak of; of; speak; revile; call by name; call; tell, command; say something; speak to the point; purpose; am I right; has; meaning; authority; nonsense; say what is not, lie; good news!, that is well; you are right; and what is more; wish to say, mean; does; mean?; do you mean; sense do you say this? Ap.; do we mean to say? Grg.; mean; I mean; use the term; they say; it is said; was said; as the saying goes; so-called; of whom it is said; plead; boast of, tell of; sing of; recite; lego, read; send word; maintain; nominate; dicere [dictatorem; lègo, legio, legulus"
παρατίθημι,urn:cite2:hmt:lsj.chicago_md:n78926,rank_kingship_rule,seed,0.512,0.419,0.093,4462,"place beside; set before, serve up; the serving-men; meats set before one; put to the breast; provide, furnish; would place; at my disposal !; expose for sale; place upon; lay before; explain; allege, produce; put; provide side by side; set side by side, compare; place side by side, juxtapose; form a compound; deposit; set before oneself, have set before one; who fare; have; set before; provide for oneself, supply oneself with; deposit what belongs to one; give in charge; give a person in charge to; commend; commit; store up; venture, stake, hazard; apply; of oneʼs own to; employ; cite in oneʼs own favour, cite as evidence; authority; mention; quote; quote instances; affix, apply a name; explain, allege"
προεδρ-ία,urn:cite2:hmt:lsj.chicago_md:n87137,rank_kingship_rule,seed,0.512,0.419,0.093,1372,"privilege of the front seats; authority; precedence, place; attention, respectful treatment; care; front seat; a chair of state; seats of the"
προστᾰτ-εύω,urn:cite2:hmt:lsj.chicago_md:n90125,rank_kingship_rule,seed,0.512,0.427,0.086,654,"to be leader; ruler of; exercise authority; to have authority for providing; provide; take care; hold office of; to be guardian of, regent for"
προφέρω,urn:cite2:hmt:lsj.chicago_md:n90671,rank_kingship_rule,seed,0.512,0.419,0.093,4059,"bring before; to; present; cast; in; teeth; throw in; teeth, bring forward, allege; reproach; utter; proclaim; publish; lays down; bring forward, cite; putting forward; authority; citing by way of example; pleading..; cite; recite; propose as a task; it having been commanded; bring forward, display; show; challenge; bring out; should be produced..; carry off, sweep away; put; move forward; carry forward, pass on; promote, further; furthers; conduce, help; surpass, excel; surpassing; bring forth; carry before"
σθένος,urn:cite2:hmt:lsj.chicago_md:n93917,rank_kingship_rule,seed,0.512,0.449,0.063,1805,"strength, might; bodily strength; strength; force; by force; might; oneʼs might; strength, might, power; authority; a force; quantity, profusion"
ὑποστέλλω,urn:cite2:hmt:lsj.chicago_md:n109210,rank_kingship_rule,seed,0.512,0.419,0.093,3179,"draw in, contract; made; furl; tuck down; closed; reduce; to be reduced; to be limited; draw back for shelter; shelter; behind; cover; to be reduced in size; to be subordinate; draw back; drew back; a little in the rear; not projecting beyond; take away, remove; to be excepted; belong; fall within; authority; to be subjected; place restrictions on oneself; another, reduce diet; abstain from; avoid; shrink from; stuck at; shrink before, hold in undue awe; hold back; refrain from saying; with; reserve; make reservations; delitesco"
φροντ-ίς,urn:cite2:hmt:lsj.chicago_md:n112368,rank_kingship_rule,seed,0.512,0.51,0.002,2617,"thought, care, attention; thought; thought, reflection, meditation; a-thinking; thoughts; thoughtfully; speculations; care, anxiety; matter; cares, worries; heartʼs desire; hypochondria; power of thought, mind; authority; guardianship; office, function, department; portion of land entrusted"
ἀρχικός,urn:cite2:hmt:lsj.chicago_md:n15962,rank_kingship_rule,seed,0.509,0.43,0.079,1301,"of; for rule, royal; official; presents demanded by officials on entering office; fit for rule, command; office; having served as magistrates; dominant, sovereign; sovereign; principal; belonging to; primal, original; commences with"
δημο-τελής,urn:cite2:hmt:lsj.chicago_md:n24456,rank_kingship_rule,seed,0.508,0.32,0.189,412,"at the public cost; with public authority, sovereign"
βᾰσῐλ-ίς,urn:cite2:hmt:lsj.chicago_md:n19558,rank_kingship_rule,seed,0.506,0.326,0.181,673,"queen, princess; princess; royal; kingdom"
θρόνος,urn:cite2:hmt:lsj.chicago_md:n49205,rank_kingship_rule,seed,0.506,0.372,0.134,1071,"seat, chair; throne, chair of state; kingʼs estate; dignity; oracular seat; chair of a teacher; judgeʼs bench; favourable combination of planetary positions; bread"
ἐπίκειμαι,urn:cite2:hmt:lsj.chicago_md:n39661,rank_kingship_rule,seed,0.504,0.384,0.12,2813,"to be laid upon; to be put to; closed; to be placed, lie in; on; lying off; off the coast; lies; across; to; be laid upon; press upon, be urgent; press upon; attack; to be urgent against; hang over; imposed; to be imposed; suitable to the purpose, pointed; to be set in authority; with; set thereon; on oneʼs head; bore; upon; fitted with; exposed to.."
νοητάρχης,urn:cite2:hmt:lsj.chicago_md:n70919,rank_kingship_rule,seed,0.499,0.315,0.185,84,ruler of the world of Intelligence
πᾱσῐ-άναξ,urn:cite2:hmt:lsj.chicago_md:n79908,rank_kingship_rule,seed,0.499,0.296,0.203,168,universal king; Tab.Defix. Aud.
μέγᾰς,urn:cite2:hmt:lsj.chicago_md:n65552,rank_kingship_rule,seed,0.498,0.426,0.072,7914,"big; full-grown; elder; vast, high; wide; long; great, mighty; to greatness; strong; epilepsy; great, loud; great; difficult; weighty, important; of great importance; great importance; most important; most pressing; large; over-great; impressive; more striking; greatly, mightily; very much, exceedingly; all; loudly; far; by far; greater, longer, taller; too great; the elder; headman; the higher authority; nothing whatever; majmán; magnus; mikils"
ἀνάξιος,urn:cite2:hmt:lsj.chicago_md:n7115,rank_kingship_rule,seed,0.496,0.269,0.227,68,"kingly, royal"
ἀρχοντ-ιάω,urn:cite2:hmt:lsj.chicago_md:n16042,rank_kingship_rule,seed,0.491,0.378,0.113,77,wish to be ruler
εὔεδρος,urn:cite2:hmt:lsj.chicago_md:n43719,rank_kingship_rule,seed,0.49,0.348,0.142,582,on stately throne; a firm; well-poised; well-fitting; easy to sit; in a right; lucky place; appearing in a lucky quarter
ἐμβᾰσῐλεύω,urn:cite2:hmt:lsj.chicago_md:n33967,rank_kingship_rule,seed,0.489,0.313,0.176,263,to be king in; among
αἰνο-τύραννος,urn:cite2:hmt:lsj.chicago_md:n2572,rank_kingship_rule,seed,0.488,0.336,0.152,57,dreadful tyrant
κρᾰτ-έω,urn:cite2:hmt:lsj.chicago_md:n59708,rank_kingship_rule,seed,0.487,0.521,-0.033,5925,"to be strong, powerful; rule, hold sway; sway; the ruler; lady of the house; rule among; rule in; to be lord; master of, rule over; to be master of; to be above; conquer, prevail, get the upper hand; prevail; in; conquerors; to be superior; to be the best; prevail, become current; prevail so that; ʼtis better to; conquer, prevail over; get the better of; surpassed, went beyond; is better than; digest, assimilate; conquer, master; outdo; surpass; to be overcome; become master of, get possession of; have; at command, remember; master; to be mastered; lay hold of; seize, win and keep; seize, hold fast, arrest; secure, grasp; hold up, support; maintain; hold fast; keep, retain; b; has been reserved; settled; possess a title to; sequester, place under embargo; hold in the hand; endure, put up with; control, command; controlled; repair, make good"
μοναρχ-έω,urn:cite2:hmt:lsj.chicago_md:n68443,rank_kingship_rule,seed,0.486,0.369,0.117,351,to be sovereign; kingʼs; hold the office of
ἔφορος,urn:cite2:hmt:lsj.chicago_md:n45843,rank_kingship_rule,seed,0.484,0.341,0.143,685,"overseer, guardian, ruler; the ephors"
ποικῐλό-θρονος,urn:cite2:hmt:lsj.chicago_md:n84283,rank_kingship_rule,seed,0.484,0.364,0.121,94,on richly-worked throne
ἐξουσ-ιάζω,urn:cite2:hmt:lsj.chicago_md:n37651,rank_kingship_rule,seed,0.483,0.509,-0.026,467,exercise authority; have power; exercise authority over; to be held under authority; enjoy licence
τῠραννοκτον-ία,urn:cite2:hmt:lsj.chicago_md:n105969,rank_kingship_rule,seed,0.483,0.403,0.08,127,the slaying of a tyrant
κτίσ-ις,urn:cite2:hmt:lsj.chicago_md:n60383,rank_kingship_rule,seed,0.482,0.414,0.068,470,"founding, settling; achievement; creation; created thing, creature; authority created; ordained"
ἐκβᾰσῐλίζομαι,urn:cite2:hmt:lsj.chicago_md:n31713,rank_kingship_rule,seed,0.477,0.311,0.165,147,to be raised to royal rank
ἀγησί-λᾱος,urn:cite2:hmt:lsj.chicago_md:n508,rank_kingship_rule,seed,0.476,0.384,0.092,497,leader of the people
δήμιος,urn:cite2:hmt:lsj.chicago_md:n24386,rank_kingship_rule,seed,0.476,0.352,0.124,774,belonging to the people; elected by the people; public; at the public cost; the sovereign people; public executioner; public physician
κοιρᾰν-έω,urn:cite2:hmt:lsj.chicago_md:n58463,rank_kingship_rule,seed,0.476,0.404,0.072,597,"to be lord; master, rule, command; to be lord of; lead, arrange"
λᾱγέτᾱς,urn:cite2:hmt:lsj.chicago_md:n61506,rank_kingship_rule,seed,0.476,0.384,0.092,130,leader of the people
τῠραννο-δαίμων,urn:cite2:hmt:lsj.chicago_md:n105965,rank_kingship_rule,seed,0.476,0.312,0.165,107,tyrant more than human
πρεσβ-εῖον,urn:cite2:hmt:lsj.chicago_md:n86283,rank_kingship_rule,seed,0.472,0.556,-0.084,741,"gift of honour; privilege of age; privilege; prerogatives; as a privilege; chief share; sovereignty; right of the eldest, his share of the inheritance; old age"
ἀγλαό-θρονος,urn:cite2:hmt:lsj.chicago_md:n641,rank_kingship_rule,seed,0.467,0.373,0.095,115,"with splendid throne, bright-throned"
δημᾰγωγ-έω,urn:cite2:hmt:lsj.chicago_md:n24349,rank_kingship_rule,seed,0.464,0.465,-0.001,727,"to be a leader of the people; curry favour with; to be won over, conciliated by popular arts; introduce; so as to win popularity; make; popular"
εὔπᾰτρις,urn:cite2:hmt:lsj.chicago_md:n44714,rank_kingship_rule,seed,0.46,0.318,0.142,416,born of a noble sire; derived from those of noble birth; magistratus patricii; patricia
ἵζω,urn:cite2:hmt:lsj.chicago_md:n50158,rank_kingship_rule,seed,0.46,0.404,0.056,3524,"si-sd-ō; e-sed-s-; make to sit, seat, place, set; set; laid; settled; having caused; to sit; thou didst throne; set up and dedicate; sit, sit down; sat; sit still, be quiet; sink; sit; Papers of Amer.Sch.at Athens; lie in ambush; take up a position; settle down, subside"
προΐστημι,urn:cite2:hmt:lsj.chicago_md:n87583,rank_kingship_rule,seed,0.458,0.405,0.053,3978,"set before; put; in the way; set over; exhibit publicly, prostitute; before oneself, choose as oneʼs leader; take as oneʼs guardian; put before one, put in front; put forward as an excuse; pretence, use as a screen; forward, cite; as an authority; prefer, value above; establish; before; manifest; come forward; approach; stand so as to face; stand in public, be a prostitute; to be set over, be at the head of; to be chief; leader of a party; to be; ringleader; head; the leading men; govern, direct; you do; manage; stand before; to guard; support, succour; the champion; protector; were the authors of.."
θῐᾰσ-αρχέω,urn:cite2:hmt:lsj.chicago_md:n48852,rank_kingship_rule,seed,0.455,0.378,0.077,85,to be leader of a
αὐθεντ-ικός,urn:cite2:hmt:lsj.chicago_md:n17370,rank_kingship_rule,seed,0.453,0.355,0.098,498,"principal; warranted, authentic; original; authoritative; loqui; nuntiabatur; with higher authority"
ἀφηγ-έομαι,urn:cite2:hmt:lsj.chicago_md:n18258,rank_kingship_rule,seed,0.452,0.418,0.034,668,"lead the way from; lead the way, go first; the van; to be leader of; taking up his command; tell, relate; assert; what has been told"
ἀρχηγ-ετεύω,urn:cite2:hmt:lsj.chicago_md:n15896,rank_kingship_rule,seed,0.45,0.349,0.101,64,to be chief leader
ὑπομνημᾰτ-ισμός,urn:cite2:hmt:lsj.chicago_md:n108806,rank_kingship_rule,seed,0.45,0.374,0.076,886,"memorandum; minute; royal decree; official diary; records; a decree of the Areopagus; written records; note-taking; memoirs, annals; treatise; commentary"
τῠραννοκτον-ικός,urn:cite2:hmt:lsj.chicago_md:n105970,rank_kingship_rule,seed,0.449,0.364,0.084,95,of; for the slaying of a tyrant
ὑποπέζιος,urn:cite2:hmt:lsj.chicago_md:n108913,rank_kingship_rule,seed,0.448,0.277,0.171,222,inferior in rank; subordinate; humiliation
ἡγ-ησίπολις,urn:cite2:hmt:lsj.chicago_md:n46622,rank_kingship_rule,seed,0.442,0.348,0.094,70,leader of the state
ἀρχέ-λᾱος,urn:cite2:hmt:lsj.chicago_md:n15869,rank_kingship_rule,seed,0.441,0.37,0.071,133,"leading the people, chief"
ὁμο-τύραννος,urn:cite2:hmt:lsj.chicago_md:n73880,rank_kingship_rule,seed,0.439,0.332,0.107,72,fellow-tyrant
συντῠρανν-ος,urn:cite2:hmt:lsj.chicago_md:n101095,rank_kingship_rule,seed,0.439,0.332,0.107,55,fellow-tyrant
βᾶ,urn:cite2:hmt:lsj.chicago_md:n18951,rank_kingship_rule,seed,0.438,0.279,0.16,150,king!; baa!; baaing
ἱππιάναξ,urn:cite2:hmt:lsj.chicago_md:n50717,rank_kingship_rule,seed,0.438,0.33,0.108,78,king of horsemen
κοινο-τελής,urn:cite2:hmt:lsj.chicago_md:n58432,rank_kingship_rule,seed,0.438,0.328,0.11,100,with the authority of the state
κῡρι-ακός,urn:cite2:hmt:lsj.chicago_md:n61043,rank_kingship_rule,seed,0.438,0.367,0.071,608,of; for an owner; master; of the Roman Emperor; the fiscus; belonging to the Lord (Christ; the Lordʼs Supper; the Lordʼs day; the Lordʼs house
ἰχθῠ-μέδων,urn:cite2:hmt:lsj.chicago_md:n51460,rank_kingship_rule,seed,0.437,0.309,0.128,60,king of fish
βρᾰβ-εύς,urn:cite2:hmt:lsj.chicago_md:n20744,rank_kingship_rule,seed,0.436,0.35,0.086,429,"judge at the games; judge, arbitrator, umpire; chief, leader; author"
Αἴγυπτος,urn:cite2:hmt:lsj.chicago_md:n2224,rank_kingship_rule,seed,0.435,0.46,-0.025,173,the river Nile; King Aegyptus; Egypt; to Egypt
ἀγός,urn:cite2:hmt:lsj.chicago_md:n796,rank_kingship_rule,seed,0.432,0.35,0.083,163,"leader, chief"
ἀρχηγ-έτης,urn:cite2:hmt:lsj.chicago_md:n15898,rank_kingship_rule,seed,0.432,0.424,0.008,1122,"first leader, author; founder; tutelary hero; leader, chief; governor; first cause, author"
ἀρχός,urn:cite2:hmt:lsj.chicago_md:n16045,rank_kingship_rule,seed,0.432,0.52,-0.088,475,"leader, chief; ruler; dux Orientis; the rectum; the anus"
γωνία,urn:cite2:hmt:lsj.chicago_md:n23129,rank_kingship_rule,seed,0.432,0.35,0.083,660,"corner, angle; plane, solid angle; the angles; the angle; corner, secluded spot; quarters; joint; joinerʼs square; cutwater; leader, chief"
ὄρχᾰμος,urn:cite2:hmt:lsj.chicago_md:n75469,rank_kingship_rule,seed,0.432,0.35,0.083,389,"leader, chief"
ἀγένν-ητος,urn:cite2:hmt:lsj.chicago_md:n460,rank_kingship_rule,seed,0.43,0.307,0.123,368,"unbegotten, unborn; unoriginated; non-existent; low-born, mean; not productive; without leaving issue"
τέλος,urn:cite2:hmt:lsj.chicago_md:n103012,rank_kingship_rule,seed,0.43,0.524,-0.095,15671,"coming to pass, performance, consummation; fulfilment, execution; result; coming to pass (outbreak; outcome; issue; event; result, product; power of deciding, supreme power; power; efficacy; the power to ratify; final; powers; decisive; final authority; validity; decisive difference; magistracy, office; office, magistrates; government; magistrates; decision, doom; decision; authority to decide; summing up; crux; something done; ordered to be done, task, service, duty; errand; duties; services; rendering; service; favour; obligation to render a service; payment; Payment(-day; fee; offerings due; rite; service rendered; rating according to this service; ratings; classes; ordo; dues; toll; tax; it; duty; financial means, expenditure; means; expense; military station; post with defined duties; posts; ranks; military unit, division, squadron; legion; a force of; infantry; cavalry; troops; columns; flocks; degree of completion; attainment; degree of maturity, age; estate; length of time; space), term, course; state of completion; maturity; completion, end, finish; complete; finish; completed; end; at last; long run; altogether, completely; performance; time), through to the end, completely; throughout, all the time, always; permanently, for good; in the end; death; end, cessation; achievement, attainment; winning-post, goal; prize; winning post and prize; full realization, highest point. ideal; purpose; final cause; chief good"
ὑπερέχω,urn:cite2:hmt:lsj.chicago_md:n107520,rank_kingship_rule,seed,0.43,0.365,0.065,4357,"hold over; held; over; holding; up out of; hold; so as to protect; hold above; elevate; to be above, rise above the horizon; was above water; with their heads; above; sticks out above; covers; projecting above the ground; projecting; rose above, overlooked; overtop, be prominent above; exceeds; excess; outflank; overtop, excel, outdo; prevail; more powerful; those in authority; has prevailed; excel; exceed; being too strong for; was beyond; to be outdone; have a wider extension; excess value; rise above, be able to bear; have over; has in hand"
πρεσβ-εία,urn:cite2:hmt:lsj.chicago_md:n86282,rank_kingship_rule,seed,0.429,0.365,0.064,504,"age, seniority, right of the elder; rank, dignity; embassy; body of ambassadors; intercession"
ὅμοιος,urn:cite2:hmt:lsj.chicago_md:n73672,rank_kingship_rule,seed,0.428,0.403,0.025,6121,"like, resembling; similar; more like; most like; the same; always the same, unchanging; the same as ever; equal in force, a match for one; suiting, according with; all the same, all one; ‘tit for tat’; a like return; in like esteem; in like fashion, likewise; ceteris paribus; on equal terms, in fair fight; of the same rank; station; peers, all citizens who had equal right to hold state-offices; equal; square; Ztschr.f.vergl.; in common; like; approximately; in like manner with; even; alike; in like manner; alike, equally; to be uniform; like any other food; all alike"
πρῠτᾰν-ῐκός,urn:cite2:hmt:lsj.chicago_md:n90854,rank_kingship_rule,seed,0.428,0.293,0.135,429,of; for a; against a; receipts from; having the rank of
ἀθᾰνᾰτ-ος,urn:cite2:hmt:lsj.chicago_md:n1899,rank_kingship_rule,seed,0.427,0.359,0.068,1349,"undying, immortal; the Immortals; goddesses; of immortal fame; everlasting, perpetual; that cannot die; on which life depended; the immortals; the king never dies; standing; maintained at a constant figure"
ἀστυ-νόμος,urn:cite2:hmt:lsj.chicago_md:n16707,rank_kingship_rule,seed,0.425,0.364,0.061,578,"protecting the city; public; of law-abiding; social life; a magistrate who had the care of the police, streets, and public buildings; praetor urbanus"
κληρουχ-αρχέω,urn:cite2:hmt:lsj.chicago_md:n57884,rank_kingship_rule,seed,0.425,0.257,0.168,85,to be governor of a
ἡγεμον-ικός,urn:cite2:hmt:lsj.chicago_md:n46608,rank_kingship_rule,seed,0.424,0.352,0.072,1452,"of; for a leader, ready to lead; guide; vital; capable of command, authoritative; authoritative; the authoritative part of the soul; the governing part; like a leader; more like an Emperor; consularis; belonging to the prefect of Egypt; payment to a; PLond.ined."
ἀστῠ-άναξ,urn:cite2:hmt:lsj.chicago_md:n16687,rank_kingship_rule,seed,0.423,0.515,-0.093,299,lord of the city; Astyanax; fish
ἔναρχος,urn:cite2:hmt:lsj.chicago_md:n35022,rank_kingship_rule,seed,0.423,0.354,0.069,367,"in office, in authority; who were in office; under authority"
ἐπάρχω,urn:cite2:hmt:lsj.chicago_md:n38345,rank_kingship_rule,seed,0.423,0.417,0.006,1037,"rule over; to be governor, commandant of; rule besides; pour the first drops; let; begin by pouring; serve, offer; begin"
ἄναξ,urn:cite2:hmt:lsj.chicago_md:n7094,rank_kingship_rule,seed,0.422,0.366,0.056,2065,"lord, master; sons; brothers of kings; lord; master of the house; master; owner; lords"
πρῠτᾰν-εία,urn:cite2:hmt:lsj.chicago_md:n90846,rank_kingship_rule,seed,0.42,0.371,0.049,812,presidency; presidencies; office; government of; any public office held by rotation; chief command
τρι-στάτης,urn:cite2:hmt:lsj.chicago_md:n105277,rank_kingship_rule,seed,0.418,0.158,0.26,116,"one who stands next to the king and queen, vizier"
σέλμα,urn:cite2:hmt:lsj.chicago_md:n93675,rank_kingship_rule,seed,0.417,0.293,0.124,600,"the upper planking of a ship, deck; ship; rowing-benches; seat, throne; timberwork; scaffolds behind the parapet; logs of building timber"
ἀγενν-ής,urn:cite2:hmt:lsj.chicago_md:n458,rank_kingship_rule,seed,0.414,0.19,0.224,409,low-born; sordid
ἀκρο-φύλαξ,urn:cite2:hmt:lsj.chicago_md:n3667,rank_kingship_rule,seed,0.414,0.183,0.231,113,governor of a citadel
δυσ-γενής,urn:cite2:hmt:lsj.chicago_md:n28780,rank_kingship_rule,seed,0.414,0.179,0.235,180,"low-born; low-minded, mean"
τᾰμῐ-ας,urn:cite2:hmt:lsj.chicago_md:n102264,rank_kingship_rule,seed,0.414,0.417,-0.003,2481,"one who carves and distributes, dispenser, steward; the dispenser; controller; controller, director; master; steward; priest; that hath store; one that is master; lords; treasurer, paymaster; a; quaestor"
ἀποικ-ιστής,urn:cite2:hmt:lsj.chicago_md:n12689,rank_kingship_rule,seed,0.413,0.294,0.119,76,leader of a colony
καίριος,urn:cite2:hmt:lsj.chicago_md:n52030,rank_kingship_rule,seed,0.413,0.556,-0.143,1817,"in; at the right place; a vital part; mortal; grave, serious; in season, timely; critical; at the right time; at the exact; fatal moment; timely circumstances, opportunities; emergencies; lasting but for a season; chief, principal; in season, seasonably; mortally"
λῃστάρχ-ης,urn:cite2:hmt:lsj.chicago_md:n62977,rank_kingship_rule,seed,0.413,0.308,0.104,122,chief of robbers; chieftainship of robbers
κεφάλαι-ος,urn:cite2:hmt:lsj.chicago_md:n56978,rank_kingship_rule,seed,0.411,0.508,-0.098,2721,"of the head; principal, chief; head, parts about the head; chief; main point; sum, gist of the matter; heads; summarily; summing up; denique; to sum; the head; head, topic; capital; sum total; sum, Act. Ap.; crown, completion; crowning act; chapter, section, PGnom.Prooem."
σοφισ-τής,urn:cite2:hmt:lsj.chicago_md:n95654,rank_kingship_rule,seed,0.411,0.666,-0.255,2224,"master of oneʼs craft, adept, expert; skilled in..; deviser, contriver; wise, prudent; statesmanlike man; sage; a Sophist; one who gave lessons; for money; sophist; quibbler, cheat; Professors of Rhetoric; prose writers"
ἄνασσα,urn:cite2:hmt:lsj.chicago_md:n7501,rank_kingship_rule,seed,0.41,0.296,0.114,534,"queen, lady; authoress; royal"
ἀρχι-ευνοῦχος,urn:cite2:hmt:lsj.chicago_md:n15942,rank_kingship_rule,seed,0.41,0.284,0.126,75,chief of the eunuchs
βᾰσῐλ-ηΐς,urn:cite2:hmt:lsj.chicago_md:n19552,rank_kingship_rule,seed,0.41,0.28,0.13,191,royal; a queen
κοιρᾰν-ικός,urn:cite2:hmt:lsj.chicago_md:n58467,rank_kingship_rule,seed,0.41,0.28,0.13,108,royal
ἐπιστολᾱγράφος,urn:cite2:hmt:lsj.chicago_md:n41041,rank_kingship_rule,seed,0.409,0.229,0.18,160,royal secretary
ἁλι-κρείων,urn:cite2:hmt:lsj.chicago_md:n4206,rank_kingship_rule,seed,0.408,0.334,0.074,62,lord of the sea
ἀναξί-αλος,urn:cite2:hmt:lsj.chicago_md:n7106,rank_kingship_rule,seed,0.408,0.334,0.074,71,lord of the sea
θᾰλασσο-μέδων,urn:cite2:hmt:lsj.chicago_md:n47763,rank_kingship_rule,seed,0.408,0.334,0.074,107,lord of the sea
ποντο-κράτωρ,urn:cite2:hmt:lsj.chicago_md:n85684,rank_kingship_rule,seed,0.408,0.334,0.074,73,lord of the sea
ποντο-μέδων,urn:cite2:hmt:lsj.chicago_md:n85686,rank_kingship_rule,seed,0.408,0.334,0.074,302,lord of the sea
ἀποβᾰσῐλεύς,urn:cite2:hmt:lsj.chicago_md:n12256,rank_kingship_rule,seed,0.407,0.274,0.133,50,ex-king
βᾰσίλ-ειᾰ,urn:cite2:hmt:lsj.chicago_md:n19539,rank_kingship_rule,seed,0.407,0.286,0.121,272,"queen, princess"
βᾰσῐλ-η,urn:cite2:hmt:lsj.chicago_md:n19550,rank_kingship_rule,seed,0.407,0.286,0.121,178,"queen, princess"
διοικ-ητής,urn:cite2:hmt:lsj.chicago_md:n27151,rank_kingship_rule,seed,0.407,0.248,0.16,410,"administrator, governor; treasurer; chief financial official; procurator; controller"
θεός,urn:cite2:hmt:lsj.chicago_md:n48291,rank_kingship_rule,seed,0.407,0.325,0.082,5473,"God, the Deity; against his will; bless you! good heavens! for heavenʼs sake!; weather; Divus; divi Imperatores; Dis Manibus; one set in authority, judge; goddess; divine"
κλῐμᾰτάρχης,urn:cite2:hmt:lsj.chicago_md:n57930,rank_kingship_rule,seed,0.406,0.476,-0.07,209,governor of a province; ruling terrestrial regions
σᾰτρᾰπ-ης,urn:cite2:hmt:lsj.chicago_md:n93417,rank_kingship_rule,seed,0.406,0.417,-0.011,857,"satrap; viceroy; governor of a province; ša; rapāvan-; a rich man, ‘nabob"
ἄκῡρος,urn:cite2:hmt:lsj.chicago_md:n3784,rank_kingship_rule,seed,0.405,0.492,-0.087,1122,"without authority; invalid, unratified, obsolete; aside; not enforcing; having no right; power; over; less trust-worthy; into which neutral votes were thrown; less important; unimportant; impotent; used in improper sense"
προηγορ-έω,urn:cite2:hmt:lsj.chicago_md:n87477,rank_kingship_rule,seed,0.402,0.292,0.11,374,"to be spokesman for; speak for; in defence of; to be senior in rank; fasces, Not.Arch.; hold the office of"
φῐλο-βᾰσῐλεύς,urn:cite2:hmt:lsj.chicago_md:n111063,rank_kingship_rule,seed,0.402,0.276,0.126,143,a friend to the king
πενέστ-ης,urn:cite2:hmt:lsj.chicago_md:n80567,servitude_slavery,seed+embed,0.779,0.347,0.432,429,"labourer; serfs; slave, bondsman; labourer, poor man"
δοῦλος,urn:cite2:hmt:lsj.chicago_md:n28188,servitude_slavery,seed+embed,0.75,0.461,0.289,1306,"born bondman; slave; one made a slave; bondman, slave; bondwoman; slaves to; slavish, servile, subject; more enslaved; slavery, a slavish life; ancillary"
ἀφέτ-ης,urn:cite2:hmt:lsj.chicago_md:n18239,servitude_slavery,seed+embed,0.731,0.33,0.401,350,one who lets off a military engine; teacher of ballistic; starter; prorogator; a freed-slave
παῖς,urn:cite2:hmt:lsj.chicago_md:n76703,servitude_slavery,seed+embed,0.721,0.374,0.347,3219,"child; son; daughter; adopted son; issue; penalty; sons; child, boy; girl; boy; from a child; childhood; slave, servant, man; maid; puer."
πρόδουλ-ος,urn:cite2:hmt:lsj.chicago_md:n87096,servitude_slavery,seed+embed,0.721,0.285,0.436,71,serving as a slave
ἀτμενία,urn:cite2:hmt:lsj.chicago_md:n17112,servitude_slavery,seed+embed,0.718,0.485,0.232,77,slavery
δούλ-ευσις,urn:cite2:hmt:lsj.chicago_md:n28161,servitude_slavery,seed+embed,0.718,0.485,0.232,84,slavery
δουλο-σύνη,urn:cite2:hmt:lsj.chicago_md:n28190,servitude_slavery,seed+embed,0.718,0.485,0.232,142,slavery
ἀτμήν,urn:cite2:hmt:lsj.chicago_md:n17117,servitude_slavery,seed+embed,0.704,0.371,0.334,126,"slave, servant"
βῐάζω,urn:cite2:hmt:lsj.chicago_md:n19871,servitude_slavery,embed,0.703,0.388,0.316,3049,"constrain; they used force; to be hard pressed; overpowered; to be forced; constrained; forcibly made slaves; those who are forced; forced from one; forced; make good, suffice to discharge; overpower by force, press hard; dislodge; to do; violence; having broken through; force; lay violent hands on; to be favourable; carry by force; act with violence, use force; force oneʼs way; using every effort; with violence; by forcing their way; grow worse and worse; contend; argue vehemently; persist in assertion"
δουλ-εία,urn:cite2:hmt:lsj.chicago_md:n28155,servitude_slavery,seed,0.678,0.417,0.261,690,"slavery, bondage; imposed by; slaves; the slave-class; service for hire"
λάτρ-ις,urn:cite2:hmt:lsj.chicago_md:n62064,servitude_slavery,seed,0.678,0.417,0.261,540,hired servant; handmaid; slaves
δουλᾰγωγ-έω,urn:cite2:hmt:lsj.chicago_md:n28150,servitude_slavery,seed,0.673,0.424,0.248,238,"make a slave, treat as such; bring; into subjection"
ἀπελεύθερ-ος,urn:cite2:hmt:lsj.chicago_md:n11819,servitude_slavery,seed,0.672,0.295,0.377,352,"restored to freedom; emancipated slave, freedman"
ἀντίδουλος,urn:cite2:hmt:lsj.chicago_md:n9918,servitude_slavery,seed,0.67,0.312,0.358,184,"instead of a slave; being as a slave, treated as a slave"
δούλ-ευμα,urn:cite2:hmt:lsj.chicago_md:n28160,servitude_slavery,seed,0.669,0.336,0.333,109,a service; a slave
δρήστ-ης,urn:cite2:hmt:lsj.chicago_md:n28387,servitude_slavery,seed,0.669,0.336,0.333,270,"worker; a slave; doer, actor; energetic"
ὑπέρδουλος,urn:cite2:hmt:lsj.chicago_md:n107410,servitude_slavery,seed,0.663,0.384,0.279,65,a slave and more
ἄνθρωπος,urn:cite2:hmt:lsj.chicago_md:n8909,servitude_slavery,seed,0.655,0.408,0.247,2934,"man; gods; the men; the ideal man, humanity; mankind; this life; the world; of all; the man, the fellow; sirrah! you sir!; brother; slave; 1 Ep.Tim.; a man of; any one; plaster; woman"
ἀργῠρ-ώνητος,urn:cite2:hmt:lsj.chicago_md:n14897,servitude_slavery,seed,0.655,0.356,0.299,219,bought with silver; slave
δμώς,urn:cite2:hmt:lsj.chicago_md:n27806,servitude_slavery,seed,0.655,0.356,0.299,328,slave taken in war; slave
δουλ-ικός,urn:cite2:hmt:lsj.chicago_md:n28168,servitude_slavery,seed,0.655,0.356,0.299,389,slave
θερᾰπ-ων,urn:cite2:hmt:lsj.chicago_md:n48395,servitude_slavery,seed,0.655,0.431,0.224,949,"An Ox.; henchman, attendant; companion in arms, squire; worshipper; devoted to the service of; attending upon; servant; slave"
κατάδουλ-ος,urn:cite2:hmt:lsj.chicago_md:n53933,servitude_slavery,seed,0.655,0.356,0.299,70,slave
λᾱός,urn:cite2:hmt:lsj.chicago_md:n61925,servitude_slavery,seed,0.655,0.395,0.26,3219,men; foot and horse; foot; a land army; the common men; people; subjects; folk; work-people; sailors; slave; man; civil population; people assembled; O people; Oyez; the multitude; the; Jews; Christians; a people; stone
λάτρ-ευμα,urn:cite2:hmt:lsj.chicago_md:n62057,servitude_slavery,seed,0.655,0.418,0.237,227,"service for hire; service; service paid to the gods, worship; slave"
μάνης,urn:cite2:hmt:lsj.chicago_md:n64913,servitude_slavery,seed,0.655,0.356,0.299,549,cup; small bronze figure; Phrygian slave; slave
σῶμα,urn:cite2:hmt:lsj.chicago_md:n102000,servitude_slavery,seed,0.655,0.688,-0.033,4919,"body; dead body, corpse; living body; life; spirit; soul; bodily; animal body; civic rights; caput; a person, human being; per person; self; slave; a body; any corporeal substance; element; metallic substance; figure of three dimensions, solid; the body; whole; the whole body; frame; text; logs"
σωμᾰτ-ιον,urn:cite2:hmt:lsj.chicago_md:n102018,servitude_slavery,seed,0.655,0.439,0.216,1062,"small body, poor body; corpse; slave; small body, corpuscle; padding; book, volume; structure; text; instalment"
ἀναγκ-αῖος,urn:cite2:hmt:lsj.chicago_md:n6330,servitude_slavery,seed,0.652,0.557,0.094,3606,"of, with; by force:; constraining, applying force; of force; urgent; of constraint; of slavery; imposed by fate; fateful; fatal; compulsory nature; stress of circumstances; forcible, cogent; more authoritative; constrained, forced; perforce; trusty, serviceable; necessary; unnecessary; it is necessary to; a necessary; necessaries of life; things necessary to be done; appointed order of things, HG; indispensable; a bare minimum; the least; that was absolutely necessary; the least that could be called; a bare outline; the most distant degree; recognized by law; scanty, makeshift; connected by necessary; natural ties; related by blood; kinsfolk; efficacious; of fate; costly; of necessity, perforce; must; as best might be; in a narrow sense; strictly; privy"
δούλ-ιος,urn:cite2:hmt:lsj.chicago_md:n28169,servitude_slavery,seed,0.652,0.482,0.17,726,"slavish, servile; of slavery; of a slave; slaveʼs"
δουλο-πρεπής,urn:cite2:hmt:lsj.chicago_md:n28187,servitude_slavery,seed,0.648,0.335,0.313,256,"befitting a slave, servile"
δουλ-εύω,urn:cite2:hmt:lsj.chicago_md:n28165,servitude_slavery,seed,0.641,0.378,0.263,757,"to be a slave; serve, be subject; make oneself a slave; accommodate oneself; render a service"
θῠγάτηρ,urn:cite2:hmt:lsj.chicago_md:n49266,servitude_slavery,seed,0.641,0.29,0.351,922,"daughter; maidservant, slave; duhitár-"
ἀμφίδουλος,urn:cite2:hmt:lsj.chicago_md:n5795,servitude_slavery,seed,0.64,0.326,0.314,85,slave both by father and mother
λουτρο-χόος,urn:cite2:hmt:lsj.chicago_md:n63934,servitude_slavery,seed,0.64,0.284,0.355,285,pouring water into the bath; the slave who did this; in which water was warmed for bathing
ἀτμεύω,urn:cite2:hmt:lsj.chicago_md:n17115,servitude_slavery,seed,0.639,0.375,0.264,64,to be a slave
ἐπιδουλεύω,urn:cite2:hmt:lsj.chicago_md:n39302,servitude_slavery,seed,0.639,0.375,0.264,64,to be a slave
στλεγγῐδο-λήκῠθος,urn:cite2:hmt:lsj.chicago_md:n96891,servitude_slavery,seed,0.639,0.251,0.388,142,the slave who carried his masterʼs; and
ἀδούλ-ευτος,urn:cite2:hmt:lsj.chicago_md:n1465,servitude_slavery,seed,0.638,0.276,0.363,96,one who has never been a slave
ξυστρο-λήκῠθος,urn:cite2:hmt:lsj.chicago_md:n71873,servitude_slavery,seed,0.637,0.237,0.4,116,slave who carried his masterʼs; and; to and from the bath
ἀπουρία,urn:cite2:hmt:lsj.chicago_md:n14171,servitude_slavery,seed,0.635,0.31,0.325,62,issue of free and slave
δουλ-ευτέον,urn:cite2:hmt:lsj.chicago_md:n28162,servitude_slavery,seed,0.632,0.263,0.369,142,one must be a slave
καταδουλ-όω,urn:cite2:hmt:lsj.chicago_md:n53934,servitude_slavery,seed,0.632,0.451,0.18,1156,"reduce to slavery, enslave; make a slave to oneself, enslave; enslave in mind; break in spirit"
προσδουλεύω,urn:cite2:hmt:lsj.chicago_md:n88928,servitude_slavery,seed,0.632,0.382,0.251,54,to be a slave besides
ἀγορ-αστής,urn:cite2:hmt:lsj.chicago_md:n776,servitude_slavery,seed,0.63,0.395,0.234,235,the slave who had to buy; purveyor; purchaser
ὁ,urn:cite2:hmt:lsj.chicago_md:n71882,servitude_slavery,seed,0.629,0.457,0.172,23071,"the following; sa, sā; sa, sō; sá, sú; sum, sam; tat (tad); is-tud; pata; te; tĩe; pá; tāsām; is-tarum; that; he; famous; that venerable man; that which is called; namely that; and he; those; I mean; he, she, it; above those to wit; those women to wit; the former; the latter; the one.., the other..; sas; sa; such and such; so and so; now one thing, now another; there, on that spot, here, this way, that way; that way, in that direction; in this way, thus; in one way.., in another..; partly.., partly..; where, by which way; therefore, on this account; thus, so; then, if this be so, on this condition; wherefore; the fact is..; on the one hand.., on the other..; times..; this; before this, aforetime; yesterday; most; very; of all; the; the hindmost man; my; our; their; ille; the fact; statement; the word; notion; the sentiment; the phrase; the question; the term; that sort of person; son; daughter; brother; the wife; men; the slave; the matter of; the affair of; the interests; accidents, chance events; the rites due to; that which is destined; what regards; a manʼs word; saying; as; house; district; matters; the proposals; the incidents; he who"
οἰκό-τριψ,urn:cite2:hmt:lsj.chicago_md:n72369,servitude_slavery,seed,0.629,0.402,0.227,355,a slave born and bred in the house; the slave
ἄδουλ-ος,urn:cite2:hmt:lsj.chicago_md:n1468,servitude_slavery,seed,0.628,0.473,0.155,303,"unattended by slaves; unattended by; having no slaves, too poor to keep a slave; impatient of slavery"
εἴρερος,urn:cite2:hmt:lsj.chicago_md:n31175,servitude_slavery,seed,0.628,0.387,0.241,72,"bondage, slavery"
τρί-δουλος,urn:cite2:hmt:lsj.chicago_md:n104898,servitude_slavery,seed,0.626,0.405,0.222,236,thrice a slave; of slaves
φῐλό-δουλος,urn:cite2:hmt:lsj.chicago_md:n111140,servitude_slavery,seed,0.624,0.522,0.102,146,loving slavery; loving oneʼs slaves
τροφ-εύς,urn:cite2:hmt:lsj.chicago_md:n105548,servitude_slavery,seed,0.622,0.298,0.325,867,"one who brings up, foster-father; tutor; nurse; ye who have fed; with whom; have lived; rearer, breeder; one who keeps; one who fosters; one who gives free meals to the people; personal attendant, slave"
δμῳ-ή,urn:cite2:hmt:lsj.chicago_md:n27801,servitude_slavery,seed,0.619,0.253,0.366,492,"female slave taken in war; female slave, serving-woman"
οἰκετ-εία,urn:cite2:hmt:lsj.chicago_md:n72266,servitude_slavery,seed,0.619,0.339,0.281,305,household of slaves; servitude; slave population
μισθό-δουλος,urn:cite2:hmt:lsj.chicago_md:n68004,servitude_slavery,seed,0.616,0.245,0.371,65,hired slave
ἀνδρᾰποδο-κλέπτης,urn:cite2:hmt:lsj.chicago_md:n7896,servitude_slavery,seed,0.614,0.343,0.271,62,slave-stealer
μίσθιος,urn:cite2:hmt:lsj.chicago_md:n67999,servitude_slavery,seed,0.614,0.327,0.287,393,"salaried, hired; hired labourer, servant; tenant; mercenaries"
συνδουλ-εύω,urn:cite2:hmt:lsj.chicago_md:n99792,servitude_slavery,seed,0.614,0.379,0.236,104,to be a fellow-slave; with
ἀνδραποδ-ίζω,urn:cite2:hmt:lsj.chicago_md:n7888,servitude_slavery,seed,0.611,0.438,0.173,859,enslave; sell the free men; into slavery; to be sold into slavery; kidnap
λάτρ-ιος,urn:cite2:hmt:lsj.chicago_md:n62063,servitude_slavery,seed,0.611,0.438,0.173,205,of a servant; service; into slavery
ἐθελο-δουλέω,urn:cite2:hmt:lsj.chicago_md:n30762,servitude_slavery,seed,0.607,0.33,0.277,72,be; become a slave willingly
καταδουλ-εύομαι,urn:cite2:hmt:lsj.chicago_md:n53930,servitude_slavery,seed,0.603,0.359,0.244,111,reduce to slavery
λεηλ-ᾰτέω,urn:cite2:hmt:lsj.chicago_md:n62209,servitude_slavery,seed,0.602,0.369,0.233,473,"drive away booty; cattle; plunder, despoil; ravage; to be plundered; to be a slave to"
παιδᾰρ-ιον,urn:cite2:hmt:lsj.chicago_md:n76564,servitude_slavery,seed,0.602,0.363,0.24,491,little boy; a child; a mere boy; little girl; young children; young slave
παιδί-ον,urn:cite2:hmt:lsj.chicago_md:n76596,servitude_slavery,seed,0.602,0.379,0.224,685,little; young child; a child; young slave; convulsions
βολίζη,urn:cite2:hmt:lsj.chicago_md:n20280,servitude_slavery,seed,0.6,0.292,0.308,76,female slave
θεράπαιν-α,urn:cite2:hmt:lsj.chicago_md:n48369,servitude_slavery,seed,0.6,0.292,0.308,151,handmaid; female slave
κτη-τός,urn:cite2:hmt:lsj.chicago_md:n60372,servitude_slavery,seed,0.6,0.32,0.28,399,"that may be gotten; acquired; worth getting, desirable; acquired, gained; female slave; f"
χαλκίς,urn:cite2:hmt:lsj.chicago_md:n113100,servitude_slavery,seed,0.6,0.338,0.262,722,"a brazen pot.; pica maritima; roller, Coracias garrula); pilchard; sardine, Clupea sardina; lizard, cicigna; female slave; Chalcis"
πάν-δουλος,urn:cite2:hmt:lsj.chicago_md:n77330,servitude_slavery,seed,0.594,0.374,0.22,71,slave to all
δουλο-κρᾰτία,urn:cite2:hmt:lsj.chicago_md:n28179,servitude_slavery,seed,0.593,0.395,0.198,61,slave-government
ἐτεοδμώς,urn:cite2:hmt:lsj.chicago_md:n43106,servitude_slavery,seed,0.591,0.315,0.277,118,honest slave
ἀπελευθερ-ία,urn:cite2:hmt:lsj.chicago_md:n11813,servitude_slavery,seed,0.587,0.346,0.241,137,enfranchisement of a slave; status of a freedman
ὁμό-δουλος,urn:cite2:hmt:lsj.chicago_md:n73579,servitude_slavery,seed,0.587,0.338,0.249,309,fellow-slave; subject to the same charges; servitudes
σύνδουλ-ος,urn:cite2:hmt:lsj.chicago_md:n99793,servitude_slavery,seed,0.587,0.277,0.31,485,fellow-slave; NT
συσσώμ-ᾰτος,urn:cite2:hmt:lsj.chicago_md:n101425,servitude_slavery,seed,0.587,0.277,0.31,78,fellow-slave
ἀνδραποδ-ισμός,urn:cite2:hmt:lsj.chicago_md:n7891,servitude_slavery,seed,0.586,0.471,0.115,268,"selling into slavery, enslaving; kidnapping; for kidnapping"
παιδίσκ-η,urn:cite2:hmt:lsj.chicago_md:n76600,servitude_slavery,seed,0.586,0.331,0.255,448,"young girl, maiden; young female slave, bondmaid; maidservant, Ev. Marc.; prostitute"
προγυμν-αστής,urn:cite2:hmt:lsj.chicago_md:n86927,servitude_slavery,seed,0.586,0.234,0.352,163,trainer; slave who goes through exercises
ἀπελευθερ-ικός,urn:cite2:hmt:lsj.chicago_md:n11815,servitude_slavery,seed,0.585,0.286,0.299,205,in the condition of a freedman; relating to freedmen
οἰκέτ-ης,urn:cite2:hmt:lsj.chicago_md:n72268,servitude_slavery,seed,0.581,0.293,0.288,744,household slave; household
ἀνδραποδ-ιστής,urn:cite2:hmt:lsj.chicago_md:n7893,servitude_slavery,seed,0.579,0.341,0.239,262,slave-dealer; kidnapper; one who sells; independence
ἀνδρᾰποδο-κάπηλος,urn:cite2:hmt:lsj.chicago_md:n7895,servitude_slavery,seed,0.579,0.341,0.239,94,slave-dealer
ἀνδραποδ-ώνης,urn:cite2:hmt:lsj.chicago_md:n7901,servitude_slavery,seed,0.579,0.341,0.239,61,slave-dealer
ἀνδρο-κάπηλος,urn:cite2:hmt:lsj.chicago_md:n7979,servitude_slavery,seed,0.579,0.341,0.239,69,slave-dealer
ἡμι-δουλεία,urn:cite2:hmt:lsj.chicago_md:n47077,servitude_slavery,seed,0.579,0.381,0.197,63,half-slavery
σωμᾰτ-έμπορος,urn:cite2:hmt:lsj.chicago_md:n102011,servitude_slavery,seed,0.579,0.341,0.239,150,slave-dealer
δημόσιος,urn:cite2:hmt:lsj.chicago_md:n24444,servitude_slavery,seed,0.578,0.426,0.151,2587,"belonging to the people; state; fiscus; state-property; confiscated; used by the public; common; epidemic; any public slave; servant; the public crier; policeman; public notary; public executioner; public official; public victim; harlot, prostitute; the state; public officials; public building, hall; treasury; the public prison; public archives; public dues, taxes; tent of the Spartan kings; kingʼs council; at the public expense; by public consent; on public service; in the public courts; by the hands of the public executioner; as a community; commonly, popularly; on public business"
ἐξανδρᾰποδ-ίζω,urn:cite2:hmt:lsj.chicago_md:n36772,servitude_slavery,seed,0.576,0.295,0.281,496,reduce to utter slavery; confiscate
λατρ-εύω,urn:cite2:hmt:lsj.chicago_md:n62062,servitude_slavery,seed,0.576,0.523,0.052,767,"work for hire; pay; to be in servitude, serve; to be subject; enslaved to; serve; obey; temporibus inservire; to be devoted to; with prayers and sacrifices; render due"
ἐξανδρᾰπόδ-ισις,urn:cite2:hmt:lsj.chicago_md:n36773,servitude_slavery,seed,0.575,0.426,0.149,69,selling into slavery
ἀει-δουλεία,urn:cite2:hmt:lsj.chicago_md:n1585,servitude_slavery,seed,0.574,0.431,0.143,89,perpetual slavery
δουλ-έκδουλος,urn:cite2:hmt:lsj.chicago_md:n28157,servitude_slavery,seed,0.574,0.336,0.237,84,a born slave
ἡμί-δουλος,urn:cite2:hmt:lsj.chicago_md:n47078,servitude_slavery,seed,0.571,0.279,0.292,77,half-slave
στατάριον,urn:cite2:hmt:lsj.chicago_md:n96278,servitude_slavery,seed,0.571,0.465,0.106,91,slave-market
Θησειότριψ,urn:cite2:hmt:lsj.chicago_md:n48833,servitude_slavery,seed,0.569,0.345,0.225,116,one who is always in the Theseum; a runaway slave
ἔκδουλος,urn:cite2:hmt:lsj.chicago_md:n31916,servitude_slavery,seed,0.567,0.314,0.253,63,child of a slave
ἥσσων,urn:cite2:hmt:lsj.chicago_md:n47617,servitude_slavery,seed,0.567,0.3,0.267,2298,"inferior; weaker; not so good; second; the weaker party; the worse; less, fewer; giving way; yielding to; a slave to..; unable to resist; less; less, just as much"
καρπ-ίζω,urn:cite2:hmt:lsj.chicago_md:n53414,servitude_slavery,seed,0.567,0.21,0.357,140,enfranchise a slave by touching him with the rod; adseror
ἀνέφαπτος,urn:cite2:hmt:lsj.chicago_md:n8564,servitude_slavery,seed,0.566,0.191,0.375,97,not to be claimed as a slave
ἀναγ-ώγιος,urn:cite2:hmt:lsj.chicago_md:n6401,servitude_slavery,seed,0.56,0.404,0.156,208,"raising the mind to heavenly things, mystical; reward for restoration of a fugitive slave"
ἑρκ-ίτης,urn:cite2:hmt:lsj.chicago_md:n42572,servitude_slavery,seed,0.56,0.321,0.239,104,farm-slave
κᾰκό-δουλος,urn:cite2:hmt:lsj.chicago_md:n52172,servitude_slavery,seed,0.559,0.366,0.193,113,ill-treating oneʼs slaves; bad slave
ἰσό-δουλος,urn:cite2:hmt:lsj.chicago_md:n51021,servitude_slavery,seed,0.558,0.296,0.262,59,like a slave
τρᾰπεζο-ποιός,urn:cite2:hmt:lsj.chicago_md:n104558,servitude_slavery,seed,0.558,0.22,0.338,204,a slave who set out the table
ἀναδουλόω,urn:cite2:hmt:lsj.chicago_md:n6472,servitude_slavery,seed,0.557,0.328,0.229,63,reduce to slavery again
τρι-πέδων,urn:cite2:hmt:lsj.chicago_md:n105120,servitude_slavery,seed,0.555,0.321,0.234,133,a slave who has been often in fetters
ἡμῐσύ-δουλος,urn:cite2:hmt:lsj.chicago_md:n47288,servitude_slavery,seed,0.551,0.262,0.289,58,half a slave
πᾰλαιό-δουλος,urn:cite2:hmt:lsj.chicago_md:n76754,servitude_slavery,seed,0.55,0.253,0.296,81,"slave from of old, hereditary slave"
θητ-εύω,urn:cite2:hmt:lsj.chicago_md:n48845,servitude_slavery,seed,0.546,0.338,0.208,392,to be a serf; labourer; labour; serve
Καῖσαρ,urn:cite2:hmt:lsj.chicago_md:n52048,servitude_slavery,seed,0.546,0.352,0.194,1297,"elephant; Caesar; cognomen; the Emperor; the Emperorʼs slave; of, belonging to Caesar; his household; officials; temple of Julius Caesar; games in honour of Gaius Caesar; Rev.Et. Gr."
μεγᾰλό-δουλος,urn:cite2:hmt:lsj.chicago_md:n65393,servitude_slavery,seed,0.546,0.313,0.232,81,great slave
λάσᾰνα,urn:cite2:hmt:lsj.chicago_md:n61997,servitude_slavery,seed,0.545,0.33,0.215,460,trivet; stand for a pot; night-stool; lasanum; slave who had charge of the night-stool
αὔτοικος,urn:cite2:hmt:lsj.chicago_md:n17731,servitude_slavery,seed,0.544,0.274,0.27,70,a slave with his house
ἅβρα,urn:cite2:hmt:lsj.chicago_md:n152,servitude_slavery,seed,0.539,0.404,0.135,195,favourite slave
θητ-ικός,urn:cite2:hmt:lsj.chicago_md:n48846,servitude_slavery,seed,0.538,0.357,0.181,559,"of; for a hireling, menial; the class of; on the assessment of a; servants, camp-followers; like a; servile"
λατρ-εύς,urn:cite2:hmt:lsj.chicago_md:n62058,servitude_slavery,seed,0.538,0.309,0.229,53,hired servant
ἀπο-στάτης,urn:cite2:hmt:lsj.chicago_md:n13817,servitude_slavery,seed,0.536,0.359,0.177,311,"deserter, rebel; seceder; runaway slave; runaway; apostata, apostate"
δρᾱπέτ-ης,urn:cite2:hmt:lsj.chicago_md:n28325,servitude_slavery,seed,0.536,0.359,0.177,704,runaway; from; runaway slave; fugitive; skulkerʼs; whose occupants are shifting
στιγ-μᾰτίας,urn:cite2:hmt:lsj.chicago_md:n96790,servitude_slavery,seed,0.536,0.359,0.177,450,one who bears tattoo-marks; branded culprit; runaway slave; one whose property is marked
μικρό-δουλος,urn:cite2:hmt:lsj.chicago_md:n67713,servitude_slavery,seed,0.533,0.293,0.24,63,little slave
δρᾱπετ-ᾰγωγός,urn:cite2:hmt:lsj.chicago_md:n28321,servitude_slavery,seed,0.528,0.221,0.306,101,recovering a runaway slave:
ἡσσ-άομαι,urn:cite2:hmt:lsj.chicago_md:n47614,servitude_slavery,seed,0.528,0.456,0.072,2753,"to be less; weaker than, inferior to; had proved inferior; to be defeated, discomfited; to be broken; to be cast in a suit; give way, yield; give way, be a slave to; to be in love with..; to be overcome by..; overcome; defeat"
ἱερό-δουλος,urn:cite2:hmt:lsj.chicago_md:n50034,servitude_slavery,seed,0.528,0.305,0.223,412,temple-slave; templecourtesans
ἀφαίρ-εσις,urn:cite2:hmt:lsj.chicago_md:n18100,servitude_slavery,seed,0.527,0.584,-0.057,805,"taking away, carrying off, remoual; putting off; assertion of freedom of a reputed slave; amputation; abstraction; mathe-matics; remoual"
δουλο-φᾰνής,urn:cite2:hmt:lsj.chicago_md:n28192,servitude_slavery,seed,0.527,0.325,0.202,79,"slave-like, slavish to look on"
ἄοζ-ος,urn:cite2:hmt:lsj.chicago_md:n11102,servitude_slavery,seed,0.525,0.312,0.214,208,"servant, attendant; sṃ-sod-yos; sed-"
ἔρῑθος,urn:cite2:hmt:lsj.chicago_md:n42452,servitude_slavery,seed,0.525,0.376,0.148,547,"day-labourer, hired servant;; mowers; reapers; spinsters; weavers, workers in wool; servant, minister; crepitus ventris"
μισθ-ωτός,urn:cite2:hmt:lsj.chicago_md:n68029,servitude_slavery,seed,0.525,0.327,0.199,368,"hired; hireling, hired servant; mercenaries"
πρόσπολος,urn:cite2:hmt:lsj.chicago_md:n89993,servitude_slavery,seed,0.525,0.312,0.214,414,"servant, attendant; ministering priest; minister; handmaid"
ὑπηρετ-έω,urn:cite2:hmt:lsj.chicago_md:n108049,servitude_slavery,seed,0.525,0.453,0.072,2335,"do service on board ship, as a rower; to be a servant, do service; minister to, serve; submit to; humour; second, support; serve; serve as; to be a; servitor; render military service; serve, be subordinate; help in; to be done as service; that; service should be rendered; retinue"
σωμᾰτοτροφεῖον,urn:cite2:hmt:lsj.chicago_md:n102032,servitude_slavery,seed,0.524,0.226,0.297,86,"a place where slaves are kept, slave-depot"
ζωγάνης,urn:cite2:hmt:lsj.chicago_md:n46389,servitude_slavery,seed,0.523,0.322,0.201,68,slave-king
ἐλευθερο-πρᾱσίου,urn:cite2:hmt:lsj.chicago_md:n33615,servitude_slavery,seed,0.521,0.282,0.238,94,for selling a freeman as a slave
συνεξ-ελεύθερος,urn:cite2:hmt:lsj.chicago_md:n100124,servitude_slavery,seed,0.521,0.226,0.295,211,fellow-freedman; Mélanges d’ arch. et d’ hist.
ἀνδράποδον,urn:cite2:hmt:lsj.chicago_md:n7898,servitude_slavery,seed,0.518,0.294,0.224,924,one taken in war and sold as a slave; captive; low fellow
ἀπελευθερ-ιωτής,urn:cite2:hmt:lsj.chicago_md:n11818,servitude_slavery,seed,0.518,0.191,0.327,75,freedman
ἀπόδουλος,urn:cite2:hmt:lsj.chicago_md:n12532,servitude_slavery,seed,0.518,0.191,0.327,59,freedman
δουλ-ελεύθερος,urn:cite2:hmt:lsj.chicago_md:n28158,servitude_slavery,seed,0.518,0.191,0.327,58,freedman
ἐξελεύθερ-ος,urn:cite2:hmt:lsj.chicago_md:n37099,servitude_slavery,seed,0.518,0.191,0.327,275,freedman; released
ἐκτῑμ-ητρα,urn:cite2:hmt:lsj.chicago_md:n33007,servitude_slavery,seed,0.516,0.434,0.082,114,penalties; reward for redemption from slavery
λατρ-εία,urn:cite2:hmt:lsj.chicago_md:n62054,servitude_slavery,seed,0.513,0.419,0.094,420,"the state of a hired labourer, service; the business; duties; service to; worship"
λῑβερτῖνος,urn:cite2:hmt:lsj.chicago_md:n63051,servitude_slavery,seed,0.513,0.264,0.249,132,"libertinus, freedman; libertus"
ἀπό,urn:cite2:hmt:lsj.chicago_md:n12243,servitude_slavery,seed,0.508,0.58,-0.072,13004,"ápa; ab; ap-ehtre; af; af, cef, of; from.; from, away from; departure from; from; on; back; away from, far from; apart from; far from; without using; away; away from; alien from; without; off; taken; of; upon; and; from being, instead of; free from, without; from, after; after; onwards; from the beginning of; at; fresh from; beyond; consulares; freedman of..; sprung from; in descent from; springs from; inspired by; folk; with only; weighing; by; shot from; quaestum corpore facere; from, by; because of; in consequence of; on occasion of; by reason of; scale of; in; account; by sound of; procurator a rationibus, Ann.Epigr..; told from; asunder; away, off; remoual; finishing off, completing; ceasing from, leaving off; back again; in full; what is oneʼs own; by way of abuse"
παιδᾰγωγ-ός,urn:cite2:hmt:lsj.chicago_md:n76557,servitude_slavery,seed,0.503,0.373,0.13,612,slave who went with a boy from home to school and back again; because he always followed him about; has guided us; leader
διάκονος,urn:cite2:hmt:lsj.chicago_md:n24999,servitude_slavery,seed,0.499,0.386,0.113,703,"servant; messenger; attendant; official; deacon; deaconess; servile, menial"
κᾱλάπους,urn:cite2:hmt:lsj.chicago_md:n52550,servitude_slavery,seed,0.499,0.386,0.113,278,shoemakerʼs last; a; servant
κατευν-αστής,urn:cite2:hmt:lsj.chicago_md:n55875,servitude_slavery,seed,0.499,0.386,0.113,160,servant
κονητής,urn:cite2:hmt:lsj.chicago_md:n58881,servitude_slavery,seed,0.499,0.386,0.113,42,servant
νεᾱνίσκ-ος,urn:cite2:hmt:lsj.chicago_md:n69961,servitude_slavery,seed,0.499,0.386,0.113,923,"youth, young man; young man; servant"
ποιπνυός,urn:cite2:hmt:lsj.chicago_md:n84368,servitude_slavery,seed,0.499,0.386,0.113,39,servant
σηκ-ίς,urn:cite2:hmt:lsj.chicago_md:n93771,servitude_slavery,seed,0.499,0.209,0.29,158,"female house-slave, housekeeper"
σός,urn:cite2:hmt:lsj.chicago_md:n95610,servitude_slavery,seed,0.499,0.442,0.057,1794,"thy, thine; of yours; thy; thine; thy son; thy kinsfolk, people; your agent; servant; what concerns thee, thy interest, advantage; thy words, thy purpose; thy property; thy interests; of; for thee"
ὑποδμώς,urn:cite2:hmt:lsj.chicago_md:n108329,servitude_slavery,seed,0.499,0.386,0.113,78,servant
θρεπ-τός,urn:cite2:hmt:lsj.chicago_md:n49092,servitude_slavery,seed,0.498,0.279,0.218,356,slave bred in the house; adopted foundlings; pupil
ἀζος,urn:cite2:hmt:lsj.chicago_md:n1831,servitude_slavery,seed,0.497,0.353,0.144,74,a servant
γαστρίδουλος,urn:cite2:hmt:lsj.chicago_md:n21658,servitude_slavery,seed,0.496,0.334,0.162,68,a slave to oneʼs belly
ὑπόδοξος,urn:cite2:hmt:lsj.chicago_md:n108334,servitude_slavery,seed,0.485,0.345,0.14,60,slave to opinion
ἀμφιπολ-εύω,urn:cite2:hmt:lsj.chicago_md:n6023,servitude_slavery,seed,0.484,0.332,0.152,805,"serve as an attendant, tend, care for; serve, have the care of; hold the; office of; minister to; traverse, go about"
οἰκεύς,urn:cite2:hmt:lsj.chicago_md:n72272,servitude_slavery,seed,0.483,0.37,0.113,282,"inmate of oneʼs house; menial, servant; serf"
ἐγκον-ίς,urn:cite2:hmt:lsj.chicago_md:n30373,servitude_slavery,seed,0.482,0.353,0.128,49,maid-servant
ὑπουργ-ός,urn:cite2:hmt:lsj.chicago_md:n109469,servitude_slavery,seed,0.478,0.371,0.107,374,"rendering service, serviceable, conducive to; assistants; a servant of"
λειτουργ-ός,urn:cite2:hmt:lsj.chicago_md:n62294,servitude_slavery,seed,0.476,0.308,0.168,972,"one who performed a; public servant; workmen, carpenters; lictor; ministering; private servant; minister; attendant; acolyte; subordinate"
ψωμό-δουλος,urn:cite2:hmt:lsj.chicago_md:n116001,servitude_slavery,seed,0.472,0.315,0.157,79,a slave to morsels of food
πιλλᾶτος,urn:cite2:hmt:lsj.chicago_md:n83158,servitude_slavery,seed,0.467,0.186,0.281,98,"pilleatus, freedman"
συνδιάκονος,urn:cite2:hmt:lsj.chicago_md:n99684,servitude_slavery,seed,0.466,0.392,0.074,64,fellow-servant
θερᾰπ-ευτής,urn:cite2:hmt:lsj.chicago_md:n48378,servitude_slavery,seed,0.465,0.321,0.145,637,"one who serves the gods, worshipper; one who serves; courtier; one who attends to anything; medical attendant"
ἀναγν-ώστης,urn:cite2:hmt:lsj.chicago_md:n6370,servitude_slavery,seed,0.463,0.259,0.203,223,"reader, slave trained to read; secretary"
πρόπολος,urn:cite2:hmt:lsj.chicago_md:n88356,servitude_slavery,seed,0.458,0.376,0.082,862,"going; acting before; servant that goes before; attendant, minister; rower; one who serves a god; one who interprets his will to men, minister; temple-servant; ministering to, devoted to"
δεσμός,urn:cite2:hmt:lsj.chicago_md:n24184,servitude_slavery,seed,0.457,0.434,0.023,1641,"band, bond, anything for tying and fastening; halter; mooring-cable; door-latch; yoke-strap; bond of union; connexion; binding material; bonds, chains; bonds, imprisonment; bondage; ligature; ankylosis.; spell, charm"
λάτρ-ευσις,urn:cite2:hmt:lsj.chicago_md:n62059,servitude_slavery,seed,0.457,0.274,0.182,48,servitude
αὐτο-λήκῠθος,urn:cite2:hmt:lsj.chicago_md:n17792,servitude_slavery,seed,0.455,0.433,0.023,254,"one who carries his own oil-flask, one who has no slave to do so; wretchedly poor; flatterer, parasite"
θής,urn:cite2:hmt:lsj.chicago_md:n48813,servitude_slavery,seed,0.455,0.334,0.121,611,"serf, bondsman; hired labourer; hired servant-girl; menial"
αὐλίτης,urn:cite2:hmt:lsj.chicago_md:n17442,servitude_slavery,seed,0.453,0.291,0.162,108,farm-servant
αὐτο-δουλεία,urn:cite2:hmt:lsj.chicago_md:n17683,servitude_slavery,seed,0.448,0.347,0.101,72,absolute servitude
ἑπωπίς,urn:cite2:hmt:lsj.chicago_md:n42089,servitude_slavery,seed,0.439,0.232,0.207,108,"attendant, companion"
ἀλε-τρίς,urn:cite2:hmt:lsj.chicago_md:n4040,servitude_slavery,seed,0.425,0.303,0.122,259,female slave who grinds corn; one of the noble maidens who preparedmeal
ἀμφίπολος,urn:cite2:hmt:lsj.chicago_md:n6028,servitude_slavery,seed,0.416,0.307,0.108,702,"busied about, busy; handmaid, waiting-woman; handmaid of gods, priestess; attendant, follower; priest, sacrist; frequented"
περίπολος,urn:cite2:hmt:lsj.chicago_md:n81985,servitude_slavery,seed,0.416,0.248,0.168,648,"going the rounds, patrolling; watchman, patrol; patrol; attendant, follower; globe-trotter; guardship"
ἀνα-λέκτης,urn:cite2:hmt:lsj.chicago_md:n6889,servitude_slavery,seed,0.413,0.282,0.131,84,"-lecta, slave who picked up broken meats"
ὑποστᾰτ-ρια,urn:cite2:hmt:lsj.chicago_md:n109200,servitude_slavery,seed,0.41,0.213,0.197,81,an under-handmaid of a temple
μελεδ-ωνός,urn:cite2:hmt:lsj.chicago_md:n65954,servitude_slavery,seed,0.409,0.226,0.183,509,"attendant, guardian; steward; keeper; one who provides; agents"
παρα-τίλτρια,urn:cite2:hmt:lsj.chicago_md:n78929,servitude_slavery,seed,0.409,0.184,0.225,122,female slave who plucked the hairs
ζᾰκορ-ος,urn:cite2:hmt:lsj.chicago_md:n46074,servitude_slavery,seed,0.408,0.195,0.213,417,attendant in a temple; Gesch.d.Gr.Etym.
θερᾰπ-εύω,urn:cite2:hmt:lsj.chicago_md:n48383,servitude_slavery,seed,0.408,0.546,-0.138,3182,"to be an attendant, do service; do service to; serve; worship; do service; honour to; serve, wait upon; reverence; pay court to; flatter, wheedle; conciliate; pay; attention; wait at; consult, attend to; indulge; look to, provide for; take care that..; take care of; foster; brood over; observe; keep; as a feast; treat medically; allayed; in de An.; assuage; train; cultivate; prepare, dress; mend"
