lemma,urn,category,method,pos_score,neg_score,margin,entry_len,gloss
μεγᾰλο-πολίτης,urn:cite2:hmt:lsj.chicago_md:n65461,civic_community,seed+embed,0.638,0.202,0.436,83,citizen of a large city
φῡλή,urn:cite2:hmt:lsj.chicago_md:n112563,civic_community,seed+embed,0.637,0.68,-0.043,1688,"a race, tribe;; a union formed in an organized community; tribe; a body; united; by supposed ties of blood and descent, clan; tribes; by local habitation; subdivision of the priests in each Egyptian temple; military contingent furnished by a tribe; representatives of a tribe; kind, species"
Ἀχερδούσιος,urn:cite2:hmt:lsj.chicago_md:n18679,civic_community,seed+embed,0.635,0.264,0.372,173,inhabitant of the deme; Crabby
μητρο-πολίτης,urn:cite2:hmt:lsj.chicago_md:n67593,civic_community,seed+embed,0.634,0.273,0.361,260,citizen of a; citizen of Metropolis; metropolitan bishop
ἔνδοθεν,urn:cite2:hmt:lsj.chicago_md:n35244,civic_community,embed,0.628,0.546,0.082,780,"from within; from inside; of oneself, by oneʼs own doing; of oneself; within; domestics; citizens; the inner man; of; own property"
πολῑτ-ευμα,urn:cite2:hmt:lsj.chicago_md:n84506,civic_community,seed+embed,0.628,0.473,0.155,1730,"business of government, act of administration; measures of government; institutions; policy; Catonis; the government; citizens; free republics; form of government; citizen rights, citizenship; body of citizens; sovereign body; corporate body of citizens; corporate body, association; founded by"
πολῑτ-ῐκός,urn:cite2:hmt:lsj.chicago_md:n84513,civic_community,seed+embed,0.628,0.541,0.087,4861,"of, for; relating to citizens; ager publicus; urbanus; qui inter cives ius dicit); civil; in a town; city; official; befitting a citizen, civic, civil; civil affairs; more constitutionly; observant of social order; like a citizen, in a constitutional manner; like members of one state; more socially; civil, courteous; civilly, courteously; consisting of citizens; of oneʼs fellow-citizens; community; composed of; citizens; living in a community; fit for, characteristic of, free government; secular; laity; of; befitting a statesman, statesmanlike; the statesman; belonging to the state; its administration, political; of politics; public matters; weal of the state; civil, municipal; having relation to public life, political, public; litterae; scriptae; suited to a citizenʼs common life, ordinary; belonging to common usage; drawn from ordinary life; ordinary; concubine, mistress"
Πτολεμ-ᾱΐς,urn:cite2:hmt:lsj.chicago_md:n91221,civic_community,seed+embed,0.628,0.298,0.33,380,Acre; a citizen thereof
ἐπιφύλιος,urn:cite2:hmt:lsj.chicago_md:n41566,civic_community,embed,0.619,0.367,0.252,85,distributed to the tribes
φῦλον,urn:cite2:hmt:lsj.chicago_md:n112620,civic_community,seed+embed,0.612,0.445,0.167,1735,"race, tribe; class; swarm; people; the race; tribe; ordo senatorius; sex; nation; clan"
πολύ-φῡλος,urn:cite2:hmt:lsj.chicago_md:n85525,civic_community,embed,0.608,0.357,0.251,103,consisting of many tribes
ὁμο-φῡλία,urn:cite2:hmt:lsj.chicago_md:n73902,civic_community,seed+embed,0.599,0.323,0.276,81,sameness of race; tribe
φῡλοκρῐνέω,urn:cite2:hmt:lsj.chicago_md:n112619,civic_community,seed+embed,0.596,0.312,0.284,713,make distinctions of tribe; classify; distinguish precisely; select carefully; pick out
ἔτης,urn:cite2:hmt:lsj.chicago_md:n43260,civic_community,seed+embed,0.595,0.261,0.334,881,clansmen; kinsmen and dependents of a great house; citizen; a private citizen
πολῐ-ήτης,urn:cite2:hmt:lsj.chicago_md:n84468,civic_community,seed+embed,0.595,0.286,0.309,425,"citizen; fellow-citizen, countryman; countryʼs"
ἀτῑμ-ία,urn:cite2:hmt:lsj.chicago_md:n17086,civic_community,embed,0.591,0.31,0.281,817,"dishonour, disgrace; dishonour done to; indignities; deprivation of privileges; of civic rights; sorry"
μικρο-πολίτης,urn:cite2:hmt:lsj.chicago_md:n67748,civic_community,seed+embed,0.59,0.185,0.405,124,citizen of a petty state
φράτρα,urn:cite2:hmt:lsj.chicago_md:n112240,civic_community,seed+embed,0.587,0.355,0.232,1704,"brotherhood; tribe, clan; clans; clan; political subdivision of the; sub-division of a tribe; Harvard Theological Review; curia; league; association; conspiracy"
ἐπιχώριος,urn:cite2:hmt:lsj.chicago_md:n41705,civic_community,embed,0.585,0.456,0.129,1295,"in; of the country; the people of the country, natives; of; used in the country; the custom of the country, fashion; usual; is the custom of; country; custom; common things; against fellow-countrymen; in the language of the country; in the local dialect"
ὑψῐ-πολις,urn:cite2:hmt:lsj.chicago_md:n109982,civic_community,seed+embed,0.584,0.367,0.216,100,citizen of a proud city
πάμ-φῡλος,urn:cite2:hmt:lsj.chicago_md:n77159,civic_community,embed,0.582,0.357,0.225,383,of mingled tribes; races
δῐ-πολίτης,urn:cite2:hmt:lsj.chicago_md:n27409,civic_community,seed+embed,0.581,0.254,0.327,70,citizen of two cities
συνοικ-ία,urn:cite2:hmt:lsj.chicago_md:n100783,civic_community,seed+embed,0.579,0.511,0.068,918,"living with her; a body of people living together, settlement, community; house in which several families live, tenement-house; lodging-house; store-room; village, hamlet"
δημότης,urn:cite2:hmt:lsj.chicago_md:n24460,civic_community,seed+embed,0.578,0.385,0.193,797,"one of the people, commoner; popularly; one of the same people, fellow-citizen; member of a deme; of the same deme"
ἐγχώρ-ιος,urn:cite2:hmt:lsj.chicago_md:n30653,civic_community,embed,0.575,0.388,0.187,847,"in; of the country; a true-born; local; dweller in; inhabitants; according to the custom of the country; of; for the country, rustic"
μῡρῐ-ανδρος,urn:cite2:hmt:lsj.chicago_md:n69246,civic_community,embed,0.575,0.388,0.187,197,containing; men; inhabitants
ὁμο-πολῑτεία,urn:cite2:hmt:lsj.chicago_md:n73794,civic_community,seed+embed,0.573,0.289,0.285,91,"community of citizenship, Abh. Berl.Akad."
κοινων-έω,urn:cite2:hmt:lsj.chicago_md:n58444,civic_community,seed+embed,0.57,0.436,0.133,2567,"have; do in common with, share, take part in; with; give a share of; have a share of, take part in; share; in common; partnership; go shares with, have dealings with; is concerned with; has; in common with; sympathize; united with; commit; share in an opinion, agree; communicate, join; form a community"
αὐτο-πολίτης,urn:cite2:hmt:lsj.chicago_md:n17875,civic_community,seed+embed,0.569,0.18,0.389,86,citizen of a free state
ἀπρόσ-φῡλος,urn:cite2:hmt:lsj.chicago_md:n14526,civic_community,seed+embed,0.568,0.249,0.318,83,not belonging to the tribe
ὁμο-γάλακτες,urn:cite2:hmt:lsj.chicago_md:n73541,civic_community,embed,0.567,0.271,0.296,311,"persons suckled with the same milk, foster-brothers; sisters :; clansmen, tribesmen"
δημοτ-ικός,urn:cite2:hmt:lsj.chicago_md:n24461,civic_community,seed+embed,0.566,0.392,0.174,1702,"of; for the people, in common use; popular; common, ordinary; public affairs; of the populace, one of them; on the popular; democratic side; for the people; generous, kindly, affable; affably, kindly; popular, democratic; trying suits between citizens; in a spirit of equality; like a free and independent citizen; belonging to a deme"
φύλιος,urn:cite2:hmt:lsj.chicago_md:n112566,civic_community,seed+embed,0.566,0.321,0.245,60,of a tribe
κοινό-βῐος,urn:cite2:hmt:lsj.chicago_md:n58389,civic_community,seed+embed,0.565,0.45,0.116,251,living in community with others; life in community; monastery
κοινο-ποιός,urn:cite2:hmt:lsj.chicago_md:n58423,civic_community,seed+embed,0.561,0.486,0.075,62,creating community
κοινο-πολῑτεία,urn:cite2:hmt:lsj.chicago_md:n58424,civic_community,seed+embed,0.56,0.259,0.3,116,citizenship of a; league
πολιατ-εύω,urn:cite2:hmt:lsj.chicago_md:n84461,civic_community,seed+embed,0.557,0.233,0.324,55,to be a citizen
δήμιος,urn:cite2:hmt:lsj.chicago_md:n24386,civic_community,embed,0.556,0.495,0.061,774,belonging to the people; elected by the people; public; at the public cost; the sovereign people; public executioner; public physician
πᾶς,urn:cite2:hmt:lsj.chicago_md:n79904,civic_community,seed+embed,0.555,0.438,0.118,9867,"all; the whole; every.; all the; consisting; composed wholly of; nothing but, only; all, the whole; sovereign; whole; wide; quite; nought but; every; every single; any one; any; anything; all his; absolutely all; in all points; all of them; the community; all things; integral sum; full; of all kinds; in all; with; in the judgement of all; unanimously; all kinds of things; everything; all in all; in all points, entirely, wholly; almost throughout; in every way, by all means, altogether; completely, altogether; for all that, nevertheless; at all; the universe; ten; in every point, altogether; whatever; on the whole, in general; above all; quite so; altogether; utter; great; in great fear; finally; for ever, continually; common; for ever; none"
μονό-φῡλος,urn:cite2:hmt:lsj.chicago_md:n68708,civic_community,seed+embed,0.554,0.293,0.26,76,"of one tribe, race; kind"
πόλις,urn:cite2:hmt:lsj.chicago_md:n84494,civic_community,seed+embed,0.551,0.473,0.077,4699,"city; the citadel; the city of..; oneʼs city; country; praetor urbanus; islands; community; body of citizens; town; state; free state, republic; state affairs, government; public duties; assembly of citizens; rights of citizenship; pūr; pilìs"
Διακρεῖς,urn:cite2:hmt:lsj.chicago_md:n25041,civic_community,embed,0.55,0.336,0.214,127,inhabitants of
Σκῑρῖται,urn:cite2:hmt:lsj.chicago_md:n94927,civic_community,embed,0.55,0.336,0.214,268,the Scirites; inhabitants of
ἀστικός,urn:cite2:hmt:lsj.chicago_md:n16539,civic_community,embed,0.547,0.406,0.142,712,of a city; town; country; home; foreign; between citizens; cohortes urbanae; fond of the town; town life; polite
δωδεκά-φῡλος,urn:cite2:hmt:lsj.chicago_md:n29756,civic_community,embed,0.547,0.269,0.278,101,of twelve tribes; the twelve tribes
ἀποφύλιος,urn:cite2:hmt:lsj.chicago_md:n14259,civic_community,seed+embed,0.545,0.276,0.269,91,having no tribe; foreign
ἀγ-υιάτης,urn:cite2:hmt:lsj.chicago_md:n969,civic_community,embed,0.543,0.369,0.174,174,inhabitants of an
καταφῡλᾰδόν,urn:cite2:hmt:lsj.chicago_md:n55558,civic_community,embed,0.543,0.298,0.245,78,"in tribes, by clans"
μετά,urn:cite2:hmt:lsj.chicago_md:n66572,civic_community,seed+embed,0.541,0.467,0.075,10026,"mip; miti, mit; in the midst of, among, between; with; among; in common, along with, by aid of; in co-operation with; by aid of; on; side; with, together with; companions; and; in conjunction with; in oneʼs dealings with; by means of; during; between, among; among, in company with; in; belonging to; between; besides, over and above; to complete the number; after; into the middle of, coming into; persons; things; into; into the midst of; in pursuit; quest of; to seek; in quest of; in search of; for; to seek after; after, behind; beyond, on the far side of; after, next to; thereupon, there-after; by; next after; next to; inferior; to; after, according to; as; wish; among, between; including; among them, with them; with him; and then, next afterwards; thereafter; when past; of community; participation; in common with; in the midst of; succession; pursuit; letting go; reversely; change"
αὐτόθεν,urn:cite2:hmt:lsj.chicago_md:n17723,civic_community,embed,0.539,0.363,0.176,1568,"from the very spot; straight; from where you stand, not coming nearer; from the country; raised on the spot; on the country; the natives; in its native state; from oneself, of oneʼs own accord, spontaneously; on the spot; at once, immediately; obuiously; self; hastily; merely, only"
ἐπεισ-άγω,urn:cite2:hmt:lsj.chicago_md:n38498,civic_community,embed,0.539,0.216,0.323,1008,bring in besides; over; newly made citizens; introduce besides; bring in; new; strange; introduce; bring on besides; bring next upon the stage; draw in
τρι-φῡλία,urn:cite2:hmt:lsj.chicago_md:n105376,civic_community,embed,0.535,0.259,0.277,93,committee representing three tribes
λεωσφέτερος,urn:cite2:hmt:lsj.chicago_md:n62822,civic_community,seed+embed,0.534,0.194,0.34,137,"one of their own people, their fellow-citizen."
φῡλέτ-ης,urn:cite2:hmt:lsj.chicago_md:n112561,civic_community,seed+embed,0.533,0.282,0.251,272,"one of the same tribe, fellow-tribesman; of oneʼs tribe"
σύγγονος,urn:cite2:hmt:lsj.chicago_md:n97540,civic_community,embed,0.532,0.375,0.158,602,"congenital, inborn, natural; connected by blood, akin; proper to his race; brother, sister; kinsfolk; native, of oneʼs country"
προσοικ-έω,urn:cite2:hmt:lsj.chicago_md:n89804,civic_community,embed,0.531,0.374,0.157,513,dwell by; near; neighbouring tribes; lie by; has his house abutting on; dwell in; to be inhabited
τρί-φῡλος,urn:cite2:hmt:lsj.chicago_md:n105382,civic_community,embed,0.531,0.28,0.251,134,of three tribes; into three tribes
τῠραννο-πολίτης,urn:cite2:hmt:lsj.chicago_md:n105973,civic_community,seed+embed,0.528,0.244,0.284,120,citizen under a tyranny; -tarum; -tanorum
ἀλλό-φῡλος,urn:cite2:hmt:lsj.chicago_md:n4536,civic_community,seed+embed,0.524,0.278,0.246,483,"of another tribe, foreign; settled in another nome; alien to man, wild; with foreigners; alien, not oneʼs own"
ἐμπολῑτεύω,urn:cite2:hmt:lsj.chicago_md:n34476,civic_community,seed+embed,0.524,0.333,0.19,511,"to be a citizen, hold civil rights; to talk politics with; introduce into a state, naturalize"
ἑτερο-εθνής,urn:cite2:hmt:lsj.chicago_md:n43140,civic_community,seed+embed,0.524,0.278,0.246,77,"of another tribe, foreign"
τετρά-φῡλος,urn:cite2:hmt:lsj.chicago_md:n103576,civic_community,embed,0.524,0.267,0.257,75,divided into four tribes
δεκά-φῡλος,urn:cite2:hmt:lsj.chicago_md:n23920,civic_community,embed,0.522,0.3,0.221,63,consisting of ten tribes
συντέλεια,urn:cite2:hmt:lsj.chicago_md:n100980,civic_community,embed,0.522,0.448,0.074,2158,"joint contribution for the public burdens; defrayed by subscription; instruction; collatio, (compulsory) provision; Dritter Bericht; a body of citizens who contributed jointly; company; union of communities; the consummation; completion, end; an end of; full realization; unjust gain; completed action; reality"
ἔμπολ-ις,urn:cite2:hmt:lsj.chicago_md:n34474,civic_community,seed+embed,0.521,0.361,0.16,166,belonging to the city; state; fellow-citizen
συμπολῑτ-εύω,urn:cite2:hmt:lsj.chicago_md:n98765,civic_community,embed,0.521,0.363,0.158,824,live as fellow-citizens; members of one state; with; oneʼs fellow-citizens; hold public office jointly with
δῆμος,urn:cite2:hmt:lsj.chicago_md:n24436,civic_community,seed+embed,0.518,0.508,0.01,2980,"district, country, land; the land; people, inhabitants; the commons, common people; a commoner; plebs; unus de plebe; rank and file; the sovereign people, the free citizens; popular government, democracy; democracies; the popular assembly; assembly; township, commune; faction; dā´ti"
κεφᾰλ-ικός,urn:cite2:hmt:lsj.chicago_md:n56998,civic_community,embed,0.518,0.366,0.152,863,"of; for the head; Demotic Magical Papyrus; after the manner of a head; touching the head; life; capital; capitally; belonging to an individual; sharp, strong"
κοσμο-πολίτης,urn:cite2:hmt:lsj.chicago_md:n59337,civic_community,seed+embed,0.518,0.279,0.239,129,citizen of the world
ἐνοικ-έω,urn:cite2:hmt:lsj.chicago_md:n35910,civic_community,embed,0.517,0.359,0.158,756,"dwell in; to dwell in; to be present at; dwell upon, ‘be at home in’; inhabit; the inhabitants"
μικρο-πολῑτεία,urn:cite2:hmt:lsj.chicago_md:n67747,civic_community,seed+embed,0.516,0.136,0.379,74,citizenship in a petty state
δημο-ποίητος,urn:cite2:hmt:lsj.chicago_md:n24432,civic_community,seed+embed,0.515,0.223,0.293,116,made a citizen
πολῑτ-εία,urn:cite2:hmt:lsj.chicago_md:n84505,civic_community,seed+embed,0.515,0.473,0.042,2052,"condition and rights of a citizen, citizenship; grants of citizenship; the daily life of a citizen; life, living; body of citizens; civitas; government, administration; course of policy; acts of policy; tenure of public office; civil polity, constitution of a state; form of government; republican government, free common-wealth"
παν-δήμιος,urn:cite2:hmt:lsj.chicago_md:n77309,civic_community,embed,0.514,0.495,0.019,172,of; belonging to all the people; public; of all kinds of fish
κᾰθᾰρ-ός,urn:cite2:hmt:lsj.chicago_md:n51701,civic_community,embed,0.513,0.417,0.096,6360,"physically clean, spotless; cleanly; clear of admixture, clear, pure; white; a; winnowed; unmixed; serene; clear of objects, free; open; a clearing; clear; the clear sunshine; clear and open; cleared away; in open ground; free; free from mistakes; free, clear; discharge; free from pollution; honourable; free from guilt; defilement, pure; purity; purified; clear of; from..; ceremonially pure; purifying, cleansing; pure, genuine; citizens of pure blood; real, genuine; pure and simple; pure; clear, simple; preceded by a vowel, pure; containing a ‘pure’ syllable; without blemish, sound; sound portion; clear, exact; exactly balanced; purely; with clean hands, honestly; clearly, plainly; purely, correctly; entirely; in its purest form"
Κίκυννα,urn:cite2:hmt:lsj.chicago_md:n57384,civic_community,embed,0.513,0.434,0.079,243,Cicynna; an inhabitant thereof; from Cicynna; at Cicynna
Σῐνώπη,urn:cite2:hmt:lsj.chicago_md:n94255,civic_community,embed,0.513,0.434,0.079,596,Sinope; an inhabitant thereof; the country; a compound medicine; a red earth
ἐπιχθόνιος,urn:cite2:hmt:lsj.chicago_md:n41637,civic_community,embed,0.512,0.373,0.139,485,"upon the earth, earthly; earthly ones, men on earth; who haunt the earth; natives; terrestrial"
ναύκραρ-ος,urn:cite2:hmt:lsj.chicago_md:n69814,civic_community,embed,0.512,0.243,0.268,447,the chief official of a division; of the citizens
φῡλετ-ικός,urn:cite2:hmt:lsj.chicago_md:n112562,civic_community,embed,0.512,0.386,0.126,372,of; for a; like tribesmen; tributus; comitia tributa; belonging to a
ἄφῡλος,urn:cite2:hmt:lsj.chicago_md:n18578,civic_community,seed+embed,0.511,0.277,0.234,77,without a tribe
κληρ-ωτήριον,urn:cite2:hmt:lsj.chicago_md:n57892,civic_community,embed,0.511,0.295,0.216,414,place where elections by lot; distributions of jurors were held; list of citizens
τρᾱχ-ών,urn:cite2:hmt:lsj.chicago_md:n104652,civic_community,embed,0.51,0.382,0.129,306,"a rugged, stony tract; its inhabitants"
ἰσοπολῑτ-εία,urn:cite2:hmt:lsj.chicago_md:n51127,civic_community,embed,0.507,0.339,0.168,435,equality of civic rights; reciprocity of such rights
Κᾰλαύρεια,urn:cite2:hmt:lsj.chicago_md:n52558,civic_community,seed+embed,0.505,0.218,0.286,314,Calauria; citizen of C.
μέθεξις,urn:cite2:hmt:lsj.chicago_md:n65604,civic_community,embed,0.504,0.347,0.157,501,participation; in; being contained; comprehended
μετάσχεσις,urn:cite2:hmt:lsj.chicago_md:n66974,civic_community,embed,0.504,0.252,0.252,116,participation; in
μετουσί-α,urn:cite2:hmt:lsj.chicago_md:n67214,civic_community,embed,0.504,0.489,0.015,681,"participation, partnership, communion; enjoyment, means of using; participation"
μετοχ-ή,urn:cite2:hmt:lsj.chicago_md:n67220,civic_community,embed,0.504,0.441,0.063,994,"sharing, participation; shares; participation; joint possession; occupation; partaking; partnership; participle; compactness"
μιξ-αρχᾱγέτας,urn:cite2:hmt:lsj.chicago_md:n67914,civic_community,seed+embed,0.503,0.318,0.185,137,a tribe-hero; only in union with
ἄτῑμ-ος,urn:cite2:hmt:lsj.chicago_md:n17088,civic_community,embed,0.502,0.546,-0.044,1936,"unhonoured, dishonoured; dishonourable; by; without the honour of.., not deemed worthy of; unworthy; deprived of civic rights; deprived of; debarred from all rights in; deprived of the right of; not honourable; in dishonour; less honourable; without price; value; without payment; of little price, cheap; unavenged; unpunished; dishonourably, ignominiously"
κατά-κλησις,urn:cite2:hmt:lsj.chicago_md:n54173,civic_community,embed,0.502,0.293,0.209,379,"summoning by name; summoning of the whole body of citizens, incl. rural population; invocation; recalling"
ἐντόπ-ιος,urn:cite2:hmt:lsj.chicago_md:n36279,civic_community,embed,0.501,0.338,0.163,363,local; civil; local residents
ὁμο-κωμήτης,urn:cite2:hmt:lsj.chicago_md:n73735,civic_community,seed+embed,0.501,0.317,0.184,117,member of the same village-community
φῡλ-άζω,urn:cite2:hmt:lsj.chicago_md:n112526,civic_community,embed,0.5,0.272,0.228,77,form into tribes
πολῑτ-ης,urn:cite2:hmt:lsj.chicago_md:n84511,civic_community,seed+embed,0.499,0.391,0.108,692,"citizen, freeman; fellow-citizen; belonging to, connected with oneʼs city; country"
ἀστίτης,urn:cite2:hmt:lsj.chicago_md:n16546,civic_community,seed+embed,0.498,0.153,0.345,105,"townsman, citizen"
ἀστός,urn:cite2:hmt:lsj.chicago_md:n16565,civic_community,seed+embed,0.498,0.425,0.073,731,"townsman, citizen; one who has civil rights; one who has political rights; the commons; citizen of Alexandria"
ἡμερ-όω,urn:cite2:hmt:lsj.chicago_md:n47022,civic_community,embed,0.497,0.389,0.108,1025,"tame, make tame; to be pacified; reclaim, cultivate; Aër.; clear; to cultivate; civilize, humanize; tame by conquest, subdue; crest-fallen"
ἐνοικ-ήτωρ,urn:cite2:hmt:lsj.chicago_md:n35914,civic_community,embed,0.496,0.352,0.145,66,inhabitant
ἔνοικος,urn:cite2:hmt:lsj.chicago_md:n35927,civic_community,embed,0.496,0.352,0.145,385,inhabitant; inhabitant of; dweller in; dwelt in
κατάλογ-ος,urn:cite2:hmt:lsj.chicago_md:n54426,civic_community,embed,0.496,0.303,0.194,1067,"enrolment, register, catalogue; the catalogue; register of citizens; the list for service; superannuated; the lists for service; authority to conscript; list of the"
κτίτης,urn:cite2:hmt:lsj.chicago_md:n60394,civic_community,embed,0.496,0.352,0.145,130,inhabitant
νᾰέτης,urn:cite2:hmt:lsj.chicago_md:n69645,civic_community,embed,0.496,0.352,0.145,171,inhabitant
ναστήρ,urn:cite2:hmt:lsj.chicago_md:n69772,civic_community,embed,0.496,0.352,0.145,55,inhabitant
οἰκ-ήτωρ,urn:cite2:hmt:lsj.chicago_md:n72286,civic_community,embed,0.496,0.352,0.145,283,inhabitant; colonist
χρήσῐμ-ος,urn:cite2:hmt:lsj.chicago_md:n114651,civic_community,seed+embed,0.495,0.449,0.045,1581,"useful, serviceable; excellence; useful; serviceable, useful; a good and useful citizen; able; used, made use of; muchfrequented; available; authentic; that will; pass; serviceable; with advantage"
ἀρχί-φῡλος,urn:cite2:hmt:lsj.chicago_md:n16031,civic_community,seed+embed,0.494,0.242,0.253,63,chief of a tribe
ὁμο-πολίτης,urn:cite2:hmt:lsj.chicago_md:n73795,civic_community,seed+embed,0.494,0.189,0.304,72,fellow-citizen
συμπολῑτ-ης,urn:cite2:hmt:lsj.chicago_md:n98766,civic_community,seed+embed,0.494,0.189,0.304,177,fellow-citizen
σύνδῐκ-ος,urn:cite2:hmt:lsj.chicago_md:n99770,civic_community,embed,0.493,0.401,0.092,1323,"one who helps in a court of justice, advocate; on oneʼs side; judges appointed to determine disputes respecting confiscated property; public advocate, appointed to represent the state; advocates chosen by the tribes to defend their interests; public advocates; accomplice; belonging jointly to; joint; with joint sentence, jointly"
βρᾰχύ-πτολις,urn:cite2:hmt:lsj.chicago_md:n20880,civic_community,embed,0.492,0.369,0.123,130,little city; belonging to a small city
γεω-νόμος,urn:cite2:hmt:lsj.chicago_md:n22072,civic_community,embed,0.491,0.339,0.152,192,"one who distributes land; receiving a portion of distributed lands, colonist"
συμπολῑτ-εία,urn:cite2:hmt:lsj.chicago_md:n98763,civic_community,embed,0.491,0.365,0.126,231,"federal union; with interchange of civic rights, confederacy; sharing of political life"
νομ-άς,urn:cite2:hmt:lsj.chicago_md:n70949,civic_community,embed,0.49,0.4,0.09,1108,"roaming about for pasture; pastoral tribes; Numidian; guinea-fowl; a; roaming, grazing; of the pastures; wild; exposed, turned adrift; distributing; pastoral; game"
πρᾰσι-ά,urn:cite2:hmt:lsj.chicago_md:n86193,civic_community,embed,0.488,0.329,0.158,361,"bed in a garden, garden-plot; in companies; groups; bed of leeks."
γαιο-νόμος,urn:cite2:hmt:lsj.chicago_md:n21416,civic_community,embed,0.487,0.38,0.107,82,dwelling in the land: inhabitant
ἐνδάπιος,urn:cite2:hmt:lsj.chicago_md:n35098,civic_community,embed,0.487,0.258,0.229,239,native of the country
αὐτό-χθων,urn:cite2:hmt:lsj.chicago_md:n18028,civic_community,embed,0.482,0.344,0.138,517,"sprung from the land itself;; not settlers, of native stock; indigenous, native; urbanitas, racy of the soil"
μετουσι-αστικός,urn:cite2:hmt:lsj.chicago_md:n67215,civic_community,embed,0.482,0.277,0.205,161,denoting participation; derivative adjective
ἀριστο-πολῑτευτής,urn:cite2:hmt:lsj.chicago_md:n15129,civic_community,seed+embed,0.481,0.252,0.23,341,best of citizens; best citizen; privileges of an
ὅμοιος,urn:cite2:hmt:lsj.chicago_md:n73672,civic_community,embed,0.481,0.403,0.079,6121,"like, resembling; similar; more like; most like; the same; always the same, unchanging; the same as ever; equal in force, a match for one; suiting, according with; all the same, all one; ‘tit for tat’; a like return; in like esteem; in like fashion, likewise; ceteris paribus; on equal terms, in fair fight; of the same rank; station; peers, all citizens who had equal right to hold state-offices; equal; square; Ztschr.f.vergl.; in common; like; approximately; in like manner with; even; alike; in like manner; alike, equally; to be uniform; like any other food; all alike"
πολῑτο-γρᾰφέω,urn:cite2:hmt:lsj.chicago_md:n84516,civic_community,seed+embed,0.481,0.151,0.33,352,enrol as a citizen; act as registrar; to be admitted to citizenship
γνήσι-ος,urn:cite2:hmt:lsj.chicago_md:n22483,civic_community,embed,0.48,0.327,0.153,1229,"belonging to the race; lawfully begotten, born in wedlock; genuine, legitimate; lawful; true; real, unfeigned; inspired; genuine; genuinely, truly; nobly; lawfully; charges on land"
συμπολῑτ-ευσις,urn:cite2:hmt:lsj.chicago_md:n98764,civic_community,seed,0.48,0.243,0.237,88,fellow-citizenship
ἀντί-δοσις,urn:cite2:hmt:lsj.chicago_md:n9915,civic_community,seed,0.479,0.331,0.148,786,"giving in return, exchange; repayment, requital; in return for..; a form by which a citizen charged with a; might call upon any other citizen; either to exchange properties, or to submit to the charge himself"
πολῑτο-γρᾰφία,urn:cite2:hmt:lsj.chicago_md:n84517,civic_community,seed,0.479,0.154,0.325,125,enrolment as a citizen
Λίνδος,urn:cite2:hmt:lsj.chicago_md:n63370,civic_community,seed,0.476,0.185,0.291,356,Lindos; from Lindos; Lindian; citizen of Lindos
ὁμοφων-ία,urn:cite2:hmt:lsj.chicago_md:n73907,civic_community,seed,0.476,0.388,0.089,276,"unison; community of language; agreement, concord"
πλῆθος,urn:cite2:hmt:lsj.chicago_md:n83774,civic_community,seed,0.464,0.572,-0.108,3809,"great number, multitude; mass; greater number; mass, main body; largest part; the majority; a majority; people, population; the commons; assembly; plebs; association, corporation; guild; populace, mob; masses; quantity; number; in force; magnitude, size; extent; amount; multa sudans; quantities; more than enough; plurality; length; in great numbers; large number; usually, mostly"
ἀποπολῑτεύω,urn:cite2:hmt:lsj.chicago_md:n13479,civic_community,seed,0.463,0.279,0.185,114,dissolve political community
Αἰαντίδης,urn:cite2:hmt:lsj.chicago_md:n2110,civic_community,seed,0.462,0.277,0.185,112,son of Ajax; one of the tribe
ἄπολις,urn:cite2:hmt:lsj.chicago_md:n13083,civic_community,seed,0.455,0.334,0.121,670,"without city, state; country; outlaw, banished man; no true citizen; without cities; that is no city; that has no constitution, no true"
ἀκοιν-ωνησία,urn:cite2:hmt:lsj.chicago_md:n3270,civic_community,seed,0.449,0.507,-0.057,200,"non-existence of community; unsociableness; lack of community, incompatibility"
πολισσονόμος,urn:cite2:hmt:lsj.chicago_md:n84498,civic_community,seed,0.445,0.491,-0.046,164,managing; ruling a city; of social order
Μεγᾰρ-εύς,urn:cite2:hmt:lsj.chicago_md:n65542,civic_community,seed,0.444,0.232,0.212,214,citizen of Megara
ἀπό-σπασμα,urn:cite2:hmt:lsj.chicago_md:n13772,civic_community,seed,0.442,0.454,-0.013,409,"that which is torn off, a piece, rag, shred; branch, division of a tribe; a detached portion; particle; avulsion, tearing apart"
διαδρᾱσῐπολῖται,urn:cite2:hmt:lsj.chicago_md:n24731,civic_community,seed,0.437,0.172,0.266,108,citizen who shirks all state burdens
κοιρᾰν-ίδης,urn:cite2:hmt:lsj.chicago_md:n58466,civic_community,seed,0.437,0.222,0.214,113,member of a ruling house
σελαχ-ώδης,urn:cite2:hmt:lsj.chicago_md:n93625,civic_community,seed,0.434,0.263,0.171,114,of; like the tribe of
κοινόβουλ-ος,urn:cite2:hmt:lsj.chicago_md:n58396,civic_community,seed,0.427,0.148,0.279,144,member of local senate
μῑσο-πολίτης,urn:cite2:hmt:lsj.chicago_md:n68080,civic_community,seed,0.424,0.246,0.178,70,citizen-hater
νεο-πολίτης,urn:cite2:hmt:lsj.chicago_md:n70345,civic_community,seed,0.424,0.132,0.292,205,newly enfranchised citizen
ἀριστο-γᾰλᾰτίας,urn:cite2:hmt:lsj.chicago_md:n15107,civic_community,seed,0.423,0.242,0.182,104,"chief citizen of the province of Galatia, Class.Rev."
ἰσοπολῑτ-ης,urn:cite2:hmt:lsj.chicago_md:n51128,civic_community,seed,0.421,0.424,-0.004,456,enjoying equal political rights; enjoying reciprocity of rights; municipia; enjoying such rights; equitable citizen
τρῐᾱκάς,urn:cite2:hmt:lsj.chicago_md:n104732,civic_community,seed,0.418,0.233,0.185,1019,"the number thirty; the thirtieth day of the month.; a month; a religious association of thirty persons, fraction of the deme; a company of thirty"
κύκλος,urn:cite2:hmt:lsj.chicago_md:n60646,civic_community,seed,0.416,0.417,-0.002,5930,"ring, circle; circle; circles; in a circle; ring, round about; round; around; from all sides; all over; circumstances; any circular body; wheel; janker; trencher; place of assembly; amphitheatre; crowd of people standing round, ring; circle of people; place in the; where domestic utensils were sold; vault; parallels; the zones; orb, disk; the heavenly bodies; wall round; circular fort; round shield; eye-balls, eyes; eye; cheeks; wreath; cycle; collection of legends; poems; the Epic cycle; circular motion, orbit; revolution; years; cycles; train; circular dance; a rounded period; anapaest; sphere, globe"
συνθῐᾰσ-ῑτεύω,urn:cite2:hmt:lsj.chicago_md:n100613,civic_community,seed,0.411,0.29,0.121,94,to be a fellow-member of a
συντελεσ-τής,urn:cite2:hmt:lsj.chicago_md:n100986,civic_community,seed,0.408,0.337,0.071,191,member of a land-owners’ union which is responsible for the collection and payment of its taxes
ἰσόνομ-ος,urn:cite2:hmt:lsj.chicago_md:n51102,civic_community,seed,0.405,0.353,0.052,493,where all have equal rights; enjoying full citizen rights; at par
οὐρᾰνο-πολίτης,urn:cite2:hmt:lsj.chicago_md:n75952,civic_community,seed,0.401,0.317,0.084,152,citizen of heaven
ἑταῖρ-ος,urn:cite2:hmt:lsj.chicago_md:n43089,erotic_pederasty,seed+embed,0.75,0.387,0.363,2574,"comrade, companion; comrades-in-arms; messmate; fellowslave; partner; mates; pupil, disciple; fellow-pupils; partisans; club-mates; members of a religious guild; lovers; guards; cavalry; retinue; Comites; associate of; closest companions; constant to; gregarious; companion; courtesan; prostitute"
Κορίνθιος,urn:cite2:hmt:lsj.chicago_md:n59117,erotic_pederasty,seed+embed,0.75,0.291,0.46,365,Corinthian; courtesan; in Corinthian fashion
ἐράω,urn:cite2:hmt:lsj.chicago_md:n42155,erotic_pederasty,seed+embed,0.736,0.568,0.167,1652,love; to be in love with; a lover; the beloved one; delicias ejus; love warmly; desire passionately; desire
φίλος,urn:cite2:hmt:lsj.chicago_md:n111463,erotic_pederasty,seed+embed,0.736,0.528,0.207,6028,"beloved, dear; dear; friend; friends, kith and kin; a friend; friends; allies; a lover; my friend; dear one, friend; wife; mother; mistress; an object of love; what; loves; darling; oneʼs nearest and dearest, dear ones; pleasant, welcome; pleasure; pleases; after; heart; please; oneʼs own; a.; his own; their wonted; loving, friendly; friendly; kindly, pleasing; kindly; fond of; attached to; fain; in a manner dear; pleasing; in a friendly, kindly spirit"
βασσάρ-α,urn:cite2:hmt:lsj.chicago_md:n19580,erotic_pederasty,seed+embed,0.715,0.262,0.454,316,"fox; dress of Thracian bacchanals; Thracian bacchanal; impudent woman, courtesan"
ἑταιρ-ίζω,urn:cite2:hmt:lsj.chicago_md:n43082,erotic_pederasty,seed+embed,0.706,0.422,0.285,556,"to be; comrade; associate with oneself, choose for oneʼs comrade; win over; to be a courtesan; associate with"
ἐργᾰσ-ία,urn:cite2:hmt:lsj.chicago_md:n42168,erotic_pederasty,embed,0.695,0.459,0.235,2740,"work, business; labour; work; da operam ut..; SC. de Stratonicensibus; function; working at, making, manufacture; making up; wrought by; hands; production; making; administration; working; tillage; preparation; treatment; trade, business; trade; business; a courtesanʼs trade; intercourse; earnings; practising, exercising; work of art, production; works; execution; elaboration; guild; company; Altertümer von Hierapolis"
ἀντιφῐλ-ία,urn:cite2:hmt:lsj.chicago_md:n10655,erotic_pederasty,embed,0.674,0.458,0.216,60,mutual affection
φῐλεραστ-ία,urn:cite2:hmt:lsj.chicago_md:n110934,erotic_pederasty,seed+embed,0.666,0.576,0.09,82,devotion to a lover
ἔρως,urn:cite2:hmt:lsj.chicago_md:n42840,erotic_pederasty,seed+embed,0.664,0.568,0.095,1512,"love; love for; love of; desire for i; loves, amours; desires; object of love; desire; passionate joy; the god of love; funeral wreath"
ἔρᾰμαι,urn:cite2:hmt:lsj.chicago_md:n42109,erotic_pederasty,embed,0.661,0.552,0.11,1471,"love; desire passionately, lust after; desire eagerly"
ἐμπορ-ικός,urn:cite2:hmt:lsj.chicago_md:n34490,erotic_pederasty,embed,0.653,0.384,0.27,827,"of; for commerce, mercantile; to be used in trade; of commerce; the class of merchant-seamen; with an aptitude for trade; camp-traders, sutlers; imported, foreign; a travellerʼs; a romance; in mercantile fashion"
βεργαΐζω,urn:cite2:hmt:lsj.chicago_md:n19816,erotic_pederasty,embed,0.649,0.377,0.272,190,romance
καταπορν-εύω,urn:cite2:hmt:lsj.chicago_md:n54888,erotic_pederasty,embed,0.649,0.331,0.318,246,"prostitute; violate, treat as prostitutes; squander on courtesans"
ἀντιμαίνομαι,urn:cite2:hmt:lsj.chicago_md:n10124,erotic_pederasty,seed+embed,0.646,0.542,0.104,179,to be filled with passion for a lover in return; rage against
ἐράσμιος,urn:cite2:hmt:lsj.chicago_md:n42130,erotic_pederasty,embed,0.645,0.499,0.147,382,"lovely, pleasant; beloved, desired; affectionately"
ἑταιρ-οτρόφος,urn:cite2:hmt:lsj.chicago_md:n43093,erotic_pederasty,embed,0.644,0.31,0.334,79,keeping mistresses
φῐλαλληλ-ία,urn:cite2:hmt:lsj.chicago_md:n110835,erotic_pederasty,embed,0.642,0.405,0.238,136,mutual love; affinity
ἀΐτας,urn:cite2:hmt:lsj.chicago_md:n2752,erotic_pederasty,seed+embed,0.637,0.42,0.218,335,a beloved youth; lover
εἰσπνήλας,urn:cite2:hmt:lsj.chicago_md:n31503,erotic_pederasty,seed+embed,0.637,0.406,0.231,96,lover
ἐπιθῡμ-ητής,urn:cite2:hmt:lsj.chicago_md:n39486,erotic_pederasty,seed+embed,0.637,0.537,0.1,370,one who longs for; desires; lover; follower; one who lusts
ἐραστ-ής,urn:cite2:hmt:lsj.chicago_md:n42132,erotic_pederasty,seed+embed,0.637,0.527,0.11,693,lover; admirer; an adherent; eager for; fond
ἐράστ-ρια,urn:cite2:hmt:lsj.chicago_md:n42135,erotic_pederasty,seed+embed,0.637,0.406,0.231,122,lover
καιρό-φῐλος,urn:cite2:hmt:lsj.chicago_md:n52045,erotic_pederasty,seed+embed,0.637,0.406,0.231,101,lover; observer of times
φῐλ-ητής,urn:cite2:hmt:lsj.chicago_md:n111016,erotic_pederasty,seed+embed,0.637,0.406,0.231,54,lover
φῐλ-ήτωρ,urn:cite2:hmt:lsj.chicago_md:n111021,erotic_pederasty,seed+embed,0.637,0.429,0.209,330,lover; paramour; dear to; heart; darling; loving
φῐλ-οίφᾱς,urn:cite2:hmt:lsj.chicago_md:n111199,erotic_pederasty,embed,0.633,0.481,0.152,134,"loving sexual intercourse, lecherous"
φῐλο-πᾰθής,urn:cite2:hmt:lsj.chicago_md:n111356,erotic_pederasty,embed,0.624,0.537,0.087,76,"devoted to oneʼs passions, sensual"
ὀργ-άω,urn:cite2:hmt:lsj.chicago_md:n74764,erotic_pederasty,embed,0.616,0.544,0.072,1623,"to be getting ready to bear, growing ripe; swell; grows ripe; turgid; wax wanton, be rampant; to be in heat, desire sexual intercourse; to be eager; ready, to be excited; under the influence of passion; to be urgent"
ἐπιθῡμ-ία,urn:cite2:hmt:lsj.chicago_md:n39489,erotic_pederasty,embed,0.613,0.575,0.038,1006,"desire, yearning; by passion; appetite; sexual desire, lust; longing after; desire of; for; an inclination; object of desire"
φῐλάνωρ,urn:cite2:hmt:lsj.chicago_md:n110859,erotic_pederasty,embed,0.613,0.547,0.065,306,"fond of a man, amorous, conjugal; kindly; fond of men"
φῐλο-συμβίωτος,urn:cite2:hmt:lsj.chicago_md:n111509,erotic_pederasty,seed+embed,0.613,0.375,0.239,75,lover of oneʼs spouse
γῠναικ-εραστέω,urn:cite2:hmt:lsj.chicago_md:n23012,erotic_pederasty,seed+embed,0.611,0.432,0.179,110,to be a lover of women; woman-lover
Σῐνωπίζω,urn:cite2:hmt:lsj.chicago_md:n94256,erotic_pederasty,seed+embed,0.609,0.27,0.339,61,behave like the courtesan Sinope
θοιν-αρμόστρια,urn:cite2:hmt:lsj.chicago_md:n48923,erotic_pederasty,seed+embed,0.601,0.37,0.232,200,mistress of the banquet
συνεράω,urn:cite2:hmt:lsj.chicago_md:n100371,erotic_pederasty,embed,0.6,0.367,0.233,451,love jointly; together with; loves they had enjoyed together
συμφῐλέω,urn:cite2:hmt:lsj.chicago_md:n98906,erotic_pederasty,embed,0.596,0.45,0.146,65,love mutually
σώφρων,urn:cite2:hmt:lsj.chicago_md:n102117,erotic_pederasty,embed,0.596,0.51,0.087,1935,"of sound mind; discreet, prudent; reasonable; having control over the sensual desires, temperate, self-controlled, chaste; moderate; cautiously; more moderate"
ἀλληλο-φῐλέω,urn:cite2:hmt:lsj.chicago_md:n4425,erotic_pederasty,embed,0.588,0.386,0.202,61,love one another
μέλ-ημα,urn:cite2:hmt:lsj.chicago_md:n65978,erotic_pederasty,embed,0.587,0.517,0.071,461,"object of care, beloved object, darling; charge, duty; care, anxiety"
συμπερι-φορά,urn:cite2:hmt:lsj.chicago_md:n98673,erotic_pederasty,embed,0.587,0.449,0.138,597,"intercourse, companionship, society; social intercourse; accommodating temper, indulgence, complaisance"
Ἀφροδισ-ιασμός,urn:cite2:hmt:lsj.chicago_md:n18512,erotic_pederasty,embed,0.586,0.485,0.101,105,"sexual intercourse, lustfulness"
ἐπιμειξία,urn:cite2:hmt:lsj.chicago_md:n40147,erotic_pederasty,embed,0.584,0.416,0.168,571,"mixing with; intercourse, dealings; in common with..; intercourse; mixture, combination"
στερκ-τικός,urn:cite2:hmt:lsj.chicago_md:n96592,erotic_pederasty,embed,0.581,0.468,0.112,198,"disposed to love, affectionate"
μῑσ-ητία,urn:cite2:hmt:lsj.chicago_md:n67982,erotic_pederasty,embed,0.576,0.678,-0.102,143,"lust, lewdness; greed"
ὕβρις,urn:cite2:hmt:lsj.chicago_md:n106177,erotic_pederasty,embed,0.576,0.508,0.068,2969,"wanton violence; insolence; in wantonness; lust, lewdness; violence; an outrage; outrage; wanton acts, outrages; an outrage on the person; violation, rape; the more serious injuries done to the person; a loss by sea; a violent, overbearing man"
πᾰθ-η,urn:cite2:hmt:lsj.chicago_md:n76512,erotic_pederasty,embed,0.575,0.45,0.125,565,"passive state; what is done; happens; what happened; that had happened; suffering, misfortune; morbid affections"
μάργ-ος,urn:cite2:hmt:lsj.chicago_md:n65018,erotic_pederasty,embed,0.57,0.466,0.103,755,"mad; madman; rampant, furious; greedy, gluttonous; lewd, lustful"
μάχλ-ος,urn:cite2:hmt:lsj.chicago_md:n65310,erotic_pederasty,embed,0.57,0.466,0.103,368,"lewd, lustful; wanton, luxuriant; wanton, insolent"
μύκλα,urn:cite2:hmt:lsj.chicago_md:n69095,erotic_pederasty,embed,0.57,0.466,0.103,326,"black stripe; a fold on its neck; ass; lewd, lustful"
ἐπιθῡμ-ητικός,urn:cite2:hmt:lsj.chicago_md:n39487,erotic_pederasty,embed,0.567,0.539,0.028,392,"desiring, coveting; lusting after; that; which is the seat of the desires and affections"
οἰκο-δέσποινα,urn:cite2:hmt:lsj.chicago_md:n72312,erotic_pederasty,seed+embed,0.567,0.318,0.25,140,mistress of a family
ἀγαπ-ητός,urn:cite2:hmt:lsj.chicago_md:n354,erotic_pederasty,embed,0.565,0.479,0.086,1217,"that wherewith one must be content; to be acquiesced in; one must be content; desirable; beloved; gladly, contentedly; just enough to content one, barely, scarcely"
ἐρᾰτός,urn:cite2:hmt:lsj.chicago_md:n42143,erotic_pederasty,embed,0.565,0.479,0.086,804,lovely; beloved
μεγᾰλό-ψῡχος,urn:cite2:hmt:lsj.chicago_md:n65529,erotic_pederasty,embed,0.565,0.373,0.192,425,"high-souled, generous; romantic, Quixotic"
ἐπιτερπ-ής,urn:cite2:hmt:lsj.chicago_md:n41307,erotic_pederasty,embed,0.564,0.6,-0.036,368,"pleasing, delightful; devoted to pleasure; pleasant companion"
μαχλ-οσύνη,urn:cite2:hmt:lsj.chicago_md:n65311,erotic_pederasty,embed,0.564,0.501,0.063,216,"lewdness, lust"
ὁμῑλ-ία,urn:cite2:hmt:lsj.chicago_md:n73505,erotic_pederasty,embed,0.564,0.416,0.148,2075,"intercourse, company; communion; intercourse with; society; private life; persuasion; association; intercourse; sexual intercourse; instruction; lecture; practice; usage; common; association, company; fellow-sojourners; mates"
συνουσί-α,urn:cite2:hmt:lsj.chicago_md:n100906,erotic_pederasty,embed,0.564,0.402,0.163,1910,"being with; together; social intercourse, society; intercourse with; communion with..; by long intercourse with; conversation; conversation together; habitual association, constant resort; intercourse with a teacher, attendance at his teaching; sexual intercourse; copulation; sum; a society, company, party; parties, conversazioni"
συνήθης,urn:cite2:hmt:lsj.chicago_md:n100524,erotic_pederasty,embed,0.563,0.446,0.117,1859,"dwelling; living together, accustomed; used to each other; like each other in habits; acquaintances; well-acquainted; intimate with; friend, intimate; habituated, accustomed; bred with; wonted; habitual, customary, usual; customary; habitual; custom; in common use; usage; acquainted, friendly with; habitually, as is usual; according to common usage; commonly"
τρόφ-ῐμος,urn:cite2:hmt:lsj.chicago_md:n105557,erotic_pederasty,seed+embed,0.559,0.53,0.029,1943,"nourishing, nutritious; nutritive; young master; erilis filius; the mistress; maintenance, sustenance; food-supply; for board; nursling, foster-child; our nurslings, pupils; Bis Acc.; kept in the house; healthy, strong, well-nourished; flourishing, luxuriant; viable, capable of life"
φίλ-ερως,urn:cite2:hmt:lsj.chicago_md:n110951,erotic_pederasty,embed,0.559,0.462,0.097,126,"prone to love, amorous"
ἐπιχράομαι,urn:cite2:hmt:lsj.chicago_md:n41661a,erotic_pederasty,embed,0.558,0.46,0.098,308,make use of besides; to have the use of; besides; make use of also; have dealings with; intimate
μῑσ-ητός,urn:cite2:hmt:lsj.chicago_md:n67985,erotic_pederasty,embed,0.558,0.451,0.107,320,"hateful; lustful, lewd; prostitute; insatiate"
ὑβρ-ιστής,urn:cite2:hmt:lsj.chicago_md:n106184,erotic_pederasty,embed,0.558,0.451,0.107,1162,"violent, wanton, licentious, insolent man; sarcastic; lustful, lewd; insolent; wanton, restive, unruly; proud"
ἄνυμφος,urn:cite2:hmt:lsj.chicago_md:n10841,erotic_pederasty,seed+embed,0.553,0.337,0.216,264,"not bridal; that is no bride, unhappy; without bride; mistress"
δέσποινα,urn:cite2:hmt:lsj.chicago_md:n24193,erotic_pederasty,seed+embed,0.553,0.337,0.216,740,"mistress, lady of the house; mistress; princess, queen; Empress"
δεσπότ-ειρα,urn:cite2:hmt:lsj.chicago_md:n24203,erotic_pederasty,seed+embed,0.553,0.337,0.216,69,mistress
κτάομαι,urn:cite2:hmt:lsj.chicago_md:n60308,erotic_pederasty,seed+embed,0.553,0.467,0.085,4066,"procure for oneself, get, acquire; win; to get oneʼs; bring upon oneself; incur; get; make; procure; to have acquired; possess, hold; to be master of; having; involving; have in store; have in hand; own; to be a property-owner; owner, master; mistress; to be gotten; to be obtained as property"
παντελής,urn:cite2:hmt:lsj.chicago_md:n77603,erotic_pederasty,seed+embed,0.553,0.348,0.204,1513,"all-complete, absolute; mistress; with full authority; complete tale; perfect; all-accomplishing; altogether, utterly; quite finished; outright; at all; from first to last; most certainly; for ever"
τόπαρχ-ος,urn:cite2:hmt:lsj.chicago_md:n104333,erotic_pederasty,seed+embed,0.553,0.342,0.21,171,ruling over a place; mistress
κῐναιδ-εία,urn:cite2:hmt:lsj.chicago_md:n57428,erotic_pederasty,embed,0.549,0.474,0.075,77,unnatural lust
πασχητι-ασμός,urn:cite2:hmt:lsj.chicago_md:n79980,erotic_pederasty,embed,0.549,0.474,0.075,61,unnatural lust
πασχητι-άω,urn:cite2:hmt:lsj.chicago_md:n79981,erotic_pederasty,embed,0.549,0.474,0.075,150,feel lust; unnatural lust
μοιχ-ικός,urn:cite2:hmt:lsj.chicago_md:n68303,erotic_pederasty,embed,0.548,0.403,0.145,162,adulterous; of adultery
ἀνεπι-βᾰσία,urn:cite2:hmt:lsj.chicago_md:n8355,erotic_pederasty,embed,0.547,0.416,0.131,125,prohibition of traffic; intercourse
ἐπιμείγνῡμι,urn:cite2:hmt:lsj.chicago_md:n40138,erotic_pederasty,embed,0.547,0.416,0.131,1017,add by mixing; added a mixture of; make; acquainted with; brought; among; mingle with; have intercourse; dealings; come to; join; mingle in..; intercourse
ἐπιμίσγω,urn:cite2:hmt:lsj.chicago_md:n40232,erotic_pederasty,embed,0.547,0.416,0.131,1012,have intercourse; have; to be dealing with; am; clashing with; as the fight was; joined; have dealings with; intercourse; draw nigh to; cross
κοίμ-ημα,urn:cite2:hmt:lsj.chicago_md:n58369,erotic_pederasty,embed,0.547,0.416,0.131,177,sleep; intercourse
κοίν-ωμα,urn:cite2:hmt:lsj.chicago_md:n58441,erotic_pederasty,embed,0.547,0.468,0.079,177,intercourse; sexual; mortised joint
μίξις,urn:cite2:hmt:lsj.chicago_md:n67920,erotic_pederasty,embed,0.547,0.416,0.131,601,"mixing, mingling; intercourse; sexual intercourse; commerce; union"
ὀᾰρ-ιστύς,urn:cite2:hmt:lsj.chicago_md:n71895,erotic_pederasty,embed,0.547,0.416,0.131,258,"familiar converse, fond discourse; intercourse; the company"
οἰκοφθόρ-ος,urn:cite2:hmt:lsj.chicago_md:n72385,erotic_pederasty,embed,0.547,0.35,0.198,190,"one who ruins a house, a prodigal; seducer, adulterer"
ὁμῑλ-ημα,urn:cite2:hmt:lsj.chicago_md:n73498,erotic_pederasty,embed,0.547,0.416,0.131,164,intercourse; company
ὁμῑλ-ησις,urn:cite2:hmt:lsj.chicago_md:n73499,erotic_pederasty,embed,0.547,0.416,0.131,70,intercourse
προσεψία,urn:cite2:hmt:lsj.chicago_md:n89348,erotic_pederasty,embed,0.547,0.416,0.131,58,intercourse
προσομῑλ-έω,urn:cite2:hmt:lsj.chicago_md:n89820,erotic_pederasty,embed,0.547,0.416,0.131,831,"hold intercourse with, associate with; conducting; intercourse; converse with; discourse, lecture; cling to; is exposed to; to be conversant with"
συμβόλ-αιον,urn:cite2:hmt:lsj.chicago_md:n98296,erotic_pederasty,embed,0.547,0.416,0.131,2120,"mark, sign, token; symptoms; contract, covenant, bond; for enforcing a contract; bond; loan; receipt; bonds for money lent; suits for enforcing contracts; money lent on such bond; of such moneys; sums so lent; engagements; engagement; transactions; intercourse"
συνομῑλ-ία,urn:cite2:hmt:lsj.chicago_md:n100838,erotic_pederasty,embed,0.547,0.416,0.131,49,intercourse
μοιχ-εία,urn:cite2:hmt:lsj.chicago_md:n68296,erotic_pederasty,embed,0.546,0.353,0.193,128,adultery
συμπορεύομαι,urn:cite2:hmt:lsj.chicago_md:n98775,erotic_pederasty,embed,0.546,0.355,0.191,547,"come, go; proceed together; assemble; consort together, hold intercourse"
χράω,urn:cite2:hmt:lsj.chicago_md:n114552,erotic_pederasty,embed,0.545,0.475,0.069,724,"fall upon, attack, assail; inflict; conceive a desire; did he want; needed he; have become so eager"
μῡθολογ-ία,urn:cite2:hmt:lsj.chicago_md:n69039,erotic_pederasty,embed,0.544,0.375,0.17,190,"romance, fiction; legend; story-telling"
ἱμερτός,urn:cite2:hmt:lsj.chicago_md:n50482,erotic_pederasty,embed,0.543,0.417,0.126,511,"longed for, desired, lovely; dear"
προσπάθ-εια,urn:cite2:hmt:lsj.chicago_md:n89874,erotic_pederasty,embed,0.541,0.454,0.086,506,passionate attachment; clinging
πορνο-κόπος,urn:cite2:hmt:lsj.chicago_md:n85796,erotic_pederasty,embed,0.54,0.288,0.252,105,"one who has commerce with prostitutes, fornicator"
συμμείγνῡμι,urn:cite2:hmt:lsj.chicago_md:n98365,erotic_pederasty,embed,0.538,0.351,0.187,4424,"mix together, commingle; mixing in, adding; having combined; to be commingled; Aër.; join forces; to be formed by combination; has; as an ingredient in his fate; happened together; unite sexually, couple; associate with; mixed up, connected with; introduce; to, make; acquainted with; communicate; form mutual; have dealings; intercourse with, associate; communicate with; join; meet for conversation; traffic; talk; converse with; meet in close fight, come to blows, engage; meet"
περιᾰγᾰπάζομαι,urn:cite2:hmt:lsj.chicago_md:n81018,erotic_pederasty,embed,0.537,0.409,0.128,71,love very much
συνεραστής,urn:cite2:hmt:lsj.chicago_md:n100369,erotic_pederasty,seed+embed,0.537,0.429,0.109,144,joint lover; loving; jointly with..
φῐλιστορέω,urn:cite2:hmt:lsj.chicago_md:n111046,erotic_pederasty,embed,0.536,0.439,0.096,131,love research; to be curious
κλεψί-γᾰμος,urn:cite2:hmt:lsj.chicago_md:n57823,erotic_pederasty,embed,0.535,0.458,0.077,71,seeking illicit love
ἱερό-δουλος,urn:cite2:hmt:lsj.chicago_md:n50034,erotic_pederasty,embed,0.534,0.305,0.229,412,temple-slave; templecourtesans
προσφῐλο-φρονέομαι,urn:cite2:hmt:lsj.chicago_md:n90327,erotic_pederasty,embed,0.534,0.464,0.07,87,make affectionate overtures to
προσφιλ-ής,urn:cite2:hmt:lsj.chicago_md:n90319,erotic_pederasty,embed,0.531,0.435,0.096,988,"dear, beloved; dear; friendly to..; pleasing, agreeable; lovely; agreeably; kindly affectioned, well-disposed; kindly; kindly affectioned"
Ἀφροδισ-ιακός,urn:cite2:hmt:lsj.chicago_md:n18510,erotic_pederasty,embed,0.53,0.468,0.062,172,sexual; with aphrodisiac properties
γενετ-ήσιος,urn:cite2:hmt:lsj.chicago_md:n21878,erotic_pederasty,embed,0.53,0.468,0.062,68,sexual
ἐραστ-ός,urn:cite2:hmt:lsj.chicago_md:n42134,erotic_pederasty,embed,0.53,0.447,0.083,209,"beloved, lovely"
λάγν-ος,urn:cite2:hmt:lsj.chicago_md:n61524,erotic_pederasty,embed,0.53,0.446,0.085,375,"lecherous, lustful"
ὑπογάστρ-ιος,urn:cite2:hmt:lsj.chicago_md:n108173,erotic_pederasty,embed,0.53,0.468,0.062,73,sexual
δι-φῠής,urn:cite2:hmt:lsj.chicago_md:n27625,erotic_pederasty,embed,0.529,0.396,0.134,611,"of double nature; form; of double sex; of double race; sexual intercourse; twofold, double"
ἔντευξις,urn:cite2:hmt:lsj.chicago_md:n36232,erotic_pederasty,embed,0.529,0.414,0.115,888,"lighting upon, meeting with; converse, intercourse; converse with; manners, behaviour; sexual intercourse; speeches; petition; intercession; reading, study"
ἐπιπλοκή,urn:cite2:hmt:lsj.chicago_md:n40550,erotic_pederasty,embed,0.529,0.396,0.134,1390,"plaiting together; matted; entanglements; union, intercourse; intermeddling; connexion; relations..; sexual intercourse; combination; concatenation; complexity, confusion, muddle; involved arguments; insertion; alloying; mixed nature; conversion; a group of; rhythms thus related"
κοινων-ία,urn:cite2:hmt:lsj.chicago_md:n58450,erotic_pederasty,embed,0.529,0.396,0.134,1580,"communion, association, partnership; society; fellowship, Act. Ap.; joint-ownership; Communion; to do with; sexual intercourse; charitable contribution, alms; charitable disposition"
κωβήλη,urn:cite2:hmt:lsj.chicago_md:n61183,erotic_pederasty,embed,0.529,0.396,0.134,150,needle; sexual intercourse; needlewoman
μιξ-οιφία,urn:cite2:hmt:lsj.chicago_md:n67931,erotic_pederasty,embed,0.529,0.396,0.134,50,sexual intercourse
μνηστ-ευτικός,urn:cite2:hmt:lsj.chicago_md:n68211,erotic_pederasty,embed,0.529,0.354,0.175,80,of; for courtship; espousal
πλησι-ασμός,urn:cite2:hmt:lsj.chicago_md:n83845,erotic_pederasty,embed,0.529,0.396,0.134,194,approach; sexual intercourse
ποθόβλητος,urn:cite2:hmt:lsj.chicago_md:n84221,erotic_pederasty,embed,0.529,0.452,0.077,153,love-stricken; causing desire
πρόσοδος,urn:cite2:hmt:lsj.chicago_md:n89796,erotic_pederasty,embed,0.529,0.447,0.082,3491,"going; coming to, approach; the approach; advances; to; onset; onsets; attacks; solemn procession; processions; approach; a hearing; access; revenue; sexual intercourse; visit; income, rent; returns, profits; public revenue; returns, revenue; they; them; financial"
σπλέκωμα,urn:cite2:hmt:lsj.chicago_md:n95968,erotic_pederasty,embed,0.529,0.396,0.134,72,sexual intercourse
συγκαθ-εύδησις,urn:cite2:hmt:lsj.chicago_md:n97573,erotic_pederasty,embed,0.529,0.396,0.134,72,sexual intercourse
σύμμιξις,urn:cite2:hmt:lsj.chicago_md:n98443,erotic_pederasty,embed,0.529,0.396,0.134,543,"commingling, commixture; commixture; sexual intercourse; benē hatta` ărūbóth; `ēreb"
συνήθεια,urn:cite2:hmt:lsj.chicago_md:n100522,erotic_pederasty,embed,0.529,0.493,0.036,2392,"habitual intercourse, acquaintance, intimacy; sexual intercourse; herding together; herds; messes; habit, custom; habits; accustomed; habituation; by being used; practice; used; practised; the customary usage; habitual use; ordinary language; customary gratuity; perquisites"
σύνοδος,urn:cite2:hmt:lsj.chicago_md:n100766,erotic_pederasty,embed,0.529,0.396,0.134,3190,"assembly, meeting; meeting; political clubs; conspiracies; meetings; gatherings; synods; national gathering; society for festal purposes; company, guild; club; sexual intercourse; coming together, constriction; straits; coming together; constriction; contraction; union; concourse, assemblage; combination; conjunction; construction; incoming; revenues; sunhod-; synhod-"
εἰσοικ-ειόω,urn:cite2:hmt:lsj.chicago_md:n31449,erotic_pederasty,embed,0.525,0.411,0.114,125,bring in as a friend; become intimate with
ὑπαινίσσομαι,urn:cite2:hmt:lsj.chicago_md:n106819,erotic_pederasty,embed,0.525,0.321,0.204,181,"intimate darkly, hint at; allude, glance"
ἐπιθῡμ-έω,urn:cite2:hmt:lsj.chicago_md:n39482,erotic_pederasty,embed,0.524,0.464,0.06,657,"set oneʼs heart upon; long for, covet, desire; desire to; desire, covet; eagerness for; to be desired"
ἐπιμανδᾰλωτόν,urn:cite2:hmt:lsj.chicago_md:n40112,erotic_pederasty,embed,0.522,0.419,0.103,100,a lascivious kiss
ἐρωτο-τόκος,urn:cite2:hmt:lsj.chicago_md:n42869,erotic_pederasty,embed,0.522,0.424,0.098,167,producing love
φῐλο-δέμνιος,urn:cite2:hmt:lsj.chicago_md:n111119,erotic_pederasty,embed,0.522,0.421,0.101,70,"loving the bed, amorous"
ἐποχεύω,urn:cite2:hmt:lsj.chicago_md:n41892,erotic_pederasty,embed,0.519,0.238,0.282,149,"spring upon, cover; couple with"
κοινο-φῐλής,urn:cite2:hmt:lsj.chicago_md:n58437,erotic_pederasty,embed,0.519,0.341,0.178,100,with common affection
περικᾰής,urn:cite2:hmt:lsj.chicago_md:n81439,erotic_pederasty,embed,0.518,0.352,0.166,304,"exceedingly fiery, burning hot; hot with love"
συμπλοκή,urn:cite2:hmt:lsj.chicago_md:n98742,erotic_pederasty,embed,0.518,0.402,0.116,1652,"intertwining, complication, combination; weaving; struggle; close engagement; embrace, sexual intercourse; combination; copula; interweaving; in combination with.."
θηλύτης,urn:cite2:hmt:lsj.chicago_md:n48676,erotic_pederasty,embed,0.514,0.49,0.024,307,"womanhood, female nature; sexual characters; womanishness, delicacy; the womanish nature; effeminacy"
θρήν-ερως,urn:cite2:hmt:lsj.chicago_md:n49102,erotic_pederasty,seed+embed,0.511,0.373,0.137,65,a querulous lover
θηλῠ-γενής,urn:cite2:hmt:lsj.chicago_md:n48641,erotic_pederasty,embed,0.51,0.426,0.084,153,"of female sex, womanish"
πεῖρα,urn:cite2:hmt:lsj.chicago_md:n80340,erotic_pederasty,embed,0.51,0.412,0.099,2369,"trial, attempt; being proved; experience; a trial; trial; proof; specimen sui edere; undertake; experiment; try; on trial; acquainted; test; contest; attempt on; against; a means of attacking; attempt to seduce; attempt, enterprise; an enterprise; experior, peritus."
αὐτό-λῠσις,urn:cite2:hmt:lsj.chicago_md:n17797,erotic_pederasty,embed,0.509,0.207,0.302,68,couple; leash for hounds
ἐπιμαίνω,urn:cite2:hmt:lsj.chicago_md:n40108,erotic_pederasty,embed,0.509,0.341,0.168,623,"make madly in love with; to be mad after; to be mad, rage; fly madly at, fall upon"
ζεῦγος,urn:cite2:hmt:lsj.chicago_md:n46178,erotic_pederasty,embed,0.509,0.377,0.132,1609,"yoke of beasts, pair; team of mules, oxen; horses; carriage drawn by a yoke of beasts, a chariot; wagons; racing-car; chariot; with; pair; couple; married couple; pairs; mouthpiece of a double flute; suit; more than two things; persons joined together; jugerum"
συνέρχομαι,urn:cite2:hmt:lsj.chicago_md:n100410,erotic_pederasty,embed,0.509,0.348,0.161,2588,"ibo; go together; in company; come together, assemble, meet; have dealings with; take part in..; meet in battle; engaged in, contested; come together, be united; banded together; form a league; come together; couple; joined in; shared; to be joined in one; joining; to be in conjunction; close; concur, happen together"
ἀλογο-πάθεια,urn:cite2:hmt:lsj.chicago_md:n4600,erotic_pederasty,embed,0.508,0.352,0.155,66,irrational affection
πληκ-τίζομαι,urn:cite2:hmt:lsj.chicago_md:n83793,erotic_pederasty,embed,0.507,0.445,0.062,345,bandy blows with; beat oneʼs breast; toy amorously
ἀνα-στᾰτέω,urn:cite2:hmt:lsj.chicago_md:n7514,erotic_pederasty,embed,0.506,0.432,0.074,76,carry off; seduce
διαφθείρω,urn:cite2:hmt:lsj.chicago_md:n26207,erotic_pederasty,embed,0.506,0.432,0.074,2801,"destroy utterly; make away with, kill; destroy, ruin; weaken, slacken; spoil, break; break up; corrupt, ruin; corrupt by bribes; seduce; falsify, counterfeit; having changed; to lose by miscarriage; premature birth; miscarry; lose, forget; to be destroyed; to be murdered; to be crippled, disabled; to be spoilt; to be corrupted; deaf; had their; broken; blinded; decomposed; to have lost oneʼs wits; corrupted; became corrupt"
ἐξᾰπᾰτάω,urn:cite2:hmt:lsj.chicago_md:n36827,erotic_pederasty,embed,0.506,0.432,0.074,1010,"deceive; beguile, deceive thoroughly; seduce; in; swindling tricks; cheat; into believing; beguile; assuage"
καταμοιχ-εύω,urn:cite2:hmt:lsj.chicago_md:n54548,erotic_pederasty,embed,0.506,0.432,0.074,56,seduce
μαστροπ-εύω,urn:cite2:hmt:lsj.chicago_md:n65178,erotic_pederasty,embed,0.506,0.432,0.074,178,seduce
μετάγω,urn:cite2:hmt:lsj.chicago_md:n66624,erotic_pederasty,embed,0.506,0.432,0.074,995,"convey from one place to another, transfer; escort; divert; seduce; translate; derive; to be borrowed; go by a different route, change oneʼs course"
ὀπῑπ-εύω,urn:cite2:hmt:lsj.chicago_md:n74457,erotic_pederasty,embed,0.506,0.432,0.074,507,"stare at; watch; watch, spy; to be on the alert; seduce"
παρα-κύπτω,urn:cite2:hmt:lsj.chicago_md:n78288,erotic_pederasty,seed+embed,0.506,0.434,0.072,1295,"stoop sideways; lean over; stoop for the purpose of looking; look sideways; cast a careless glance; peep out of; peeping after a lover; peeped out; peep out and see; out of which people look; peep in, look in; appear in; meddle with"
φθείρω,urn:cite2:hmt:lsj.chicago_md:n110689,erotic_pederasty,embed,0.506,0.476,0.03,5992,"destroy; waste; miscarry; to be destroyed; pass away, cease to be; perish; am undone!; corrupt, bribe; lure, entice, trap; entices to its ruin, entraps; pervert; seduce; ruin, spoil; may you perish! ruin take you!; go to the devil! be off!; off from; dost; depart; will be deranged, disordered; to be morally corrupted; wander, drift; driven out of their course; falling foul; pine away in; wander; ksárati"
πολῠ-κοινος,urn:cite2:hmt:lsj.chicago_md:n84961,erotic_pederasty,embed,0.505,0.327,0.179,332,common to many; to all; promiscuous in sexual relations
ἠπεροπ-εύω,urn:cite2:hmt:lsj.chicago_md:n47471,erotic_pederasty,embed,0.501,0.425,0.076,349,"cheat, cajole; seduction"
οἰκοφθορ-ία,urn:cite2:hmt:lsj.chicago_md:n72384,erotic_pederasty,embed,0.501,0.425,0.076,135,a squandering oneʼs substance; seduction
ὄλεθρ-ος,urn:cite2:hmt:lsj.chicago_md:n72928,erotic_pederasty,embed,0.501,0.425,0.076,1102,"ruin, destruction, death; of death; plague take thee!; destruction; that which causes destruction, pest, plague; pestilent; pest!; seduction"
ὅμευν-ος,urn:cite2:hmt:lsj.chicago_md:n73452,erotic_pederasty,embed,0.501,0.302,0.199,151,"sleeping together, partner of the bed"
φθορ-ά,urn:cite2:hmt:lsj.chicago_md:n110746,erotic_pederasty,embed,0.501,0.425,0.076,1628,"destruction, ruin; death; loss by death; passing out of existence, ceasing to be; deterioration; loss by deterioration; damage; seduction; rape; abortion; miscarriage; gradation of colours; storm-tossings; shipwrecks"
ἀπο-ψωλέω,urn:cite2:hmt:lsj.chicago_md:n14378,erotic_pederasty,embed,0.5,0.372,0.128,129,praeputium retrahere alicui; a lewd fellow
ὁρμάστειρα,urn:cite2:hmt:lsj.chicago_md:n75151,erotic_pederasty,embed,0.499,0.408,0.091,85,one who urges on
προσμοιχεύω,urn:cite2:hmt:lsj.chicago_md:n89759,erotic_pederasty,embed,0.499,0.261,0.238,71,commit adultery in addition
ἀνα-μίσγω,urn:cite2:hmt:lsj.chicago_md:n7012,erotic_pederasty,embed,0.498,0.369,0.13,221,have intercourse with
ἅπτω,urn:cite2:hmt:lsj.chicago_md:n14568,erotic_pederasty,embed,0.498,0.429,0.069,4846,"fasten; bind to; having fastened; join; on; engage with; fasten oneself to, grasp; manus inicere alicui; feel; take hold of, cleave to; reach their mark; land; engage in, undertake; prosecute; vigorously; attack, impugn; touched on; handled; touch on, treat superficially; begin, set to work; fasten upon, attack; feed on; lay hands on; touch, affect; make an impression upon; grasp with the senses, perceive; apprehend; have intercourse with; come up to, reach, overtake; attain; make use of, avail oneself of; to be in contact; meet; touch; pass through; lie on; the locus; is; kindle, set on fire; contact; to be set on fire; caught fire; set fire to; kindle; red-hot; cook"
μείγνυμι,urn:cite2:hmt:lsj.chicago_md:n65689,erotic_pederasty,embed,0.498,0.378,0.121,7371,"mix; join, bring together; join; bring into connexion with, make acquainted with; covered; with; upon; l.; to be mixed up with, mingled among; hold intercourse; hold intercourse with, live with; to be mixed; compounded; to be brought into contact with; wasrolled; reach; went to join; to come among us; to join; come to; is present at; win; to be affected by; mix in fight; have intercourse with; misceo; meksáyati; miśrás"
προσδια-τρίβω,urn:cite2:hmt:lsj.chicago_md:n88897,erotic_pederasty,embed,0.498,0.369,0.13,567,have intercourse with; spend; longer; occupy oneself with; spend further time on; abide by; stay yet longer
συναλλ-άσσω,urn:cite2:hmt:lsj.chicago_md:n99162,erotic_pederasty,embed,0.498,0.369,0.13,1382,"bring into intercourse with, associate with; have intercourse with; reconcile; to be reconciled; come to terms with, make a league; alliance with; make peace; have dealings with; hast thou had; dealings with; enter into engagements; contracts; parties to a contract; to be the subject of a contract"
συνέμ-πορος,urn:cite2:hmt:lsj.chicago_md:n100055,erotic_pederasty,embed,0.497,0.348,0.149,433,"fellow-traveller, companion; partner in..; partner with; for"
σύννομος,urn:cite2:hmt:lsj.chicago_md:n100744,erotic_pederasty,embed,0.497,0.381,0.116,1765,"feeding in herds; together; of birds that flock together; herd together; living with; associated with..; sharing; partaking in; partner with; in..; partner of..; lie between; partners with; partner, consort, mate; kindred, correspondent; cut so as to fit, ashlar"
κατέχω,urn:cite2:hmt:lsj.chicago_md:n55905,erotic_pederasty,embed,0.495,0.501,-0.006,8444,"hold fast; hold back, withhold; check, restrain, bridle; put; off; hold in; restrains; from; to be held down; to be bound; to be kept under; detain; to be detained, stay; inhibit; place under arrest; keep; gain possession of, be master of; control; cling to; possess, occupy; have got; enjoy possession of; sequestrate; dwell in, occupy; occupy; fill; continue to live; to be spread over, cover; having covered her face; confine, cover; cover; hold fast, have; in their power; prevail, prevail among, engage; are rife among; having overspread; seize, occupy; conquest; achieve, effect; master, understand; grasp; keep in mind, remember; possess; was; infatuated; held; spellbound; kept; waiting, Phoc.; to be possessed, inspired; was spellbound; follow close upon, press hard; bring; to land; control oneself; stop, cease; come from the high sea to shore, put in; rest; shall come; prevail; prevails; gain the upper hand; gain oneʼs purpose; keep back for oneself, embezzle; cover oneself; hold, contain; subdued; was seized with, possessed by"
ἐπείκ-της,urn:cite2:hmt:lsj.chicago_md:n38482,erotic_pederasty,embed,0.494,0.404,0.091,128,one who urges; presses; Gloss.
συμβᾰτ-εύω,urn:cite2:hmt:lsj.chicago_md:n98253,erotic_pederasty,embed,0.494,0.233,0.261,91,"couple, mate with; coire"
λαίσ-καπρος,urn:cite2:hmt:lsj.chicago_md:n61683,erotic_pederasty,embed,0.492,0.407,0.085,68,very lustful
ναυκρᾰτ-ής,urn:cite2:hmt:lsj.chicago_md:n69816,erotic_pederasty,seed+embed,0.492,0.333,0.159,96,master; mistress of the sea
μοιχ-εύω,urn:cite2:hmt:lsj.chicago_md:n68300,erotic_pederasty,embed,0.491,0.404,0.087,601,commit adultery with; debauch; worship idolatrously; commit adultery; shall; be adulterously stolen
παραιν-έτης,urn:cite2:hmt:lsj.chicago_md:n78054,erotic_pederasty,embed,0.491,0.382,0.109,78,seducer
ὑπονοθ-ευτής,urn:cite2:hmt:lsj.chicago_md:n108856,erotic_pederasty,embed,0.491,0.382,0.109,64,seducer
δάμνημι,urn:cite2:hmt:lsj.chicago_md:n23395,erotic_pederasty,embed,0.489,0.321,0.168,610,"forced, seduced"
ἐπιπλέκ-ω,urn:cite2:hmt:lsj.chicago_md:n40528,erotic_pederasty,embed,0.489,0.386,0.103,818,wreathe; into; bind; bind upon; interweave; combine; concern; with; to have dealings with..; to have sexual intercourse; mixed; complex
παραδηλόω,urn:cite2:hmt:lsj.chicago_md:n77918,erotic_pederasty,embed,0.489,0.333,0.156,157,"intimate, insinuate, hint at; inform against"
ὑποφθορ-ά,urn:cite2:hmt:lsj.chicago_md:n109502,erotic_pederasty,embed,0.489,0.427,0.062,109,"corruption, decay; seductions"
μοιχ-άω,urn:cite2:hmt:lsj.chicago_md:n68295,erotic_pederasty,embed,0.488,0.333,0.155,329,have dalliance with; commit adultery; to be unfaithful to God; falsify
λαμπρ-αυγής,urn:cite2:hmt:lsj.chicago_md:n61845,erotic_pederasty,embed,0.487,0.424,0.063,93,lustrous
ἀνόθευτος,urn:cite2:hmt:lsj.chicago_md:n9140,erotic_pederasty,embed,0.486,0.351,0.135,217,"pure, genuine; free from adultery"
φύσις,urn:cite2:hmt:lsj.chicago_md:n112720,erotic_pederasty,embed,0.486,0.588,-0.102,9324,"origin; birth; growth; the natural form; constitution; as the result of growth; nature, constitution; outward form, appearance; outward form; constitution, temperament; natural place; position; nature, character; of natural powers; of natural disposition; natural propensities; instinct; natural; the regular order of nature; naturally; nature; natural term; Aër.; by nature, naturally; nature as an originating power; principle of growth; Nature; elementary substance; atoms; creation, ‘Nature’; two; creature; kind; creatures; substances; kind, sort, species; species; natural group; class; sex; the characteristic of sex"
ἐντυγχάνω,urn:cite2:hmt:lsj.chicago_md:n36345,erotic_pederasty,embed,0.485,0.349,0.136,2582,"light upon, fall in with, meet with; he who fell in; way; chance persons; chanced to be..; obtain an audience; interview; to be appealed to, consulted; strike; having found; having falling in with; converse with, talk to; have sexual intercourse with; petition, appeal to; petitioner; plead; entreat; to; meet with; read; readers"
ἐφίμερος,urn:cite2:hmt:lsj.chicago_md:n45778,erotic_pederasty,embed,0.485,0.404,0.081,261,"desired, delightful"
ἱμερό-ομαι,urn:cite2:hmt:lsj.chicago_md:n50476,erotic_pederasty,embed,0.485,0.349,0.136,114,have sexual intercourse with
συγγίγνομαι,urn:cite2:hmt:lsj.chicago_md:n97523,erotic_pederasty,embed,0.485,0.353,0.132,1466,"to be born with; associate, keep company with, hold converse with; coexist, cohere; hold converse with; consult; have sexual intercourse with; come to assist; come together, meet; comrades; coming to our aid; become acquainted; conversant with"
Γᾰδειτάνα,urn:cite2:hmt:lsj.chicago_md:n21388,erotic_pederasty,seed+embed,0.483,0.205,0.278,95,"woman of Cadiz, courtesan"
εὐπαράγωγος,urn:cite2:hmt:lsj.chicago_md:n44676,erotic_pederasty,embed,0.483,0.359,0.125,337,"easy to bring into place; flexible; easy to lead by the nose, easy to lead astray; credulous; seductive, alluring"
ἡδύ-γᾰμος,urn:cite2:hmt:lsj.chicago_md:n46660,erotic_pederasty,embed,0.483,0.384,0.099,75,sweetening marriage
παιδεραστ-έω,urn:cite2:hmt:lsj.chicago_md:n76573,erotic_pederasty,seed+embed,0.482,0.412,0.069,88,to be a lover of boys
πολυ-ερώμενος,urn:cite2:hmt:lsj.chicago_md:n84817,erotic_pederasty,embed,0.482,0.31,0.171,62,with many lovers
ἐφορ-εῖον,urn:cite2:hmt:lsj.chicago_md:n45829,erotic_pederasty,embed,0.481,0.264,0.217,90,office; court of the ephors
πότνια,urn:cite2:hmt:lsj.chicago_md:n86069,erotic_pederasty,seed+embed,0.481,0.385,0.096,2025,"mistress, queen; queen; revered, august"
ἐντῠχ-ία,urn:cite2:hmt:lsj.chicago_md:n36370,erotic_pederasty,embed,0.48,0.362,0.118,399,"conversation, intercourse; meeting; interview; petition; prayer; records"
φῐλέραστ-ος,urn:cite2:hmt:lsj.chicago_md:n110935,erotic_pederasty,embed,0.48,0.382,0.098,159,amorous; dear to lovers
παιδεραστ-ής,urn:cite2:hmt:lsj.chicago_md:n76574,erotic_pederasty,seed,0.472,0.357,0.116,137,lover of boys
ναυαρχ-ίς,urn:cite2:hmt:lsj.chicago_md:n69790,erotic_pederasty,seed,0.47,0.328,0.142,263,admiralʼs flagship; mistress of a fleet
οἰκουρός,urn:cite2:hmt:lsj.chicago_md:n72382,erotic_pederasty,seed,0.467,0.256,0.211,693,"watching; keeping the house; keeping at home; mistress of the house, housekeeper; stay-at-home"
γρᾱο-σόβης,urn:cite2:hmt:lsj.chicago_md:n22787,erotic_pederasty,seed,0.46,0.355,0.105,95,lover of old women
γρᾱό-φῐλος,urn:cite2:hmt:lsj.chicago_md:n22790,erotic_pederasty,seed,0.46,0.355,0.105,65,lover of old women
φῐλοσοφοκλῆς,urn:cite2:hmt:lsj.chicago_md:n111488,erotic_pederasty,seed,0.429,0.289,0.14,88,a lover of Sophocles
φῐλ-άρτεμις,urn:cite2:hmt:lsj.chicago_md:n110879,erotic_pederasty,seed,0.411,0.335,0.075,71,lover of Artemis
φῐλοστοργ-ία,urn:cite2:hmt:lsj.chicago_md:n111501,friendship_affection,seed+embed,0.841,0.611,0.23,510,"tender love, affection; affectionateness; love"
πᾰθ-ημα,urn:cite2:hmt:lsj.chicago_md:n76513,friendship_affection,seed+embed,0.82,0.569,0.251,1719,"that which befalls one, suffering, misfortune; passion; sufferings; emotion; condition, affection; affections, feelings; the feelings; troubles, symptoms; incidents, happenings; incidents; changes; incidents, properties; accidents"
προαίρ-εσις,urn:cite2:hmt:lsj.chicago_md:n86453,friendship_affection,seed+embed,0.8,0.625,0.176,2863,"choosing; before; purpose, resolution; from malice prepense; oneʼs purpose; inclination; Sent.V at.; motive; purpose, plan; scope; deliberate; course of life, principle; principles; deliberate course of action, policy; mode; principles, policy; department; political party; sect; school; conduct; character, reputation; reputation; devotion, affection, goodwill; homage; devotion; zeal; expressed opinion, advice"
στέργω,urn:cite2:hmt:lsj.chicago_md:n96541,friendship_affection,seed+embed,0.791,0.653,0.138,3395,"love, feel affection; love; to be fond of, show affection for; accept; gladly; to be content; satisfied, acquiesce; having desired; oblige me, do me the favour; were content with, acquiesced in; bear with; thou likest; desire, entreat"
στοργ-ή,urn:cite2:hmt:lsj.chicago_md:n97036,friendship_affection,seed+embed,0.775,0.586,0.189,503,"love, affection; sexual love"
φίλτρον,urn:cite2:hmt:lsj.chicago_md:n111627,friendship_affection,seed+embed,0.775,0.586,0.189,1474,"love-charm; charm, spell; spells to produce; charm; love, affection; dimple in the upper lip"
κόλλ-ησις,urn:cite2:hmt:lsj.chicago_md:n58597,friendship_affection,seed+embed,0.771,0.315,0.456,784,"gluing; soldering; fixing tight, close fastening; closing up; binding material; union of a verse quotation with prose; close friendship; apparent contact"
φῐλότης,urn:cite2:hmt:lsj.chicago_md:n111537,friendship_affection,seed+embed,0.768,0.607,0.161,2000,"friendship, love, affection; in, with, from friendship; affection; in affection; friendly; friendship with, affection for; love; my dear friend; friendship between states; sexual love; intercourse"
φῐλ-ησις,urn:cite2:hmt:lsj.chicago_md:n111010,friendship_affection,seed+embed,0.758,0.582,0.176,125,"loving, affection"
συνέχω,urn:cite2:hmt:lsj.chicago_md:n100502,friendship_affection,seed+embed,0.746,0.383,0.363,6144,"hold; keep together, confine, secure; together; meet; enclosed, compassed; closed; stopped; close; trapped; sticks together; was; keep together, keep from dispersing; continue, keep on; keep; preserve; maintain; to be continuous; to be maintained; together, keep; from falling to pieces, maintain; conducted; together, make; pull in time; keep together in friendship; engage in close combat; occupy; engage; contain, comprise, embrace; the chief matter; the chief reason for..; the chief means of..; chief; is chiefly caused; detain; sequestrate; keep under arrest; held; constrain; force; oppress; to be constrained, distressed, afflicted; to be affected by; constrain, hinder, hold back; shut up; was stayed; hold at the same time; buy up and withhold, make a corner in; to be accompanied by; also received..; to be connected with"
ἑταιρ-ικός,urn:cite2:hmt:lsj.chicago_md:n43083,friendship_affection,seed+embed,0.744,0.469,0.275,935,"of; befitting a companion :; companionship; factions, clubs; collegia; ties of party; guards; like a; meretricious; custom of; concerning; meretriciously; tax on courtesans"
ὁμηλῠσία,urn:cite2:hmt:lsj.chicago_md:n73467,friendship_affection,embed,0.744,0.428,0.316,50,companionship
συγκερ-άννῡμι,urn:cite2:hmt:lsj.chicago_md:n97779,friendship_affection,embed,0.731,0.446,0.285,2204,"mix, blend with; temper; by a mixture; mix together, commingle; make a mixture; attemper, compose; to be mixed; blended with, coalesce; to be commingled, blended; commingled; to be formed by close union; form a close; to be closely attached to, be close friends with; to become closely acquainted with, become deeply involved in; deeply affected; mix with; for oneself"
οἰκεί-ωσις,urn:cite2:hmt:lsj.chicago_md:n72263,friendship_affection,seed+embed,0.73,0.527,0.203,511,"appropriation; profits; affinity; attraction, affection; propensity; becoming familiar with"
συμφῐλία,urn:cite2:hmt:lsj.chicago_md:n98907,friendship_affection,seed+embed,0.73,0.3,0.43,69,mutual friendship
χάρις,urn:cite2:hmt:lsj.chicago_md:n113388,friendship_affection,seed+embed,0.73,0.578,0.152,12024,"grace; outward grace; fauour, beauty; graces; gracefully; glory; favour felt; grace, kindness, goodwill; for; towards; kind feeling towards; partiality, favour; sense of favour; thankfulness, gratitude; thanks for; a sense of favour, feel grateful; gratitude; thanks; thanks from; thank; favour, influence; love-charm, philtre; a favour; boon; to oblige; indulge, humour; a boon; a return; favours; favour; grant; grants; favours granted; gratification, delight; in; from; a delight; homage due; worship, majesty; thank-offering; favour, for; pleasure, for; sake; pleasure; for the sake of, on behalf of, on account of; reason?; as far as regards.., as to; if; would serve; about; being a favour, since it is (was) a favour; to do a pleasure; for the sake; as a favour, freely; to; heartʼs content; from partiality; gratification, pleasure; gratefully; pleasing; of pure good will; the cypress; myrtle; salt; Charis; the Graces; Graces"
ἀγαπάζω,urn:cite2:hmt:lsj.chicago_md:n345,friendship_affection,seed+embed,0.721,0.447,0.275,791,"treat with affection, receive with outward signs of love; show signs of love, caress; welcome, receive gratefully"
προσφίλ-εια,urn:cite2:hmt:lsj.chicago_md:n90317,friendship_affection,seed+embed,0.714,0.346,0.368,74,"kindness, goodwill"
συνημοσύνη,urn:cite2:hmt:lsj.chicago_md:n100541,friendship_affection,seed+embed,0.713,0.329,0.385,180,"agreements, covenants; ties of friendship; relationship"
φῐλέω,urn:cite2:hmt:lsj.chicago_md:n110979,friendship_affection,seed+embed,0.707,0.594,0.113,6155,"love, regard with affection; sexual love; friends; to be beloved; treat affectionately; kindly; welcome, entertain; a kind host?; welcome shalt thou be; regard with affection; love; cherishes; loved and cherished; show outward signs of love; kiss; kiss on; she kissed; kiss each otherʼs; like, approve; pray; speak as a true friend’; be fond; to be wont; used to; usually; is wont; it is usual"
φῐλί-α,urn:cite2:hmt:lsj.chicago_md:n111023,friendship_affection,seed+embed,0.704,0.733,-0.029,2645,"affectionate regard, friendship; loving; affection; family circle; regard; friendship; friendship for; friendship with; friendliness, amiability; fondness; fondness, liking for; the natural force which unites discordant elements and movements; three; six"
φιλημ-οσύνη,urn:cite2:hmt:lsj.chicago_md:n110998,friendship_affection,seed+embed,0.703,0.518,0.185,94,"friendliness, affection"
ἐπιτηδ-ειότης,urn:cite2:hmt:lsj.chicago_md:n41336,friendship_affection,embed,0.702,0.43,0.272,440,"fitness, suitableness, convenience; tendency, liability; material; requirement; friendliness, kindness"
μετα-ρρέω,urn:cite2:hmt:lsj.chicago_md:n66909,friendship_affection,embed,0.702,0.545,0.157,470,"flow differently: change to and fro, ebb and flow; change from one side to the other; change sides, transfer oneʼs allegiance; affections"
οἰκειότης,urn:cite2:hmt:lsj.chicago_md:n72255,friendship_affection,seed+embed,0.702,0.457,0.245,670,"a being; kindred, relationship; intimacy, friendship; connexion; living together as man and wife, domesticity, marriage; proper sense; conformity to nature; environment"
ὁμοιοπαθ-έω,urn:cite2:hmt:lsj.chicago_md:n73656,friendship_affection,embed,0.702,0.545,0.157,241,"have similar feelings; affections; to be subject to the same laws, to be homogeneous; to be affected in sympathy"
ὁμοπαθ-ής,urn:cite2:hmt:lsj.chicago_md:n73778,friendship_affection,embed,0.7,0.503,0.197,325,"of the same feelings; affections, sympathetic; affected in the same way as others by"
ἀγάπ-ησις,urn:cite2:hmt:lsj.chicago_md:n350,friendship_affection,seed+embed,0.691,0.532,0.159,172,affection
ἀσπ-ασμός,urn:cite2:hmt:lsj.chicago_md:n16360,friendship_affection,seed+embed,0.691,0.532,0.159,274,"greeting, embrace; salutation; affection"
ἐμπάθ-εια,urn:cite2:hmt:lsj.chicago_md:n34197,friendship_affection,seed+embed,0.691,0.532,0.159,201,affection; passion; partiality
προσπαθ-ής,urn:cite2:hmt:lsj.chicago_md:n89876,friendship_affection,seed+embed,0.691,0.532,0.159,327,impressionable; warmly attached; affection; with prejudice
φῐλοστοργ-έω,urn:cite2:hmt:lsj.chicago_md:n111500,friendship_affection,seed+embed,0.691,0.532,0.159,419,love tenderly; affection; love
φῐλόστοργ-ος,urn:cite2:hmt:lsj.chicago_md:n111502,friendship_affection,seed+embed,0.691,0.532,0.159,998,"loving tenderly, affectionate; affection; nihil; literae; scriptae"
ἄρθμιος,urn:cite2:hmt:lsj.chicago_md:n15001,friendship_affection,seed+embed,0.683,0.444,0.239,329,"united; in league with; peaceful relations, friendship; calm"
ἐνη-είη,urn:cite2:hmt:lsj.chicago_md:n35512,friendship_affection,embed,0.676,0.517,0.16,115,"kindness, gentleness"
συμβῐ-ωσις,urn:cite2:hmt:lsj.chicago_md:n98275,friendship_affection,embed,0.674,0.361,0.313,515,"living with, companionship; wedded life; good fellowship, camaraderie; club, society"
χᾰρίζω,urn:cite2:hmt:lsj.chicago_md:n113385,friendship_affection,embed,0.669,0.605,0.063,5167,"say; do something agreeable; show; favour; kindness, oblige, gratify; to oblige, humour; partial; make oneself agreeable, comply; do; court favour; gratify; indulge; grant favours; give graciously; cheerfully; allow; grant; to be favoured with; give freely of; giving freely of; give up as a favour; dedication; forgive; was dear; pleasure; was done; let a tribute be paid; acceptable, welcome; things pleasing"
ἀνακτάομαι,urn:cite2:hmt:lsj.chicago_md:n6820,friendship_affection,seed+embed,0.658,0.378,0.28,797,"regain for oneself, recover; repair, retrieve; refresh, revive; reinstate; restore; win; over, gain; favour; friendship"
συναστρ-ία,urn:cite2:hmt:lsj.chicago_md:n99556,friendship_affection,seed+embed,0.658,0.309,0.35,300,favourable conjunction of the stars; Cat. Cod.Astr.; friendship
σύστᾰσις,urn:cite2:hmt:lsj.chicago_md:n101445,friendship_affection,seed+embed,0.658,0.488,0.17,4266,"bringing together, introduction, recommendation; care, guardianship; power of attorney; communication; protection; proof; confirmation; standing together, close combat, conflict; disturbance; conflict; meeting, accumulation; combination; knot of men assembled; knots; political union; unions; contingent of four light-armed; friendship; alliance; conspiracy; composition, structure, constitution; plot; expression; political constitution; consisting; coming into existence, formation; density; consistency; degree of solidity, consistency; solid knot; lump; a substance"
φῐλ-ητήσιος,urn:cite2:hmt:lsj.chicago_md:n111017,friendship_affection,seed+embed,0.658,0.558,0.1,119,productive of love; friendship
φίλιος,urn:cite2:hmt:lsj.chicago_md:n111032,friendship_affection,seed+embed,0.658,0.501,0.157,2030,"friendly; friendly to; belonging to a friendly power; to friends; of friends; friendly country; property of friends; friendship; as god of friendship; kindly, gracious; beloved, dear"
διαλύω,urn:cite2:hmt:lsj.chicago_md:n25194,friendship_affection,seed+embed,0.657,0.403,0.254,3958,"loose one from another, part asunder; untwining; break; up, dismiss; break up; disband; disperse; part; die; dissolve; break up, destroy; disperse, break up; thaw; break off, put an end to; separate, be divorced; dissolve friendship; put an end to; reconcile; to be parted from; to be reconciled, make up a quarrel; put an end to, do away with; cancel; settle; solve; pay the full; pay, discharge; satisfy; pay; off; order; to be paid; to have; paid to oneself; relax, weaken; make supple and pliant; in loose order; lax; slacken oneʼs hold, undo"
εὐεργ-εσία,urn:cite2:hmt:lsj.chicago_md:n43833,friendship_affection,embed,0.654,0.509,0.146,1123,"well-doing; a good deed, kindness; service done; good service done; public services; the title of; Liberalitas"
συμπάθ-εια,urn:cite2:hmt:lsj.chicago_md:n98479,friendship_affection,seed+embed,0.654,0.479,0.176,903,"fellow-feeling, sympathy; pity; mea; self-pity; corresponding ‘affection’; quality, affinity, Ep.; affinity; which vibrate together; sympathetic vibration; affinity, concord; analogy; sympathetic affection"
ἀγαπ-ητικός,urn:cite2:hmt:lsj.chicago_md:n353,friendship_affection,embed,0.649,0.515,0.133,131,affectionate
σπλάγχνον,urn:cite2:hmt:lsj.chicago_md:n95961,friendship_affection,embed,0.649,0.551,0.097,1960,"inward parts; sacrificial feast; any part of the inwards; womb; children; heart; the seat of the feelings, affections; pityʼs"
φῐλ-ητικός,urn:cite2:hmt:lsj.chicago_md:n111018,friendship_affection,seed+embed,0.649,0.636,0.012,234,disposed to love; affectionate; fond of kissing
ὀλῐγο-φῐλία,urn:cite2:hmt:lsj.chicago_md:n73099,friendship_affection,embed,0.648,0.342,0.306,86,fewness of friends
στέργ-ηθρον,urn:cite2:hmt:lsj.chicago_md:n96537,friendship_affection,seed+embed,0.648,0.556,0.093,305,"love-charm; love itself, affection"
εὔνοιᾰ,urn:cite2:hmt:lsj.chicago_md:n44552,friendship_affection,seed+embed,0.647,0.509,0.137,1687,"goodwill, favour; partially; for the love; for love; goodwill towards; favour; wish heartily; impulses of kindness, favours; acts of kindness, favours; gift; present in token of goodwill; benevolences"
ἀγαπάω,urn:cite2:hmt:lsj.chicago_md:n346,friendship_affection,seed+embed,0.645,0.635,0.011,2927,"greet with affection; show affection for; to be regarded with affection; love; to be fond of; persuade, entreat; caress, pet; to be fond of, prize, desire; prefer; highly prized, precious stones; to be well pleased, contented; to be well content; to be contented with; tolerate, put up with; may be content with; to be content; to be fond; wont"
ἰδῐο-ξενία,urn:cite2:hmt:lsj.chicago_md:n49856,friendship_affection,seed+embed,0.645,0.311,0.334,67,private friendship
ἀγανο-φροσύνη,urn:cite2:hmt:lsj.chicago_md:n340,friendship_affection,embed,0.643,0.531,0.113,76,"gentleness, kindliness"
ἀντευ-εργέτης,urn:cite2:hmt:lsj.chicago_md:n9739,friendship_affection,embed,0.638,0.314,0.323,98,one who returns kindnesses
φῐλάλληλ-ος,urn:cite2:hmt:lsj.chicago_md:n110836,friendship_affection,seed+embed,0.636,0.596,0.04,298,of mutual affection; fond of one another
διαλλ-ᾰγή,urn:cite2:hmt:lsj.chicago_md:n25153,friendship_affection,seed+embed,0.634,0.361,0.273,457,"interchange; change; to friendship, reconciliation; difference"
ἀντι-χᾰρίζομαι,urn:cite2:hmt:lsj.chicago_md:n10695,friendship_affection,embed,0.633,0.299,0.334,101,show kindness in return
εὐεργετ-ητέον,urn:cite2:hmt:lsj.chicago_md:n43839,friendship_affection,embed,0.633,0.335,0.298,82,one must show kindness to
χρηστότης,urn:cite2:hmt:lsj.chicago_md:n114707,friendship_affection,embed,0.633,0.545,0.088,954,"goodness, honesty, uprightness; honesty; goodness of heart, kindness; soft-heartedness; kindness; simplicity, silly good nature"
ἑταιρ-εία,urn:cite2:hmt:lsj.chicago_md:n43072,friendship_affection,seed+embed,0.632,0.564,0.067,1049,"association, brotherhood; social group; political club; union for party purposes; collegium; collegium Lupercorum Juliorum; friendly connexion, friendship, comradeship"
προθῡμ-ία,urn:cite2:hmt:lsj.chicago_md:n87537,friendship_affection,seed+embed,0.632,0.489,0.143,1587,"readiness, willingness, eagerness; zeal; eagerness; desire; by the will; readiness; will; purpose; goodwill, ready kindness"
ἐπιτήδ-ειος,urn:cite2:hmt:lsj.chicago_md:n41335,friendship_affection,seed+embed,0.631,0.504,0.126,2505,"made for an end; purpose, fit; adapted for; it, suitable, convenient; most fit; convenient; fit; deserving; him who deserved it; likely; inclined; useful, serviceable, necessary; serviceable for..; advantage; requisite, necessaries; provisions; what is requisite, needful; serviceable, friendly; conformable to; will; favourable; a close friend; friends; studiously, carefully; suitably, conveniently, fitly; on friendly terms"
πολυ-φῐλία,urn:cite2:hmt:lsj.chicago_md:n85498,friendship_affection,embed,0.629,0.392,0.238,156,abundance of friends
φῐλανθρωπ-έω,urn:cite2:hmt:lsj.chicago_md:n110854,friendship_affection,embed,0.629,0.47,0.159,648,"show kindness; to be favourable; treat kindly, deal kindly with; obtain redress"
μειλιχ-ία,urn:cite2:hmt:lsj.chicago_md:n65718,friendship_affection,embed,0.628,0.473,0.155,190,"gentleness, softness; lukewarmness; kindness"
χρῆσις,urn:cite2:hmt:lsj.chicago_md:n114653,friendship_affection,embed,0.627,0.439,0.188,1643,"employment, use; use, practice; uses, advantages; uses; usefulness; so as to become useful; useful; intimacy, acquaintance; familiar; usage; example; passage; oracular response; bidding; lending, loan"
ἁπᾰλό-της,urn:cite2:hmt:lsj.chicago_md:n11330,friendship_affection,embed,0.626,0.452,0.174,137,"softness, tenderness"
εὐεργετ-έω,urn:cite2:hmt:lsj.chicago_md:n43836,friendship_affection,embed,0.626,0.433,0.193,1444,to be a benefactor; to be proclaimed as; do good services; show kindness to; have a kindness done one
φῐλοτήσιος,urn:cite2:hmt:lsj.chicago_md:n111538,friendship_affection,seed+embed,0.625,0.438,0.186,846,"of friendship; love, promoting it; sacred to friendship; loving"
αὐτο-πάθεια,urn:cite2:hmt:lsj.chicago_md:n17849,friendship_affection,seed+embed,0.619,0.475,0.144,268,oneʼs own experience; primary affection; reflexive
πρωτοπάθ-εια,urn:cite2:hmt:lsj.chicago_md:n91016,friendship_affection,seed+embed,0.619,0.475,0.144,94,primary affection; symptom
συμβαίνω,urn:cite2:hmt:lsj.chicago_md:n98234,friendship_affection,embed,0.619,0.386,0.233,7485,"stand with the feet together; with closed feet; to be joined to; increase; meet; has; come in my way, has had; to do with me; attack jointly; come to an agreement, come to terms; agree; make friends with; had been settled; had settled; agree with, be on good terms with; hold with; tally, correspond with; are in harmony; tallies; comes; fit; range exactly; fall to oneʼs lot; to be an attribute; characteristic of; come to pass, fall out, happen; happen; occur, be found, exist; chance event, contingency; by accident, contingently; depends upon accident; turn out; turn out well; come out, result, follow; result, follow; it follows; turns out; consequently; inevitably is; happens; a contingent attribute; accident; accidentally; an attribute necessarily resulting from; essential attribute, property; consequence"
ὁμό-στοργος,urn:cite2:hmt:lsj.chicago_md:n73841,friendship_affection,seed+embed,0.618,0.447,0.171,73,feeling the same affection
φῐλανθρωπ-εύομαι,urn:cite2:hmt:lsj.chicago_md:n110853,friendship_affection,embed,0.615,0.399,0.216,517,act humanely; courteously; to show kindness by granting; treat humanely; do; kindness; conciliate
ἀρθμός,urn:cite2:hmt:lsj.chicago_md:n15002,friendship_affection,seed+embed,0.612,0.397,0.215,138,"a bond, league, friendship"
εὐσπλαγχν-ία,urn:cite2:hmt:lsj.chicago_md:n45152,friendship_affection,embed,0.612,0.457,0.155,93,"good heart, firmness"
πρόστηξις,urn:cite2:hmt:lsj.chicago_md:n90161,friendship_affection,embed,0.611,0.462,0.149,76,"attachment, devotion"
ἀμνήμων,urn:cite2:hmt:lsj.chicago_md:n5360,friendship_affection,embed,0.61,0.343,0.266,379,"unmindful, forgetful.; of; unmindful of kindness, ungrateful; forgotten, not mentioned"
εὐχᾰριστ-ήριος,urn:cite2:hmt:lsj.chicago_md:n45472,friendship_affection,embed,0.61,0.456,0.154,430,expressive of gratitude; thank-offering; mission of thanks
φῐλάνθρωπ-ος,urn:cite2:hmt:lsj.chicago_md:n110858,friendship_affection,seed+embed,0.61,0.594,0.016,2191,"loving mankind, humane, benevolent, tender-hearted; kind, courteous; gentle; humane treatment; kindnesses; loving men; humane, humanizing; generous; appealing to human feeling; satisfying the sense of poetic justice; popular; concessions, grants, privileges, immunities; benefaction, endowment, gratuity; letter expressing friendly feelings"
εὐμεν-ής,urn:cite2:hmt:lsj.chicago_md:n44452,friendship_affection,seed+embed,0.605,0.573,0.032,1276,"well-disposed, kindly; to; well-disposed; signifying goodwill, friendly; favourable; kindly, bounteous; mild, soft; beneficial; agreeable; easy"
πεῖσις,urn:cite2:hmt:lsj.chicago_md:n80369,friendship_affection,seed+embed,0.605,0.455,0.15,410,"affection, susceptibility; persuasion"
ἀνθυπούργ-ησις,urn:cite2:hmt:lsj.chicago_md:n8968,friendship_affection,embed,0.604,0.269,0.335,65,returning of a kindness
πόθος,urn:cite2:hmt:lsj.chicago_md:n84226,friendship_affection,embed,0.603,0.589,0.014,1430,"longing, yearning, regret; yearning after; desire; by reason of longing?; love, desire; larkspur, Delphinium Ajacis; asphodel, Asphodelus ramosus"
ἀστοργ-ία,urn:cite2:hmt:lsj.chicago_md:n16561,friendship_affection,seed+embed,0.6,0.538,0.062,90,want of natural affection
ζαχρεῖος,urn:cite2:hmt:lsj.chicago_md:n46118,friendship_affection,embed,0.599,0.312,0.287,139,very needy; one who wants to know; asks eagerly after
φῐλοφρόν-ημα,urn:cite2:hmt:lsj.chicago_md:n111572,friendship_affection,embed,0.596,0.33,0.266,90,act; proof of kindness
φῐλιόω,urn:cite2:hmt:lsj.chicago_md:n111033,friendship_affection,seed+embed,0.595,0.293,0.302,193,make a friend of; become friends
κατάσπεισις,urn:cite2:hmt:lsj.chicago_md:n55211,friendship_affection,embed,0.594,0.525,0.069,166,besprinkling with holy water; self-devotion
προξεν-ία,urn:cite2:hmt:lsj.chicago_md:n88120,friendship_affection,seed+embed,0.594,0.393,0.201,1055,relation of; treaty; compact of friendship between a state and a foreigner; my public friendship; protector; status and privileges of a; inscription; written instrument in witness of
φῐλο-φροσύνη,urn:cite2:hmt:lsj.chicago_md:n111575,friendship_affection,embed,0.594,0.458,0.136,579,"friendliness, kindliness; towards; friendly greetings, welcomes; cheerfulness, gaiety"
φῐλοποι-έω,urn:cite2:hmt:lsj.chicago_md:n111401,friendship_affection,seed+embed,0.593,0.303,0.29,276,"make a friend of; make oneʼs friend, attach to oneself"
ῥᾳστών-η,urn:cite2:hmt:lsj.chicago_md:n92204,friendship_affection,embed,0.591,0.577,0.014,1815,"easiness of doing; with ease, easily, lightly; an easy way of doing; ease; easy opportunity; conveniences; easiness of temper, good nature, mildness; kindness to; relief from anything unpleasant; relief from pain; recovery from; rest, leisure, ease; recreation; relief; resting; luxurious ease, indolence; nonchalance, carelessness; resting-time, season of calm and tranquillity"
φῐλῐκός,urn:cite2:hmt:lsj.chicago_md:n111031,friendship_affection,seed+embed,0.589,0.457,0.132,883,friendly; proofs; marks of friendship; contribution
ἀνθυπουργ-έω,urn:cite2:hmt:lsj.chicago_md:n8966,friendship_affection,embed,0.586,0.244,0.342,175,return a kindness
ἀντευ-εργετέω,urn:cite2:hmt:lsj.chicago_md:n9737,friendship_affection,embed,0.586,0.244,0.342,108,return a kindness
ἀσθεν-έω,urn:cite2:hmt:lsj.chicago_md:n16169a,friendship_affection,embed,0.585,0.405,0.18,647,"to be weak, feeble, sickly; to be weak; fell sick; sick man; to be needy; unable to pay; to be too weak; not to be able; decline"
ὁμοπάθ-εια,urn:cite2:hmt:lsj.chicago_md:n73776,friendship_affection,seed+embed,0.584,0.429,0.155,145,common affection; quality; sympathy
ἑταιροποιέομαι,urn:cite2:hmt:lsj.chicago_md:n43088,friendship_affection,embed,0.581,0.302,0.279,58,make friends
φῐλοποι-ία,urn:cite2:hmt:lsj.chicago_md:n111405,friendship_affection,embed,0.581,0.329,0.253,195,making friends
φῐλοποι-ός,urn:cite2:hmt:lsj.chicago_md:n111406,friendship_affection,embed,0.581,0.329,0.253,152,making friends
ὅμ-αυλος,urn:cite2:hmt:lsj.chicago_md:n73417,friendship_affection,seed+embed,0.578,0.341,0.236,291,"living together, companion; neighbouring; playing together on the flute, sounding together in concert"
συνδῐαιτ-ητής,urn:cite2:hmt:lsj.chicago_md:n99676,friendship_affection,seed+embed,0.578,0.271,0.307,172,"joint arbitrator; one who lives with another, companion"
ἔφαψις,urn:cite2:hmt:lsj.chicago_md:n45621,friendship_affection,embed,0.575,0.482,0.093,120,"touching, caressing; knot"
ἵμερος,urn:cite2:hmt:lsj.chicago_md:n50478,friendship_affection,embed,0.573,0.56,0.013,1632,"longing, yearning after; a yearning; for; impulses; emotions; desire, love; is-mero-; iṣṭás; iṣmás"
φῐλό-θερμος,urn:cite2:hmt:lsj.chicago_md:n111164,friendship_affection,seed+embed,0.573,0.426,0.147,74,loving warmth
ἀρετή,urn:cite2:hmt:lsj.chicago_md:n14967,friendship_affection,embed,0.57,0.571,-0.001,2551,"goodness, excellence; manly; valour; brave deeds; glorious deeds, wonders, miracles; b; excellence; forms of excellence; moral virtue; good nature, kindness; productive; prosperity; active merit, good service; reward; distinction, fame; glories; praises; worship; engine of war; plaster"
λῠκο-φῐλία,urn:cite2:hmt:lsj.chicago_md:n64121,friendship_affection,seed+embed,0.57,0.273,0.297,92,wolfʼs; false) friendship
μεγᾰλό-φῐλος,urn:cite2:hmt:lsj.chicago_md:n65512,friendship_affection,embed,0.57,0.282,0.288,96,having great friends; Cat.Cod. Astr.
φῐλο-φῐλία,urn:cite2:hmt:lsj.chicago_md:n111568,friendship_affection,seed+embed,0.569,0.434,0.135,78,love of oneʼs friends
φῐλανθρωπ-ία,urn:cite2:hmt:lsj.chicago_md:n110855,friendship_affection,embed,0.568,0.571,-0.003,1429,"humanity, benevolence, kind-heartedness, humane feeling; kindliness, courtesy; courtesy; clemency; the intercourse; acts of kindness, courtesies; Clemency; love to man, Ep. Tit.; mildness; mild symptoms; concession, privilege; grant"
χήμωσις,urn:cite2:hmt:lsj.chicago_md:n113884,friendship_affection,seed+embed,0.568,0.437,0.131,200,an affection of the eyes; like a cockle-shell
διαλλ-άσσω,urn:cite2:hmt:lsj.chicago_md:n25160,friendship_affection,seed+embed,0.566,0.395,0.171,2483,"interchange; make an exchange; exchange; give in exchange; take in exchange; take; for; change; pass through; change, alter; to be discordant; different; depart this life, die; change money; change enmity for friendship, reconcile; make it up with; to be reconciled, to be made friends; differ from; in; differing; excel; to be different"
δευτερο-πάθεια,urn:cite2:hmt:lsj.chicago_md:n24258,friendship_affection,seed+embed,0.565,0.439,0.126,112,secondary affection; have a secondary affection
ὑστερο-πάθεια,urn:cite2:hmt:lsj.chicago_md:n109751,friendship_affection,seed+embed,0.565,0.439,0.126,65,secondary affection
χρηστο-φῐλία,urn:cite2:hmt:lsj.chicago_md:n114709,friendship_affection,seed+embed,0.565,0.461,0.104,77,the friendship of good men
προφῐλιόομαι,urn:cite2:hmt:lsj.chicago_md:n90690,friendship_affection,seed+embed,0.564,0.356,0.208,77,to be treated as a friend first
ἀγαθωσύνη,urn:cite2:hmt:lsj.chicago_md:n273,friendship_affection,embed,0.563,0.382,0.181,98,"goodness, kindness"
ἀγάπ-η,urn:cite2:hmt:lsj.chicago_md:n347,friendship_affection,seed+embed,0.561,0.491,0.069,598,"love; brotherly love, charity; love-feast; alms, charity"
διᾰγᾰπάω,urn:cite2:hmt:lsj.chicago_md:n24604,friendship_affection,embed,0.561,0.482,0.079,94,love
ἔρᾰσις,urn:cite2:hmt:lsj.chicago_md:n42128,friendship_affection,embed,0.561,0.482,0.079,79,love
ἐρᾰτίζω,urn:cite2:hmt:lsj.chicago_md:n42140,friendship_affection,embed,0.561,0.482,0.079,211,greedy after; love
ἐρωτ-ικός,urn:cite2:hmt:lsj.chicago_md:n42854,friendship_affection,seed+embed,0.561,0.528,0.032,998,of; caused by love; love; on love; amorous; fond of; cravings
παιδ-ικός,urn:cite2:hmt:lsj.chicago_md:n76592,friendship_affection,seed+embed,0.561,0.482,0.079,1832,"of a child; for; like a child; boy; girl; boyish; of boys; for a child; elementary; in the boys’ games; playful, sportive; puerile; of; for a beloved youth; love-songs; love; boys’ gymnasium; darling, favourite, minion; darling pupil; darling pursuit"
παραδοξο-λογία,urn:cite2:hmt:lsj.chicago_md:n77945,friendship_affection,embed,0.561,0.482,0.079,223,"tale of wonder, marvel; love; use of paradox"
τρῐβ-ή,urn:cite2:hmt:lsj.chicago_md:n104826,friendship_affection,embed,0.561,0.482,0.079,1666,"rubbing:; rubbing down, wearing away, wasting; wear and tear; practice; study; mere practice, routine; that about which one is busied, the object of care, anxiety; love; occupation; spending; delay; delays"
φῐλοπλουτ-έω,urn:cite2:hmt:lsj.chicago_md:n111398,friendship_affection,embed,0.561,0.545,0.016,62,love; seek riches
φῐλοτῑμ-έομαι,urn:cite2:hmt:lsj.chicago_md:n111541,friendship_affection,embed,0.561,0.62,-0.059,2215,"love; seek after honour; to be ambitious, emulous; to be jealous; vie emulously with, rival; to place oneʼs fame; glory; pride oneself; contend in rivalry; show patriotic zeal; strive eagerly to; endeavour earnestly, aspire; to be anxious that; present with; lavish upon"
χράομαι,urn:cite2:hmt:lsj.chicago_md:n114553a,friendship_affection,embed,0.561,0.482,0.079,12135,"Aër.; desire, yearn after; to be in want of, lack; shall need..; lacking, needy; in a manner requiring; enjoy, have; use; consults; make use of; manage; taking a part in; had dealings with; administer; experience, suffer, be subject to; having experienced; live under; to be at; ease; feel; possessor; victim; consult; set up; visit; use as; makes; use will he make; treat, deal with; to make of; treat; regard; to be intimate with; put up with; consulting; deal with; use, study; friends; disposal; are wont to do; is; custom.; to be used; it be in use"
κοινο-νοημοσύνη,urn:cite2:hmt:lsj.chicago_md:n58419,friendship_affection,embed,0.56,0.448,0.111,86,regard for the feelings of others
συμβῐ-ωτής,urn:cite2:hmt:lsj.chicago_md:n98278,friendship_affection,seed+embed,0.559,0.259,0.3,262,"one who lives with, companion, partner; confidants"
δέω,urn:cite2:hmt:lsj.chicago_md:n24293,friendship_affection,embed,0.557,0.392,0.164,4115,"lack, miss, stand in need of; want; am; from; lacking; save; fit, proper; to be in want; need, require; needy; stand in need of, want; have; need of..; they have; need; things needing; necessaries; needing; the point threatened; beg; having begged a favour; I pray"
εὐμένεια,urn:cite2:hmt:lsj.chicago_md:n44447,friendship_affection,seed+embed,0.557,0.49,0.067,459,"goodwill, favour; favour; kindly; pleasantness"
θέλ-ησις,urn:cite2:hmt:lsj.chicago_md:n48075,friendship_affection,seed+embed,0.557,0.331,0.226,237,"a willing, will; wishes; goodwill, favour"
καταδεής,urn:cite2:hmt:lsj.chicago_md:n53869,friendship_affection,embed,0.557,0.392,0.164,690,"wanting in, lacking; needy; sorry, shabby; under; weaker, inferior; very ill off"
κεχρημένος,urn:cite2:hmt:lsj.chicago_md:n57035,friendship_affection,embed,0.557,0.392,0.164,115,needy
πένομαι,urn:cite2:hmt:lsj.chicago_md:n80614,friendship_affection,embed,0.557,0.416,0.141,1142,"toil, work; were busy; to have to work for oneʼs living; to be poor; needy; to be poor in, have need of; pro Them.; work at, get ready; are a-doing"
χρει-ώδης,urn:cite2:hmt:lsj.chicago_md:n114565,friendship_affection,embed,0.557,0.392,0.164,678,needful; necessity; in need of; needy; deficient
ἐπητύς,urn:cite2:hmt:lsj.chicago_md:n38856,friendship_affection,embed,0.556,0.352,0.204,120,"courtesy, kindness"
καταλλ-ᾰγή,urn:cite2:hmt:lsj.chicago_md:n54408,friendship_affection,seed+embed,0.554,0.379,0.175,536,"exchange; money-changerʼs profit, agio; freight, merchandise; change, difference; change from enmity to friendship, reconciliation; reconciliation; with God"
πολύ-φῐλος,urn:cite2:hmt:lsj.chicago_md:n85499,friendship_affection,seed+embed,0.554,0.333,0.221,137,"having many friends, dear to many"
ἐπάνθ-ημα,urn:cite2:hmt:lsj.chicago_md:n38201,friendship_affection,embed,0.553,0.49,0.064,204,efflorescence; fine flower; special virtues
δημεραστ-έω,urn:cite2:hmt:lsj.chicago_md:n24360,friendship_affection,seed+embed,0.551,0.421,0.13,79,to be a friend of the people
ἀντευ-εργέτημα,urn:cite2:hmt:lsj.chicago_md:n9738,friendship_affection,embed,0.55,0.269,0.281,81,kindness returned
ἰδῐο-πάθεια,urn:cite2:hmt:lsj.chicago_md:n49860,friendship_affection,seed+embed,0.55,0.44,0.109,116,affection having a local origin
ἀντιφῐλ-ησις,urn:cite2:hmt:lsj.chicago_md:n10654,friendship_affection,seed+embed,0.548,0.406,0.142,74,return of affection
σπᾰνο-φῐλία,urn:cite2:hmt:lsj.chicago_md:n95734,friendship_affection,embed,0.547,0.255,0.292,79,shortage of friends
τρῠφερ-ία,urn:cite2:hmt:lsj.chicago_md:n105742,friendship_affection,embed,0.546,0.403,0.143,104,tenderness; voluptuousness
παραδέχομαι,urn:cite2:hmt:lsj.chicago_md:n77916,friendship_affection,embed,0.542,0.444,0.098,1857,"receive from; receive by inheritance; take up and continue; receive by way of rumour; tradition; receive; receive lessons from; take over; take upon oneself; engage; admit; admit to citizenship; admit to friendly relations; admit, allow; accept; recognize as correct, agree to; signify; to be admitted; to be credited"
πρόθῡμος,urn:cite2:hmt:lsj.chicago_md:n87541,friendship_affection,seed+embed,0.541,0.36,0.181,1397,"ready, willing, eager; eager; eager for; bearing goodwill, wishing well, devoted; readily, zealously, actively; with; zeal"
ἀνθορ-ίζω,urn:cite2:hmt:lsj.chicago_md:n8813,friendship_affection,embed,0.539,0.33,0.209,174,make a counter-definition; define; by; mutual relations
δημο-κηδής,urn:cite2:hmt:lsj.chicago_md:n24411,friendship_affection,embed,0.538,0.425,0.113,144,"caring for, friendly to the people; to democracy; Publicola"
ἀντευ-εργετικός,urn:cite2:hmt:lsj.chicago_md:n9740,friendship_affection,embed,0.536,0.265,0.271,86,disposed to return kindnesses
χρηστός,urn:cite2:hmt:lsj.chicago_md:n114706,friendship_affection,embed,0.535,0.608,-0.073,3391,"useful, good of its kind, serviceable; wholesome; for; pleasant; nice; auspicious; happy; benefits, kindnesses; happy event; prosperity, success; working for good; good for its purpose, effective; in use, current; good; valiant, true; good, honest, worthy; useful, deserving; propitious, merciful, bestowing health; wealth; good, kindly; simple, silly; a nice fellow; strong, able; dead; well, properly"
ἐλευθ-εριότης,urn:cite2:hmt:lsj.chicago_md:n33608,friendship_affection,embed,0.534,0.448,0.086,247,"the character of an; freeness in giving, liberality; generosity"
εὐμετά-δοτος,urn:cite2:hmt:lsj.chicago_md:n44465,friendship_affection,embed,0.534,0.448,0.086,304,"readily imparting, generous; generosity; easily imparted; contagious"
μεγᾰλο-ψῡχία,urn:cite2:hmt:lsj.chicago_md:n65528,friendship_affection,embed,0.534,0.536,-0.002,371,"greatness of soul, highmindedness, lordliness; generosity; arrogance; Quixotism"
φῐλοσωμᾰτ-έω,urn:cite2:hmt:lsj.chicago_md:n111518,friendship_affection,embed,0.534,0.458,0.076,75,"love, cherish the body"
ἀνθρωπο-πᾰθέω,urn:cite2:hmt:lsj.chicago_md:n8901,friendship_affection,embed,0.533,0.432,0.101,75,to have human feelings
ἐξευμεν-ισμός,urn:cite2:hmt:lsj.chicago_md:n37236,friendship_affection,embed,0.532,0.357,0.175,72,‘friendshipʼs offering’
ἀγνωσία,urn:cite2:hmt:lsj.chicago_md:n745,friendship_affection,embed,0.531,0.291,0.24,348,"ignorance; lack of acquaintance; being unknown, obscurity"
ψηλᾰφ-ησις,urn:cite2:hmt:lsj.chicago_md:n115618,friendship_affection,embed,0.531,0.442,0.09,202,"feeling, touching, palpation; tickling"
περί-βλεψις,urn:cite2:hmt:lsj.chicago_md:n81145,friendship_affection,embed,0.53,0.451,0.079,245,looking; gazing about; close examination; admiration
ῥόδον,urn:cite2:hmt:lsj.chicago_md:n92605,friendship_affection,embed,0.529,0.443,0.086,722,"rose; Rosa gallica, red rose; Rosa centifolia, cabbage rose; Rosa dumetorum, wild rose; roses; all things sweet and; beautiful; pudenda muliebria"
γνῶσις,urn:cite2:hmt:lsj.chicago_md:n22535,friendship_affection,embed,0.527,0.385,0.142,1135,"seeking to know, inquiry, investigation; result of investigation, decision; knowing, knowledge; higher, esoteric knowledge; acquaintance with; recognizing; means of knowing; being known; fame, credit; statement in writing"
ἐπιστήμη,urn:cite2:hmt:lsj.chicago_md:n41018,friendship_affection,embed,0.527,0.447,0.081,1137,"acquaintance with; understanding; skill; skilfully; professional skill; profession; by profession; knowledge; of knowledge; kinds of knowledge; scientific knowledge, science; the sciences"
οἰκτ-ιρμός,urn:cite2:hmt:lsj.chicago_md:n72394,friendship_affection,embed,0.526,0.446,0.08,135,"pity, compassion; compassionate feelings, mercies"
προκατα-λύω,urn:cite2:hmt:lsj.chicago_md:n87681,friendship_affection,embed,0.526,0.214,0.312,440,"break up, annul beforehand; before; debase; too low; inhibit, check prematurely; end their mutual; rest before"
ἀπροσ-πᾰθής,urn:cite2:hmt:lsj.chicago_md:n14507,friendship_affection,seed+embed,0.525,0.524,0.001,88,without affection; passion
ἐθελό-κᾰλος,urn:cite2:hmt:lsj.chicago_md:n30769,friendship_affection,seed+embed,0.525,0.17,0.355,68,showing goodwill
ἀλληλ-ουχία,urn:cite2:hmt:lsj.chicago_md:n4417,friendship_affection,embed,0.524,0.362,0.161,365,"holding together, conjunction; coherence; continuity; close texture, consistency; mutual support"
ἀπευχᾰριστέω,urn:cite2:hmt:lsj.chicago_md:n12013,friendship_affection,embed,0.524,0.391,0.133,76,show gratitude
διαζηλεύομαι,urn:cite2:hmt:lsj.chicago_md:n24757,friendship_affection,embed,0.524,0.438,0.086,68,to be lost in admiration
συνεπι-πάσχω,urn:cite2:hmt:lsj.chicago_md:n100294,friendship_affection,embed,0.523,0.353,0.17,75,feel emotion together
τρόπος,urn:cite2:hmt:lsj.chicago_md:n105531,friendship_affection,embed,0.522,0.421,0.101,6068,"turn, direction, way; way, manner, fashion, guise; as we are; tenor; ways; kind; how?; in; way; by; means; wise, by; mdans, on; account; the fashion; manner; how; as; guise; fashion; after the manner; like; Bis Acc.; according to custom; fitly, duly; unreasonable, absurd; fitting, suitable; a way of life, habit, custom; ways, habits, character, temper; temper; sort; mode; style; manner, style; tropes; mood; method; beam"
αἰδόφρων,urn:cite2:hmt:lsj.chicago_md:n2261,friendship_affection,embed,0.521,0.459,0.062,143,"onos; regardful of mind, compassionate; respectful"
κατακρᾱνία,urn:cite2:hmt:lsj.chicago_md:n54257,friendship_affection,seed+embed,0.521,0.405,0.116,67,an affection of the head
ἀπρονό-ητος,urn:cite2:hmt:lsj.chicago_md:n14441,friendship_affection,embed,0.518,0.277,0.241,662,unpremeditated; unguarded; unreconnoitred; not the work of providence; not considering beforehand; Bis Acc.; not exercising providence; without previous acquaintance
γνώρ-ῐμος,urn:cite2:hmt:lsj.chicago_md:n22523,friendship_affection,embed,0.518,0.488,0.03,1361,"well-known; familiar; acquaintance; pupil; kinsman; notable, distinguished; the notables; wealthy class; remarkable; intelligibly; familiarly; friendly terms"
γνωρ-ῐμότης,urn:cite2:hmt:lsj.chicago_md:n22524,friendship_affection,embed,0.518,0.325,0.194,60,acquaintance
ἑταιρ-εῖος,urn:cite2:hmt:lsj.chicago_md:n43073,friendship_affection,seed+embed,0.516,0.423,0.093,425,of; belonging to companions :; presiding over fellowship; of a comrade; amorous; house of a
ἰδῐόομαι,urn:cite2:hmt:lsj.chicago_md:n49859,friendship_affection,seed+embed,0.515,0.402,0.113,250,"make oneʼs own, appropriate; make oneʼs friend; to be specifically constituted"
συμπλέκ-ω,urn:cite2:hmt:lsj.chicago_md:n98723,friendship_affection,embed,0.515,0.37,0.145,3401,"twine; plait together; having twined; joining; join hands, become intimate; binding; together; to be twined together, plaited; are twisted together; entangled, crossing in different directions; combine; join; complex; compound sentence; mix up; interweave; combines; connect, involve; in mutual relations; mix; up, confuse; to be intertwined, locked together; to be engaged in close fight; to be entangled; to be at grips with; we are entangled; engaged with; to be involved in; to be locked together; enter into combination"
φῐλι-άζω,urn:cite2:hmt:lsj.chicago_md:n111024,friendship_affection,seed+embed,0.515,0.319,0.196,146,to be a friend
χρηστεύομαι,urn:cite2:hmt:lsj.chicago_md:n114685,friendship_affection,embed,0.515,0.365,0.151,70,to be kind; merciful
προσεταιρ-ίζομαι,urn:cite2:hmt:lsj.chicago_md:n89317,friendship_affection,seed+embed,0.514,0.295,0.219,437,"take to oneself as a friend, associate with oneself; take into partnership, secure the approval of; associate oneself with"
ἐξομολόγ-ησις,urn:cite2:hmt:lsj.chicago_md:n37542,friendship_affection,embed,0.513,0.417,0.095,175,"admission, confession; confession of gratitude"
προσκαίω,urn:cite2:hmt:lsj.chicago_md:n89481,friendship_affection,embed,0.513,0.434,0.079,391,set on fire; burn besides; burnt at the fire; to be in love with..
φῐλοποι-ητικός,urn:cite2:hmt:lsj.chicago_md:n111404,friendship_affection,embed,0.513,0.33,0.183,120,"good at making friends, conciliatory"
φῐλό-φῐλος,urn:cite2:hmt:lsj.chicago_md:n111569,friendship_affection,seed+embed,0.513,0.361,0.153,179,loving oneʼs friends; Inscr. du Louvre
προσεχ-ής,urn:cite2:hmt:lsj.chicago_md:n89344,friendship_affection,embed,0.512,0.366,0.145,1985,"next to; keeping close to..; attached; bordering upon, adjoining; next neighbours; exposed to the wind; closely connected; appropriate, suitable, proper; proximate, immediate, particular; particular; immediately; proximate; connected by relationship; recently; attentive"
ὀπάζω,urn:cite2:hmt:lsj.chicago_md:n74420,friendship_affection,seed+embed,0.511,0.421,0.09,2710,"make to follow, send with; give as a companion; follower; bid; follow; take with; take as a companion; make; give to be with; give, grant; gives; to be with; gave; as a portion; grant; take to yourself..; give besides; add; devote; put; on; press hard, chase; didst chase; away; forced on"
δημεραστ-ής,urn:cite2:hmt:lsj.chicago_md:n24361,friendship_affection,seed+embed,0.51,0.543,-0.033,210,friend of the people; friendly to the people
ὁμῑλ-έω,urn:cite2:hmt:lsj.chicago_md:n73496,friendship_affection,embed,0.51,0.396,0.115,3783,"to be in company with, consort with; consortest; joining in company; throng; join battle with; join battle; hold converse with, be acquainted with, associate with; frequent; be his pupil; to be familiar; to be friends; speak to, address, harangue; speak, converse; talk; used in conversation; attend to, busy oneself with; meet with, enjoy; to be in; consort with; to keep me company; fils; into..; to be in contact; deal with; bear oneself towards; in intercourse; come into, enter, visit; will I visit; most frequented; wanders"
προσεταιρ-ιστός,urn:cite2:hmt:lsj.chicago_md:n89318,friendship_affection,seed+embed,0.51,0.255,0.254,145,"joined with as a companion, attached to the same; club"
ἐξομῑλ-έω,urn:cite2:hmt:lsj.chicago_md:n37531,friendship_affection,embed,0.509,0.428,0.081,362,"have intercourse, live with; bear; company; win over, conciliate; to be away from oneʼs friends, be alone in the crowd"
δεξί-ωμα,urn:cite2:hmt:lsj.chicago_md:n24096,friendship_affection,seed+embed,0.508,0.278,0.23,175,acceptable thing; pledge; mark of friendship
ἠθεῖος,urn:cite2:hmt:lsj.chicago_md:n46757,friendship_affection,embed,0.508,0.303,0.205,288,"trusty, honoured; trusty friends"
αὐτός,urn:cite2:hmt:lsj.chicago_md:n17907,friendship_affection,embed,0.507,0.611,-0.105,11053,"self; him, her, it; the very one, the same.; self, myself, thyself; oneʼs true self; soul; body; oneself; the Master; Ipse dixit; the result; the very; just, exactly; close; very; the point; even; of oneself, of oneʼs own accord; in person; by oneself; itself, alone; alone; without a mother; by himself; by ourselves; among friends; and no others; himself; by; in itself; the ideal, abstract; its very self; in one, together; in hand; and all; the same; his very self; he, she, it; the very one, the same; the same as; in the place with; meet; face to face; the said, the above-named; simply, merely; added together, making a total; together, at the same time; just then; of; by oneself, self-; independently; as a second self, very.., bodily; in the abstract, the ideal; precisely; in one piece with, together with; by itself; only"
κεδνοσύνη,urn:cite2:hmt:lsj.chicago_md:n56368,friendship_affection,embed,0.507,0.418,0.09,58,"trustiness, goodness"
ἀπᾰθής,urn:cite2:hmt:lsj.chicago_md:n11222,friendship_affection,embed,0.506,0.426,0.08,1913,"not suffering; having suffered; without experience of; unpunished; unaffected; unaffected, sound; good; without passion; feeling, insensible, free from emotion; unmoved by..; not liable to change, impassive; unaffected by disease, healthy; exciting no feeling; unemotional topics; not modified; free from metrical licences"
δημίζω,urn:cite2:hmt:lsj.chicago_md:n24381,friendship_affection,seed+embed,0.505,0.375,0.13,65,pose as ‘friend of the people’
γνωστός,urn:cite2:hmt:lsj.chicago_md:n22544,friendship_affection,seed+embed,0.504,0.319,0.185,585,"known; common knowledge; clearly; knowable; symptoms; notables; acquaintance, friend; knowing"
κοινων-ός,urn:cite2:hmt:lsj.chicago_md:n58454,friendship_affection,seed+embed,0.504,0.314,0.191,809,"companion, partner; accomplice; partner, fellow; societas publicanorum; joint-owners; familiar spirit"
σύμβῐ-ος,urn:cite2:hmt:lsj.chicago_md:n98271,friendship_affection,seed+embed,0.504,0.314,0.191,336,"living together; companion, partner; husband; wife"
συντυγχάνω,urn:cite2:hmt:lsj.chicago_md:n101089,friendship_affection,embed,0.503,0.346,0.157,1517,"meet with, fall in with; meeting; having like others met with; first that meets one; first that comes to hand, average; happen to, befall; happen, fall out; if things go; circumstances; it happened that.."
τεκνο-στοργής,urn:cite2:hmt:lsj.chicago_md:n102882,friendship_affection,seed+embed,0.503,0.405,0.097,78,full of filial affection
ὑπερθαυμάζω,urn:cite2:hmt:lsj.chicago_md:n107552,friendship_affection,embed,0.502,0.438,0.064,295,"feel; express great admiration; wonder greatly at, admire greatly"
ἑκτός,urn:cite2:hmt:lsj.chicago_md:n33058,friendship_affection,embed,0.501,0.382,0.119,155,qualities
σύνεδρ-ος,urn:cite2:hmt:lsj.chicago_md:n99834,friendship_affection,embed,0.501,0.41,0.091,766,"sitting with in council; sitting together, friendly; one who sits with others, assessor, coadjutor; select commissioners; delegates to the assembly"
ἀφῐλο-στοργία,urn:cite2:hmt:lsj.chicago_md:n18372,friendship_affection,seed+embed,0.5,0.422,0.078,153,absence of natural affection
εὐεργέτ-ημα,urn:cite2:hmt:lsj.chicago_md:n43837,friendship_affection,embed,0.5,0.339,0.162,188,"service done, kindness"
πολύ-νοια,urn:cite2:hmt:lsj.chicago_md:n85112,friendship_affection,embed,0.5,0.339,0.16,175,thoughtfulness
προορ-άω,urn:cite2:hmt:lsj.chicago_md:n88183,friendship_affection,embed,0.5,0.339,0.16,1170,"see before one, look forward to; see what is just before the eyes; look before one; forward; foresee; take thought; care, make provision for..; thoughtfulness; see previously; provide for; make provision; cavere ne.."
ἐραστ-ικός,urn:cite2:hmt:lsj.chicago_md:n42133,friendship_affection,seed+embed,0.499,0.438,0.06,66,loving
ἐρωτό-εις,urn:cite2:hmt:lsj.chicago_md:n42861,friendship_affection,seed+embed,0.499,0.438,0.06,57,loving
φῐλο-φόρμιγξ,urn:cite2:hmt:lsj.chicago_md:n111570,friendship_affection,seed+embed,0.499,0.438,0.06,111,"loving; accompanying, the lyre"
εὐχρηστόψῡχος,urn:cite2:hmt:lsj.chicago_md:n45515,friendship_affection,embed,0.498,0.4,0.098,85,having useful moral qualities
συμμᾰχ-ία,urn:cite2:hmt:lsj.chicago_md:n98354,friendship_affection,embed,0.498,0.395,0.103,829,"alliance, offensive and defensive; defensive; the duty of an ally; body of allies; allied; auxiliary force; body of friends"
ἀγνωμ-οσύνη,urn:cite2:hmt:lsj.chicago_md:n741,friendship_affection,embed,0.497,0.466,0.03,468,"want of acquaintance with; want of sense, folly; senseless pride, arrogance; want of feeling, unkindness; iniquitas fortunae; misunderstandings"
ἀνομίλητος,urn:cite2:hmt:lsj.chicago_md:n9215,friendship_affection,embed,0.497,0.388,0.108,257,"having no communion with others, unsociable; uneducated"
ἀπόστοργος,urn:cite2:hmt:lsj.chicago_md:n13877,friendship_affection,seed+embed,0.497,0.386,0.111,156,devoid of affection; unlovable
διαθῐγή,urn:cite2:hmt:lsj.chicago_md:n24808,friendship_affection,embed,0.497,0.296,0.201,178,mutual contact
διακελ-εύομαι,urn:cite2:hmt:lsj.chicago_md:n24921,friendship_affection,embed,0.497,0.286,0.211,537,"exhort, give orders, direct; encourage one another; cheer; on; admonish, inform"
συγκατ-έχω,urn:cite2:hmt:lsj.chicago_md:n97750,friendship_affection,embed,0.497,0.231,0.266,203,keep together with; help in seizing; help in holding down
ἄμικτος,urn:cite2:hmt:lsj.chicago_md:n5273,friendship_affection,embed,0.496,0.378,0.119,1100,"unmingled, that will not mingle; that will not blend; harmonize; unmixed, pure; unmixed with; uniform; not mingling with others, unsociable, savage; morose; refuse to admit; to; society; not mixing the breed; not having intercourse with; uncivilized; inhospitable"
συνδια-τίθημι,urn:cite2:hmt:lsj.chicago_md:n99733,friendship_affection,seed+embed,0.496,0.393,0.102,623,"help in arranging; compose, put together; help in disposing; cause a sympathetic affection of; to be sympathetically affected together; to be affected in voice"
ἀμφᾰγᾰπάζω,urn:cite2:hmt:lsj.chicago_md:n5640,friendship_affection,embed,0.494,0.385,0.109,317,"embrace with love, greet warmly"
ἀντιπάθ-εια,urn:cite2:hmt:lsj.chicago_md:n10236,friendship_affection,seed+embed,0.494,0.408,0.086,502,"suffering instead; opposition, contrast; counteraction, antipathy; opposed; contrary affection"
κίνησις,urn:cite2:hmt:lsj.chicago_md:n57466,friendship_affection,embed,0.493,0.425,0.068,1095,"motion; emotions; dance; movement; revolt; change, revolution; removal, change of abode; inflexion; punitive action; setting; in motion"
συμπράκτωρ,urn:cite2:hmt:lsj.chicago_md:n98804,friendship_affection,seed+embed,0.493,0.264,0.23,245,"helper, assistant; a companion; involved as accomplices"
ἀθρόος,urn:cite2:hmt:lsj.chicago_md:n2061,friendship_affection,embed,0.492,0.511,-0.02,2882,"in crowds, heaps; masses, crowded together; in close order; in column; close together; together, in a body; at once; as a whole; assembled; assembled force; one; one flood of; a flood of; all by a single vote; with all his forces; collective; all at once; whole; at a gulp; burst out; continuous; sudden; complete, overwhelming; continuous, incessant; concentrated; in one payment; generally; collectively; suddenly"
ἀνέταιρος,urn:cite2:hmt:lsj.chicago_md:n8521,friendship_affection,embed,0.492,0.274,0.218,71,without friends; fellows
ἄστοργ-ος,urn:cite2:hmt:lsj.chicago_md:n16562,friendship_affection,seed+embed,0.492,0.425,0.067,368,without natural affection; the heartless one; Lyr.Alex. Adesp.; cruel; without attraction
ἀφῐλό-στοργος,urn:cite2:hmt:lsj.chicago_md:n18373,friendship_affection,seed+embed,0.492,0.425,0.067,65,without natural affection
δεξιότης,urn:cite2:hmt:lsj.chicago_md:n24087,friendship_affection,embed,0.491,0.408,0.083,312,"dexterity; sharpness, cleverness; courtesy, kindliness; fortune, felicity"
ὠφέλ-ῐμος,urn:cite2:hmt:lsj.chicago_md:n116477,friendship_affection,embed,0.491,0.418,0.073,641,"helping, aiding, useful, serviceable, beneficial"
εὐχέρ-εια,urn:cite2:hmt:lsj.chicago_md:n45487,friendship_affection,embed,0.489,0.411,0.078,1303,"tolerance of; indifference to; licentiousness; unscrupulous conduct; looseness; recklessness; hastiness; irresponsibility; uncritical facility; indifference to danger; hardship; coolness, fortitude; ease, agreeableness; comfort; fortitude; dexterity, skill"
θάλπ-ω,urn:cite2:hmt:lsj.chicago_md:n47819,friendship_affection,embed,0.489,0.411,0.078,1918,"heat, soften by heat; to be softened, deceived; heat, warm; softening; keep warm; to be warm; to be alive; warm at the fire, dry; hatch; sit; heat, inflame; comfort; cherish, foster; tend; with fostering care; care; to be full of heat, vigorous; to live"
παραι-φᾰσίη,urn:cite2:hmt:lsj.chicago_md:n78079,friendship_affection,embed,0.489,0.411,0.078,174,comfort; consolation against
προσήνεια,urn:cite2:hmt:lsj.chicago_md:n89383,friendship_affection,embed,0.489,0.541,-0.052,269,"mildness, softness; of ease; comfort; quietude"
ἐπικοιν-όω,urn:cite2:hmt:lsj.chicago_md:n39796,friendship_affection,embed,0.488,0.275,0.213,292,communicate; consult with; share; to be shared with
αἴσθ-ησις,urn:cite2:hmt:lsj.chicago_md:n2668,friendship_affection,embed,0.487,0.694,-0.207,1607,"sense-perception, sensation; perceptibly; the senses; organ; seat of sensation; perception, sense of; pain; perception, knowledge; a perception of; a perception; perceptible; the means of observing; impressions of sense; stage-effects, Po.; visible appearances; display of feeling; scent"
ὁμῑλ-ητικός,urn:cite2:hmt:lsj.chicago_md:n73502,friendship_affection,embed,0.487,0.372,0.115,304,"affable, conversable; social; social charm.. ?; the art of conversation"
φίλ-ανδρος,urn:cite2:hmt:lsj.chicago_md:n110848,friendship_affection,seed+embed,0.487,0.46,0.027,502,loving men;; loving its men; loving masculine habits; lewd; loving oneʼs husband
ἁπλότης,urn:cite2:hmt:lsj.chicago_md:n12216,friendship_affection,embed,0.485,0.392,0.093,485,"singleness; simplicity; simplicity, frankness, sincerity; open-heartedness; liberality"
παρακατ-οικίζω,urn:cite2:hmt:lsj.chicago_md:n78133,friendship_affection,embed,0.485,0.298,0.187,328,make to dwell; settle beside; make; companions; settle near oneself
κῑν-ημα,urn:cite2:hmt:lsj.chicago_md:n57463,friendship_affection,embed,0.484,0.361,0.124,851,"movement; movements; political movement; uproar, excitement; impressions; impressions, emotions; subluxation; partial dislocation; periods; inflexion; moving things"
εὐνο-έω,urn:cite2:hmt:lsj.chicago_md:n44546,friendship_affection,embed,0.483,0.506,-0.023,538,to be well-inclined; favourable; be at peace with; well-wisher; to be kindly; affectionately treated; to be liked
εὐσύστᾰτος,urn:cite2:hmt:lsj.chicago_md:n45239,friendship_affection,embed,0.483,0.407,0.077,191,of proper consistency; easy to make friends with
περιφρον-έω,urn:cite2:hmt:lsj.chicago_md:n82505,friendship_affection,embed,0.483,0.368,0.115,491,"compass in thought, speculate about; contemn, despise; defy; to be very thoughtful"
ἀναζωπῠρ-έω,urn:cite2:hmt:lsj.chicago_md:n6517,friendship_affection,embed,0.482,0.394,0.088,367,"rekindle, light up again; to be rekindled; to be excited"
ἁψῐ-κάρδιος,urn:cite2:hmt:lsj.chicago_md:n18879,friendship_affection,embed,0.482,0.373,0.11,66,heart-touching
λῠκο-φίλιος,urn:cite2:hmt:lsj.chicago_md:n64122,friendship_affection,seed+embed,0.482,0.266,0.216,109,like wolfʼs friendship
αἰδοῖος,urn:cite2:hmt:lsj.chicago_md:n2254,friendship_affection,embed,0.481,0.389,0.092,989,"having a claim to regard, reverence; compassion; bashful, shamefaced; showing reverence; of mercy; claiming compassion"
ἔνηχ-ος,urn:cite2:hmt:lsj.chicago_md:n35540,friendship_affection,embed,0.481,0.342,0.14,280,"sounding within; sounding, noisy; acquainted, conversant with"
κατοίκτ-ῐσις,urn:cite2:hmt:lsj.chicago_md:n56016,friendship_affection,embed,0.481,0.389,0.092,78,compassion
φρόν-ημα,urn:cite2:hmt:lsj.chicago_md:n112351,friendship_affection,embed,0.481,0.484,-0.003,1863,"mind, spirit; thought, purpose, will; thoughts; high spirit, resolution, pride; spirit; courage; aspiring; high thoughts, proud designs; presumption, arrogance; heart, breast"
φροντ-ίζω,urn:cite2:hmt:lsj.chicago_md:n112367,friendship_affection,embed,0.481,0.357,0.125,4256,"consider, reflect, take thought; give heed, pay attention; to be thoughtful; anxious; careworn; care, thought; consider, ponder; devise; take thought; see to it; take thought for, give heed to; regard; to be steward; bailiff; to be concerned; see to, provide for, furnish; reck; of; heed; to be an object of thought; care; carefully thought out"
ἀγᾰθός,urn:cite2:hmt:lsj.chicago_md:n260,friendship_affection,seed,0.477,0.6,-0.124,4535,"good:; well-born, gentle; aristocrats; brave, valiant; good, capable; good; my good friend; bona dea; good, serviceable; good for; to good purpose; for his own good end; it is good; morally good; good, blessing, benefit; blessing!, treasure!; a benefit; for no good end; the good; goods of fortune, treasures, wealth; fare well; good things, dainties; good qualities; good points; admirable."
διευεργετέω,urn:cite2:hmt:lsj.chicago_md:n26704,friendship_affection,seed,0.477,0.315,0.162,82,to be a firm friend to
κᾰλο-θέλεια,urn:cite2:hmt:lsj.chicago_md:n52806,friendship_affection,seed,0.471,0.205,0.266,43,goodwill
πρόθεσις,urn:cite2:hmt:lsj.chicago_md:n87511,friendship_affection,seed,0.471,0.336,0.135,1807,"placing in public;; laying; out; public notice; statement; theme, thesis; proposition, statement; payment in advance; offering; Decret trilingue; NT; laid before, shew; purpose, end proposed; purposely; goodwill; supposition, calculation; preposition; prefixing, placing first; stem; root"
φῐλοπόν-ηρος,urn:cite2:hmt:lsj.chicago_md:n111414,friendship_affection,seed,0.471,0.381,0.09,144,friend to bad men; lover of evil
φῐλο-πιστεύομαι,urn:cite2:hmt:lsj.chicago_md:n111387,friendship_affection,seed,0.47,0.178,0.291,64,trust a friend
συνέταιρ-ος,urn:cite2:hmt:lsj.chicago_md:n100433,friendship_affection,seed,0.467,0.313,0.155,212,"companion, partner, comrade"
ἰδῐο-πᾰθέω,urn:cite2:hmt:lsj.chicago_md:n49861,friendship_affection,seed,0.46,0.358,0.102,64,suffer from a local affection
φῐλοσωκράτης,urn:cite2:hmt:lsj.chicago_md:n111517,friendship_affection,seed,0.456,0.344,0.112,69,friend of Socrates
ἀρχι-εταῖρος,urn:cite2:hmt:lsj.chicago_md:n15941,friendship_affection,seed,0.451,0.248,0.203,121,chief friend; companion; ‘Arkī
ἐπίπολος,urn:cite2:hmt:lsj.chicago_md:n40592,friendship_affection,seed,0.451,0.242,0.209,69,companion
μεθομήρεος,urn:cite2:hmt:lsj.chicago_md:n65642,friendship_affection,seed,0.451,0.242,0.209,85,companion
σύμφορ-ος,urn:cite2:hmt:lsj.chicago_md:n98935,friendship_affection,seed,0.451,0.398,0.053,1259,"accompanying; companion; suitable, useful, profitable; good; what is expedient; interests; plea of expediency; expedient; most convenient"
συνᾱδόλεσχ-ος,urn:cite2:hmt:lsj.chicago_md:n99060,friendship_affection,seed,0.451,0.242,0.209,80,companion
συνομῑλ-ητής,urn:cite2:hmt:lsj.chicago_md:n100837,friendship_affection,seed,0.451,0.242,0.209,156,companion
συνοπάων,urn:cite2:hmt:lsj.chicago_md:n100861,friendship_affection,seed,0.451,0.242,0.209,103,companion
συνουσι-αστής,urn:cite2:hmt:lsj.chicago_md:n100910,friendship_affection,seed,0.451,0.278,0.173,102,companion; disciple
ἰδῐό-ξενος,urn:cite2:hmt:lsj.chicago_md:n49858,friendship_affection,seed,0.448,0.24,0.209,212,private friend
προστίθημι,urn:cite2:hmt:lsj.chicago_md:n90166,friendship_affection,seed,0.448,0.412,0.036,8293,"put to; put to, close; holding; close; apply; hand over, deliver to; give; give besides; also; spend money; impose upon; impose; impose, inflict; employ; attribute; impute to; impute; add; make additions; improve; pay; credit; pay in, deposit; join; add some determining word; NT, continue; repeat; again; continued; another; side with; to be favourable, wellinclined; come in, submit; assent, agree; consent, bring onself to; will deposit; in favour of; associate with oneself; take to one as a friend, ally; helper, win over; take; apply to oneself; put on; add to oneself, gain; be profited?; bring; take upon onself; bring upon; made; upon; vented; caused"
πιστός,urn:cite2:hmt:lsj.chicago_md:n83325,friendship_affection,seed,0.446,0.479,-0.032,3197,"to be trusted; believed; faithful, trusty; trusted friend; trusty councillors; trustworthy, worthy of credit; genuine; unmistakable; trustworthy, sure; can one trust; as could be relied on; deserving belief, credible; pledge, security, warrant; honesty; confidence; pledges; believing, relying on; trustful; obedient, loyal; faithful, believing; with good faith; loyally; persuasively; credibly, demonstrably; unmistakably; with disposition to believe"
φῐλαυτ-ος,urn:cite2:hmt:lsj.chicago_md:n110898,friendship_affection,seed,0.446,0.476,-0.031,397,loving oneself; selfish
συμβούλ-ησις,urn:cite2:hmt:lsj.chicago_md:n98325,friendship_affection,seed,0.443,0.148,0.294,64,"goodwill, help"
ζωτικός,urn:cite2:hmt:lsj.chicago_md:n46554,friendship_affection,seed,0.442,0.504,-0.062,1086,"fit for giving; maintaining life; full of life, alive; more like animals; fond of life; characteristic of life, vital; of life; true to life"
χρηστό-φῐλος,urn:cite2:hmt:lsj.chicago_md:n114710,friendship_affection,seed,0.441,0.332,0.109,142,possessed of good friends; trusty friend
συνοπλ-ίζομαι,urn:cite2:hmt:lsj.chicago_md:n100862,friendship_affection,seed,0.439,0.304,0.135,72,to be a companion in arms
φῐλοποι-ητής,urn:cite2:hmt:lsj.chicago_md:n111403,friendship_affection,seed,0.437,0.36,0.077,65,a friend of poets
φῐλορώμαιος,urn:cite2:hmt:lsj.chicago_md:n111461,friendship_affection,seed,0.435,0.307,0.128,284,a friend to the Romans
φῐλᾰδελφ-έω,urn:cite2:hmt:lsj.chicago_md:n110805,friendship_affection,seed,0.431,0.326,0.106,78,show brotherly affection
φῐλό-χρηστος,urn:cite2:hmt:lsj.chicago_md:n111596,friendship_affection,seed,0.431,0.429,0.002,88,loving goodness; honesty
φῐλ-ορνις,urn:cite2:hmt:lsj.chicago_md:n111452,friendship_affection,seed,0.43,0.491,-0.061,188,fond of birds; loved; haunted by birds
φῐλο-κλέαρχος,urn:cite2:hmt:lsj.chicago_md:n111229,friendship_affection,seed,0.424,0.225,0.199,65,friend of Clearchus
συνήμων,urn:cite2:hmt:lsj.chicago_md:n100542,friendship_affection,seed,0.421,0.353,0.068,179,"united; comrade; friends, comrades"
ἀφιλ-ίωτος,urn:cite2:hmt:lsj.chicago_md:n18352,friendship_affection,seed,0.415,0.245,0.169,94,not to be made a friend of; reconciled
ὁμό-νεκρος,urn:cite2:hmt:lsj.chicago_md:n73761,friendship_affection,seed,0.411,0.235,0.176,65,companion in death
μονο-φῐλής,urn:cite2:hmt:lsj.chicago_md:n68701,friendship_affection,seed,0.409,0.227,0.182,56,sole friend
φῐλοσύγ-γᾰμος,urn:cite2:hmt:lsj.chicago_md:n111505,friendship_affection,seed,0.408,0.346,0.063,71,loving her husband
ξέν-ῐσις,urn:cite2:hmt:lsj.chicago_md:n71506,hospitality_xenia,seed+embed,0.776,0.38,0.396,108,entertainment of a guest; stranger
ξέν-ωσις,urn:cite2:hmt:lsj.chicago_md:n71568,hospitality_xenia,seed+embed,0.776,0.347,0.428,76,entertainment of a guest
ξεν-ία,urn:cite2:hmt:lsj.chicago_md:n71498,hospitality_xenia,seed+embed,0.775,0.331,0.444,1465,"hospitality shown to a guest, entertainment; hospitii causa; as a guest; friendly relation between; hospitium facere cum aliquo; friendly relations; friendship with us; with; status of an alien; of an alien for usurping civic rights; guest-chamber; lodging"
ξεν-ίζω,urn:cite2:hmt:lsj.chicago_md:n71501,hospitality_xenia,seed+embed,0.761,0.564,0.197,2148,"receive; entertain as a guest; to present with; with; on; to be entertained as a guest; surprise, astonish by some strange sight; do violence to; to be astonished; to be puzzled, unable to comprehend; to be unaccustomed; make strange; stunt their growth and distort; altered in character; to be a stranger, speak with a foreign accent; to be strange; unusual"
ξενο-δοκέω,urn:cite2:hmt:lsj.chicago_md:n71515,hospitality_xenia,seed+embed,0.758,0.366,0.392,250,entertain guests; strangers.; testify
ξέν-ιος,urn:cite2:hmt:lsj.chicago_md:n71504,hospitality_xenia,seed+embed,0.757,0.626,0.131,2299,"belonging to friendship and hospitality, hospitable; protector of the rights of hospitality; the guests’; guestʼs; bound; by ties of hospitality; friendly gifts; as a friendly gift; to meat; provisions; tribute; honoraria; foreign; with aliens"
παν-δοκεύω,urn:cite2:hmt:lsj.chicago_md:n77322,hospitality_xenia,seed+embed,0.755,0.246,0.508,260,entertain as a host; innkeeper; keep an inn; lodging-house; to be furnished with inns
ξενο-σύνη,urn:cite2:hmt:lsj.chicago_md:n71548,hospitality_xenia,seed+embed,0.729,0.337,0.391,59,hospitality
φῐλοξεν-ία,urn:cite2:hmt:lsj.chicago_md:n111350,hospitality_xenia,seed+embed,0.729,0.337,0.391,203,hospitality
μῑσο-ξενία,urn:cite2:hmt:lsj.chicago_md:n68068,hospitality_xenia,embed,0.698,0.325,0.373,77,hatred of strangers; guests
ξένος,urn:cite2:hmt:lsj.chicago_md:n71544,hospitality_xenia,seed+embed,0.698,0.626,0.072,3758,"guest-friend; guest; visitor; guests; host; stranger; wanderer, refugee; foreigner; hireling; mercenary soldier; ally; foreign; alien; strange to; unacquainted with, ignorant of; a stranger to; strange, unusual; fresh"
σύνειμι,urn:cite2:hmt:lsj.chicago_md:n99858,hospitality_xenia,embed,0.698,0.345,0.354,2912,"sum; to be with, be joined with; to be haunted by; acquainted with..; to be engaged in; Bis Acc.; have intercourse with, live with; live alone; live with; have sexual intercourse; copulate; attend, associate with; follower; followers, partisans, associates, disciples; guests; comrades; attending on, favouring; accompany; have dealings with; have to do with; take part in, attend; members; are; in addition; to be in conjunction"
κλήτ-ωρ,urn:cite2:hmt:lsj.chicago_md:n57909,hospitality_xenia,seed+embed,0.695,0.257,0.438,335,"one who invites, host; one who invokes; in R."
πολύ-ξενος,urn:cite2:hmt:lsj.chicago_md:n85119,hospitality_xenia,embed,0.694,0.305,0.389,420,"entertaining many guests, very hospitable; visited by many guests"
δαιτῠμ-ών,urn:cite2:hmt:lsj.chicago_md:n23269,hospitality_xenia,seed+embed,0.69,0.266,0.425,234,"one that is entertained, guest; those who bring each his portion"
ξενό-στᾰσις,urn:cite2:hmt:lsj.chicago_md:n71546,hospitality_xenia,embed,0.69,0.347,0.343,107,lodging for guests; strangers
ξεν-όω,urn:cite2:hmt:lsj.chicago_md:n71563,hospitality_xenia,seed+embed,0.69,0.301,0.389,989,"make oneʼs friend and guest, entertain; enter into a treaty of hospitality with; take up; abode with; as a guest, to be entertained; reside abroad; go into banishment; deprive; of"
φῐλόξεν-ος,urn:cite2:hmt:lsj.chicago_md:n111352,hospitality_xenia,seed+embed,0.685,0.332,0.353,432,"loving strangers, hospitable; of hospitality"
ὑποδεξίη,urn:cite2:hmt:lsj.chicago_md:n108259,hospitality_xenia,seed+embed,0.676,0.363,0.313,123,"reception of a guest, means of entertainment"
ἑστιᾱτ-ωρ,urn:cite2:hmt:lsj.chicago_md:n42998,hospitality_xenia,seed+embed,0.673,0.306,0.367,581,"one who gives a banquet, host; the citizen on whom the liturgy of; fell; manager of the commissariat; guest; office-bearers of a religious association"
κατανθρωπ-ισμός,urn:cite2:hmt:lsj.chicago_md:n54621,hospitality_xenia,seed+embed,0.673,0.379,0.294,94,"hospitality, entertainment"
ξενο-δόκος,urn:cite2:hmt:lsj.chicago_md:n71516,hospitality_xenia,seed+embed,0.672,0.389,0.282,512,"one who receives strangers, host; head of a; witness"
ὑποδοχ-ή,urn:cite2:hmt:lsj.chicago_md:n108341,hospitality_xenia,seed+embed,0.67,0.379,0.29,2316,"reception; entertainment, hospitality; harbouring; means for entertaining; acceptance, support; playing up to, supporting; seconding; an admission; expectation; resort, quarter; receptacle, reservoir; substitutes, diversions; stewardship, office of the; taking over, receipt by an agent, acceptance of responsibility for; continuous succession"
ξεινήϊον,urn:cite2:hmt:lsj.chicago_md:n71474,hospitality_xenia,seed+embed,0.666,0.308,0.359,323,hostʼs gift; provision made for a guest; gifts of (guest-) friendship
ξενᾱγ-έω,urn:cite2:hmt:lsj.chicago_md:n71482,hospitality_xenia,seed+embed,0.66,0.368,0.292,598,"to be a leader of mercenaries; guide strangers, show them the sights; work as a guide has been done; one seeing the sights; guide, direct; receive hospitality"
κατάκτης,urn:cite2:hmt:lsj.chicago_md:n54307,hospitality_xenia,seed+embed,0.656,0.279,0.378,78,"visitor, guest"
συγκατά-κειμαι,urn:cite2:hmt:lsj.chicago_md:n97652,hospitality_xenia,embed,0.652,0.213,0.439,257,lie with; recline with at meals; the guests
ξενᾱγ-έτης,urn:cite2:hmt:lsj.chicago_md:n71481,hospitality_xenia,embed,0.649,0.274,0.374,116,one who takes charge of guests; hospitable
φῐλο-δαιτύμων,urn:cite2:hmt:lsj.chicago_md:n111111,hospitality_xenia,embed,0.643,0.536,0.107,72,fond of guests
καταξενόομαι,urn:cite2:hmt:lsj.chicago_md:n54674,hospitality_xenia,seed+embed,0.642,0.269,0.373,107,"to be received as a guest, hospitably treated"
ἑστιοῦχ-ος,urn:cite2:hmt:lsj.chicago_md:n43007,hospitality_xenia,seed+embed,0.628,0.318,0.31,418,"guarding the house; guardian of..; having an altar; hearth; on the hearth; altar; entertainer, feaster, host"
σύγ-κλητος,urn:cite2:hmt:lsj.chicago_md:n97823,hospitality_xenia,embed,0.628,0.311,0.318,802,"called together, summoned; invited guests; specially summoned; summoned council; Senate"
δειπνο-κλήτωρ,urn:cite2:hmt:lsj.chicago_md:n23757,hospitality_xenia,embed,0.624,0.324,0.3,172,one who invites to dinner
εὔξενος,urn:cite2:hmt:lsj.chicago_md:n44575,hospitality_xenia,seed+embed,0.624,0.35,0.274,492,"kind to strangers, hospitable; the guest; the Euxine; the Black Sea"
ἀλεγύνω,urn:cite2:hmt:lsj.chicago_md:n3927,hospitality_xenia,embed,0.616,0.29,0.325,427,"heed, care for; find; prepare; for guests"
παρόχ-ιον,urn:cite2:hmt:lsj.chicago_md:n79815,hospitality_xenia,seed+embed,0.615,0.124,0.491,76,public guest-house
ἔνσῑτ-ος,urn:cite2:hmt:lsj.chicago_md:n36053,hospitality_xenia,seed+embed,0.614,0.192,0.423,128,"public guest; fed, replete"
πρόξενος,urn:cite2:hmt:lsj.chicago_md:n88122,hospitality_xenia,seed+embed,0.614,0.307,0.307,2276,"public; public guest; friend; patrons; representatives; witnesses; patron, protector; patroness; assisting, relieving; causing, producing"
διειρωνόξενος,urn:cite2:hmt:lsj.chicago_md:n26483,hospitality_xenia,seed+embed,0.611,0.318,0.292,128,"dissembling with oneʼs guests, treacherous under the mask of hospitality"
στρωμᾰτ-ίτης,urn:cite2:hmt:lsj.chicago_md:n97335,hospitality_xenia,embed,0.61,0.22,0.39,121,at which the guests found their own
ἑστιάω,urn:cite2:hmt:lsj.chicago_md:n43000,hospitality_xenia,seed+embed,0.609,0.388,0.222,2006,"receive at oneʼs hearth; in oneʼs house; entertain, feast; give a feast; entertainers; give a; feast; to be a guest, be feasted; feast on..; have a"
ἑστιῶν,urn:cite2:hmt:lsj.chicago_md:n43001,hospitality_xenia,seed+embed,0.609,0.382,0.227,1340,"give a feast; entertainers; give a; feast; to be a guest, be feasted; feast on..; have a"
προεπι-ξενόομαι,urn:cite2:hmt:lsj.chicago_md:n87387,hospitality_xenia,seed+embed,0.605,0.18,0.425,87,to be received as a guest before
σκῐά,urn:cite2:hmt:lsj.chicago_md:n94815,hospitality_xenia,seed+embed,0.603,0.363,0.241,2918,"shadow; reflection, image; shade; phantom; one worn to a shadow; mere shadows; evil spirit; shadow in painting; silhouette, profile; coloured border; an uninvited guest, introduced by another; umbra; chāyā´"
ἐπιξεν-όομαι,urn:cite2:hmt:lsj.chicago_md:n40373,hospitality_xenia,seed+embed,0.6,0.398,0.202,733,"to be entertained as; a guest, dwell abroad; to be on a visit; to be entertained; have hospitable; relations with, be intimate with; lent to; communicated; with; appeal to thee in"
ξενο-δαίτης,urn:cite2:hmt:lsj.chicago_md:n71513,hospitality_xenia,embed,0.599,0.347,0.252,130,one that devours guests; strangers
ὀνομα-κλήτωρ,urn:cite2:hmt:lsj.chicago_md:n74131,hospitality_xenia,embed,0.599,0.202,0.396,132,one who announces guests by name; nomenclator
ξεν-ικός,urn:cite2:hmt:lsj.chicago_md:n71503,hospitality_xenia,seed+embed,0.598,0.756,-0.157,2294,"of; for a stranger, of foreign kind; taxes paid by aliens; more connected with; dependent upon, foreigners; the class of aliens; in which aliens sued; were sued; foreign; alien; concerning the status of an alien; which confers non-citizen status; furnished by the allies; a body of mercenaries; hospitable; protector of guests; between host and guest; hospitably; foreign, strange; their foreign origin; character; non-Attic; unfamiliar; abounding in unusual words and phrases; in non-Attic fashion"
ἐνδομεν-ία,urn:cite2:hmt:lsj.chicago_md:n35260,hospitality_xenia,embed,0.594,0.348,0.245,298,household goods; furniture supplied to public guests
δεξι-ωτικός,urn:cite2:hmt:lsj.chicago_md:n24099,hospitality_xenia,embed,0.593,0.359,0.234,79,"welcoming, hospitable"
συνδέχομαι,urn:cite2:hmt:lsj.chicago_md:n99646,hospitality_xenia,seed+embed,0.591,0.19,0.401,67,receive as a guest
συμφορ-ητός,urn:cite2:hmt:lsj.chicago_md:n98932,hospitality_xenia,seed+embed,0.59,0.289,0.301,391,"brought together, collected; towards which each guest contributes, picnic"
δειπν-ητής,urn:cite2:hmt:lsj.chicago_md:n23749,hospitality_xenia,seed+embed,0.589,0.374,0.216,56,"diner, guest"
δειπν-ίζω,urn:cite2:hmt:lsj.chicago_md:n23751,hospitality_xenia,seed+embed,0.589,0.385,0.204,394,entertain at dinner; give; bribed by dinners
συνάγω,urn:cite2:hmt:lsj.chicago_md:n99045,hospitality_xenia,seed+embed,0.588,0.406,0.181,7171,"bring together, gather together; to; crowd; bring together; hold a club dinner; meeting; are at dinner; join; begin; match, pit; one against the other; engage; collect; levy; bring together, join in one, unite; contract; bring together, make friends of, reconcile; bring; together; lead with one, receive; gave hospitality to..; concise; jumble together, identify; draw together; draw together, narrow, contract; to a point; a.; is pinched in, drawn in; close; prick; to be straitened, afflicted; to become pinched; pull; conclude; infer, prove; form a conclusion of; cogent; sum up; obtain; product..; give; yield; is carried along with; bring about"
θοινοδοτέω,urn:cite2:hmt:lsj.chicago_md:n48932,hospitality_xenia,seed+embed,0.585,0.287,0.298,91,entertain at a banquet
καθεστήριον,urn:cite2:hmt:lsj.chicago_md:n51758,hospitality_xenia,seed+embed,0.584,0.223,0.361,82,guest-room
ἀγαθο-δαιμονισταί,urn:cite2:hmt:lsj.chicago_md:n243,hospitality_xenia,embed,0.583,0.384,0.199,141,guests who drink only to the; moderate drinkers
ξενο-δοχεῖον,urn:cite2:hmt:lsj.chicago_md:n71517,hospitality_xenia,embed,0.583,0.306,0.277,159,"place for strangers to lodge in, inn"
κοίτ-η,urn:cite2:hmt:lsj.chicago_md:n58478,hospitality_xenia,embed,0.582,0.407,0.176,1971,"bedstead; marriage-bed; bed; lair; nest; quarters; pen, fold; act of going to bed; going to bed; to lie still; lodging, entertainment; sexual connexion; lasciviousness; parcel, lot; chest, case; basket"
συμπόσι-ον,urn:cite2:hmt:lsj.chicago_md:n98792,hospitality_xenia,embed,0.582,0.261,0.321,613,"drinking-party, symposium; the party itself, the guests; groups; the room in which such parties were given"
ἔθνος,urn:cite2:hmt:lsj.chicago_md:n30809,hospitality_xenia,seed+embed,0.581,0.445,0.136,2147,"number of people living together, company, body of men; band; host; swarms, flocks; nation, people; foreign, barbarous nations; clubs of non-Athenians; non-Jews, Ps.; Gentiles; Gentile Christians, Ep. Rom.; provinciae; province; class; caste, tribe; orders; trade-associations; guilds; sex; part, member; a relation"
κᾰλέω,urn:cite2:hmt:lsj.chicago_md:n52571,hospitality_xenia,seed+embed,0.581,0.327,0.254,6187,"call, summon; they had been summoned; demand, require; call to oneself; call; call to oneʼs house; to a repast, invite; invited; guest; invoke; call down; to be invoked; summon; cite; calls on; is called on; to sue; bring before the court; plaintiff; called forth, summoned; call by name, name; shall be given; give; to; because of; to be named; called; socalled; called from; after; to be called; am; is; said that; name; we say"
κατα-λύω,urn:cite2:hmt:lsj.chicago_md:n54452,hospitality_xenia,seed+embed,0.581,0.361,0.22,3979,"put down, destroy; break; up; dissolve, break up, put down; put down, depose; having been dismissed; dissolve, dismiss, disband; abolish; annul; render; useless; neglect; lay; down; bring to an end; make an end; die; retired; ending; disused, obsolete; end; settle; componere inimicitias; make peace; come to terms with; decay; unloose, unyoke; take; to be taken down; take up oneʼs quarters, lodge; is; guest; turn off; go and lodge; may I take my rest"
πάρειμι,urn:cite2:hmt:lsj.chicago_md:n79223,hospitality_xenia,seed+embed,0.581,0.492,0.089,4706,"sum; to be by; present; near; to be; guest; to be present in; at; to be present so as to help, stand by; to have arrived; to have come; ready; at hand; were at; command; available; the present state of affairs; just now; present circumstances; the present; it depends; is in; power; it being possible; easy, since it is allowed; to his face; come here"
παρεμ-βολή,urn:cite2:hmt:lsj.chicago_md:n79335,hospitality_xenia,seed+embed,0.581,0.258,0.323,926,"insertion, interpolation; parenthesis; drawing up in battle-order; insertion of men in the ranks; company; host; encampment; soldiers’ quarters; barracks; trip"
συνδαιτ-ᾰλεύς,urn:cite2:hmt:lsj.chicago_md:n99606,hospitality_xenia,seed+embed,0.581,0.248,0.333,82,fellow-guest
ὑποδέχομαι,urn:cite2:hmt:lsj.chicago_md:n108279,hospitality_xenia,seed+embed,0.581,0.446,0.135,6647,"receive into oneʼs house, welcome; received; who had received him; harbour; admit; admitted; as a friend; opened up to receive; entertain; host; give ear to, hearken to; give ear to; admit, allow; refuse to admit, deny; take up; take on board; bear patiently; submit to; accept; as correct; undertake, promise; undertook; make; promises; undertake to contribute; undertook to collect; accept as a responsibility, take in charge; take over, receive as agent; receive in succession, take up; receiver; come next; come next in order; intercept; catch; catch as in a trap; receives (entraps); was in store for; will be her lot; takes; by surprise; catch, collect; receive; Aër."
ξενο-κτονία,urn:cite2:hmt:lsj.chicago_md:n71530,hospitality_xenia,seed+embed,0.574,0.287,0.288,146,murder of strangers; murder of a guest; of a host
δειδίσκομαι,urn:cite2:hmt:lsj.chicago_md:n23644,hospitality_xenia,seed+embed,0.573,0.32,0.253,500,"greet, welcome; pledged; welcoming; pledging; show"
εἰσαφ-ικνέομαι,urn:cite2:hmt:lsj.chicago_md:n31302,hospitality_xenia,embed,0.571,0.277,0.294,553,"come into; to, arrive at; go into; arrive; visitors"
εἰσόδ-ιος,urn:cite2:hmt:lsj.chicago_md:n31445,hospitality_xenia,embed,0.571,0.341,0.23,357,"going; coming in; visitors; income, revenue; introduction"
ξεν-ᾰπᾰτία,urn:cite2:hmt:lsj.chicago_md:n71489,hospitality_xenia,embed,0.565,0.18,0.385,61,cheating of guests
ἔχω,urn:cite2:hmt:lsj.chicago_md:n45996,hospitality_xenia,seed+embed,0.564,0.524,0.041,23287,"check; seĝh; sáhate; sigis; sĝh; si-sĝh-o; have, hold; possess; propertied class; wealthy man; poor; to have; due to one; to have received; acquire, get; to be possessed; keep, have charge of; having control of; to be engaged in; kept; for; is; himself; inhabit; haunt; ruled; occupiest; have to wife; as husband; have in oneʼs house, entertain; with; keep; get; indulge in; will; for a moment; to be; conceived; have; goes, that; possess mentally, understand; do you understand; attend! listen; know of; keep up, maintain; made; involve, admit of; containing; containing (circumscribing; hold; to hold; uphold; hold fast; holding; by; grip; bear, wear; to be pregnant; had; bore; support, sustain; hold fast, keep close; enclose; contain; keep in a certain direction; aimed; guide, drive, steer; held his course; held on; put in, land; point; to turn; fixed; attend to; hold in, stay, keep back; check, stop; stay; allay, assuage; keep away from; stop, hinder from; keep back, withhold; pray keep; hold in guard, keep safe; protect; hold, consider; have means; power; to be able; could; be able; have to face, be obliged; know; there is; hold oneself; kept balanced; will keep unmoved; to keep; stay now; keep from; to be engaged; busy; be; consisting; it is, is going on; will turn out; to turn out, happen; the case stands; cum res ita se habeant; was; am; no, I thank you; to be well off for; abound in; turn; stand up, jut out; lead towards; to be directed, point; what concerns; extend, reach to; feelings; when it is in your grasp; hold oneself fast, cling closely; hold on by, cling to; claps his hand on; cleave, cling to; lay hold on, take advantage of; fasten upon, attack; lay claim to; to be zealous for; come next to, follow closely; to be close, border on; neighbouring; next; what follows; depend; to be connected with; pertain to; bear; hold for oneself; his; maintain oneself, hold oneʼs ground; keep off from oneself, repel; keep oneself back, abstain; refrain from; to keep oneʼs; hold! cease; are balanced"
ἀποφόρ-ητος,urn:cite2:hmt:lsj.chicago_md:n14242,hospitality_xenia,embed,0.562,0.238,0.324,167,carried away;; presents which guests received; to take home
αὐλ-ισμός,urn:cite2:hmt:lsj.chicago_md:n17439,hospitality_xenia,embed,0.559,0.265,0.293,74,lodging
ἐπισταθμ-εία,urn:cite2:hmt:lsj.chicago_md:n40962,hospitality_xenia,embed,0.559,0.273,0.286,250,lodging; quarters; liability to have persons quartered; on one
κατάλῠμα,urn:cite2:hmt:lsj.chicago_md:n54440,hospitality_xenia,embed,0.559,0.265,0.293,358,lodging; billet; provision of quarters
δεξίστρᾰτος,urn:cite2:hmt:lsj.chicago_md:n24094,hospitality_xenia,seed+embed,0.558,0.176,0.382,64,receiving the host
κωθων-ιστήριον,urn:cite2:hmt:lsj.chicago_md:n61213,hospitality_xenia,embed,0.558,0.19,0.369,59,banqueting house
ἐνδημ-ία,urn:cite2:hmt:lsj.chicago_md:n35172,hospitality_xenia,embed,0.557,0.26,0.297,185,"dwelling in; lodging, sojourning"
ξενο-κτόνος,urn:cite2:hmt:lsj.chicago_md:n71531,hospitality_xenia,embed,0.557,0.347,0.211,128,slaying guests; strangers
προσηγορ-ία,urn:cite2:hmt:lsj.chicago_md:n89361,hospitality_xenia,embed,0.557,0.406,0.151,520,"friendly greeting, familiarity; addressing; appellation, name; title; common noun"
ξεν-ίδιον,urn:cite2:hmt:lsj.chicago_md:n71500,hospitality_xenia,embed,0.555,0.204,0.351,63,guesthouse
τρᾰπεζῑτ-ης,urn:cite2:hmt:lsj.chicago_md:n104549,hospitality_xenia,seed+embed,0.553,0.328,0.225,870,"money-changer, banker; bankers; director of a state-bank; violator of hospitality"
συσκήν-ωσις,urn:cite2:hmt:lsj.chicago_md:n101363,hospitality_xenia,embed,0.552,0.259,0.293,80,lodging together
διάκειμαι,urn:cite2:hmt:lsj.chicago_md:n24917,hospitality_xenia,embed,0.542,0.396,0.145,1750,"to be served at table; to be stationed; to be in; state; to be disposed or affected; a state; am in!; to be in a; plight; to be; disposed; to be well-disposed; by; with..; intransitive; to be settled, fixed; ordered; conditions, terms; it will be; disposed of; to be situated"
ἀνέμβᾰτος,urn:cite2:hmt:lsj.chicago_md:n8219,hospitality_xenia,embed,0.54,0.295,0.245,386,inaccessible; not to be trodden; not going to; visiting
ἐπίσκεψις,urn:cite2:hmt:lsj.chicago_md:n40862,hospitality_xenia,embed,0.54,0.295,0.245,470,"inspection, visitation; from the observerʼs; point of view; visiting; investigation; inquiry; numbering, census"
ἐποίχομαι,urn:cite2:hmt:lsj.chicago_md:n41783,hospitality_xenia,embed,0.54,0.295,0.245,1411,"go towards, approach; draw near to; approach with hostile purpose, attack; go over, traverse; go round, visit in succession; pass along troops; inspect; go his rounds; visiting; go over; ply; set about preparing; with; busily"
ἀξενᾰγώγητος,urn:cite2:hmt:lsj.chicago_md:n10994,hospitality_xenia,seed+embed,0.532,0.218,0.314,90,not received; guided as a guest
γραμμᾰτ-εῖον,urn:cite2:hmt:lsj.chicago_md:n22745,hospitality_xenia,embed,0.532,0.396,0.137,908,"that on which one writes, tablets; tablet; bond, document, contract; account-book, ledger; list in which; were enrolled; will, testament; pass(?); memorandum; petition; place where; were taught, a school; office of; public dining-hall"
ξενο-κτονέω,urn:cite2:hmt:lsj.chicago_md:n71529,hospitality_xenia,embed,0.532,0.347,0.186,105,slay guests; strangers
δειπν-ητήριον,urn:cite2:hmt:lsj.chicago_md:n23748,hospitality_xenia,embed,0.531,0.33,0.2,98,dining-room
οἴκ-ημα,urn:cite2:hmt:lsj.chicago_md:n72275,hospitality_xenia,embed,0.531,0.33,0.2,1057,"dwelling-place; building, house; room, chamber; bed-chamber; dining-room; brothel; cage; stable; stall; temple, shrine; room in a temple; prison; storeroom; workshop; story, floor"
στρουκτώριον,urn:cite2:hmt:lsj.chicago_md:n97289,hospitality_xenia,embed,0.531,0.33,0.2,131,dining-room; structor
συνδείπν-ιον,urn:cite2:hmt:lsj.chicago_md:n99623,hospitality_xenia,embed,0.531,0.33,0.2,127,dining-room
οἰκο-δέγμων,urn:cite2:hmt:lsj.chicago_md:n72309,hospitality_xenia,embed,0.527,0.301,0.226,89,one who receives people into his house
ἀπό-ξενος,urn:cite2:hmt:lsj.chicago_md:n13332,hospitality_xenia,seed+embed,0.526,0.322,0.204,246,"alien to guests, inhospitable; far from; banished from.."
ἑστίᾱσις,urn:cite2:hmt:lsj.chicago_md:n42990,hospitality_xenia,seed+embed,0.526,0.447,0.079,311,"feasting, banqueting, entertainment; banquet; public dinner given by a citizen to his fellow-citizens"
ξενο-κᾱδής,urn:cite2:hmt:lsj.chicago_md:n71525,hospitality_xenia,embed,0.525,0.355,0.171,79,caring for strangers
ξενο-δᾰΐκτης,urn:cite2:hmt:lsj.chicago_md:n71512,hospitality_xenia,embed,0.521,0.347,0.175,146,one who murders guests; strangers
θάλεια,urn:cite2:hmt:lsj.chicago_md:n47789,hospitality_xenia,embed,0.519,0.481,0.038,942,"rich, plentiful; a goodly; bloom of youth; patroness of festive meetings; six"
εὐωχ-ητής,urn:cite2:hmt:lsj.chicago_md:n45573,hospitality_xenia,seed+embed,0.518,0.235,0.284,71,"a reveller, guest"
εὐωχ-ητήριον,urn:cite2:hmt:lsj.chicago_md:n45572,hospitality_xenia,embed,0.517,0.256,0.261,65,banqueting-house
δομόω,urn:cite2:hmt:lsj.chicago_md:n27983,hospitality_xenia,embed,0.516,0.202,0.314,73,provide with lodging
περιοδ-ευτής,urn:cite2:hmt:lsj.chicago_md:n81765,hospitality_xenia,embed,0.515,0.37,0.145,213,traveller; medical practitioner; visitor
προσεφέλκομαι,urn:cite2:hmt:lsj.chicago_md:n89342,hospitality_xenia,embed,0.515,0.171,0.344,152,draw after one besides; go so far as to invite persons
ἀνακλιν-τήρ,urn:cite2:hmt:lsj.chicago_md:n6734,hospitality_xenia,embed,0.514,0.236,0.277,94,neighbour at dinner
συμπαρ-ουσία,urn:cite2:hmt:lsj.chicago_md:n98583,hospitality_xenia,embed,0.514,0.235,0.279,161,presence together; presence alongside
ὑποδοχ-εύς,urn:cite2:hmt:lsj.chicago_md:n108340,hospitality_xenia,seed+embed,0.513,0.319,0.194,161,"receiver, host; entertaining"
συνίστημι,urn:cite2:hmt:lsj.chicago_md:n100693,hospitality_xenia,embed,0.512,0.611,-0.099,10516,"BJ Prooem.; set together, combine; combine, associate, unite; unite; bring; into union with; win, acquire; put together, organize, frame; contrive; settle; rendering; arrange in order of battle, rally; erect; so as to meet; compose; bring together as friends, introduce; recommend one to another; introduced; recommended; recommend, secure approval of; recommend; bring about; place in the charge of; appoint; offer; as a guarantee; introduce the party; guarantee; make solid; firm, brace up; sets; contract, condense; make; congeal, curdle; with a frown; exhibit, give proof of; prove, establish; stand together; form in order of battle; to be joined; continued; meet in fight, be engaged with; was at odds with..; were at issue; makes a dead set at; to be involved; implicated; form a league; union, band together; league themselves; conspiracy; conspirators; to be connected; allied; put yourself into connexion with.., PMag. Leid.W.; acting with; to be in session; to come; be put together; organized; to be composed; arise, take shape; body; arise; come into existence, exist; to be compact, solid, firm; acquire substance; consistency; concentrated; congealed, frozen; to be contracted; frowning; absorbed in thought; it is well known; constat; to be weighed together"
φῐλ-οδίτης,urn:cite2:hmt:lsj.chicago_md:n111133,hospitality_xenia,embed,0.509,0.326,0.184,101,friend of travellers
φιλῖτα,urn:cite2:hmt:lsj.chicago_md:n111134,hospitality_xenia,embed,0.509,0.326,0.184,70,friend of travellers
ἀσπ-αστός,urn:cite2:hmt:lsj.chicago_md:n16363,hospitality_xenia,seed+embed,0.507,0.303,0.204,515,welcome; to be welcomed
ξεν-ᾰπάτης,urn:cite2:hmt:lsj.chicago_md:n71488,hospitality_xenia,seed+embed,0.507,0.364,0.143,279,one who cheats strangers; one who betrays his host; a treacherous breeze
σκην-ή,urn:cite2:hmt:lsj.chicago_md:n94769,hospitality_xenia,seed+embed,0.507,0.293,0.214,2515,"tent, booth; camp; hut; booth; tabernacle; stage-building; a sort of; heroes represented on the stage; actors, players; actually represented on the stage; songs; odes sung by one of the actors standing on the stage; stage-effect, acting, unreality; stage’; theatrical trick, deception; tented cover, tilt of a wagon; carriage; bed-tester; hidden; state-cabin; entertainment given in tents, banquet"
φῐδ-ίτῐον,urn:cite2:hmt:lsj.chicago_md:n110782,hospitality_xenia,embed,0.507,0.311,0.196,1733,common mess; dining-hall; philitiis
ἐπιχωρ-ιάζω,urn:cite2:hmt:lsj.chicago_md:n41704,hospitality_xenia,embed,0.506,0.357,0.149,777,"to be in the habit of visiting; live much with; to be occupied with; to be customary, be the fashion in; to be the custom; fashion; acquire the local character; make an inroad; call in the language of the country"
Τρῐβαλλοί,urn:cite2:hmt:lsj.chicago_md:n104816,hospitality_xenia,embed,0.506,0.263,0.243,686,the Triballi; young fellows who lounge about taverns; tavern-bred Mohocks
μῡρῐο-τᾱγός,urn:cite2:hmt:lsj.chicago_md:n69296,hospitality_xenia,seed+embed,0.501,0.269,0.231,86,leader of a countless host
παρα-θέτης,urn:cite2:hmt:lsj.chicago_md:n78007,hospitality_xenia,embed,0.501,0.312,0.188,62,one who serves up dishes
παρά-στᾰσις,urn:cite2:hmt:lsj.chicago_md:n78805,hospitality_xenia,embed,0.501,0.439,0.062,2591,"putting aside, removal; relegation, banishment; display, exposure for sale; setting forth, exhibition, manifestation; placing before one, representation; proof; placing beside; production; provision; being beside; position; post near; arrival, visit; assistance, succour; manifestation; proximity, presence; room, space; free spaces; pomp, magnificence; mental excitement, ardour, exaltation; desperate courage; fury, desperation; propensity, desire; impulse; money deposit, court fee"
ἐνεστιάομαι,urn:cite2:hmt:lsj.chicago_md:n35445,hospitality_xenia,embed,0.499,0.332,0.167,65,give an entertainment in
ἄντομαι,urn:cite2:hmt:lsj.chicago_md:n10758,hospitality_xenia,embed,0.498,0.348,0.15,773,"meet; opposed; stopped; meet with favour, greet; approach with prayers, entreat; beg"
κοπίς,urn:cite2:hmt:lsj.chicago_md:n58969,hospitality_xenia,seed+embed,0.498,0.373,0.125,613,"chopper, cleaver; broad curved knife; sting of a scorpion; feast given on certain festivals to strangers"
κλῆσις,urn:cite2:hmt:lsj.chicago_md:n57899,hospitality_xenia,embed,0.496,0.334,0.162,963,"calling, call; calling into court, summons, prosecution; invitation; invocation; calling to aid; calling; name, appellation; by name; reputation; nominatives; nominative form; classis"
παραιτ-έομαι,urn:cite2:hmt:lsj.chicago_md:n78071,hospitality_xenia,embed,0.496,0.371,0.125,3110,"beg of; from; ask as a favour of; asks; for permission to; having obtained; leave; intercede with, appeal to; entreating; and saying; beg; pardon for; entreat; to; avert by entreaty, deprecate; decline, deprecate; refuse; do not admit; reject; except; reject the use of, avoid; demand exemption from; ask; to excuse; decline; invitation; pace Ephori; divorce; dismiss; relieve; intercede for, beg off; excuse; from the charge"
προκαλ-έω,urn:cite2:hmt:lsj.chicago_md:n87626,hospitality_xenia,embed,0.496,0.384,0.112,2773,"call forth; to be evoked; call out to fight, challenge; challenge; challenges; invite; summon; entice; endeavour to attach; invite, admonish; at; after; invitation; appeal; offer, propose; offer; make an offer; make; an offer; call up; forth"
τρίκλῑν-ος,urn:cite2:hmt:lsj.chicago_md:n104985,hospitality_xenia,embed,0.496,0.381,0.115,762,with three couches; dining-room with three couches; party; dinner-party; set of three couches; barn
φῐλί-ωσις,urn:cite2:hmt:lsj.chicago_md:n111053,hospitality_xenia,embed,0.494,0.255,0.238,74,making friendly
κᾰκό-ξενος,urn:cite2:hmt:lsj.chicago_md:n52278,hospitality_xenia,seed+embed,0.492,0.384,0.108,274,"unfortunate in guests; unfriendly to strangers, inhospitable"
στρᾰτόω,urn:cite2:hmt:lsj.chicago_md:n97153,hospitality_xenia,seed+embed,0.492,0.274,0.219,238,"to be on a campaign, in the field; assembled as a host"
φῐλοξεν-έω,urn:cite2:hmt:lsj.chicago_md:n111349,hospitality_xenia,seed+embed,0.492,0.336,0.157,256,entertain hospitably; love foreign fashions
χαιρετ-ισμός,urn:cite2:hmt:lsj.chicago_md:n112928,hospitality_xenia,embed,0.492,0.256,0.236,133,"greeting, visit; salutation"
κατόπτ-ης,urn:cite2:hmt:lsj.chicago_md:n56072,hospitality_xenia,embed,0.491,0.392,0.099,436,one who visits; explores; one who contemplates; overseer
κλητ-ικός,urn:cite2:hmt:lsj.chicago_md:n57905,hospitality_xenia,embed,0.491,0.289,0.202,297,of; for invitation; invocatory; vocative
θυρ-αῖος,urn:cite2:hmt:lsj.chicago_md:n49470,hospitality_xenia,embed,0.49,0.387,0.103,1212,"at the door; just outside the door; to; door; out; exposed, naked; absent, abroad; from abroad; the public eye; from out of doors, from abroad; strangers; of strangers; of others; adoptive; containing a door; entrance; doorway, opening"
ξενο-δοχία,urn:cite2:hmt:lsj.chicago_md:n71519,hospitality_xenia,seed+embed,0.488,0.413,0.075,103,entertainment of a stranger
συνεστῐ-άω,urn:cite2:hmt:lsj.chicago_md:n100427,hospitality_xenia,seed+embed,0.486,0.295,0.191,215,help to entertain; live; feast along with; together
προσηλύτ-ευσις,urn:cite2:hmt:lsj.chicago_md:n89371,hospitality_xenia,seed+embed,0.484,0.415,0.068,80,residence as a stranger
δειπν-έω,urn:cite2:hmt:lsj.chicago_md:n23744,hospitality_xenia,seed+embed,0.483,0.399,0.084,912,"make a meal; take the chief meal, dine; make; serve as dinner; with; make a meal on; entertain"
μεσό-τοιχος,urn:cite2:hmt:lsj.chicago_md:n66509,hospitality_xenia,embed,0.483,0.251,0.233,244,party-wall; having a party-wall
οἰκονομ-έω,urn:cite2:hmt:lsj.chicago_md:n72345,hospitality_xenia,embed,0.482,0.424,0.058,897,"manage as a house-steward, order, regulate; dispense; disburse; treat; treat, handle; administer; to be a house-steward"
περίσχεσις,urn:cite2:hmt:lsj.chicago_md:n82328,hospitality_xenia,seed+embed,0.481,0.277,0.204,216,surrounding; taking in flank; surrounding host; blockade
φῐλο-γείτων,urn:cite2:hmt:lsj.chicago_md:n111081,hospitality_xenia,embed,0.481,0.347,0.134,104,friendly to oneʼs neighbours
θοιν-άω,urn:cite2:hmt:lsj.chicago_md:n48928,hospitality_xenia,seed,0.472,0.496,-0.024,1178,"feast on, eat; to be feasted upon; sacrificed; feast, entertain; gave; upon; to be feasted, feast, banquet; to feast; feast on; eating"
κατευωχέομαι,urn:cite2:hmt:lsj.chicago_md:n55898,hospitality_xenia,seed,0.472,0.353,0.119,222,"feast and make merry on; feast, entertain"
θᾰλία,urn:cite2:hmt:lsj.chicago_md:n47797,hospitality_xenia,seed,0.471,0.356,0.115,542,"abundance, good cheer; festivities; funeral-feast"
κατά-λῠσις,urn:cite2:hmt:lsj.chicago_md:n54446,hospitality_xenia,seed,0.471,0.287,0.184,1377,"dissolution, putting down; dismissal, disbanding; breaking up; dismissal; pacification; end, termination; settlement; feebleness, impotence; resting, lodging; rest; restingplace, guest-chamber, quarters, lodging; billets"
ὑπό,urn:cite2:hmt:lsj.chicago_md:n108092,hospitality_xenia,seed,0.47,0.405,0.065,21730,"úpa; uf; from under; from the consequences of; under; under, beneath; in under; NT;; by; before; from; at; accompanying; attendant; accompanied by; in; with; the angle; the rectangle contained by; laden with; NT; foot; next below; yoked to; Deff.* 135.12; ὑ. τῷ δέρματι Gal. 18(2).102. `A.I.2` with Verbs of motion, where rest or position follows, εἷσαν ὑ. φηγῷ set [him]; or; , or; , or the thing; oneʼs; one,; a great host, Nic.Dam. 10J.; ὑ. δικαιοσύνῃ διαγαγεῖν τὸν βίον Pl. *Ep.* 335d.— ὑπό has no sense c. dat. which it has not also c. gen.; but all its senses c. gen. do not belong to the dat.:—later ὑπό c. dat. is found as a mere periphr. of the dat., στέφος.. αὐτὸς ὑφʼ ἡμετέραις πλεξάμενος παλάμαις *AP* 5.73 ( Rufin.), cf. 85 ( Claudian.); λέων ὑπʼ ἄκοντι τετυμμένος A.R. 2.26, cf. Man. 2.131. `C` WITH ACCUSATIVE, of Place; to express motion; an object, ὑ. σπέος ἤλασε μῆλα drove them; , i.e.; of it, i.e.; a lofty citadel, ἤλθεθʼ ὑ. Τροίην; the sun, Il. 5.267; ὑπʼ αὐγὰς ἠελίοιο φοιτῶσι Od. 2.181; τῶν ὑ. τοῦτον τὸν ἥλιον.. ἀνθρώπων D. 18.270; τὰ ὑ. τὴν ἄρκτον Hdt. 5.10, cf. Arist. *Mete.* 362a17; οἴκησις ἡ λεγομένη ὑ. τὸν πόλον Gem. 5.38, cf. 16.21, al.; ὑ. τὸν οὐρανόν LXX *Ex.* 17.14, al., *UPZ* 106.14 (i B.C.); τὸ ὑ. τὴν ἀκρόπολιν Th. 2.17; ὁ ὑ. γῆν λεγόμενος εἶναι θεός Hdt. 7.114, cf. Il. 19.259; ὑ. γῆν is more freq. than ὑ. γῆς in Arist., *Mete.* 349b29, al., in Hipparch., 1.3.10, al., and entirely supersedes ὑ. γῆς in Hdt., 2.124, 125, 127, 148, 150, 3.102, 4.195, 7.114, and Gem., 2.19, al.; it is found also in Plb. 21.28.11, etc.; ὑ. γῆν; of a triangle, Hero; holding; up to; close to; next to; inscribed in; subtending; in the category of; subjection, control, dependence; in the course of, during; duration; throughout; during; about; at the time of; just at; at the very time of; under, below, beneath; under the mother; at the breast; behind; casing; covering; agency; influence under which; somewhat, a little; underhand, secretly"
ξεν-εών,urn:cite2:hmt:lsj.chicago_md:n71491,hospitality_xenia,seed,0.461,0.241,0.22,121,"guest-chamber; almshouse, hospital"
ξεν-ών,urn:cite2:hmt:lsj.chicago_md:n71567,hospitality_xenia,seed,0.461,0.241,0.22,232,guest-chamber
ἀκρᾱτ-ίζομαι,urn:cite2:hmt:lsj.chicago_md:n3427,hospitality_xenia,seed,0.458,0.318,0.14,470,drink neat wine; breakfast; bread dipped in wine; to breakfast on; entertain at breakfast
προεστιάω,urn:cite2:hmt:lsj.chicago_md:n87422,hospitality_xenia,seed,0.453,0.326,0.127,72,"feast, entertain before"
ἀναιρέω,urn:cite2:hmt:lsj.chicago_md:n6616,hospitality_xenia,seed,0.451,0.408,0.044,4117,"take up; having raised; take up and carry off, bear away; make away with, destroy; kill; abrogate, annul; abolish; destroy; confute; confute directly; do away with; deny; appoint, ordain; answer, give a response; give an oracle; take up for oneself, take up, pick up; achieve, win; take; I should take; into my service; get; exact; take up and carry off, snatch; take up for burial; take up in oneʼs arms; own; conceive in the womb; withdraw; upon oneself, undertake; against; undertake, contract for the execution of; accept as oneʼs own, adopt; entertain; rescind, cancel"
δέχομαι,urn:cite2:hmt:lsj.chicago_md:n24289,hospitality_xenia,seed,0.451,0.388,0.064,5545,"take, accept, receive; receive; at the hand of; accept; receive in exchange for..; choose; prefer; catch; take, accept; accept, hail; accept, approve; forgive; give ear to, hear; take; regard; understand; cap; take upon oneself; undertake; welcome; to admit; admit; accept as security; entertain; receive as an enemy, await the attack of; waiting for; expect, wait; expect; occupy, engage; receive, hold; admit of; contain, circum-scribe; succeed, come next; desiti, dositi"
δοξ-άζω,urn:cite2:hmt:lsj.chicago_md:n28003,hospitality_xenia,seed,0.451,0.487,-0.035,1470,"think, imagine; can I suppose; expecting; to be supposed; will suppose that; entertain; hold; opinions; form; hold an opinion; to be matter of opinion; magnify, extol; to be distinguished, held in honour, magnified"
δυσπρόσ-δεκτος,urn:cite2:hmt:lsj.chicago_md:n29458,hospitality_xenia,seed,0.451,0.306,0.145,137,"hardly admitted, disagreeable; disinclined to entertain"
ἐκδέχομαι,urn:cite2:hmt:lsj.chicago_md:n31849,hospitality_xenia,seed,0.451,0.329,0.123,1645,"take; receive from; on oneself; take up the argument; wait for, expect; wait; understand in a certain sense; entertain; to be surety for; await; come next; Peripl.M. Rubr.; support"
ἐπιβαίνω,urn:cite2:hmt:lsj.chicago_md:n38876,hospitality_xenia,seed,0.451,0.399,0.052,5051,"go upon; set foot on, tread, walk upon; set foot on; placed upon..; get upon, mount on; to be superposed; arrive at; have trodden the path of; enter into; entertain; undertake; seize upon; preside over; get upon, board; land on; make forcible entry into; set upon, assault; approach; trample on; light upon; lighting upon; light on; go on to; enter; attack; mount; cover; use, put oneʼs weight on; get a footing, stand on oneʼs feet; set foot; step onwards; advance; advance in oneʼs demands; mount on a; chariot; on horseback, be mounted; go; be on board ship; make; mount, set; upon; set; on; bring; to; had brought thee to; sets"
ὑπολαμβάνω,urn:cite2:hmt:lsj.chicago_md:n108660,hospitality_xenia,seed,0.451,0.362,0.09,4738,"take up by getting under; bear up, support; take up, seize; come suddenly upon; taking up; follow next, come next; take up; interpret; understand; rejoin, retort; reply that; retort by asking; in answer; take up, interrupt; fight with; take up and turn; receive and protect; admit; take in hand, treat; accept; entertain; take it; assume, suppose; assume; conceive of; I assume; opinion; has been formed; is understood; suspect, disbelieve; regard; draw away, seduce; take away, remove; seize; remove; receive; hold up; check"
εἰλᾰπῐν-αστής,urn:cite2:hmt:lsj.chicago_md:n31042,hospitality_xenia,seed,0.45,0.292,0.158,138,"feaster, guest, boon-companion"
ἐπιδεξῐ-όομαι,urn:cite2:hmt:lsj.chicago_md:n39150,hospitality_xenia,seed,0.449,0.292,0.158,78,entertain one another
δαίς,urn:cite2:hmt:lsj.chicago_md:n23250,hospitality_xenia,seed,0.447,0.397,0.05,627,"meal, banquet; duly shared; banquet; sacrificial feast; Fr.inc.; the feast; meat, food"
θοιν-ᾱτήρ,urn:cite2:hmt:lsj.chicago_md:n48924,hospitality_xenia,seed,0.447,0.357,0.089,119,one who gives a feast; lord of a; feast
συνδαίνῡμι,urn:cite2:hmt:lsj.chicago_md:n99605,hospitality_xenia,seed,0.447,0.311,0.136,176,entertain together; share; feast with; feast together
ἑορτ-ή,urn:cite2:hmt:lsj.chicago_md:n37799,hospitality_xenia,seed,0.446,0.386,0.06,1136,"feast, festival, holiday; a feast; holiday-making, amusement, pastime; the fair; a holiday; assembled multitude at a festival"
παρεπι-δημέω,urn:cite2:hmt:lsj.chicago_md:n79449,hospitality_xenia,seed,0.444,0.325,0.12,275,sojourn as a stranger in a place; travel
παρεπιδαμίων,urn:cite2:hmt:lsj.chicago_md:n79450,hospitality_xenia,seed,0.444,0.325,0.12,241,sojourn as a stranger in a place; travel
διάγω,urn:cite2:hmt:lsj.chicago_md:n24666,hospitality_xenia,seed,0.439,0.374,0.065,2399,"carry over; across; cross over; draw through; across, produce; draw apart; pass, spend; 1 Ep.Tim.; celebrate; pass life, live; tarry; delay; spin out, protract; divert, fob off; continue; continue doing; conduct oneself; cause to continue, keep; entertain, feed; manage; separate, force apart; divert"
ξενο-φονέω,urn:cite2:hmt:lsj.chicago_md:n71554,hospitality_xenia,seed,0.438,0.182,0.256,55,murder oneʼs host
πολῠ-ασπις,urn:cite2:hmt:lsj.chicago_md:n84637,hospitality_xenia,seed,0.438,0.153,0.285,96,many-shielded; of a large host
συνοίκ-ια,urn:cite2:hmt:lsj.chicago_md:n100784,hospitality_xenia,seed,0.436,0.28,0.156,320,a public feast in memory of Theseus’ uniting all the towns of Attica into a single city-state; a joint lodging; synoecium
δαίνῡμι,urn:cite2:hmt:lsj.chicago_md:n23243,hospitality_xenia,seed,0.435,0.389,0.046,1626,"give a banquet; feast; to give; on; thou shalt be; have a feast given one, feast; feast on, eat; eat; consume"
ἀντασπάζομαι,urn:cite2:hmt:lsj.chicago_md:n9519,hospitality_xenia,seed,0.434,0.248,0.187,176,"welcome, greet in turn; return greeting; receive kindly"
προσκῠν-έω,urn:cite2:hmt:lsj.chicago_md:n89676,hospitality_xenia,seed,0.43,0.369,0.061,2425,"make obeisance; fall down and worship; do reverence to; prostrating oneself before; throw a kiss to; kiss; greet; welcome respectfully, respect"
συνυπο-δέχομαι,urn:cite2:hmt:lsj.chicago_md:n101125,hospitality_xenia,seed,0.43,0.338,0.091,84,"receive, entertain together"
φῐλοφρον-έομαι,urn:cite2:hmt:lsj.chicago_md:n111571,hospitality_xenia,seed,0.43,0.424,0.006,1245,"treat; deal with kindly, show favour to; salute; greet; embrace; show a favour; indulge; to be of a kindly, cheerful temper; cheer, please, be welcome to"
χαίρω,urn:cite2:hmt:lsj.chicago_md:n112934,hospitality_xenia,seed,0.43,0.427,0.002,8668,"rejoice, be glad; to rejoice; rejoice at, take pleasure in; express oneʼs joy; I rejoice at; am glad to; delight in; to be wont; thou wilt; shalt; rejoice; thou shalt; go unpunished, shalt repent; hail, welcome; accept the greeting; hear the word; welcome; have thy pleasure; fare-thee-well; have done with.., away with; dismiss from oneʼs mind, put away, renounce; be of good cheer; good luck be; glad, joyful; in joy; safe and sound, with impunity; to oneʼs cost; fare; well; rejoicing; with a benison; háryati; heriest; horior."
συμφαντάζομαι,urn:cite2:hmt:lsj.chicago_md:n98887,hospitality_xenia,seed,0.429,0.364,0.065,167,to be imagined along with; entertain fancies along with
δόρπιος,urn:cite2:hmt:lsj.chicago_md:n28097,hospitality_xenia,seed,0.428,0.353,0.076,164,belonging to the feast; supper-time
εὐωχ-έω,urn:cite2:hmt:lsj.chicago_md:n45570,hospitality_xenia,seed,0.426,0.37,0.056,1497,"entertain sumptuously; to feed well; fare sumptuously, feast; after dinner; feast upon, enjoy; to hold a feast; eat their fill; having eaten its fill of; to entertain; with; relish, enjoy"
φῠγό-ξενος,urn:cite2:hmt:lsj.chicago_md:n112483,hospitality_xenia,seed,0.425,0.354,0.071,91,"shunning strangers, inhospitable"
ἑστι-άρχης,urn:cite2:hmt:lsj.chicago_md:n42988,hospitality_xenia,seed,0.424,0.327,0.096,110,the master of a feast
ἀπαρχή,urn:cite2:hmt:lsj.chicago_md:n11577,hospitality_xenia,seed,0.42,0.491,-0.07,1370,"beginning of a sacrifice, primal offering; banquet; firstlings; first-fruits; tax on inheritances; tax; entrance fee; board of officials; birth-certificate"
εἰλᾰπῐν-η,urn:cite2:hmt:lsj.chicago_md:n31043,hospitality_xenia,seed,0.42,0.372,0.049,308,solemn feast; banquet
ἑστί-ᾱμα,urn:cite2:hmt:lsj.chicago_md:n42986,hospitality_xenia,seed,0.42,0.292,0.129,142,banquet
κλῑν-η,urn:cite2:hmt:lsj.chicago_md:n57936,hospitality_xenia,seed,0.42,0.292,0.129,817,"that on which one lies, couch; couch; bier; grave-niche; lectisternium; banquet"
κλῐσία,urn:cite2:hmt:lsj.chicago_md:n57965,hospitality_xenia,seed,0.42,0.343,0.077,1449,"place for lying down; reclining; hut, shed, booth; cot, cabin; hut; camp; shops; chapel; anything for lying; sitting upon, couch; easy chair; couch for reclining on at table; place on such couch; nuptial bed; company; sitting at meals; banquet; room for company; way of lying, decubitus"
σκην-έω,urn:cite2:hmt:lsj.chicago_md:n94768,hospitality_xenia,seed,0.42,0.365,0.055,856,"to be; dwell in a tent, encamp; to be quartered; billeted; went; and quartered themselves there; have oneʼs meals; banquet; may"
σύνδειπν-ον,urn:cite2:hmt:lsj.chicago_md:n99624,hospitality_xenia,seed,0.42,0.296,0.124,127,common meal; banquet
ἀρχι-τρίκλῑνος,urn:cite2:hmt:lsj.chicago_md:n16019,hospitality_xenia,seed,0.415,0.258,0.157,120,president of a banquet; triclinium; head-waiter
δᾱμοθοινία,urn:cite2:hmt:lsj.chicago_md:n23401,hospitality_xenia,seed,0.414,0.263,0.15,96,public feast
δημοθοιν-ία,urn:cite2:hmt:lsj.chicago_md:n24408,hospitality_xenia,seed,0.414,0.263,0.15,176,public feast
δημοθοιν-έω,urn:cite2:hmt:lsj.chicago_md:n24407,hospitality_xenia,seed,0.41,0.271,0.139,89,give a public feast
ἀναδέχομαι,urn:cite2:hmt:lsj.chicago_md:n6439,hospitality_xenia,seed,0.409,0.388,0.021,1733,"take up, catch, receive; receive, entertain; take upon oneself, submit to; acknowledge; accept, receive; accept; admit of; undertake; take upon oneself; give security to one; go bail for; undertake to satisfy; take back; experience, suffer; wait for"
κατα-λύτης,urn:cite2:hmt:lsj.chicago_md:n54450,hospitality_xenia,seed,0.407,0.295,0.113,120,"lodger, stranger; arbitrator"
δεξιόομαι,urn:cite2:hmt:lsj.chicago_md:n24082,hospitality_xenia,seed,0.405,0.546,-0.141,929,"greet with the right hand, welcome; canvass; to raise oneʼs right hand; pay greeting; honour to; pledging one in; with right hands joined"
ἐπί-κλητος,urn:cite2:hmt:lsj.chicago_md:n39755,hospitality_xenia,seed,0.4,0.585,-0.185,818,"called upon, called in as; ally; specially summoned; privy; convocation, assembly; privy councillors; committee; called to; appointed; designated; summoned before; accused; invited in addition, supernumerary guest; alien, foreign; irrelevant"
ζηλοτῠπ-ία,urn:cite2:hmt:lsj.chicago_md:n46219,hostility_enmity,seed+embed,0.855,0.459,0.396,248,"jealousy, rivalry, envy"
ἔχθρ-α,urn:cite2:hmt:lsj.chicago_md:n45936,hostility_enmity,seed+embed,0.772,0.391,0.381,1061,"hatred, enmity; hatred for, enmity to; at feud; personal enmity; hostility; hatred"
ἐχθο-δοπέω,urn:cite2:hmt:lsj.chicago_md:n45930,hostility_enmity,seed+embed,0.766,0.311,0.455,112,"show enmity towards, engage in hostility with"
λῡπ-ηρός,urn:cite2:hmt:lsj.chicago_md:n64154,hostility_enmity,seed+embed,0.761,0.508,0.253,972,"painful, distressing; causing pain; causing sorrow; causing pain, troublesome; objects of jealousy and envy; sad; painfully, so as to cause pain; painful; with pain, so as to feel; show pain"
ἀντιπαρ-ᾰγωγή,urn:cite2:hmt:lsj.chicago_md:n10261,hostility_enmity,seed+embed,0.749,0.304,0.446,202,flank march; machinations; hostility
πολέμ-ιος,urn:cite2:hmt:lsj.chicago_md:n84422,hostility_enmity,seed+embed,0.749,0.463,0.286,1692,"of; belonging to war; Expl.Arch. de Délos; war and its business; like an enemy, hostile; hostile; enemy; the enemy; hostility; towards; opposed, adverse; most hurtful; from the enemy; enemyʼs wares, contraband; the enemyʼs country; in hostile manner; warlike, skilled in war."
φῐλοτῑμ-ία,urn:cite2:hmt:lsj.chicago_md:n111544,hostility_enmity,seed+embed,0.737,0.781,-0.043,2159,"love of honour; distinction, ambition; ambitious rivalry; jealousies, rivalries; party-feelings; conceited obstinacy; ambitious display, ostentation; lavish outlay for public purposes, munificence; occasions for munificence; honour, distinction, credit; credit; charitable; the conduct of one Philotimus"
ἀνταῖος,urn:cite2:hmt:lsj.chicago_md:n9389,hostility_enmity,seed+embed,0.711,0.324,0.387,572,"set over against, right opposite; in front, right in the breast; opposed to, hostile, hateful; hostile purposes; besought with prayers"
δυσμεν-ικός,urn:cite2:hmt:lsj.chicago_md:n29227,hostility_enmity,seed+embed,0.709,0.332,0.376,93,"like an enemy, hostile"
πολεμ-ικός,urn:cite2:hmt:lsj.chicago_md:n84421,hostility_enmity,seed+embed,0.709,0.438,0.271,1395,"of; for war; most fit for service; the art of war; warlike exercises; signal for battle; war; an air on the flute; fighting part; skilled in war, warlike; warlike spirit; like an enemy, hostile; stirring up hostility"
φῐλᾰπεχθ-ημοσύνη,urn:cite2:hmt:lsj.chicago_md:n110864,hostility_enmity,embed,0.698,0.428,0.269,169,"fondness for making enemies, quarrelsomeness; quarrelsome attempts"
ἐχθρός,urn:cite2:hmt:lsj.chicago_md:n45948,hostility_enmity,seed+embed,0.694,0.321,0.373,1418,"hated, hateful; hateful; hating, hostile; averse from; enemy; one who has been; but is alienated; one who is at war; one who has long been alienated and refuses to be reconciled."
πᾰν-εχθής,urn:cite2:hmt:lsj.chicago_md:n77404,hostility_enmity,seed+embed,0.694,0.31,0.384,97,all-hostile: all-hateful
ἐπίφθον-ος,urn:cite2:hmt:lsj.chicago_md:n41513,hostility_enmity,seed+embed,0.693,0.387,0.306,1062,"liable to envy; jealousy, looked on with jealousy, odious; invidious, hateful; envy; bearing a grudge against; malignant, hostile; liable to; hatred; in an invidious manner; with; invidiousness; at enmity"
νεῖκος,urn:cite2:hmt:lsj.chicago_md:n70039,hostility_enmity,seed+embed,0.693,0.414,0.279,1267,"quarrel, strife, feud; quarrel; strife of words, railing, abuse; strife at law, dispute before a judge; challenge; battle, fight; hostilities; separative principle"
μῑσ-αλληλία,urn:cite2:hmt:lsj.chicago_md:n67954,hostility_enmity,seed+embed,0.69,0.409,0.282,58,mutual hatred
ἀπεχθάνομαι,urn:cite2:hmt:lsj.chicago_md:n12024,hostility_enmity,seed+embed,0.685,0.402,0.283,1390,"to be hated, incur hatred; to be or become hateful to; incur; hate; roused to hate against; to be hateful; to be irritated; to be hated for; dislike; that causes hatred"
πολεμέω,urn:cite2:hmt:lsj.chicago_md:n84410,hostility_enmity,seed+embed,0.676,0.394,0.282,1913,"to be at war; make war; with; fight, do battle; our means of war are; quarrel, wrangle with; make war upon; have war made upon; to be treated as enemies; hostilities took place"
ἀντικέλευθος,urn:cite2:hmt:lsj.chicago_md:n10016,hostility_enmity,seed+embed,0.674,0.329,0.345,217,"pursuing an opposite path; opposite; opposing, hostile"
πολεμ-όω,urn:cite2:hmt:lsj.chicago_md:n84439,hostility_enmity,seed+embed,0.674,0.368,0.306,430,"make hostile, make an enemy of; you will make; your enemies; to be made an enemy of"
φῐλ-ερις,urn:cite2:hmt:lsj.chicago_md:n110943,hostility_enmity,seed+embed,0.674,0.433,0.241,149,"fond of strife, disputatious, quarrelsome"
βασκ-αίνω,urn:cite2:hmt:lsj.chicago_md:n19565,hostility_enmity,seed+embed,0.673,0.321,0.352,865,"bewitch; malign, disparage; envy, grudge; grudge; keep to oneself"
μέγαρ-σις,urn:cite2:hmt:lsj.chicago_md:n65550,hostility_enmity,seed+embed,0.672,0.376,0.296,62,"jealousy, envy"
ἄγη,urn:cite2:hmt:lsj.chicago_md:n487,hostility_enmity,seed+embed,0.668,0.433,0.234,324,"wonder, amazement; envy, malice; jealousy"
ἔρις,urn:cite2:hmt:lsj.chicago_md:n42522,hostility_enmity,seed+embed,0.668,0.406,0.262,2959,"strife, quarrel, contention; battle-strife; quarrel, strife; discord; wordy wrangling, disputation; Eris; Discord; contention, rivalry; rivalry; contest; rivalry with.."
ζηλοτῠπ-έω,urn:cite2:hmt:lsj.chicago_md:n46218,hostility_enmity,seed+embed,0.664,0.369,0.295,670,"to be jealous of; emulate; envy; regard with jealous anger; pretend to, affect; imitate, follow"
ἀφιλ-έχθρως,urn:cite2:hmt:lsj.chicago_md:n18347,hostility_enmity,seed+embed,0.661,0.373,0.289,79,with no disposition towards enmity
κνίζω,urn:cite2:hmt:lsj.chicago_md:n58184,hostility_enmity,embed,0.653,0.32,0.333,1379,"scratch, gash; pound, chop up; grate; tickle; chafe, tease; provoke, tease; will; attack; provoke to jealousy; does that touch you; provoke"
παραζηλ-όω,urn:cite2:hmt:lsj.chicago_md:n77978,hostility_enmity,embed,0.653,0.293,0.359,191,"provoke to jealousy; fret, be vexed; emulate, imitate"
ἐπιφθον-έω,urn:cite2:hmt:lsj.chicago_md:n41512,hostility_enmity,seed+embed,0.651,0.375,0.277,249,grudge; bear hate; a grudge against; to be regarded with jealous hate
ἐγκότ-ησις,urn:cite2:hmt:lsj.chicago_md:n30390,hostility_enmity,seed+embed,0.65,0.342,0.308,67,"anger at one, hatred"
ἐχθρόφρων,urn:cite2:hmt:lsj.chicago_md:n45949,hostility_enmity,seed+embed,0.65,0.274,0.376,72,hostile in disposition
φθον-έω,urn:cite2:hmt:lsj.chicago_md:n110740,hostility_enmity,seed+embed,0.648,0.393,0.254,3903,"bear ill-will; malice, grudge, be envious; jealous; envy; grudge; to envy; to be envious; bear a grudge; resent; feel righteous indignation at; take it ill; amiss; refuse from feelings of envy; ill-will, grudge; do not refuse; grudge, refuse to grant; to be grudging of; to be envied; begrudged; to be grudged"
φῐλονῑκ-έω,urn:cite2:hmt:lsj.chicago_md:n111337,hostility_enmity,seed+embed,0.646,0.555,0.091,1301,"to be fond of victory, engage in rivalry, be contentious; out of contentiousness, party spirit; to be eager; to be so obstinate as to choose"
ζῠγο-μᾰχία,urn:cite2:hmt:lsj.chicago_md:n46329,hostility_enmity,seed+embed,0.644,0.381,0.263,63,"quarrelling, strife"
μῑσο-πονηρία,urn:cite2:hmt:lsj.chicago_md:n68083,hostility_enmity,seed+embed,0.64,0.422,0.219,351,hatred of evil; hatred because of wickedness
ὑποδῃόομαι,urn:cite2:hmt:lsj.chicago_md:n108291,hostility_enmity,seed+embed,0.64,0.261,0.379,93,to be treated in hostile manner
ἐχθρο-ποιέω,urn:cite2:hmt:lsj.chicago_md:n45946,hostility_enmity,seed+embed,0.637,0.21,0.427,92,make hostile
φθόνος,urn:cite2:hmt:lsj.chicago_md:n110745,hostility_enmity,seed+embed,0.636,0.411,0.225,1844,"ill-will; malice; envy; jealousy; through envy; to be envied; envy for, jealousy of; will grudge, deny; jealousy felt by; envyings, jealousies, heartburnings; cause for indignation; reproach; refusal from feelings of ill-will; envy, grudging"
Στύξ,urn:cite2:hmt:lsj.chicago_md:n97397,hostility_enmity,seed+embed,0.635,0.616,0.019,576,"the Styx; the Hateful; a well of fatal coldness in Arcadia; monster, reptile; piercing chill, as of frost; hatred, abhorrence"
φῐλᾰπεχθ-ήμων,urn:cite2:hmt:lsj.chicago_md:n110865,hostility_enmity,embed,0.634,0.384,0.25,210,"fond of making enemies, quarrelsome; quarrelsome"
φῐλᾰπεχθ-ής,urn:cite2:hmt:lsj.chicago_md:n110865a,hostility_enmity,embed,0.634,0.384,0.25,140,"fond of making enemies, quarrelsome"
δάϊος,urn:cite2:hmt:lsj.chicago_md:n23245,hostility_enmity,seed+embed,0.633,0.422,0.211,1018,"hostile, destructive; burning, consuming; enemies; fighting man; hostile; unhappy, wretched; knowing, cunning"
εὐχερ-ής,urn:cite2:hmt:lsj.chicago_md:n45488,hostility_enmity,embed,0.632,0.425,0.206,1837,"tolerant of; indifferent to evil, unpleasantness; inaccuracy, not squeamish; loose; more readily, with fewer qualms; unscrupulous, reckless; heedlessly, recklessly; indifferent to danger; suffering, cool, unconcerned, unflinching; cool; coolly; easy; not dangerous; suitable, adapted"
ἀλλοτριόω,urn:cite2:hmt:lsj.chicago_md:n4517,hostility_enmity,seed+embed,0.63,0.429,0.201,890,"estrange from; deprive; withdrawn; make hostile to; become estranged, be made enemy; to be prejudiced; disguise oneself from; to be inaccessible; to be unnatural, have a strange taste; to be alienated from oneʼs natural condition; to be alienated, fall into other hands"
ἄγᾰμαι,urn:cite2:hmt:lsj.chicago_md:n316,hostility_enmity,seed+embed,0.629,0.437,0.193,2145,"wonder; admire; for; wonder at; to be delighted with; feel envy, bear a grudge; to be jealous; that; to be jealous of, angry at"
βασκ-ᾰνία,urn:cite2:hmt:lsj.chicago_md:n19566,hostility_enmity,embed,0.629,0.334,0.295,349,"malign influence, witchery; malignity; jealousy"
διαβολ-ή,urn:cite2:hmt:lsj.chicago_md:n24567,hostility_enmity,seed+embed,0.629,0.392,0.237,1220,"false accusation, slander; them; it slanderously said; charges; the accusations; discredit; prejudice against; ill-repute; prejudice; quarrel, enmity; fear, aversion; withstand; legal obligation(?); fraud"
δῠσ-ζηλία,urn:cite2:hmt:lsj.chicago_md:n29016,hostility_enmity,embed,0.629,0.334,0.295,48,jealousy
ζῆλος,urn:cite2:hmt:lsj.chicago_md:n46216,hostility_enmity,seed+embed,0.629,0.792,-0.163,1554,"jealousy; eager rivalry, emulation; zeal for; emulation; passion; rivalry; emulous desire; ambitions; fervour, zeal; indignation; pride, honour, glory; spirit; tastes, interests; style"
ζήλ-ωσις,urn:cite2:hmt:lsj.chicago_md:n46223,hostility_enmity,embed,0.629,0.373,0.256,289,"emulation, imitation; zealous pursuit; custom, fashion; jealousy"
ὕπ-οπτος,urn:cite2:hmt:lsj.chicago_md:n109018,hostility_enmity,embed,0.629,0.366,0.263,1387,"viewed with suspicion; jealousy; an object of suspicion to; suspected; matter for suspicion; suspected defects; expected, foreseen; under suspicion; suspecting, fearing; suspicion, jealousy; from suspicion; with suspicion"
ἐφάμιλλος,urn:cite2:hmt:lsj.chicago_md:n45596,hostility_enmity,seed+embed,0.624,0.426,0.197,538,"a match for, equal to, rivalling; equality, evenness; regarded as an object of rivalry; contention"
μῑσό-ξενος,urn:cite2:hmt:lsj.chicago_md:n68069,hostility_enmity,seed+embed,0.624,0.259,0.366,112,hostile to strangers
πικρότης,urn:cite2:hmt:lsj.chicago_md:n83140,hostility_enmity,embed,0.624,0.503,0.121,297,"pungency; bitterness; bitterness, harshness, cruelty"
στῠγ-ητός,urn:cite2:hmt:lsj.chicago_md:n97362,hostility_enmity,embed,0.624,0.384,0.239,141,"hated, abominated, hateful"
ἐκπολέμ-ωσις,urn:cite2:hmt:lsj.chicago_md:n32715,hostility_enmity,seed+embed,0.623,0.256,0.367,64,making hostile
μῑσ-εταιρία,urn:cite2:hmt:lsj.chicago_md:n67971,hostility_enmity,seed+embed,0.621,0.328,0.293,64,hatred of oneʼs comrades
ἐπικηραίνω,urn:cite2:hmt:lsj.chicago_md:n39704,hostility_enmity,seed+embed,0.619,0.255,0.364,51,to be hostile to
κᾰκήγορ-ος,urn:cite2:hmt:lsj.chicago_md:n52087,hostility_enmity,embed,0.619,0.34,0.278,254,"evil-speaking, abusive, slanderous; abusive of"
ἐχθρ-αίνω,urn:cite2:hmt:lsj.chicago_md:n45937,hostility_enmity,seed+embed,0.618,0.339,0.279,385,hate; oneʼs enemies; to be at enmity with; make hateful; hostile
ἐχθρ-εύω,urn:cite2:hmt:lsj.chicago_md:n45939,hostility_enmity,seed+embed,0.618,0.339,0.279,107,to be at enmity with
ἐχθρό-ξενος,urn:cite2:hmt:lsj.chicago_md:n45945,hostility_enmity,seed+embed,0.618,0.373,0.245,127,"hostile to strangers, inhospitable"
ἀνάρσιος,urn:cite2:hmt:lsj.chicago_md:n7425,hostility_enmity,seed+embed,0.614,0.329,0.285,612,"incongruous:; hostile, implacable; enemies; untoward, strange"
στύγος,urn:cite2:hmt:lsj.chicago_md:n97374,hostility_enmity,seed+embed,0.614,0.38,0.234,470,"hatred; sullenness, gloom; object of hatred, abomination; hated; deed of horror"
φιλ-ανδρία,urn:cite2:hmt:lsj.chicago_md:n110846,hostility_enmity,embed,0.612,0.411,0.2,308,love for a husband; examples of wifely affection; wifely jealousy; love of the male sex
ἀλληλο-φθονία,urn:cite2:hmt:lsj.chicago_md:n4422,hostility_enmity,seed+embed,0.61,0.434,0.176,53,mutual envy
κνίσ-μα,urn:cite2:hmt:lsj.chicago_md:n58203,hostility_enmity,embed,0.61,0.327,0.283,233,scratches; irritation; quarrels
μᾰχ-η,urn:cite2:hmt:lsj.chicago_md:n65295,hostility_enmity,seed+embed,0.61,0.443,0.167,2155,"battle, combat; single combat; a battle; battle; in battle; battle with; strifes; contention, strife; contest; struggle; mode of fighting, way of battle; field of battle; contradiction, inconsistency"
ἀπεχθ-ρεύω,urn:cite2:hmt:lsj.chicago_md:n12033,hostility_enmity,seed+embed,0.608,0.233,0.375,57,to be hostile
ἐκπολεμ-όω,urn:cite2:hmt:lsj.chicago_md:n32714,hostility_enmity,seed+embed,0.608,0.343,0.265,273,"make hostile, involve in war; become an enemy to, be set at feud with"
ἐχθρωδ-έω,urn:cite2:hmt:lsj.chicago_md:n45950,hostility_enmity,seed+embed,0.608,0.233,0.375,78,to be hostile
ἀπέχθεια,urn:cite2:hmt:lsj.chicago_md:n12025,hostility_enmity,seed+embed,0.607,0.347,0.26,722,"hatred; for; enmity, odium; enmities; hated; hateful; odium; enmity"
ἐχθ-αίρω,urn:cite2:hmt:lsj.chicago_md:n45917,hostility_enmity,seed+embed,0.607,0.347,0.26,1146,"hate, detest; do; bear; hatred; to be hateful"
μῑσ-αργῠρία,urn:cite2:hmt:lsj.chicago_md:n67963,hostility_enmity,seed+embed,0.607,0.508,0.099,71,hatred; contempt of money
μῖσος,urn:cite2:hmt:lsj.chicago_md:n68096,hostility_enmity,seed+embed,0.607,0.378,0.229,603,"hate, hatred; hate borne; hatred; hate felt against; grudge; hateful object"
προσφθονέω,urn:cite2:hmt:lsj.chicago_md:n90315,hostility_enmity,seed+embed,0.607,0.416,0.191,98,oppose through envy; regard with envy
στῠγ-έω,urn:cite2:hmt:lsj.chicago_md:n97359,hostility_enmity,seed+embed,0.606,0.432,0.175,1476,"hate, abhor; to show hatred; hate; fear; to be abhorred, detested; the horrid thing that I have done?; make hateful; would I make; a hate and fear"
συμμῑσοπονηρέω,urn:cite2:hmt:lsj.chicago_md:n98447,hostility_enmity,seed+embed,0.605,0.283,0.323,80,feel common hatred of what is bad
ἀντήεις,urn:cite2:hmt:lsj.chicago_md:n9761,hostility_enmity,seed+embed,0.603,0.295,0.308,77,hostile
ἀντίβῐος,urn:cite2:hmt:lsj.chicago_md:n9807,hostility_enmity,seed+embed,0.603,0.295,0.308,452,opposing force to force; wrangling; hostile; enemy
ἀντιπαρα-τάσσομαι,urn:cite2:hmt:lsj.chicago_md:n10287,hostility_enmity,seed+embed,0.603,0.295,0.308,592,stand in array against; hold oneʼs ground against; stand in hostile array; hostile array; hostile
ἀπεχθ-ής,urn:cite2:hmt:lsj.chicago_md:n12030,hostility_enmity,seed+embed,0.603,0.295,0.308,282,hateful; hostile; hated
ἀπο-στρέφω,urn:cite2:hmt:lsj.chicago_md:n13890,hostility_enmity,seed+embed,0.603,0.375,0.229,3420,"turn back; turn to flight; turn back from flight; send home again; bring back; having twisted back; guide back again; having turned; backwards; turn away, avert; bring back, recall; turn away; aside, divert; cut off; avert; prevent; rebut; dissuade from; aside; to be turned back; to have; bent back; twisted; closecurled; turn oneself from; away; back to back; turn oneʼs face away from, abandon; hostile; to be alienated; turn oneself about; escape; fall off from; desert"
ἀτῑμ-αστέος,urn:cite2:hmt:lsj.chicago_md:n17078,hostility_enmity,embed,0.603,0.339,0.264,176,to be despised; one must dishonour
δυσμεν-ής,urn:cite2:hmt:lsj.chicago_md:n29225,hostility_enmity,seed+embed,0.603,0.33,0.273,688,hostile; enemies; an enemy of
ἐχθρ-ικός,urn:cite2:hmt:lsj.chicago_md:n45941,hostility_enmity,seed+embed,0.603,0.295,0.308,94,hostile
ἐχθρώδ-ης,urn:cite2:hmt:lsj.chicago_md:n45951,hostility_enmity,seed+embed,0.603,0.295,0.308,224,hostile
καταφρον-έω,urn:cite2:hmt:lsj.chicago_md:n55544,hostility_enmity,embed,0.603,0.364,0.24,1456,"look down upon, think slightly of; regard slightly, despise; to be despised; to be disdainful, deal contemptuously; contempt; think contemptuously that.., presume; fix oneʼs thoughts upon, aim at; do; think of; aim at having; come to oneʼs senses"
πημ-ονή,urn:cite2:hmt:lsj.chicago_md:n82975,hostility_enmity,seed+embed,0.603,0.295,0.308,192,hostile
στυγν-ός,urn:cite2:hmt:lsj.chicago_md:n97369,hostility_enmity,seed+embed,0.603,0.401,0.203,934,"hated, abhorred; hateful; hostile; gloomy, sullen; sullenly, with an ill grace"
ὑπερφρον-έω,urn:cite2:hmt:lsj.chicago_md:n107952,hostility_enmity,embed,0.603,0.594,0.009,868,"to be over-proud, have high thoughts; to be proud in; of; overlook, look down upon, despise; to be despised; think slightly of; surpass in knowledge; excel in; wisdom"
φῐλεχθ-ρος,urn:cite2:hmt:lsj.chicago_md:n110977,hostility_enmity,seed+embed,0.603,0.31,0.294,212,disharmonic; prone to enmity; hostile
ἀηδ-ία,urn:cite2:hmt:lsj.chicago_md:n1852,hostility_enmity,embed,0.602,0.498,0.104,416,"nauseousness; unpleasantness; unpleasantness, odiousness; odious presence; disgust, dislike"
ἀφᾰδία,urn:cite2:hmt:lsj.chicago_md:n18089,hostility_enmity,seed+embed,0.602,0.325,0.277,102,enmity
διεχθρ-εύω,urn:cite2:hmt:lsj.chicago_md:n26740,hostility_enmity,seed+embed,0.602,0.325,0.277,111,enmity
ἔχθος,urn:cite2:hmt:lsj.chicago_md:n45933,hostility_enmity,seed+embed,0.602,0.469,0.133,481,hate; hatred for; enmity; object of
ζᾰμεν-ής,urn:cite2:hmt:lsj.chicago_md:n46091,hostility_enmity,seed+embed,0.602,0.409,0.193,421,"very strong, mighty, raging; of violence; enmity"
ἀφθῐτό-μητις,urn:cite2:hmt:lsj.chicago_md:n18308,hostility_enmity,seed+embed,0.6,0.408,0.192,116,of immortal counsel; of undying hatred
ἐρεθίζω,urn:cite2:hmt:lsj.chicago_md:n42256,hostility_enmity,embed,0.597,0.378,0.219,1697,"rouse to anger, rouse to fight; challenge to; provoke to curiosity; excite, chafe; irritation; causing; to touch; incite; to be provoked, excited; under provocation; irritated; to be quarrelsome; perverse"
ἀνάρτιος,urn:cite2:hmt:lsj.chicago_md:n7429,hostility_enmity,seed+embed,0.595,0.278,0.317,111,"uneven, odd; at odds with one, hostile"
κᾰκηγορ-ία,urn:cite2:hmt:lsj.chicago_md:n52085,hostility_enmity,seed+embed,0.594,0.331,0.263,308,"evil-speaking, abuse, slander; abuse; for abusive language"
διαζηλοτῠπέομαι,urn:cite2:hmt:lsj.chicago_md:n24758,hostility_enmity,seed+embed,0.591,0.382,0.209,89,engage in rivalry
ἀσέλγ-εια,urn:cite2:hmt:lsj.chicago_md:n16140,hostility_enmity,seed+embed,0.59,0.455,0.135,377,"licentiousness, wanton violence; insolence; licentiousness"
ἐλεγαίνω,urn:cite2:hmt:lsj.chicago_md:n33512,hostility_enmity,embed,0.59,0.441,0.149,72,"to be wrathful, wanton, violent"
ἀπρόσ-φῐλος,urn:cite2:hmt:lsj.chicago_md:n14523,hostility_enmity,seed+embed,0.588,0.332,0.256,58,"unfriendly, hostile"
μῑσό-νεικος,urn:cite2:hmt:lsj.chicago_md:n68065,hostility_enmity,seed+embed,0.587,0.406,0.181,89,hating strife
ἀφθόν-ητος,urn:cite2:hmt:lsj.chicago_md:n18312,hostility_enmity,seed+embed,0.583,0.492,0.09,236,unenvied; beyond the reach of envy; bearing no grudge against; bountiful
ἀποθύμιος,urn:cite2:hmt:lsj.chicago_md:n12659,hostility_enmity,embed,0.582,0.337,0.245,276,"not according to the mind, unpleasant, hateful; a disfavour"
ζηλ-όω,urn:cite2:hmt:lsj.chicago_md:n46221,hostility_enmity,seed+embed,0.578,0.565,0.013,1600,"vie with, emulate; to be jealous of, envy; to be jealous; through jealousy; to be jealous for; esteem; pronounce happy, admire, praise; to be deemed fortunate; desire emulously, strive after, affect; pay zealous court to"
παρᾰμιλλ-ος,urn:cite2:hmt:lsj.chicago_md:n78419,hostility_enmity,seed+embed,0.578,0.396,0.182,156,beyond rivalry; entering into competition
ἔχθ-ιστος,urn:cite2:hmt:lsj.chicago_md:n45927,hostility_enmity,seed+embed,0.577,0.394,0.183,387,most hateful; most hostile; bitterest enemies
πρίω,urn:cite2:hmt:lsj.chicago_md:n86400,hostility_enmity,embed,0.577,0.313,0.264,1629,"saw; cut, abraded; trephine; serrated; grind; gnash; bite; gnashed; to be irritated, provoked; by; at; cut off; seize as with the teeth, grip, bind fast"
συναπ-εχθάνομαι,urn:cite2:hmt:lsj.chicago_md:n99372,hostility_enmity,seed+embed,0.576,0.316,0.261,65,become an enemy together
παραθερμαίνω,urn:cite2:hmt:lsj.chicago_md:n78002,hostility_enmity,embed,0.575,0.293,0.282,246,"warm, cheer; to be heated; become quarrelsome"
ἀντίπᾰλος,urn:cite2:hmt:lsj.chicago_md:n10251,hostility_enmity,seed+embed,0.574,0.408,0.166,1302,"wrestling against; antagonist, rival; antagonist, rival, adversary; nearly matched, nearly balanced; equally large; caused by the balance of the power of the parties, mutual; adequate; corresponding to..; where; was evenly balanced; a state of balance; such state; him who fights for; champion"
ἀπηχθημένως,urn:cite2:hmt:lsj.chicago_md:n12095,hostility_enmity,embed,0.574,0.309,0.266,77,hostilely
καταλλ-άσσω,urn:cite2:hmt:lsj.chicago_md:n54414,hostility_enmity,seed+embed,0.574,0.35,0.223,1389,"change; give away; to leave; transgress, contravene; exchange; for; exchange prisoners; from enmity to friendship, reconcile; to make up oneʼs; to become reconciled; he may be reconciled; to be atoned for"
ὀδύσσομαι,urn:cite2:hmt:lsj.chicago_md:n72123,hostility_enmity,seed+embed,0.574,0.412,0.162,752,"to be wroth against, hate; hated"
φῐλο-φθονία,urn:cite2:hmt:lsj.chicago_md:n111566,hostility_enmity,seed+embed,0.573,0.495,0.078,64,love of envy
ἀγων-ισμός,urn:cite2:hmt:lsj.chicago_md:n1104,hostility_enmity,seed+embed,0.57,0.37,0.2,44,rivalry
ἀντι-ζηλία,urn:cite2:hmt:lsj.chicago_md:n9931,hostility_enmity,seed+embed,0.57,0.37,0.2,68,rivalry
κᾰκο-ζηλία,urn:cite2:hmt:lsj.chicago_md:n52186,hostility_enmity,seed+embed,0.57,0.37,0.2,200,unhappy imitation; rivalry; affectation
ἀντήρης,urn:cite2:hmt:lsj.chicago_md:n9768,hostility_enmity,seed+embed,0.569,0.292,0.278,407,"set over against, opposite; face to face; on the breast; over against, facing; opposite to; hostile to"
ἄφῐλος,urn:cite2:hmt:lsj.chicago_md:n18367,hostility_enmity,seed+embed,0.569,0.336,0.233,622,"friendless; unfriendly, hateful; unsociable; hostile to; in unfriendly manner"
δῠσ-ερις,urn:cite2:hmt:lsj.chicago_md:n28999,hostility_enmity,seed+embed,0.569,0.391,0.179,235,"quarrelsome, contentious; producing unhappy strife"
εὐκατα-φρόνητος,urn:cite2:hmt:lsj.chicago_md:n44214,hostility_enmity,embed,0.569,0.334,0.235,349,"easy to be despised, contemptible; negligible"
προαπ-εχθάνομαι,urn:cite2:hmt:lsj.chicago_md:n86620,hostility_enmity,seed+embed,0.569,0.178,0.391,59,become hostile before
ἀντιφῐλο-νικέω,urn:cite2:hmt:lsj.chicago_md:n10657,hostility_enmity,embed,0.566,0.363,0.203,174,strive jealously against
μῑσ-ᾰγᾰθία,urn:cite2:hmt:lsj.chicago_md:n67947,hostility_enmity,seed+embed,0.566,0.42,0.146,74,hatred of good; goodness
ἄφθον-ος,urn:cite2:hmt:lsj.chicago_md:n18314,hostility_enmity,seed+embed,0.565,0.425,0.139,1339,"without envy:; free from envy; ungrudging, bounteous; not grudged, plentiful; plenty; unenvied, provoking no envy; enough"
διαζύγιον,urn:cite2:hmt:lsj.chicago_md:n24765,hostility_enmity,embed,0.565,0.33,0.235,155,"divorce; differences, quarrels"
ἀντέρᾰμαι,urn:cite2:hmt:lsj.chicago_md:n9714,hostility_enmity,seed+embed,0.563,0.485,0.078,93,to be a rival in love
μῑσανθρωπ-ία,urn:cite2:hmt:lsj.chicago_md:n67960,hostility_enmity,seed+embed,0.563,0.388,0.175,93,hatred of mankind
ἐναντῐ-βῐος,urn:cite2:hmt:lsj.chicago_md:n34836,hostility_enmity,seed+embed,0.562,0.355,0.208,301,"set against, hostile; face to face, against"
ἀντικαλλωπίζομαι,urn:cite2:hmt:lsj.chicago_md:n9974,hostility_enmity,seed+embed,0.561,0.35,0.21,103,adorn oneself in rivalry with
περίνοια,urn:cite2:hmt:lsj.chicago_md:n81741,hostility_enmity,embed,0.561,0.352,0.208,536,"thoughtfulness, quick comprehension; comprehended; deliberation; over-wiseness; subtlety; disdain, contempt; sharp practice, fraud"
ἀηδοποιός,urn:cite2:hmt:lsj.chicago_md:n1861,hostility_enmity,embed,0.56,0.289,0.272,46,quarrelsome
ἀνεπι-είκεια,urn:cite2:hmt:lsj.chicago_md:n8374,hostility_enmity,embed,0.56,0.372,0.188,60,"unfairness, unkindness"
μαχῐμ-ώδης,urn:cite2:hmt:lsj.chicago_md:n65303,hostility_enmity,embed,0.56,0.289,0.272,60,quarrelsome
μῑσ-ηθρον,urn:cite2:hmt:lsj.chicago_md:n67976,hostility_enmity,seed+embed,0.56,0.387,0.173,89,charm for producing hatred
πικρός,urn:cite2:hmt:lsj.chicago_md:n83139,hostility_enmity,embed,0.56,0.472,0.088,3039,"pointed, sharp, keen; sharp; pungent; sharp, keen; piercing, shrill; bitter; hateful; matter of sorrow; untimely; acerbus); embittered, angry; relentless; spiteful, mean, vindictive; pedantically; with rigid accuracy; harshly, bitterly, vindictively"
στᾰσι-ώδης,urn:cite2:hmt:lsj.chicago_md:n96271,hostility_enmity,embed,0.56,0.289,0.272,267,"factious, seditious; quarrelsome"
φῐλεχθ-ής,urn:cite2:hmt:lsj.chicago_md:n110975,hostility_enmity,embed,0.56,0.289,0.272,52,quarrelsome
διάτᾰσις,urn:cite2:hmt:lsj.chicago_md:n26034,hostility_enmity,seed+embed,0.559,0.335,0.224,871,"tension, dilatation; power of dilatation; extension; stretching across; diaphragm; obstruction; tension, exertion; contention, quarrel"
ἀντιφῐλο-τῑμέομαι,urn:cite2:hmt:lsj.chicago_md:n10659,hostility_enmity,embed,0.557,0.341,0.217,319,to be moved by jealousy against; show public spirit in return; set up a vicious circle with
καταφρον-ητικός,urn:cite2:hmt:lsj.chicago_md:n55549,hostility_enmity,embed,0.557,0.392,0.165,326,"contemptuous, disdainful"
ὑπεροπτικός,urn:cite2:hmt:lsj.chicago_md:n107748,hostility_enmity,embed,0.557,0.392,0.165,304,"contemptuous, disdainful"
ἐμπολεμ-όω,urn:cite2:hmt:lsj.chicago_md:n34464,hostility_enmity,embed,0.556,0.271,0.285,53,make enemies
πᾰλίγκοτ-ος,urn:cite2:hmt:lsj.chicago_md:n76846,hostility_enmity,seed+embed,0.556,0.413,0.144,818,"spiteful, malignant, resentful; injurious, untoward; spitefulness of; dreadful; hostile, malignant; adversaries; ill; resentfully; growing malignant, festering; steep, rugged"
ἀντιπαρα-βάλλω,urn:cite2:hmt:lsj.chicago_md:n10253,hostility_enmity,seed+embed,0.555,0.379,0.176,333,"place side by side; to compare; contrast; measure oneself against, rival; contribute instead"
διαφέρω,urn:cite2:hmt:lsj.chicago_md:n26197,hostility_enmity,seed+embed,0.555,0.42,0.135,6849,"carry over; across; carry from one to another; will put; in motion; go through; live, continue; will pass his life; bear through, bear to the end; bear to the end, go through with; bear the burden of; endure, support; carry different ways; toss about; to turn; about; to be drawn apart, disrupted; to be tossed about; spread; fame abroad; tear asunder; disjoin; distract; give; a different way; give each man; pay; up, discharge; defer, reserve; plunder; excel; differ; that make the difference?; to be different from; made the difference; makes a difference; it makes a difference; it makes; odds; has; interest at stake; see; objection; to be of importance; the difference, the odds; interests; essential; vital; points of difference; in point of excess, surpass, excel; in; it was; better..; to differ in point of diminution; a remarkable achievement; prevail; quarrel, struggle; the parties, litigants; come between, intervene; belong to; kinsfolk; appertain to; be at variance, quarrel; differ with; maintain on the contrary; let there be; dispute; the litigants"
κᾰκουργ-ία,urn:cite2:hmt:lsj.chicago_md:n52400,hostility_enmity,embed,0.555,0.519,0.035,509,"wickedness, villainy, malice; vice; malpractices; bad workmanship; injury; ill effects"
ἀπό-στρεπτος,urn:cite2:hmt:lsj.chicago_md:n13889,hostility_enmity,seed+embed,0.554,0.29,0.264,134,"turned back; hostile, unacceptable"
διαφρονέω,urn:cite2:hmt:lsj.chicago_md:n26246,hostility_enmity,seed+embed,0.552,0.338,0.214,113,meditate; quarrel
ἐρεσ-χελία,urn:cite2:hmt:lsj.chicago_md:n42311,hostility_enmity,seed+embed,0.552,0.33,0.222,139,decudia; Gloss.; quarrel
κνισ-μός,urn:cite2:hmt:lsj.chicago_md:n58204,hostility_enmity,seed+embed,0.552,0.327,0.225,175,"itching, tickling; irritation; quarrel"
νεικ-έω,urn:cite2:hmt:lsj.chicago_md:n70035,hostility_enmity,seed+embed,0.552,0.313,0.239,1064,"quarrel, wrangle with; quarrel; with; strove with him; chide, rail at, upbraid; insulted"
στᾰσι-άζω,urn:cite2:hmt:lsj.chicago_md:n96255,hostility_enmity,seed+embed,0.552,0.304,0.248,1485,"to be at variance; with; form a party; faction, be at odds; quarrel; side; against; to be distracted by factions and party strife; to be in a state of discord, disagree; revolutionize, throw into confusion"
χολή,urn:cite2:hmt:lsj.chicago_md:n114339,hostility_enmity,seed+embed,0.552,0.523,0.029,1665,"gall, bile; bile; giving one a disgust for a thing; gall-bladder; bile, gall; bitter anger, wrath; the bile; ink of the cuttle-fish; rôsh; hemlock; poppy, Ps.; venom; bitter drink; fel; gall; h; olus, helvus"
ἐχθρο-ποιός,urn:cite2:hmt:lsj.chicago_md:n45947,hostility_enmity,seed+embed,0.551,0.302,0.249,99,causing enmity
εὐπαρ-όξυντος,urn:cite2:hmt:lsj.chicago_md:n44705,hostility_enmity,embed,0.55,0.41,0.14,83,"easily provoked, irritated"
μῑσ-άλληλος,urn:cite2:hmt:lsj.chicago_md:n67955,hostility_enmity,seed+embed,0.55,0.391,0.16,102,hating one another; of mutual hate
στρῆνος,urn:cite2:hmt:lsj.chicago_md:n97199,hostility_enmity,seed+embed,0.548,0.457,0.091,231,"insolence, arrogance; wantonness; eager desire"
ἀπεχθαίρω,urn:cite2:hmt:lsj.chicago_md:n12023,hostility_enmity,seed+embed,0.547,0.276,0.271,227,"hate utterly, detest; make utterly hateful"
δειλοκατα-φρονητής,urn:cite2:hmt:lsj.chicago_md:n23684,hostility_enmity,seed+embed,0.547,0.28,0.266,102,cowardly and insolent
δῠσ-έριστος,urn:cite2:hmt:lsj.chicago_md:n29001,hostility_enmity,seed+embed,0.547,0.443,0.104,112,pertaining to unholy strife
στῠγερ-ός,urn:cite2:hmt:lsj.chicago_md:n97356,hostility_enmity,embed,0.547,0.374,0.173,774,"hated, abominated, loathed; hateful, abominable, loathsome; hateful; hateful, wretched; to oneʼs sorrow, miserably"
ἀντιπολέμιος,urn:cite2:hmt:lsj.chicago_md:n10386,hostility_enmity,embed,0.546,0.318,0.228,292,warring against; enemies
ἐχθο-δᾰπός,urn:cite2:hmt:lsj.chicago_md:n45929,hostility_enmity,seed+embed,0.546,0.258,0.288,142,"foreign, hostile"
μᾰχ-ητικός,urn:cite2:hmt:lsj.chicago_md:n65300,hostility_enmity,seed+embed,0.546,0.324,0.222,423,fit for fighting; warlike; pugnacious; skill in fighting; restive; pugnaciously; in a hostile manner
ὑπέροπτος,urn:cite2:hmt:lsj.chicago_md:n107749,hostility_enmity,embed,0.546,0.34,0.205,221,"disdainful; great, excessive"
αἰσχύνω,urn:cite2:hmt:lsj.chicago_md:n2749,hostility_enmity,embed,0.545,0.369,0.177,2395,"make ugly, disfigure; give; a bad form; dishonour, tarnish; dishonour; Foed. Delph.Pell.; disdain; to be dishonoured; to be ashamed, feel shame; to be ashamed at; to be ashamed to; to be ashamed; to feel shame before"
ἀτῑμ-άζω,urn:cite2:hmt:lsj.chicago_md:n17075,hostility_enmity,seed+embed,0.545,0.56,-0.015,1813,"hold in no honour, esteem lightly; bring dishonour upon; speakest in dishonour of; suffer dishonour, insult; put to shame by; treat as unworthy of; do; deem; unworthy; will; disdain; disfranchise; punish with ignominia"
ἐκφαυλ-ίζω,urn:cite2:hmt:lsj.chicago_md:n33156,hostility_enmity,embed,0.545,0.327,0.218,265,"depreciate, disparage, pour contempt on; reject with scorn; disdain"
κᾰκό-θροος,urn:cite2:hmt:lsj.chicago_md:n52210,hostility_enmity,embed,0.545,0.261,0.285,99,"evil-speaking, slanderous"
κᾰκολόγ-ος,urn:cite2:hmt:lsj.chicago_md:n52235,hostility_enmity,embed,0.545,0.261,0.285,144,"evil-speaking, slanderous; of"
χαλεπ-ός,urn:cite2:hmt:lsj.chicago_md:n112989,hostility_enmity,seed+embed,0.545,0.562,-0.017,5687,"difficult; hard to bear, painful, grievous; severity; hardships; more unpleasant; hard to do; deal with, difficult, irksome; hard, difficult; difficult for; dangerous; difficult, rugged; most difficult to take; hard to deal with, cruel, harsh, stern; a more bitter enemy; most difficult to deal with, most dangerous; troublesome; cruel; harsh; savage, fierce; ill-tempered, testy; rough; hurtful to the soil; hardly, with difficulty; much ado; hardly, scarcely; painfully, miserably; angrily, cruelly, harshly; ill; angry; with; in a bad way"
ἀλλότριος,urn:cite2:hmt:lsj.chicago_md:n4509,hostility_enmity,seed+embed,0.544,0.349,0.195,2611,"of; belonging to another; another manʼs; of what is anotherʼs; unlike their own; forced, unnatural; anotherʼs; inflicted by other hands; of a stranger; where one has not sown; as if it belonged to another; what belongs to others, not oneʼs own; foreign, strange; stranger; enemy; less near; hostile, unfavourably disposed; disinclined; alien, strange; estrangement; alien country, enemyʼs country; alien from; abnormal; superfluous; foreign to the purpose; unfavourably; less favourably; strangely, marvellously; in a manner foreign to"
διάβολ-ος,urn:cite2:hmt:lsj.chicago_md:n24570,hostility_enmity,seed+embed,0.544,0.313,0.231,455,"slanderous, backbiting; aliquid invidiae; slanderer; enemy; Sâtân; the Devil; injuriously, invidiously"
δυσχερ-αίνω,urn:cite2:hmt:lsj.chicago_md:n29624,hostility_enmity,embed,0.544,0.502,0.041,1387,"to be unable to endure; put up with, to be disgusted at; to be annoyed at; feel dislike, disgust; annoyance, to be displeased; at; to have misgivings; to be hateful; scorn; feel qualms about; felt; scruple about; to be fastidious; cause annoyance; make; difficult; to be disagreeable; to make difficulties; to be captious"
ἐπίστᾰσις,urn:cite2:hmt:lsj.chicago_md:n40979,hostility_enmity,embed,0.544,0.552,-0.008,2257,"stopping, stoppage; sluggishness; deterrent; violence, vehemence; stopping, halt; haltings; anxious; difficulty; stopping; observation, attention; carefully; treatment; care; care, attention; term as; superintendence; oversight; beginning; introduction; method of setting about; scum; position; onset; of which the rent has been raised; a"
κατ-αχθίζομαι,urn:cite2:hmt:lsj.chicago_md:n55601,hostility_enmity,embed,0.544,0.347,0.197,46,to be hateful
ὑπεναντί-ος,urn:cite2:hmt:lsj.chicago_md:n107133,hostility_enmity,seed+embed,0.544,0.301,0.244,1634,"set over against, meeting; set against, opposite; enemy; opposed, opposite, contrary; contrary; most opposed to one another; opposite; contrary to; on the contrary; incongruities; subcontrary; in a manner contrary to; opposed"
ζῠγο-μᾰχέω,urn:cite2:hmt:lsj.chicago_md:n46328,hostility_enmity,seed+embed,0.543,0.372,0.17,378,"struggle with oneʼs yoke-fellow; struggle, quarrel"
ὑπερόπτης,urn:cite2:hmt:lsj.chicago_md:n107746,hostility_enmity,embed,0.543,0.336,0.207,308,"contemner, disdainer; disdainful, haughty"
ἐπιχαιρεκᾰκ-ία,urn:cite2:hmt:lsj.chicago_md:n41586,hostility_enmity,embed,0.541,0.416,0.125,135,"joy over oneʼs neighbourʼs misfortune, spite, malignity"
εὐκολία,urn:cite2:hmt:lsj.chicago_md:n44270,hostility_enmity,embed,0.541,0.486,0.055,451,"contentedness with oneʼs food; contentedness, good temper; ease and lightness in moving; facility"
ὀλῐγωρ-ία,urn:cite2:hmt:lsj.chicago_md:n73128,hostility_enmity,embed,0.541,0.428,0.113,432,"an esteeming lightly, contempt; neglect of duty, negligence"
ῥᾱθῡμ-ία,urn:cite2:hmt:lsj.chicago_md:n92093,hostility_enmity,embed,0.541,0.541,-0.0,730,"easiness of temper, taking things easily; recreation, relaxation, amusement; indifference, sluggishness, laziness; a name for laziness; heedlessness, rashness"
ἄνταθλος,urn:cite2:hmt:lsj.chicago_md:n9387,hostility_enmity,embed,0.54,0.401,0.139,82,"contending against, rivalling"
ἐριδμαίνω,urn:cite2:hmt:lsj.chicago_md:n42427,hostility_enmity,seed+embed,0.54,0.314,0.226,405,"to provoke to strife, irritate; contend; contend against"
ἀλληλο-μῑσέω,urn:cite2:hmt:lsj.chicago_md:n4412,hostility_enmity,seed+embed,0.539,0.314,0.225,61,hate one another
δῠσ-ζηλος,urn:cite2:hmt:lsj.chicago_md:n29017,hostility_enmity,seed+embed,0.539,0.397,0.143,277,exceeding jealous; eager; rivalling in hardship
ἐκκᾰλέω,urn:cite2:hmt:lsj.chicago_md:n32105,hostility_enmity,embed,0.539,0.378,0.162,1113,"call out; forth, summon forth; crave speech of; call out to oneself; call forth, elicit; entice, provoke to battle; call on; to; to be provoked; demand, require; evocari; numina; appeal against; refer"
κνήθ-ω,urn:cite2:hmt:lsj.chicago_md:n58124,hostility_enmity,embed,0.539,0.311,0.229,350,scratch; to get; scratched; itch; to be provoked
μῑσο-πόνηρος,urn:cite2:hmt:lsj.chicago_md:n68084,hostility_enmity,seed+embed,0.539,0.354,0.186,380,hating knaves and knavery; with hostile sentiments
ὀξῠθῡμ-έω,urn:cite2:hmt:lsj.chicago_md:n74282,hostility_enmity,embed,0.539,0.349,0.191,173,to be quick to anger; to be provoked; to be irritable
παροξ-ύνω,urn:cite2:hmt:lsj.chicago_md:n79746,hostility_enmity,embed,0.539,0.445,0.094,1125,"urge, spur on, stimulate; provoke, irritate; to be provoked; grow virulent; make; stronger; hasten."
προσάντ-ης,urn:cite2:hmt:lsj.chicago_md:n88637,hostility_enmity,seed+embed,0.539,0.36,0.179,843,"uphill, steep; arduous, adverse; repugnant, distasteful; unsuitable; in such a way as to encounter; opposition; adverse, hostile; setting oneself against..; unwillingly"
συνεκ-πολεμόω,urn:cite2:hmt:lsj.chicago_md:n99976,hostility_enmity,seed+embed,0.539,0.438,0.101,178,excite to war together; become hostile together
διαμῑσέω,urn:cite2:hmt:lsj.chicago_md:n25283,hostility_enmity,seed+embed,0.538,0.334,0.204,134,hate bitterly
ἀπαλλάσσω,urn:cite2:hmt:lsj.chicago_md:n11305,hostility_enmity,seed+embed,0.537,0.355,0.181,5407,"set free, deliver from; release; put away from, remove from; take away; remove from; put away, remove; do away; get rid of; dismiss, send away; remove; displace; make away with, destroy; bring to an end; give a release, discharge; discharge; get off free, escape; came off, ended; get along; depart from; in respect of..; to be set free; released from; get off, escape; to be acquitted; to be dismissed as settled; remove, depart from; depart, go away; depart, die; to be divorced; leave; become a man; to be removed from, free from; many removes from; was; far from; inferior to; depart from, leave off from; give up the pursuit of..; is; averse from..; have done, cease; throw up oneʼs case, give up a prosecution; be done withit; make haste; to depart from enmity; to be reconciled, settle a dispute; recover from an ailment"
καταφρόν-ησις,urn:cite2:hmt:lsj.chicago_md:n55546,hostility_enmity,embed,0.537,0.351,0.186,314,"contempt, disdain; disregard, neglect"
ὑπερόρ-ᾱσις,urn:cite2:hmt:lsj.chicago_md:n107751,hostility_enmity,embed,0.537,0.351,0.186,140,"overlooking, disdaining; contempt, disdain"
ὑπεροψία,urn:cite2:hmt:lsj.chicago_md:n107776,hostility_enmity,embed,0.537,0.351,0.186,216,"contempt, disdain"
ἀντευ-δοκιμέω,urn:cite2:hmt:lsj.chicago_md:n9736,hostility_enmity,seed+embed,0.536,0.384,0.152,75,rival in distinction
θῡμός,urn:cite2:hmt:lsj.chicago_md:n49415,hostility_enmity,seed+embed,0.536,0.591,-0.056,4742,"soul, spirit; the principle of life, feeling and thought; of strong feeling and passion; breath, life; spirit, strength; heart; soul; desire; inclination; appetite; in his heart; with all his heart; with all their heart; mind, temper, will; mind; spirit, courage; Passion, Emotion; the seat of anger; anger, wrath; fits of anger, passions; the heart; heartʼs; mind, soul, as the seat of thought; thoughts"
ὀργή,urn:cite2:hmt:lsj.chicago_md:n74767,hostility_enmity,seed+embed,0.536,0.524,0.012,2809,"natural impulse; propensity; temperament, disposition, mood; of ‘a mind; dispositions; oneʼs moods; anger, wrath; passion; involves; oneʼs anger; anger; to anger; in anger. in a passion; visitations of; wrath; anger at; because of"
ὠδῠσίη,urn:cite2:hmt:lsj.chicago_md:n116064,hostility_enmity,seed+embed,0.536,0.414,0.122,75,"anger, wrath"
ἀντισημαίνω,urn:cite2:hmt:lsj.chicago_md:n10476,hostility_enmity,seed+embed,0.534,0.206,0.328,149,give a countersign; give hostile signs
ἀποστῠγ-έω,urn:cite2:hmt:lsj.chicago_md:n13896,hostility_enmity,seed+embed,0.533,0.376,0.156,427,"hate violently, abhor"
μῑσο-τεκνία,urn:cite2:hmt:lsj.chicago_md:n68101,hostility_enmity,seed+embed,0.533,0.307,0.226,85,hatred of oneʼs children
μένος,urn:cite2:hmt:lsj.chicago_md:n66288,hostility_enmity,embed,0.532,0.5,0.032,2159,"might, force; strength, fierceness; spirit; force, might; life; life-blood; spirit, passion; battlerage; spiritual exaltation; intent, purpose; bent; intents; temper, disposition; Antinous; mánas"
ῥυθμός,urn:cite2:hmt:lsj.chicago_md:n92783,hostility_enmity,embed,0.532,0.439,0.094,2530,"any regular recurring motion; measured motion, time; rhythm; time; regularly; paces; measure, proportion; symmetry; proportion, arrangement, order; reason; state; condition; temper, disposition; form, shape; form; shape; features; structure; manner, fashion; kind; wise"
λῆμα,urn:cite2:hmt:lsj.chicago_md:n62897,hostility_enmity,seed+embed,0.531,0.505,0.026,1319,"will, desire, purpose; wil; proud; of will; temper of mind, spirit; courage, resolution; in courage; spirit; insolence, arrogance, audacity; spirit, courage"
ἀγαίομαι,urn:cite2:hmt:lsj.chicago_md:n274,hostility_enmity,seed+embed,0.53,0.437,0.094,574,to be indignant at; look on with jealousy; envy; to be wroth; indignant with; admire
ἄγασις,urn:cite2:hmt:lsj.chicago_md:n362,hostility_enmity,seed+embed,0.53,0.369,0.161,75,rejoicing; envy
βάρυν-σις,urn:cite2:hmt:lsj.chicago_md:n19449,hostility_enmity,embed,0.53,0.406,0.124,110,"oppression, annoyance; weighing down"
διαφθονέω,urn:cite2:hmt:lsj.chicago_md:n26209,hostility_enmity,seed+embed,0.53,0.393,0.137,160,"envy; to be grudged, deprived of; to be envied"
καταφρόν-ημα,urn:cite2:hmt:lsj.chicago_md:n55545,hostility_enmity,embed,0.53,0.364,0.167,165,contempt; a spirit of disdain
μῆνις,urn:cite2:hmt:lsj.chicago_md:n67485,hostility_enmity,seed+embed,0.53,0.36,0.17,854,wrath; revengeful temper
σφοδρ-ότης,urn:cite2:hmt:lsj.chicago_md:n101714,hostility_enmity,embed,0.53,0.442,0.088,233,"vehemence, violence"
ὑφορ-άω,urn:cite2:hmt:lsj.chicago_md:n109871,hostility_enmity,embed,0.53,0.308,0.222,457,"look at from below, eye stealthily, view with suspicion; jealousy, suspect"
χολ-ωτός,urn:cite2:hmt:lsj.chicago_md:n114366,hostility_enmity,embed,0.529,0.452,0.076,158,"angry, wrathful; bilious"
ἀπέχθ-ημα,urn:cite2:hmt:lsj.chicago_md:n12028,hostility_enmity,seed+embed,0.528,0.365,0.163,59,object of hate
ἀρειά,urn:cite2:hmt:lsj.chicago_md:n14926,hostility_enmity,embed,0.528,0.339,0.189,217,"menaces, threats"
ἔγκοτ-ος,urn:cite2:hmt:lsj.chicago_md:n30392,hostility_enmity,seed+embed,0.528,0.369,0.159,340,"bearing a grudge, spiteful, malignant; grudge; for"
θεοισεχθρία,urn:cite2:hmt:lsj.chicago_md:n48185,hostility_enmity,embed,0.528,0.387,0.141,423,"hatefulness to the gods, villainy"
κᾰκός,urn:cite2:hmt:lsj.chicago_md:n52332,hostility_enmity,embed,0.528,0.381,0.147,5596,"bad; ugly; ill-born, mean; craven, base; worthless, sorry, unskilled; base, evil; wretched; evil, pernicious; unlucky; abusive, foul; evil, ill; trouble; evils; harm; ill; evil; evil words, reproaches; Evil; pest, nuisance; devil; barely; kasu-; kasyah-; kasišta-; nukašëti"
μῑσ-ημα,urn:cite2:hmt:lsj.chicago_md:n67978,hostility_enmity,seed+embed,0.528,0.365,0.163,215,object of hate
χαλεπ-αίνω,urn:cite2:hmt:lsj.chicago_md:n112987,hostility_enmity,embed,0.528,0.492,0.036,1616,"to be severe, sore, grievous; to be violent, angry; display; portray anger; to be angry with; to be angry; for; to be irritated; to be embittered; provoked; to be judged; treated harshly"
ἀντι-ζηλόω,urn:cite2:hmt:lsj.chicago_md:n9933,hostility_enmity,seed+embed,0.527,0.337,0.19,75,"to be emulous of, rival"
ἔρισμα,urn:cite2:hmt:lsj.chicago_md:n42530,hostility_enmity,seed+embed,0.527,0.263,0.264,100,cause of quarrel
ἀντᾰμύνομαι,urn:cite2:hmt:lsj.chicago_md:n9423,hostility_enmity,embed,0.526,0.335,0.191,161,"defend oneself against another, resist; requite"
ἐμός,urn:cite2:hmt:lsj.chicago_md:n34194,hostility_enmity,embed,0.526,0.385,0.142,2782,"mine; mine, of me; possessive; favourable to me; relating to me, against me; for me; to me; against me; by me; my word; my counsel; my duty, my business; my friends; my dear; my property; my part, my affairs, my interest; with me; my conduct; for my part, as far as concerns me; my country; my opinion"
ἐποικ-έω,urn:cite2:hmt:lsj.chicago_md:n41758,hostility_enmity,seed+embed,0.526,0.266,0.261,408,go as settler; colonist to; settle in; to be settled near; with hostile views against; was occupied as the seat of offensive operations against
ζηλο-μᾰνής,urn:cite2:hmt:lsj.chicago_md:n46215,hostility_enmity,embed,0.526,0.267,0.259,96,mad with jealousy
ὑπερηφᾰν-έω,urn:cite2:hmt:lsj.chicago_md:n107545,hostility_enmity,embed,0.526,0.357,0.169,618,"overweening, arrogant; to be arrogant; treat disdainfully; scorn; extol"
ἀντίθεος,urn:cite2:hmt:lsj.chicago_md:n9945,hostility_enmity,seed+embed,0.525,0.271,0.253,442,"equal to the gods, godlike; contrary to God; hostile deity; disguised as a god"
κᾰκοήθ-ης,urn:cite2:hmt:lsj.chicago_md:n52193,hostility_enmity,embed,0.525,0.386,0.139,736,"ill-disposed, malicious; thinking evil, prone to put the worst construction on everything; malice, wickedness; infamous, abominable; malignant"
κᾰκοτροπ-ία,urn:cite2:hmt:lsj.chicago_md:n52387,hostility_enmity,embed,0.524,0.324,0.2,159,"badness of habits, mischievousness; malice, unfairness"
ὀργ-ίλος,urn:cite2:hmt:lsj.chicago_md:n74778,hostility_enmity,embed,0.524,0.343,0.181,442,"inclined to anger, irascible; to be angry"
ἀντᾰγων-ίζομαι,urn:cite2:hmt:lsj.chicago_md:n9378,hostility_enmity,seed+embed,0.523,0.407,0.116,559,"struggle against, prove a match for; struggle, vie with; the parties in a lawsuit; act a part in rivalry with; to be set against"
ἀξιο-μῑσής,urn:cite2:hmt:lsj.chicago_md:n11043,hostility_enmity,seed+embed,0.523,0.361,0.163,63,"worthy of hate, hateful"
ἐπιπολ-ασμός,urn:cite2:hmt:lsj.chicago_md:n40582,hostility_enmity,seed+embed,0.523,0.365,0.157,191,"retchings; arrogance, insolence"
Στύγιος,urn:cite2:hmt:lsj.chicago_md:n97363,hostility_enmity,embed,0.523,0.297,0.226,321,"Stygian, of the nether world; hateful, abominable"
ὕπουλ-ος,urn:cite2:hmt:lsj.chicago_md:n109459,hostility_enmity,seed+embed,0.523,0.407,0.117,1551,"extending inwards, under the surface of the flesh, enclosed; festering, purulent; with festering sores underneath, unsound, hollow; treacherous; hollow, unreal; fraught; below; false, fallacious; false, deceitful; concealed; festering within; secretly hostile; hollow; shut up, suppressed"
ἀντεραστής,urn:cite2:hmt:lsj.chicago_md:n9716,hostility_enmity,seed+embed,0.522,0.5,0.022,152,rival in love; rival
ἀντεράω,urn:cite2:hmt:lsj.chicago_md:n9717,hostility_enmity,seed+embed,0.522,0.5,0.022,356,love in return; rival in love; rival; in love for..; jealous love
πρευμέν-εια,urn:cite2:hmt:lsj.chicago_md:n86314,hostility_enmity,embed,0.522,0.434,0.087,77,"gentleness of temper, graciousness"
κατανωτ-ίζομαι,urn:cite2:hmt:lsj.chicago_md:n54671,hostility_enmity,embed,0.52,0.305,0.215,285,"carry on oneʼs back; turn oneʼs back upon; ignore, disdain, reject"
κατεῖπον,urn:cite2:hmt:lsj.chicago_md:n55731,hostility_enmity,embed,0.52,0.344,0.176,978,"speak against; to the prejudice of, accuse, denounce; give information; declare, report; make; known; denounce; enumerate; tell"
μῑσ-έταιρος,urn:cite2:hmt:lsj.chicago_md:n67972,hostility_enmity,embed,0.52,0.288,0.233,61,hating oneʼs comrades
ὀργ-ίζω,urn:cite2:hmt:lsj.chicago_md:n74777,hostility_enmity,embed,0.52,0.44,0.08,922,"make angry, provoke to anger, irritate; grow angry, be wroth; with; in a passion; angry"
χολ-όω,urn:cite2:hmt:lsj.chicago_md:n114363,hostility_enmity,embed,0.52,0.324,0.197,1656,"anger, provoke; to anger; by; to be angered; provoked to anger; to be angry for; because of; to be turned into bile"
ἆθλον,urn:cite2:hmt:lsj.chicago_md:n2031,hostility_enmity,embed,0.519,0.388,0.131,1297,"prize of contest; prizes; as the prize; contest; conflict, struggle; place of combat"
ἁμίλλ-ημα,urn:cite2:hmt:lsj.chicago_md:n5277,hostility_enmity,embed,0.519,0.388,0.131,111,"conflict, struggle"
ἀντιμᾰχ-ησις,urn:cite2:hmt:lsj.chicago_md:n10131,hostility_enmity,embed,0.519,0.388,0.131,76,"conflict, struggle"
ἐναντίος,urn:cite2:hmt:lsj.chicago_md:n34855,hostility_enmity,seed+embed,0.519,0.412,0.107,5099,"opposite; on the opposite side, opposite; fronting, face to face; before; things open to; sight; in the opposite direction; to meet; in diametrical aspect; opposing, facing; oneʼs adversaries; the enemy; opposed to; the opposite party; presenting obstacles, hindering; opponent; opposite, contrary, reverse; very reverse; the contrary, Lg.; opposites; contraries; contrary; contradictory; opposite, facing; to my face; in the face; in the presence of; against; contrariwise; on the other hand; conversely; over against, opposite; opposing parties; on the contrary; like an enemy; exactly opposed"
ἐχθ-αρτέος,urn:cite2:hmt:lsj.chicago_md:n45918,hostility_enmity,embed,0.519,0.344,0.175,56,to be hated
μῑσ-έω,urn:cite2:hmt:lsj.chicago_md:n67974,hostility_enmity,seed+embed,0.519,0.344,0.175,1045,hate; hated (would not suffer; hating; to be hated
μῑσ-ητέος,urn:cite2:hmt:lsj.chicago_md:n67980,hostility_enmity,seed+embed,0.519,0.344,0.175,146,to be hated; one must hate
βλαπτ-ικός,urn:cite2:hmt:lsj.chicago_md:n20045,hostility_enmity,embed,0.517,0.315,0.203,205,"hurtful, mischievous"
κοτ-έω,urn:cite2:hmt:lsj.chicago_md:n59369,hostility_enmity,seed+embed,0.517,0.313,0.205,836,"bear; a grudge, be angry at; angry at; angry"
ἀντιστρᾰτήγ-ησις,urn:cite2:hmt:lsj.chicago_md:n10535,hostility_enmity,seed+embed,0.516,0.3,0.215,67,hostile manoeuvre
ἀφῐλό-νεικος,urn:cite2:hmt:lsj.chicago_md:n18362,hostility_enmity,seed+embed,0.516,0.368,0.148,214,not fond of strife
ἐξερεθ-ιστής,urn:cite2:hmt:lsj.chicago_md:n37164,hostility_enmity,embed,0.516,0.283,0.233,57,one who provokes
μίσυβρῐς,urn:cite2:hmt:lsj.chicago_md:n68117,hostility_enmity,seed+embed,0.516,0.308,0.208,73,hating insolence
ἀντιπυργόω,urn:cite2:hmt:lsj.chicago_md:n10452,hostility_enmity,seed+embed,0.515,0.359,0.155,189,build a tower over against; reared up; rival
ἀντιφῐλο-φρονέομαι,urn:cite2:hmt:lsj.chicago_md:n10660,hostility_enmity,seed+embed,0.515,0.359,0.155,105,receive kindly in turn; rival
ἀντιχορηγ-έω,urn:cite2:hmt:lsj.chicago_md:n10705,hostility_enmity,seed+embed,0.515,0.359,0.155,167,to be a rival choragus; rival; in the choragia; furnish in return
ἐρίζω,urn:cite2:hmt:lsj.chicago_md:n42432,hostility_enmity,seed+embed,0.515,0.459,0.056,2497,"strive, wrangle, quarrel; contend; sophistical disputations; discord; rival, vie with, challenge; rival; contend with; in; rivalled; there are contests in"
συνάμιλλος,urn:cite2:hmt:lsj.chicago_md:n99180,hostility_enmity,seed+embed,0.515,0.359,0.155,62,rival
συνεξ-ετάζω,urn:cite2:hmt:lsj.chicago_md:n100133,hostility_enmity,seed+embed,0.515,0.399,0.116,369,search out and examine along with; together; to be reckoned with; among; party; adherents; measure oneself with; rival
ὑπερορ-άω,urn:cite2:hmt:lsj.chicago_md:n107753,hostility_enmity,embed,0.515,0.309,0.206,1152,"look over, look down upon; overlook, take no notice of; remit; despise, disdain"
ἀνθᾰμιλλ-άομαι,urn:cite2:hmt:lsj.chicago_md:n8693,hostility_enmity,embed,0.514,0.341,0.173,170,"vie one with another, be rivals; race"
ἐκβῐ-αστικός,urn:cite2:hmt:lsj.chicago_md:n31729,hostility_enmity,embed,0.514,0.388,0.126,95,"oppressive, tyrannical"
ἀντιπαρ-εξᾰγωγή,urn:cite2:hmt:lsj.chicago_md:n10297,hostility_enmity,embed,0.513,0.326,0.187,91,a means of attack in controversy
ζήλ-ωμα,urn:cite2:hmt:lsj.chicago_md:n46222,hostility_enmity,seed+embed,0.513,0.571,-0.058,386,"that which is emulated: object of envy; ambition; high fortune; emulous efforts, rivalries; emulation"
στρατ-ευτικός,urn:cite2:hmt:lsj.chicago_md:n97107,hostility_enmity,embed,0.513,0.418,0.096,77,"inclined to war, warlike"
ἀντάπ-ωσις,urn:cite2:hmt:lsj.chicago_md:n9507,hostility_enmity,embed,0.512,0.319,0.193,64,mutual repulsion
ἀντί-ζηλος,urn:cite2:hmt:lsj.chicago_md:n9932,hostility_enmity,seed+embed,0.512,0.408,0.104,197,"rival, adversary; controversial, in rivalry"
αὐτο-χόλωτος,urn:cite2:hmt:lsj.chicago_md:n18029,hostility_enmity,seed+embed,0.512,0.238,0.274,81,their own enemy
διαπολῑτ-εύομαι,urn:cite2:hmt:lsj.chicago_md:n25589,hostility_enmity,seed+embed,0.512,0.406,0.106,163,to be a political rival
μῑσ-ανδρία,urn:cite2:hmt:lsj.chicago_md:n67957,hostility_enmity,seed+embed,0.512,0.359,0.153,61,hatred of men
πᾰλαιστής,urn:cite2:hmt:lsj.chicago_md:n76784,hostility_enmity,seed+embed,0.512,0.408,0.104,459,"wrestler; rival, adversary; suitor"
ἀδήρι-τος,urn:cite2:hmt:lsj.chicago_md:n1255,hostility_enmity,seed+embed,0.511,0.42,0.09,267,"without strife; battle; uncontested, undisputed; not to be striven against, unconquerable"
ἀντί-πτωσις,urn:cite2:hmt:lsj.chicago_md:n10446,hostility_enmity,embed,0.511,0.403,0.108,164,"opposition, resistance; interchange of cases"
ἀντίτᾰσις,urn:cite2:hmt:lsj.chicago_md:n10580,hostility_enmity,embed,0.511,0.403,0.108,201,"stretching the contrary way; opposition, resistance"
στόβ-ος,urn:cite2:hmt:lsj.chicago_md:n96905,hostility_enmity,seed+embed,0.511,0.339,0.172,110,"abuse, bad language, insolence"
φῐλόνῑκ-ος,urn:cite2:hmt:lsj.chicago_md:n111341,hostility_enmity,seed+embed,0.511,0.523,-0.012,1687,"fond of victory, contentious.; in eager rivalry; contentious; fond of victory"
χόλ-ος,urn:cite2:hmt:lsj.chicago_md:n114362,hostility_enmity,seed+embed,0.511,0.488,0.023,1612,"gall, bile; gall, bitter anger, wrath; rage; anger towards; because of; anger for, because of; bitterness; cause of anger"
δῠσᾰρεστ-ος,urn:cite2:hmt:lsj.chicago_md:n28737,hostility_enmity,embed,0.509,0.309,0.2,430,"hard to appease, implacable; ill-pleased; at; ill to please, fastidious, peevish; displeasure"
ἀλέξω,urn:cite2:hmt:lsj.chicago_md:n4019,hostility_enmity,embed,0.508,0.288,0.22,1345,"raákṣati; ward off, turn aside; will ward; off from; assist, defend; lend aid; keep off from oneself; defend one self; recompense, requite"
ἀντιχᾰλεπαίνω,urn:cite2:hmt:lsj.chicago_md:n10692,hostility_enmity,embed,0.508,0.355,0.153,76,to be embittered against
κᾰκο-φρονέω,urn:cite2:hmt:lsj.chicago_md:n52420,hostility_enmity,embed,0.508,0.373,0.135,119,bear ill-will; malice; to be foolish
προφᾰσ-ίζομαι,urn:cite2:hmt:lsj.chicago_md:n90660,hostility_enmity,seed+embed,0.508,0.31,0.199,914,"allege by way; of excuse, plead in excuse; allege as an excuse that..; make excuses; was used as a pretext; was a mere pretence; allege; that..; seek a quarrel against"
σφοδρ-ός,urn:cite2:hmt:lsj.chicago_md:n101713,hostility_enmity,embed,0.508,0.383,0.125,1269,"vehement, violent, excessive; vehemence, excess; violent, impetuous; active, zealous; strong, robust; vehemently"
ἀβουλ-έω,urn:cite2:hmt:lsj.chicago_md:n145,hostility_enmity,embed,0.507,0.324,0.183,214,"to be unwilling; dislike, object to; not to will; without willing"
δυσχέρ-εια,urn:cite2:hmt:lsj.chicago_md:n29629,hostility_enmity,embed,0.507,0.545,-0.038,685,"annoyance, disgust; unpleasantness; odium, unpopularity; difficulty, troublesome question; difficulties; harshness; offensiveness; loathing, nausea"
καθυπερ-ηφᾰνέω,urn:cite2:hmt:lsj.chicago_md:n51911,hostility_enmity,embed,0.507,0.252,0.255,252,treat with disdain
ἀντιδια-στολή,urn:cite2:hmt:lsj.chicago_md:n9886,hostility_enmity,embed,0.506,0.35,0.156,201,"opposition, distinction; counter-dilatation"
δῠσ-ηλεγής,urn:cite2:hmt:lsj.chicago_md:n29029,hostility_enmity,embed,0.506,0.384,0.122,304,"bringing bitter grief, cruel, ruthless; cruel"
ἐπίπλοος,urn:cite2:hmt:lsj.chicago_md:n40556,hostility_enmity,seed+embed,0.506,0.33,0.176,345,sailing against; the enemy; sailing after; on board ship
λῡσῐ-μᾰχος,urn:cite2:hmt:lsj.chicago_md:n64208,hostility_enmity,seed+embed,0.506,0.408,0.098,244,ending strife
συμβολ-εύς,urn:cite2:hmt:lsj.chicago_md:n98300,hostility_enmity,seed+embed,0.506,0.299,0.207,263,twister; forked pole; one who sets; at enmity; interpreter
κατά-γνωσις,urn:cite2:hmt:lsj.chicago_md:n53807,hostility_enmity,embed,0.505,0.44,0.065,436,"thinking ill of, low; contemptuous opinion of; moral condemnation, blame, censure; judgement given against; condemnation; to; dereliction of duty, PFlor"
ἀνάλγητος,urn:cite2:hmt:lsj.chicago_md:n6876,hostility_enmity,embed,0.504,0.394,0.109,573,"without pain; insensible to pain; danger; unfeeling, hard-hearted, ruthless; less resentment; insensible to; unfeelingly; callously; not painful; a lot free from pain; cruel"
ἀνωφελ-ής,urn:cite2:hmt:lsj.chicago_md:n10979,hostility_enmity,embed,0.504,0.411,0.093,382,"unprofitable, useless; hurtful, prejudicial"
ἀπᾰλέξ-ω,urn:cite2:hmt:lsj.chicago_md:n11290,hostility_enmity,embed,0.504,0.312,0.191,401,ward off from; may; avert; from; defend oneself
ἀπηγορ-έομαι,urn:cite2:hmt:lsj.chicago_md:n12041,hostility_enmity,embed,0.504,0.302,0.202,126,defend oneself; defend
παροργ-ισμός,urn:cite2:hmt:lsj.chicago_md:n79766,hostility_enmity,embed,0.504,0.252,0.251,80,provocation : anger
ἀντιπαρ-εξάγω,urn:cite2:hmt:lsj.chicago_md:n10296,hostility_enmity,seed+embed,0.503,0.389,0.114,631,lead on against; cite; in contradiction of; incite to rivalry; bring into action as an enemy; march against; adduce arguments against; march parallel with; compare
ἀπιστ-έω,urn:cite2:hmt:lsj.chicago_md:n12133,hostility_enmity,embed,0.503,0.345,0.158,2314,"to be; disbelieve, distrust; was distrusted; disbelieve; suspected of; doubt; to doubt; is not believed; to be incredulous; disobey; to be disobedient; in; refuse to comply; to be faithless; 2 Ep.Tim.; belying; will; hesitate to commit"
βάρος,urn:cite2:hmt:lsj.chicago_md:n19381,hostility_enmity,embed,0.503,0.46,0.044,1650,"weight; a weight, burden, load; weights; oppressiveness; trouble; heaviness, torpor; feeling of oppression; heavy weight; grief, misery; oppressive; abundance; strength; violence; weight, influence; gravity, dignity; stress; low pitch"
ἐριστ-ικός,urn:cite2:hmt:lsj.chicago_md:n42538,hostility_enmity,seed+embed,0.503,0.42,0.083,830,"eager for strife; battle; involving a contest; debate; fond of wrangling; arguing, captious; sophistry; sophism, fallacy"
παρᾰκοή,urn:cite2:hmt:lsj.chicago_md:n78212,hostility_enmity,embed,0.503,0.34,0.162,268,"that which has been heard imperfectly, hearsay; misunderstanding; defect of hearing; unwillingness to hear, disobedience, contumacy"
ὑπολείπω,urn:cite2:hmt:lsj.chicago_md:n108676,hostility_enmity,embed,0.503,0.354,0.149,3348,"leave remaining; leave; fail; fail, fall short; had ceased; fail in; come short; to be left remaining; he was left behind; so that they do; remain in force; stay behind; to be left behind; lag behind; fall behind; lie to the East; to be inferior; fail, come to an end; leave behind one; leaving; unburied; to leave; against oneself; retain; reserve; left; deduct"
ἀλῡσῐ-τέλεια,urn:cite2:hmt:lsj.chicago_md:n4727,hostility_enmity,embed,0.502,0.407,0.094,59,"damage, prejudice"
ἀνέραστ-ος,urn:cite2:hmt:lsj.chicago_md:n8474,hostility_enmity,embed,0.502,0.42,0.082,439,"loveless; want of love for..; not loved.; unlovely; not loving; unloving, cruel, harsh"
ἐναντῐό-ομαι,urn:cite2:hmt:lsj.chicago_md:n34849,hostility_enmity,embed,0.502,0.413,0.089,1375,"set oneself against, oppose, withstand; will; refuse; contradict, gainsay; to be adverse; Aër.; are the opposile of; behave in the opposite way; to be in diametrical aspect"
ἐπίκοτ-ος,urn:cite2:hmt:lsj.chicago_md:n39840,hostility_enmity,seed+embed,0.502,0.401,0.101,270,"wrathful, vengeful; in wrath at; wrathfully; hateful"
συνεκ-πικραίνομαι,urn:cite2:hmt:lsj.chicago_md:n99966,hostility_enmity,embed,0.502,0.357,0.145,75,to be much provoked also
ἐνῑπή,urn:cite2:hmt:lsj.chicago_md:n35712,hostility_enmity,seed+embed,0.501,0.37,0.131,474,"rebuke, reproof; abuse, contumely; angry threats; reproach; violent attack"
πραγμᾰτο-λογέω,urn:cite2:hmt:lsj.chicago_md:n86128,hostility_enmity,seed+embed,0.5,0.287,0.213,120,"narrate facts; quarrel, argue"
προβασκ-αίνω,urn:cite2:hmt:lsj.chicago_md:n86773,hostility_enmity,seed+embed,0.5,0.348,0.152,105,envy before; because of
φθονερ-ός,urn:cite2:hmt:lsj.chicago_md:n110739,hostility_enmity,seed+embed,0.5,0.36,0.14,908,"envious, jealous; grudging; enviously; jealous; full of envy"
δυσχερ-ής,urn:cite2:hmt:lsj.chicago_md:n29630,hostility_enmity,embed,0.499,0.533,-0.034,1229,"hard to take in hand; manage; annoying, vexatious; odious, unpopular; disagreeable; difficulties; difficult; contradictory, captious; ill-tempered, unfriendly; fastidious; unpleasant, offensive; aegre ferre; annoyed"
μνησῐκᾰκ-ος,urn:cite2:hmt:lsj.chicago_md:n68199,hostility_enmity,embed,0.499,0.401,0.097,106,"bearing malice, revengeful"
πρᾱϋπαθ-έω,urn:cite2:hmt:lsj.chicago_md:n86251,hostility_enmity,embed,0.499,0.369,0.13,57,to be gentle in temper
ἀμύνω,urn:cite2:hmt:lsj.chicago_md:n5607,hostility_enmity,seed+embed,0.498,0.377,0.121,3339,"keep off, ward off; to be kept off; for; from whom; ward off; from; defend, aid, succour; aid ye give; he kept; off from; defend; succour; to aid; help!; means of defence; requite, repay; keep; ward off from oneself, guard; defend oneself against; requital, revenge:; defend oneself, act in self-defence; avenge oneself on; retaliate; are warded off; let him be driven away"
δυσμεν-έων,urn:cite2:hmt:lsj.chicago_md:n29224,hostility_enmity,seed+embed,0.498,0.281,0.217,118,"bearing ill-will, hostile"
ἀλλό-κοτος,urn:cite2:hmt:lsj.chicago_md:n4478,hostility_enmity,embed,0.497,0.401,0.096,512,"of unusual nature; form, strange, portentous; unwelcome, a gainst the grain; strange, uncouth; utterly different from; temper"
ἀνίημι,urn:cite2:hmt:lsj.chicago_md:n9014,hostility_enmity,embed,0.497,0.456,0.041,8445,"send up; forth; spew up, vomit; make; spring up; produce; let come up, give access to; let go; left; wake up; set free; let go unpunished; leave; alone, forbear; to let; go; loosen, unfasten; open; break; let loose at; slip at; set on or urge; let loose, excite; urged; to; aid; to let go for; free; let, allow; having given; loosen, undo; baring her; stripping; flaying; let go free, leave untilled; allowed to run wild; devote oneself, give oneself up; are let range at large; devoted to; consecrated; wholly engaged in; are given up; given up; going free, left to oneʼs own will and pleasure, at large; let hang loose; unrestrained propensity to; slacken, relax; unstring; grave; temper; remit, neglect, give up; to remit; more mildly; to be treated remissly; has become effete, powerless; not strung up for action; relaxed, unconstrained; dissolute; parched; relaxation; slacken, abate; does; to give way; had fallen; lose; edge; give up; cease; cease from; forbore to; dilute, dissolve"
βᾰφ-ή,urn:cite2:hmt:lsj.chicago_md:n19683,hostility_enmity,embed,0.497,0.599,-0.102,1000,"dipping; temper; edge; produced thereby; their edge; dye; dyed robe; the arrows dipped; enamelling; gilding, silvering; infection"
δῠσανά-κρᾱτος,urn:cite2:hmt:lsj.chicago_md:n28666,hostility_enmity,embed,0.497,0.401,0.096,79,hard to mix; temper
εὐκρᾱτόω,urn:cite2:hmt:lsj.chicago_md:n44307,hostility_enmity,embed,0.497,0.401,0.096,107,temper
κιρνάω,urn:cite2:hmt:lsj.chicago_md:n57530,hostility_enmity,embed,0.497,0.57,-0.072,1331,mix; to mix the cup; flavour by mixing; temper; alloy
περικεράννυμι,urn:cite2:hmt:lsj.chicago_md:n81508,hostility_enmity,embed,0.497,0.401,0.096,114,temper
φῐλαυτ-ία,urn:cite2:hmt:lsj.chicago_md:n110897,hostility_enmity,embed,0.497,0.484,0.013,202,"self-love, self-regard; selfishness"
θύρ-ᾱθεν,urn:cite2:hmt:lsj.chicago_md:n49468,hostility_enmity,seed+embed,0.496,0.357,0.139,396,"from outside the door; from without; outside the door, outside; foreigners, the enemy"
μῑσ-ᾰδελφία,urn:cite2:hmt:lsj.chicago_md:n67948,hostility_enmity,seed+embed,0.496,0.28,0.217,63,hatred of oneʼs brother
ἀσεβ-ής,urn:cite2:hmt:lsj.chicago_md:n16134,hostility_enmity,embed,0.495,0.368,0.127,359,"ungodly, unholy, profane, sacrilegious; against"
δυσ-κολία,urn:cite2:hmt:lsj.chicago_md:n29167,hostility_enmity,embed,0.495,0.552,-0.057,225,"discontent, peevishness; difficulty"
μετάνοια,urn:cite2:hmt:lsj.chicago_md:n66831,hostility_enmity,embed,0.495,0.417,0.078,394,"change of mind; heart, repentance, regret; afterthought, correction"
μῑσο-πόλεμος,urn:cite2:hmt:lsj.chicago_md:n68078,hostility_enmity,embed,0.495,0.363,0.132,60,hating war
μῑσο-πόρπαξ,urn:cite2:hmt:lsj.chicago_md:n68087,hostility_enmity,embed,0.495,0.363,0.132,140,hating the shield-handle; hating war
παρόργ-ισμα,urn:cite2:hmt:lsj.chicago_md:n79765,hostility_enmity,embed,0.495,0.281,0.214,92,"provocation, cause of anger"
ἄζηλος,urn:cite2:hmt:lsj.chicago_md:n1816,hostility_enmity,seed+embed,0.494,0.378,0.116,363,"unenvied, unenviable, dreary; sorry; in ill plight; not deserving of envy; not envious"
ἀνάκρισις,urn:cite2:hmt:lsj.chicago_md:n6807,hostility_enmity,seed+embed,0.494,0.349,0.145,1023,"examination; previous examination; preparation; begin proceedings; the first forms of law; inquiry, examination; preliminary examination; examination, testing; quarrel, dispute; disputation"
ἀντιλογ-ία,urn:cite2:hmt:lsj.chicago_md:n10110,hostility_enmity,seed+embed,0.494,0.273,0.22,904,"contradiction, controversy; argue the point; to argue it; contradiction; opposing arguments; grounds for defence; dispute; quarrel, dispute; right, claim"
ἀπωσί-κᾰκος,urn:cite2:hmt:lsj.chicago_md:n14624,hostility_enmity,embed,0.494,0.378,0.116,104,repelling evil
διά-κρῐσις,urn:cite2:hmt:lsj.chicago_md:n25055,hostility_enmity,seed+embed,0.494,0.581,-0.087,1208,"separation, dissolution; segregation; discrimination; differentiation; resolved form; decision, determination; judicial decision; interpretation; diagnosis; determinations, crises; examination; revision of accounts; decision by battle; quarrel, dispute; space between the eyes; separation; secretion; a bandage"
εὐεμ-πτωσία,urn:cite2:hmt:lsj.chicago_md:n43770,hostility_enmity,embed,0.494,0.491,0.003,226,"liability, proneness to; evil proclivity; an illness to which people are commonly liable"
σῐνᾰμωρ-ος,urn:cite2:hmt:lsj.chicago_md:n94203,hostility_enmity,embed,0.494,0.306,0.189,380,"mischievous, hurtful; wantonly mischievous; destructive of; wanton"
ἀντᾰγων-ιστής,urn:cite2:hmt:lsj.chicago_md:n9380,hostility_enmity,seed+embed,0.493,0.372,0.122,376,"opponent, competitor, rival; a rival; opponents"
ἀντιδῐδάσκᾰλοι,urn:cite2:hmt:lsj.chicago_md:n9890,hostility_enmity,embed,0.492,0.359,0.133,107,poets who are rivals in dramatic; lyric contests
ἀκατα-φρόνητος,urn:cite2:hmt:lsj.chicago_md:n3031,hostility_enmity,embed,0.491,0.266,0.225,165,"not to be despised; without negligence, P Lond."
διαβάλλω,urn:cite2:hmt:lsj.chicago_md:n24523,hostility_enmity,seed+embed,0.491,0.421,0.07,3228,"throw; carry over; across; pass over, cross; put through; they threw to; set at variance; set against; bring into discredit; to be at variance with; to be filled with suspicion and resentment against; to be brought into discredit; discredited; put off with evasions; attack; calumniate; accuse, complain of; reproach; with..; misrepresent; speak; state slanderously; give hostile information; lay the blame for; disprove; declare; spurious; deceive by false accounts, impose upon, mislead; divert; contract an obligation"
διαμηκίζω,urn:cite2:hmt:lsj.chicago_md:n25266,hostility_enmity,embed,0.491,0.356,0.136,83,to be in direct opposition
δυσκατα-φρόνητος,urn:cite2:hmt:lsj.chicago_md:n29132,hostility_enmity,embed,0.491,0.266,0.225,73,not to be despised
καταπᾰνουργ-εύομαι,urn:cite2:hmt:lsj.chicago_md:n54718,hostility_enmity,embed,0.491,0.34,0.151,94,devise villainously
ἀνάξιος,urn:cite2:hmt:lsj.chicago_md:n7114,hostility_enmity,embed,0.49,0.383,0.106,837,"unworthy, not deemed; held worthy;; too good for; undeserving; worthless, despicable; undeserving of evil; undeserved; unworthy; worthless"
ἄδοξ-ος,urn:cite2:hmt:lsj.chicago_md:n1456,hostility_enmity,embed,0.489,0.297,0.192,416,"without; inglorious; disreputable; obscure, ignoble; despised; unexpected; improbable"
ἀνανδρ-ία,urn:cite2:hmt:lsj.chicago_md:n7048,hostility_enmity,embed,0.489,0.354,0.135,347,"want of manhood; unmanliness, cowardice; unmarried womanhood"
ἀπόθεστος,urn:cite2:hmt:lsj.chicago_md:n12615,hostility_enmity,embed,0.489,0.297,0.192,143,despised
ἐξυβρίζω,urn:cite2:hmt:lsj.chicago_md:n37675,hostility_enmity,seed+embed,0.489,0.369,0.12,871,"break out into insolence, wax wanton; come; of insolence; commit; violence; extravagance; treat with insolence; despised; break out; to be over-luxuriant"
καταγιγνώσκω,urn:cite2:hmt:lsj.chicago_md:n53784,hostility_enmity,embed,0.489,0.403,0.086,3330,"remark, observe; to oneʼs prejudice; having observed; by your way of it; having formed; prejudices; despising; to be judged unfavourably, lightly esteemed; despised; lay as a charge against; Aër.; being convicted; self-condemned; pronounce a verdict; against..; charge; with..; being suspected; to be detected; condemn; give judgement; sentence against; pass sentence; on; for; were condemned; decide"
ἆθλος,urn:cite2:hmt:lsj.chicago_md:n2032,hostility_enmity,embed,0.488,0.492,-0.004,736,"contest; contest for a prize; a task; toil; conflict, struggle, ordeal"
ἅμιλλα,urn:cite2:hmt:lsj.chicago_md:n5274,hostility_enmity,embed,0.488,0.457,0.03,1311,"contest for superiority, conflict; race; racing; contest; races; trial; contest for; eager desire; striving after; contend; struggle"
βάσκ-ᾰνος,urn:cite2:hmt:lsj.chicago_md:n19568,hostility_enmity,embed,0.488,0.34,0.148,707,"one who bewitches, sorcerer; slanderer; slanderous, malicious; evil"
διαμετρ-έω,urn:cite2:hmt:lsj.chicago_md:n25258,hostility_enmity,embed,0.488,0.364,0.124,1138,"measure through, measure out; off; measure; survey; measured by the clepsydra; measure out in portions, distribute; give out; rations; divide amongst themselves; receive as oneʼs share; die; measure with the eye, scan; pass over, traverse; to be in opposition; to be diametrically opposite to"
κᾰκοδαιμον-ία,urn:cite2:hmt:lsj.chicago_md:n52151,hostility_enmity,embed,0.488,0.416,0.072,254,"unhappiness, misfortune; possession by an evil spirit"
προσᾰπιστέω,urn:cite2:hmt:lsj.chicago_md:n88663,hostility_enmity,embed,0.488,0.305,0.184,69,to be distrustful besides
ὑβρ-ιστικός,urn:cite2:hmt:lsj.chicago_md:n106185,hostility_enmity,seed+embed,0.488,0.379,0.109,771,"given to wantonness, insolent, outrageous; such as proceed from wanton insolence; an insolent disposition; wanton, luxuriant; of; relating to an outrage"
ἀζηλο-τύπητος,urn:cite2:hmt:lsj.chicago_md:n1817,hostility_enmity,embed,0.487,0.3,0.186,129,not likely to arouse jealousy; not exposed to jealousy
ἀντικατά-στᾰσις,urn:cite2:hmt:lsj.chicago_md:n9998,hostility_enmity,embed,0.487,0.36,0.127,195,being confronted with one another; opposition
ἀπολογ-έομαι,urn:cite2:hmt:lsj.chicago_md:n13108,hostility_enmity,embed,0.487,0.345,0.142,1535,"speak in defence, defend oneself; about; in reference; answer to; before..; speak in; behalf; speak in support of; in answer to; the defendant; defend oneself against; defend; allege in oneʼs defence; speak against; passing on one; remoual"
φθονερ-ία,urn:cite2:hmt:lsj.chicago_md:n110738,hostility_enmity,embed,0.487,0.305,0.182,165,enviousness
οὐλόμενος,urn:cite2:hmt:lsj.chicago_md:n75849,hostility_enmity,embed,0.486,0.417,0.069,1042,"accursed; ;; ruined, lost; unhappy, wretched"
ἐπιτρέφω,urn:cite2:hmt:lsj.chicago_md:n41417,hostility_enmity,seed+embed,0.485,0.369,0.116,782,"—grow; rear upon; support, maintain; supply; maintained; cause to grow upon; form upon; grow up after; grow up as a rival; successor"
θλῖψις,urn:cite2:hmt:lsj.chicago_md:n48900,hostility_enmity,embed,0.485,0.413,0.073,465,"pressure; crushing, castration; oppression, affliction"
προσόχθ-ισμα,urn:cite2:hmt:lsj.chicago_md:n89864,hostility_enmity,seed+embed,0.485,0.415,0.07,121,"object of wrath, offence"
καταζηλόω,urn:cite2:hmt:lsj.chicago_md:n53971,hostility_enmity,embed,0.484,0.291,0.193,75,create prejudice against
μῑσάνθρωπ-ος,urn:cite2:hmt:lsj.chicago_md:n67961,hostility_enmity,embed,0.484,0.348,0.136,197,hating mankind
προσπολεμ-όομαι,urn:cite2:hmt:lsj.chicago_md:n89990,hostility_enmity,seed+embed,0.484,0.258,0.226,133,"make oneʼs enemy besides, go to war with besides"
ἐχθ-ίων,urn:cite2:hmt:lsj.chicago_md:n45928,hostility_enmity,embed,0.482,0.249,0.233,185,more hateful
ὑβρίζω,urn:cite2:hmt:lsj.chicago_md:n106175,hostility_enmity,seed+embed,0.482,0.489,-0.007,3615,"wax wanton, run riot; neigh; bray and prance about; run riot, grow rank and luxuriant; had been carried away; treat; despitefully, outrage, insult, maltreat; commit an outrage; to do one a personal injury; to injure that which belongs to one;; commit; outrages; commit a physical outrage on one; mauled; of ill-treatment; to be mutilated; arrogant, ostentatious"
ἀντι-ξοέω,urn:cite2:hmt:lsj.chicago_md:n10220,hostility_enmity,embed,0.481,0.281,0.2,66,"set oneself against, oppose"
κᾰκο-γλωσσία,urn:cite2:hmt:lsj.chicago_md:n52139,hostility_enmity,embed,0.481,0.193,0.288,64,slanderousness
διωγ-μός,urn:cite2:hmt:lsj.chicago_md:n27749,hostility_enmity,embed,0.48,0.34,0.14,282,"the chase; pursuit; persecution, harassing"
προκατ-άρχω,urn:cite2:hmt:lsj.chicago_md:n87710,hostility_enmity,embed,0.48,0.357,0.123,1029,beging first; begin; before; begin hostilities; litem contestor; serve; with; first; the best portion of
μάρνᾰμαι,urn:cite2:hmt:lsj.chicago_md:n65072,hostility_enmity,seed,0.479,0.469,0.01,1373,"fight, do battle; with, against; together with; on his side; about; for; quarrel, wrangle; contend, strive; strive; mṛṇā´ti"
μάχομαι,urn:cite2:hmt:lsj.chicago_md:n65313,hostility_enmity,seed,0.479,0.428,0.051,3420,"fight; fight with; against; with thy help; will fight; the force that had; come into action; fight against; quarrel, wrangle; make a scene; dispute, argue; contend for the mastery; measure oneself with; struggle against; struggle, make an effort; to be in contradiction; inconsistent"
διαπολῑτ-εία,urn:cite2:hmt:lsj.chicago_md:n25588,hostility_enmity,seed,0.478,0.326,0.152,95,party-strife
ἐξῐσ-όω,urn:cite2:hmt:lsj.chicago_md:n37408,hostility_enmity,seed,0.477,0.404,0.073,1046,"make equal; even, bring to a level with; bring; abreast; make oneself equal; to be; become equal; to be reduced to a level with; to be a match for, rival; put on a level; levelled, equalized; resolved in harmony; levelled; to be equal; like; acts; make; equal"
ἐπι-βλέπω,urn:cite2:hmt:lsj.chicago_md:n38928,hostility_enmity,seed,0.477,0.36,0.118,679,"look upon, look attentively; look well at; observe; being taken; into consideration; face; eye with envy; to be in aspect with"
φρον-ημᾰτισμός,urn:cite2:hmt:lsj.chicago_md:n112354,hostility_enmity,seed,0.477,0.376,0.101,98,"presumptuousness, arrogance"
ἀντιγεννάω,urn:cite2:hmt:lsj.chicago_md:n9834,hostility_enmity,seed,0.476,0.352,0.124,107,generate in rivalry; in return
ὑφίστημι,urn:cite2:hmt:lsj.chicago_md:n109865,hostility_enmity,seed,0.475,0.659,-0.184,7345,"place; set under; having set; under; to support; plants; having laid; as a foundation, having begun with; post secretly; in ambush; bring to a halt, hold up; stationed; give substance to, cause to subsist, ‘hypostatize’; treat as subsisting; lay down, premise; substitute; conceive, suppose; set before onself; stand under as a support; sink, settle; sediment, deposit; set; place oneself under an engagement, promise; after promise given; he promised; I promised; we made; submit; submit to, consent to; who offers to take; undertake; unwillingly; consent, bring oneself to; submit patiently; yields; make an offer; make; bid, commit myself to; undertook; x] PTheb. Bank; laid himself open to; lie concealed; resist, withstand; stand oneʼs ground, face the enemy; subsist, exist; business in hand; having; open; are costive; are obstructed; stopped; arise within"
πᾰλεο-μίσημα,urn:cite2:hmt:lsj.chicago_md:n76817,hostility_enmity,seed,0.474,0.349,0.125,100,ancient object of hate
μῑσο-λογία,urn:cite2:hmt:lsj.chicago_md:n68063,hostility_enmity,seed,0.47,0.215,0.255,132,hatred of argument; hatred of speaking
ἐπιπολ-άζω,urn:cite2:hmt:lsj.chicago_md:n40578,hostility_enmity,seed,0.468,0.428,0.04,1568,"to be at the top, come to the surface, float on the surface; hover over; remain; crude; have the upper hand, prevail; to be prevalent, fashionable, current; to be common, abound; abounding; to be ‘uppish’; insolent; behave insolently; to; wander over; overflow; be engaged upon"
μῑσο-γῠνία,urn:cite2:hmt:lsj.chicago_md:n68039,hostility_enmity,seed,0.468,0.346,0.122,78,hatred of women
ὀνείδ-ισμα,urn:cite2:hmt:lsj.chicago_md:n74008,hostility_enmity,seed,0.468,0.209,0.259,69,"insult, reproach, blame"
ἀπᾰμύνω,urn:cite2:hmt:lsj.chicago_md:n11362,hostility_enmity,seed,0.466,0.373,0.093,817,"keep off, ward off; for; from; repulse; requite, take vengeance on; keep off from oneself, drive back, repel; defend, protect oneself; may protect ourselves"
ἀντιμερίτης,urn:cite2:hmt:lsj.chicago_md:n10144,hostility_enmity,seed,0.465,0.266,0.199,71,rival claimant
φθόν-ησις,urn:cite2:hmt:lsj.chicago_md:n110741,hostility_enmity,seed,0.464,0.272,0.192,61,jealous refusal
ὑπερηφᾰν-ία,urn:cite2:hmt:lsj.chicago_md:n107546,hostility_enmity,seed,0.463,0.342,0.121,350,arrogance; contempt towards; for
κοτ-ήεις,urn:cite2:hmt:lsj.chicago_md:n59370,hostility_enmity,seed,0.462,0.285,0.177,89,"wrathful, jealous"
ἀντιμέτ-ειμι,urn:cite2:hmt:lsj.chicago_md:n10172,hostility_enmity,seed,0.461,0.316,0.145,127,ibo; compete with; rival competitors
ἀντίτῠπ-ος,urn:cite2:hmt:lsj.chicago_md:n10631,hostility_enmity,seed,0.46,0.524,-0.063,1854,"repelled; blow and counter-blow; echoed, echoing; repercussion; reflected; corresponding; figuring; representing; resembling; feigned, counterfeit; mutual; image; reproduction, copy; antitype; repelling; firm, resistent; rigid, inelastic; hard ground; most resistent; stubborn, obstinate; harsh-sounding; glaring; opposed to; the reverse of..; the adversary; adverse; opposite, over against"
ἐπικᾰλέω,urn:cite2:hmt:lsj.chicago_md:n39550,hostility_enmity,seed,0.459,0.365,0.094,2449,"summon; invoke; over; to be; gracious to; watch over; pray for; invite; call in; appeal to; appello, provoco; call before one, summon; challenge; call by surname; to be called by surname; to be nicknamed; bring as an accusation against; accuse; is; your charge; objecting to; let; bring his action; plaintiff; imputed; to him; which he was charged with having; sums claimed; quarrel, dispute with"
ἀπεχθ-ητικός,urn:cite2:hmt:lsj.chicago_md:n12031,hostility_enmity,seed,0.458,0.284,0.174,110,"full of hatred, envious"
μεγαίρω,urn:cite2:hmt:lsj.chicago_md:n65334,hostility_enmity,seed,0.458,0.544,-0.086,1414,regard as too great; grudge; as too great; complain; object; feel a grudge towards; care; grudging; to be envied; bewitch
νεμεσάω,urn:cite2:hmt:lsj.chicago_md:n70168,hostility_enmity,seed,0.458,0.399,0.059,2173,"feel just resentment, to be wroth at undeserved good; bad fortune; to be wroth with; at; grudge; to be displeased with oneself; is indignant, ashamed at the thought of.., rejects it as unseemly; feel shame; is wroth at"
ὄκν-ος,urn:cite2:hmt:lsj.chicago_md:n72769,hostility_enmity,seed,0.458,0.261,0.197,1022,"shrinking, hesitation; alarm, fear; grudge; hesitate"
μεγᾰλ-αυχία,urn:cite2:hmt:lsj.chicago_md:n65353,hostility_enmity,seed,0.457,0.342,0.115,136,"boasting, arrogance; exultation"
ἀγαυρ-ίᾱμα,urn:cite2:hmt:lsj.chicago_md:n371,hostility_enmity,seed,0.456,0.322,0.134,70,insolence
ἀνθυφίστᾰμαι,urn:cite2:hmt:lsj.chicago_md:n8976,hostility_enmity,seed,0.456,0.387,0.069,234,undertake for; undertake to serve; in rivalry with; imply reciprocally
ἀντεπι-θῡμέω,urn:cite2:hmt:lsj.chicago_md:n9680,hostility_enmity,seed,0.456,0.489,-0.033,204,desire; in rivalry with; have oneʼs; desired in turn
θρᾰσυστομ-ία,urn:cite2:hmt:lsj.chicago_md:n49049,hostility_enmity,seed,0.456,0.322,0.134,57,insolence
συνυβρίζω,urn:cite2:hmt:lsj.chicago_md:n101102,hostility_enmity,seed,0.456,0.322,0.134,136,join in violence; insolence; to be insulted as well
ἀνταν-ίστημι,urn:cite2:hmt:lsj.chicago_md:n9459,hostility_enmity,seed,0.455,0.36,0.095,260,set up against; in rivalry; rise up against; rise one against another
ἀντί-ξοος,urn:cite2:hmt:lsj.chicago_md:n10221,hostility_enmity,seed,0.455,0.36,0.096,553,"opposed to, adverse; opposition; in hostile spirit; opposite side"
παρα-φθᾰδόν,urn:cite2:hmt:lsj.chicago_md:n79017,hostility_enmity,seed,0.455,0.33,0.125,99,overtaking; in rivalry
ἐπιβολ-ή,urn:cite2:hmt:lsj.chicago_md:n38954,hostility_enmity,seed,0.454,0.444,0.01,3497,"throwing; laying; on; affixing; a fray; massage; application; scrupulously; act of direct apprehension; intuition; conception, notion; point of view; doctrine; principles; impulse; setting upon; design, attempt, enterprise; writing; acquisition; designs; designedly; hostile attempt, assault; that which is laid on; courses; layers; superstructure, gallery; commissures; penalty, fine; the penalty; imposed; fine; requisition, number of men; required; impost, public burden; requisition; additional quantity; proportion; pro rata; a thing put over for shelter; protection; embankment; cloak; introduction, approach; power, ‘grasp’; general survey, consideration; ‘trimmings’, ornament; ‘projection’"
ὄπῐς,urn:cite2:hmt:lsj.chicago_md:n74458,hostility_enmity,seed,0.453,0.471,-0.018,1355,"the vengeance; visitation; divine vengeance; the care; favour; the awful regard; religious awe, veneration, obedience; regard; reverence towards; due reverence for; pious care; zeal"
ἁψι-μᾰχέω,urn:cite2:hmt:lsj.chicago_md:n18883,hostility_enmity,seed,0.451,0.445,0.006,150,skirmish with an enemy; entice; lead on to fight
ἄδηρις,urn:cite2:hmt:lsj.chicago_md:n1254,hostility_enmity,seed,0.45,0.374,0.077,101,without strife
ἁμόθι,urn:cite2:hmt:lsj.chicago_md:n5382,hostility_enmity,seed,0.45,0.374,0.077,147,"together, in common; without strife"
μήνῑμα,urn:cite2:hmt:lsj.chicago_md:n67483,hostility_enmity,seed,0.45,0.36,0.091,495,cause of wrath; guilt; blood-guiltiness; wrath
τῑμωρ-ητικός,urn:cite2:hmt:lsj.chicago_md:n104022,hostility_enmity,seed,0.45,0.357,0.093,199,revengeful; acts of revenge
ὕβρ-ισμα,urn:cite2:hmt:lsj.chicago_md:n106180,hostility_enmity,seed,0.45,0.31,0.14,446,"wanton; insolent act, outrage; object of insolence"
ἀντηρέτης,urn:cite2:hmt:lsj.chicago_md:n9767,hostility_enmity,seed,0.449,0.333,0.116,178,"one who rows against; opponent, adversary"
ἀντίδῐκ-ος,urn:cite2:hmt:lsj.chicago_md:n9903,hostility_enmity,seed,0.449,0.333,0.116,363,"opponent; adversary in a suit; the defendant; the plaintiff; opponent, adversary"
ἀντιστᾰτ-ης,urn:cite2:hmt:lsj.chicago_md:n10518,hostility_enmity,seed,0.449,0.333,0.116,156,"opponent, adversary; vertical beam"
ἐνδιαβάλλω,urn:cite2:hmt:lsj.chicago_md:n35177,hostility_enmity,seed,0.449,0.338,0.111,172,calumniate; stand in the way as an adversary
προδίδωμι,urn:cite2:hmt:lsj.chicago_md:n87038,hostility_enmity,seed,0.449,0.443,0.006,2349,"give beforehand, pay in advance; give first; give up; deliver up; give up to the enemy, betray; forsake, abandon; play false, desert; will; prove traitor; treat treasonably; to be guilty of treachery; betray, fail; fail; run dry; surrender, give up; to be false to, fail to uphold; give up as lost, bid adieu to"
ἀντιπαρα-σκευή,urn:cite2:hmt:lsj.chicago_md:n10283,hostility_enmity,seed,0.448,0.286,0.161,61,hostile preparation
ἀντισυμποσιάζω,urn:cite2:hmt:lsj.chicago_md:n10553,hostility_enmity,seed,0.448,0.291,0.157,81,write a Symposium in rivalry of
κατεχθραίνω,urn:cite2:hmt:lsj.chicago_md:n55902,hostility_enmity,seed,0.448,0.285,0.163,67,hate inveterately
ἐπισυμ-μᾰχία,urn:cite2:hmt:lsj.chicago_md:n41114,hostility_enmity,seed,0.447,0.313,0.135,104,alliance against a common enemy
κατατολμάω,urn:cite2:hmt:lsj.chicago_md:n55418,hostility_enmity,seed,0.447,0.362,0.086,630,"behave boldly towards; make an insolent attack upon; presume beyond; make a bold bid for; desperate, reckless persons"
ἀγαυρ-ιάομαι,urn:cite2:hmt:lsj.chicago_md:n372,hostility_enmity,seed,0.446,0.289,0.157,73,to be insolent
ἀτασθάλλω,urn:cite2:hmt:lsj.chicago_md:n16980,hostility_enmity,seed,0.446,0.289,0.157,145,to be insolent
ἐπηρε-άζω,urn:cite2:hmt:lsj.chicago_md:n38835,hostility_enmity,seed,0.446,0.316,0.13,845,"threaten abusively; speak disparagingly of; deal despitefully with, act despitefully towards; oppose; insolently; to be insolent; to be insulted"
Σᾰτάν,urn:cite2:hmt:lsj.chicago_md:n93405,hostility_enmity,seed,0.446,0.327,0.119,448,"Satan; adversary, opponent; accuser; chief of the evil spirits, the Devil; NT"
ὑπέρθῡμος,urn:cite2:hmt:lsj.chicago_md:n107581,hostility_enmity,seed,0.446,0.372,0.074,543,"high-spirited, high-minded, daring; overweening; over-spirited; vehemently angry; in; vehement wrath; eagerly, readily"
ἀντιμῑσέω,urn:cite2:hmt:lsj.chicago_md:n10186,hostility_enmity,seed,0.444,0.351,0.093,54,hate in return
σκῡλ-ευτής,urn:cite2:hmt:lsj.chicago_md:n95301,hostility_enmity,seed,0.444,0.282,0.161,76,one who strips a slain enemy
ἀντεπι-δείκνῡμι,urn:cite2:hmt:lsj.chicago_md:n9677,hostility_enmity,seed,0.443,0.348,0.095,309,exhibit in turn; contrast; exhibit oneself in competition; display a; sight in rivalry with
μενε-δήϊος,urn:cite2:hmt:lsj.chicago_md:n66266,hostility_enmity,seed,0.443,0.37,0.072,141,"standing oneʼs ground against the enemy, staunch"
ἀναντᾰγώνιστος,urn:cite2:hmt:lsj.chicago_md:n7079,hostility_enmity,seed,0.441,0.356,0.085,358,"without a struggle; unchallenged; unalloyed; without having to strive for it; irresistible; without a rival, incomparable"
συνεχθ-αίρω,urn:cite2:hmt:lsj.chicago_md:n100496,hostility_enmity,seed,0.439,0.338,0.102,95,"hate together, join in hating"
φθον-ητέον,urn:cite2:hmt:lsj.chicago_md:n110742,hostility_enmity,seed,0.438,0.281,0.157,72,one must envy
ὄνομαι,urn:cite2:hmt:lsj.chicago_md:n74128,hostility_enmity,seed,0.437,0.339,0.099,1164,"blame, find fault with, treat scornfully; do ye think it a light thing; is it to your profit; thou wilt; quarrel with; deem; too light; throw a slur upon"
προσεπι-φθονέω,urn:cite2:hmt:lsj.chicago_md:n89284,hostility_enmity,seed,0.436,0.196,0.241,59,grudge besides
μῑσ-ητικός,urn:cite2:hmt:lsj.chicago_md:n67984,hostility_enmity,seed,0.435,0.311,0.125,69,inclined to hate
ἀντιπαρά-ταξις,urn:cite2:hmt:lsj.chicago_md:n10286,hostility_enmity,seed,0.434,0.285,0.149,166,hostile demonstration; stubborn determination to resist
ἀπήμων,urn:cite2:hmt:lsj.chicago_md:n12069,hostility_enmity,seed,0.433,0.387,0.046,755,"unharmed, unhurt; without sorrow; care; doing no harm; kindly, propitious; without hostile intent; free from harm to"
ἀπότροπ-ος,urn:cite2:hmt:lsj.chicago_md:n14127,hostility_enmity,seed,0.432,0.28,0.152,590,"turned away, far from men; turned away in flight; from which one turns away, horrible; stern, hostile; turning away, averting; preventing, saving from"
ἐπηρε-αστής,urn:cite2:hmt:lsj.chicago_md:n38837,hostility_enmity,seed,0.432,0.239,0.193,112,insolent person
ἐφυβρ-ιστής,urn:cite2:hmt:lsj.chicago_md:n45847,hostility_enmity,seed,0.432,0.239,0.193,66,insolent person
νέμεσις,urn:cite2:hmt:lsj.chicago_md:n70177,hostility_enmity,seed,0.432,0.36,0.073,1735,distribution of what is due; retribution; righteous anger; cause for anger; wrath; indignation at undeserved good fortune; Nemesis; divine Retribution; avenger; five
ἀποφθαλμόομαι,urn:cite2:hmt:lsj.chicago_md:n14204,hostility_enmity,seed,0.429,0.342,0.086,94,"look askance at; covet, envy"
καταβάλλω,urn:cite2:hmt:lsj.chicago_md:n53653,hostility_enmity,seed,0.429,0.367,0.062,4674,"throw down, overthrow; to bring down; confound, defy; throw; down; strike down; slay; to be stricken; throw, bring; overthrow, refute; abuse, bully; cast down; away, cast off, reject; forget; throw away; despicable fellows; let fall, drop; droop; abandon; lay down, set down; lay down, lay in; stored up; pay down, yield, bring in; pay; pay up, discharge; put in, deposit; deposit; throw down; sow; spread abroad; lay down as a foundation; beginning; to be the author of, commit to writing; fundamental, established; begin; lie down; arrive; fall"
ἄντῐτος,urn:cite2:hmt:lsj.chicago_md:n10619,hostility_enmity,seed,0.426,0.343,0.084,235,"requited, revenged; of revenge; revenge for"
ἀπομνησικᾰκέω,urn:cite2:hmt:lsj.chicago_md:n13230,hostility_enmity,seed,0.426,0.203,0.223,89,bear a grudge against
βᾰρύ-ζηλος,urn:cite2:hmt:lsj.chicago_md:n19418,hostility_enmity,seed,0.426,0.246,0.18,96,exceeding jealous; envious
ἐθελ-εχθρέω,urn:cite2:hmt:lsj.chicago_md:n30757,hostility_enmity,seed,0.426,0.203,0.223,113,bear a grudge against
μῶμος,urn:cite2:hmt:lsj.chicago_md:n69593,hostility_enmity,seed,0.426,0.33,0.096,515,"blame, reproach, disgrace; brand; blemish; Momus"
βλασφημ-ία,urn:cite2:hmt:lsj.chicago_md:n20068,hostility_enmity,seed,0.423,0.343,0.08,592,"word of evil omen, profane speech; defamation, slander; of abuse; irreverent speech against God, blasphemy; against.."
κᾰκηγορ-έω,urn:cite2:hmt:lsj.chicago_md:n52084,hostility_enmity,seed,0.423,0.284,0.139,293,"speak ill of, abuse, slander; evil-speaking; to be abused"
ἐθέλ-εχθρος,urn:cite2:hmt:lsj.chicago_md:n30758,hostility_enmity,seed,0.421,0.203,0.218,139,bearing one a grudge
θράσος,urn:cite2:hmt:lsj.chicago_md:n49022,hostility_enmity,seed,0.421,0.442,-0.021,1219,"courage; boldly; confidence; over-boldness, rashness, insolence"
ὑποφθον-έω,urn:cite2:hmt:lsj.chicago_md:n109500,hostility_enmity,seed,0.42,0.288,0.132,160,feel secret envy at
ψαύω,urn:cite2:hmt:lsj.chicago_md:n115374,hostility_enmity,seed,0.42,0.327,0.093,2350,"touch; in close contact; touched with; assailing; touch lightly.; touch upon; notice; slightly; lightly upon; touch as an enemy, lay hands upon; touch, affect; reach, gain; hit the mark; tangent; to be touched; are affected"
ἀντιτῑμώρ-ημα,urn:cite2:hmt:lsj.chicago_md:n10603,hostility_enmity,seed,0.419,0.34,0.079,85,"vengeance, revenge"
ἀντεκ-τείνω,urn:cite2:hmt:lsj.chicago_md:n9576,hostility_enmity,seed,0.418,0.366,0.052,177,stretch out in rivalry; match; with
ἐγχλίω,urn:cite2:hmt:lsj.chicago_md:n30589,hostility_enmity,seed,0.418,0.248,0.17,80,"to deal wantonly with, insult"
δυσμέν-εια,urn:cite2:hmt:lsj.chicago_md:n29223,hostility_enmity,seed,0.416,0.289,0.128,258,"ill-will, enmity"
ἐνυβρ-ίζω,urn:cite2:hmt:lsj.chicago_md:n36377,hostility_enmity,seed,0.416,0.273,0.142,374,insult; mock; in; to be irritated
ἐπονείδιστος,urn:cite2:hmt:lsj.chicago_md:n41811,hostility_enmity,seed,0.416,0.333,0.083,498,"to be reproached, disgraceful, shameful; matter of reproach; of reproach; shamefully; so as to shame"
ὑπέροπλ-ος,urn:cite2:hmt:lsj.chicago_md:n107742,hostility_enmity,seed,0.416,0.292,0.124,538,"insolent, presumptuous; insolently, presumptuously; big, mighty; monstrous; overwhelming"
ὑποφθᾰδόν,urn:cite2:hmt:lsj.chicago_md:n109494,hostility_enmity,seed,0.416,0.334,0.082,126,"striving to be first, in rivalry; taking one unawares"
μῑσο-σύλλας,urn:cite2:hmt:lsj.chicago_md:n68099,hostility_enmity,seed,0.415,0.31,0.105,62,enemy of Sulla
τρῐ-χάλεπτος,urn:cite2:hmt:lsj.chicago_md:n105388,hostility_enmity,seed,0.413,0.318,0.096,106,thrice-jealous
γαυρ-ίᾱμα,urn:cite2:hmt:lsj.chicago_md:n21692,hostility_enmity,seed,0.412,0.336,0.076,109,"arrogance, exultation"
ἀνδρεία,urn:cite2:hmt:lsj.chicago_md:n7911,hostility_enmity,seed,0.41,0.484,-0.074,944,"may; manliness, manly spirit; brave deeds; hardihood, insolence; membrum virile; skill"
ἐρῐδ-αίνω,urn:cite2:hmt:lsj.chicago_md:n42420,hostility_enmity,seed,0.41,0.469,-0.059,878,"wrangle, quarrel; strive; compete in"
ζήλ-η,urn:cite2:hmt:lsj.chicago_md:n46211,hostility_enmity,seed,0.41,0.331,0.079,70,female rival
τίνῠμαι,urn:cite2:hmt:lsj.chicago_md:n104038,hostility_enmity,seed,0.41,0.383,0.027,1432,"punish, chastise; chastising; avenge, take vengeance for; avenge oneself; repay; pay; pendo; pendo poenas"
ἀντᾰγών-ιστος,urn:cite2:hmt:lsj.chicago_md:n9381,hostility_enmity,seed,0.409,0.283,0.126,170,contending as an adversary
ἀποδίδωμι,urn:cite2:hmt:lsj.chicago_md:n12485,hostility_enmity,seed,0.408,0.426,-0.019,5734,"give up; back, restore, return; render what is due, pay; give; back; make atonement for; pay the debt of; assign; refer; render, yield; yield fruit; renders, makes; concede, allow; suffer; allow; allowed; render; make; exhibit, display; render, express; present; deliver over, give up; deliver; bring; to a conclusion; give an account; definition; explain; de.An.; use by way of definition; define; expound; render, interpret; by; explain, interpret; use with reference to; attach; append, make dependent upon; to; return, recur; introduce a clause answering to the; has; apodosis; complete the comparison; turn; back to face the enemy; to be evacuated; give away of oneʼs own will, sell; take; and sell; sell for; for; sell; take a bribe to forgo; farm out; to be sold"
ἐνᾰσελγ-αίνω,urn:cite2:hmt:lsj.chicago_md:n35026,hostility_enmity,seed,0.407,0.276,0.131,161,behave lewdly; to be treated with insult in
ἀντιβροντάω,urn:cite2:hmt:lsj.chicago_md:n9829,hostility_enmity,seed,0.406,0.319,0.087,89,rival in thunaering
διάφορ-ος,urn:cite2:hmt:lsj.chicago_md:n26233,hostility_enmity,seed,0.406,0.483,-0.077,3172,"different, unlike; differing from; several, various; ambiguous; differing; disagreeing with; at variance with; adversary; excellent, distinguished, remarkable; making a difference to one; advantageous, profitable, important; disagreeable; difference; differences; what concerns one; matters of; concern; difference, disagreement; difference with; difference, balance; expenditure; expenses; losses; ready money, cash; sum of money; interest; price; expenses of carriage; with a difference; in a variety of ways; differ; to differ with..; pre-eminently; excellently, with distinction"
ἔγ-κλημα,urn:cite2:hmt:lsj.chicago_md:n30299,hostility_enmity,seed,0.406,0.323,0.083,885,"accusation, charge; matter of complaint; accusations; complaints; ground of complaint; clear away; written complaint; a complaint; a standing reproach; defect"
ἐν-στάτης,urn:cite2:hmt:lsj.chicago_md:n36095,hostility_enmity,seed,0.406,0.281,0.125,73,adversary
πούς,urn:cite2:hmt:lsj.chicago_md:n86108,hostility_enmity,seed,0.406,0.411,-0.005,9220,"foot; talons; arms; feelers; the foot from the ankle; the leg with the foot; on foot; to trample; tread upon; pattering; just; off-hand, at once; close at hand; feet; in a moment; close behind; immediately afterwards; at his very feet; in oneʼs way, close at hand; everyday matters; out of the way, far off; in the track; on the heels; on the moment; very next; running; at his heels, on his track; immediately after; backwards; backwards facing the enemy; without turning to fly, leisurely; feetforemost; round the foot; fitting exactly; for feet; entirely; just below them; next below them; recede, decline; from the land; by the feet; round the bottom; as coming; foot, lowest part; foot of a hill; the two lower corners of the sail; the ropes fastened thereto; sheets; the sheet; of it; it; sheet; rudder; steering-paddle; a foot; phrase; passage; boundary stone; pes; fotus"
βᾰρῠ-φθονος,urn:cite2:hmt:lsj.chicago_md:n19507,hostility_enmity,seed,0.405,0.327,0.077,81,heavy with envy
σοβ-άς,urn:cite2:hmt:lsj.chicago_md:n95566,hostility_enmity,seed,0.405,0.292,0.113,185,"insolent, capricious; dance"
φορτ-ῐκός,urn:cite2:hmt:lsj.chicago_md:n112162,hostility_enmity,seed,0.405,0.424,-0.019,1825,"fit for carrying; of burden; of the nature of a burden:; tiresome, wearisome; most onerous; coarse, vulgar, common; vulgar, low; base, low; ad captandum vulgus; vulgar; vulgar arrogance; vulgarity; coarsely, vulgarly; more like a clown"
μεμψῐ-μοιρέω,urn:cite2:hmt:lsj.chicago_md:n66255,hostility_enmity,seed,0.404,0.275,0.129,242,"grumble, complain of; blame, bear a grudge against"
προσμῑσέω,urn:cite2:hmt:lsj.chicago_md:n89756,hostility_enmity,seed,0.404,0.267,0.137,74,hate besides
τῑμωρ-ία,urn:cite2:hmt:lsj.chicago_md:n104023,hostility_enmity,seed,0.404,0.437,-0.033,2031,"retribution, vengeance; vengeance taken for; for having shed; punishing; vengeance; it; to be punished; right of vengeance; penalties; succour; due; medical and"
ὑπεροπλ-ία,urn:cite2:hmt:lsj.chicago_md:n107740,hostility_enmity,seed,0.404,0.39,0.015,169,"insolence, presumptuousness; high courage"
μηνίω,urn:cite2:hmt:lsj.chicago_md:n67488,hostility_enmity,seed,0.403,0.315,0.088,1050,"cherish wrath, be wroth against; because of"
ἀντανα-πλέκω,urn:cite2:hmt:lsj.chicago_md:n9447,hostility_enmity,seed,0.4,0.294,0.106,100,plait in rivalry with
οἰκί-α,urn:cite2:hmt:lsj.chicago_md:n72287,kinship_family,seed+embed,0.735,0.358,0.377,1838,"building, house, dwelling; home; house; set of apartments; room; property; estate; dwelling-house; oneʼs own apartments; those let out to lodgers; household, domestic establishment; establishments; the household; inmates of the house; family from which one is descended; school"
εἰσποι-έω,urn:cite2:hmt:lsj.chicago_md:n31506,kinship_family,seed+embed,0.721,0.311,0.41,1298,"give in adoption; begets; make; heir; attracts; adopt as oneʼs son; to be adopted; bring new; into; forced; in; introduce; thrust; father; adopts into the family of; makes; as swift as; interuene, meddle"
ἄνωθεν,urn:cite2:hmt:lsj.chicago_md:n10933,kinship_family,embed,0.713,0.299,0.413,1649,"from above, from on high; from the interior; above, on high; living; on deck; of the air; upper; from the beginning, from farther back; above, earlier; ancestors; by descent; born; from early life; higher, more universal principles; over again, anew, afresh"
ἔμπροσθ-εν,urn:cite2:hmt:lsj.chicago_md:n34522,kinship_family,embed,0.713,0.325,0.388,1031,"before, in front; the front, the foreside; forwards; in front, opposite; before, of old; ancestors; before, in front of; beforehand with; preferred before"
κοκύαι,urn:cite2:hmt:lsj.chicago_md:n58535,kinship_family,embed,0.713,0.216,0.497,95,ancestors
πατρ-ᾰγᾰθία,urn:cite2:hmt:lsj.chicago_md:n80022,kinship_family,seed+embed,0.713,0.318,0.394,103,virtue of oneʼs father; ancestors
Τριτο-πᾰτέρες,urn:cite2:hmt:lsj.chicago_md:n105340,kinship_family,embed,0.713,0.216,0.497,79,ancestors
φῠτοσπόρ-ος,urn:cite2:hmt:lsj.chicago_md:n112775,kinship_family,seed+embed,0.713,0.53,0.183,257,planting: generative; begetting; father; ancestors; predecessors
αἷμα,urn:cite2:hmt:lsj.chicago_md:n2392,kinship_family,seed+embed,0.711,0.558,0.153,1701,"blood; streams of blood; anything like blood; dye; alkanet; spirit, courage; pale, spiritless; bloodshed, murder; murder; corpses; death; blood relationship, kin; origin; kinship; akin; by blood"
συγγέν-εια,urn:cite2:hmt:lsj.chicago_md:n97502,kinship_family,seed+embed,0.711,0.36,0.35,1514,"kinship; kin, relationship, with; to; with; ties of kindred, family connexion, family influence; congenital character; kinsfolk, family; kinsman; kinsfolk, kinsmen; families; clan; kind, species; kind, class"
συμφῡλ-ία,urn:cite2:hmt:lsj.chicago_md:n98961,kinship_family,seed+embed,0.711,0.284,0.427,118,kindred material; kinship
πατρι-ά,urn:cite2:hmt:lsj.chicago_md:n80033,kinship_family,seed+embed,0.707,0.36,0.347,378,"lineage, descent; by the fatherʼs side; clan; family; patrum officia"
ἄκουρος,urn:cite2:hmt:lsj.chicago_md:n3380,kinship_family,seed+embed,0.701,0.19,0.511,141,"childless, without male heir; unshaven"
ἴδιος,urn:cite2:hmt:lsj.chicago_md:n49875,kinship_family,seed+embed,0.697,0.402,0.296,6541,"oneʼs own, pertaining to oneself; private, personal; private; a private man; private buildings; private persons; oneʼs own; private interests; oneʼs own property; oneʼs own business; self; personal; for my own part; personally attached; members of oneʼs family, relatives; place of origin; natural; Cities and Bishoprics; separate, distinct; peculiar; unique and different; private account; special account; strange, unusual; peculiar, exceptional; eccentric; peculiar, appropriate; proper, specific; ordinary private; characteristic property; distinguishing feature; peculiarly; severally; specifically; as a proper name; in a peculiar sense; usage; extra versum; by oneself, privately, on oneʼs own account; apart from..; in ordinary talk; in private; aside; separately, apart"
ἀκληρ-ονόμητος,urn:cite2:hmt:lsj.chicago_md:n3215,kinship_family,embed,0.676,0.229,0.447,177,without heirs
ἀναγχίστευτος,urn:cite2:hmt:lsj.chicago_md:n6394,kinship_family,embed,0.676,0.229,0.447,65,without heirs
ἐρῆμος,urn:cite2:hmt:lsj.chicago_md:n42381,kinship_family,embed,0.676,0.376,0.3,2921,"desolate, lonely, solitary; desert parts..; empty; solitary, not gregarious; in solitude; vacantly; reft of, void; destitute of; bereft of; without heirs; wanting, without; free from; undefended; in which one party does not appear; by default; judgement by default; it by default; in a case where there was no defence; unclaimed, vacant"
ἀστόξενος,urn:cite2:hmt:lsj.chicago_md:n16560,kinship_family,embed,0.672,0.48,0.192,161,"public guest of a city; a blood-relation, though a foreigner by birth."
ἀπαιδία,urn:cite2:hmt:lsj.chicago_md:n11230,kinship_family,embed,0.671,0.315,0.355,149,childlessness
ὁμό-φῡλος,urn:cite2:hmt:lsj.chicago_md:n73903,kinship_family,seed+embed,0.666,0.326,0.34,695,"of the same race; stock, akin; those of the same race; based on kinship; peopled by different races; of the same breed; kind; homogeneous matter"
ὀρφᾰνός,urn:cite2:hmt:lsj.chicago_md:n75446,kinship_family,seed+embed,0.666,0.286,0.379,1510,"orphan, without parents, fatherless; orphan; neglected; bereaved; bereft of; reft; free from; poor; without sauce; orbus; arbi"
ἀδελφο-μιξία,urn:cite2:hmt:lsj.chicago_md:n1207,kinship_family,seed+embed,0.665,0.189,0.476,75,marriage of brother and sister
ὀρφᾰνοτρόφ-ος,urn:cite2:hmt:lsj.chicago_md:n75450,kinship_family,embed,0.66,0.315,0.345,106,bringing up orphans
ἀγένειος,urn:cite2:hmt:lsj.chicago_md:n453,kinship_family,seed+embed,0.658,0.252,0.406,427,"beardless, boyish; like a boy; boys; childless"
ἀγεν-ής,urn:cite2:hmt:lsj.chicago_md:n454,kinship_family,seed+embed,0.658,0.3,0.358,305,"unborn, uncreated; of no family, ignoble; childless"
ἄγον-ος,urn:cite2:hmt:lsj.chicago_md:n759,kinship_family,seed+embed,0.658,0.325,0.333,1183,"unborn; childless; no longer a son; unfruitful, sterile; withoutissue, bringing no children to the birth; sterile; infertile; unlucky for begetting children; odd; impedinggeneration; not productive of"
ἀμήτωρ,urn:cite2:hmt:lsj.chicago_md:n5250,kinship_family,seed+embed,0.658,0.244,0.415,361,"motherless; that is no mother, unmotherly; childless"
ἀνήνωρ,urn:cite2:hmt:lsj.chicago_md:n8659,kinship_family,seed+embed,0.658,0.302,0.357,130,unmanly; of no manhood; childless
ἄπαις,urn:cite2:hmt:lsj.chicago_md:n11245,kinship_family,seed+embed,0.658,0.244,0.415,481,childless; without; yet children none
λῐπό-παις,urn:cite2:hmt:lsj.chicago_md:n63540,kinship_family,seed+embed,0.658,0.244,0.415,93,childless
λῐπό-τεκνος,urn:cite2:hmt:lsj.chicago_md:n63569,kinship_family,seed+embed,0.658,0.244,0.415,63,childless
οἰκει-ᾰκός,urn:cite2:hmt:lsj.chicago_md:n72251,kinship_family,embed,0.654,0.236,0.418,234,oneʼs own; Cat.Cod. Astr.; concerning oneʼs relatives
ἄμ-φανσις,urn:cite2:hmt:lsj.chicago_md:n5662,kinship_family,embed,0.653,0.222,0.431,77,adoption
εἰσποί-ησις,urn:cite2:hmt:lsj.chicago_md:n31507,kinship_family,embed,0.653,0.222,0.431,73,adoption
θέσις,urn:cite2:hmt:lsj.chicago_md:n48504,kinship_family,embed,0.653,0.338,0.315,3695,"setting, placing; setting; giving; application; institution; ordinance, disposition; setting forth; laying down; plunging; deposit; sum deposited; pledging, giving as security; payment; adoption; situation; position, arrangement; local position; local; in position; given in position; straight lines; thesis, position; a thesis; general question; special case; arbitrary determination; affirmation; a setting down; lifting; downward beat; upward; position; stops"
παιδοποι-ία,urn:cite2:hmt:lsj.chicago_md:n76646,kinship_family,embed,0.653,0.224,0.429,232,procreation of children; adoption
παίδωσις,urn:cite2:hmt:lsj.chicago_md:n76677,kinship_family,embed,0.653,0.222,0.431,77,adoption
ποί-ησις,urn:cite2:hmt:lsj.chicago_md:n84245,kinship_family,embed,0.653,0.491,0.162,1226,"fabrication, creation, production; action; art of poetry; poetic composition, poem; adoption; those adopted; method of procedure"
τεκνοποι-ία,urn:cite2:hmt:lsj.chicago_md:n102874,kinship_family,embed,0.653,0.235,0.418,232,begetting; bearing of children; adoption
τέκν-ωσις,urn:cite2:hmt:lsj.chicago_md:n102894,kinship_family,embed,0.653,0.307,0.346,209,"begetting, bearing; adoption"
υἱο-θεσία,urn:cite2:hmt:lsj.chicago_md:n106558,kinship_family,seed+embed,0.653,0.137,0.516,309,adoption as a son
υἱοποι-ία,urn:cite2:hmt:lsj.chicago_md:n106565,kinship_family,seed+embed,0.653,0.137,0.516,101,adoption as a son
γένος,urn:cite2:hmt:lsj.chicago_md:n21920,kinship_family,seed+embed,0.652,0.537,0.114,3851,"race, stock, kin; by race; ;; race; of kin; direct descent; collateral relationship; hereditary; offspring; a single descendant; offspring, posterity; mules; clan, house, family; of noble family; gens; tribe; caste; breed; age, generation; age, time of life; sex; gender; class, sort, kind; Classes; genus; species; crops; produce; materials; kind; elements; jánas; jánasas; genus, -eris"
γον-εύς,urn:cite2:hmt:lsj.chicago_md:n22633,kinship_family,seed+embed,0.649,0.248,0.401,492,"begetter, father; parents; progenitor, ancestor; ancestor"
ὀρφᾰν-ῐκός,urn:cite2:hmt:lsj.chicago_md:n75440,kinship_family,seed+embed,0.649,0.363,0.286,360,"orphaned, fatherless; which makes one an orphan; orphanhood; of; for orphans; their property and interests"
προπάτωρ,urn:cite2:hmt:lsj.chicago_md:n88265,kinship_family,seed+embed,0.649,0.277,0.372,670,"first founder of a family, forefather; ancestor; primal god; PMag. Leid.V.; ancestors, forefathers; founders, inventors"
γενέθλιος,urn:cite2:hmt:lsj.chicago_md:n21850,kinship_family,seed+embed,0.648,0.314,0.334,1212,"of; belonging to oneʼs birth; birthday; to celebrate a birthday, ClG; birthday feast; birthday offerings; of oneʼs race; family; presiding over generation; Penates; kindred; parentʼs; giving birth, generative; natal"
γένεσις,urn:cite2:hmt:lsj.chicago_md:n21872,kinship_family,seed+embed,0.648,0.393,0.254,1711,"origin, source; beginning; manner of birth; race, descent; nativity, geniture; lot, fortune; production, generation, coming into being; formation; origination, making; becoming; creation; all created things; race, kind; sort; family; generation, age; time; genitalia muliebria; generation; origin; initial"
ἔμφῡλος,urn:cite2:hmt:lsj.chicago_md:n34660,kinship_family,seed+embed,0.648,0.381,0.267,808,in the tribe; of the same tribe; race; kinsfolk; kindred; of a kinsman; registered in a tribe; oneʼs native; in; among oneʼs people; family; intestine
ἔνδον,urn:cite2:hmt:lsj.chicago_md:n35267,kinship_family,seed+embed,0.648,0.329,0.318,1185,"within; in oneʼs heart; at home; of the house; family; domestics; family matters, household affairs; in the house; master of; below"
ἐφέστι-ος,urn:cite2:hmt:lsj.chicago_md:n45681,kinship_family,seed+embed,0.648,0.324,0.323,1611,"at oneʼs own fireside, at home; their own homes; sitting by the fireside; inmate; guest; dwelling with; of; in the house; family; of the house; household, family; the household; presiding over hospitality; by the hearth"
μέρος,urn:cite2:hmt:lsj.chicago_md:n66342,kinship_family,seed+embed,0.648,0.606,0.042,5523,"share, portion; allotment; heritage, lot, destiny; portion; considerations of rank; family; oneʼs turn; the turn; time; his turn of duty; in turn, successively; severally; particulars; in turn; by turns, in succession; in oneʼs turn; in; out of turn; in turn, by turns; partially; the part one takes in; my; thy part; me, thou; thee; as to me; as to thee; part; fraction; parts of the country, regions; as their part; branch, business, matter; division; class; party; factions; caste; direction; submultiple; denominators; Stereom.* 2.14: Gramm., μ. τῆς λέξεως; of speech, Arist. *Po.* 1456b20, D.H. *Comp.* 2: more freq. μ. λόγου D.T. 634.4, A.D. *Pron.* 4.6, al.; μ. λόγου, also, =; , S.E. *M.* 1.159, Heph. 1.4 (v. λόγος I X. 3 c);; of a document, Mitteis *Chr.* 28.30 (iii B. C.), etc. `A.II.2` abs. as Adv., μέρος τι; , Antip.Stoic. 3.249, *BGU* 1201.15 (i A.D.), *2 Ep.Cor.* 2.5; ἐπὶ μέρους Luc.; .., consider; , POxy. 2113.25 (iv A.D.). `A.II.5` in Neo-Platonism,; or"
οἰκο-κερδής,urn:cite2:hmt:lsj.chicago_md:n72341,kinship_family,seed+embed,0.648,0.301,0.346,84,profitable to a house; family
οἰκονομ-ικός,urn:cite2:hmt:lsj.chicago_md:n72349,kinship_family,seed+embed,0.648,0.453,0.195,845,"practised in the management of a household; family; thrifty, frugal, economical; on the duties of domestic life; on public finance; economy, husbandry; patriarchal rule; in a well ordered manner"
οἶκος,urn:cite2:hmt:lsj.chicago_md:n72357,kinship_family,seed+embed,0.648,0.341,0.307,2924,"house; built houses; any dwelling-place; cave; tent; home; room, chamber; dining-hall; room; a single house; domestic; home, within; meeting-house, hall; treasuries; temple; cage; beehive; domicile; oneʼs household goods, substance; estate, inheritance; family; domus Augusta; veśás, viś-; vicus, vicinus"
οἰκο-τρῐβής,urn:cite2:hmt:lsj.chicago_md:n72368,kinship_family,seed+embed,0.648,0.301,0.346,79,ruining a house; family
ὁμο-γενής,urn:cite2:hmt:lsj.chicago_md:n73547,kinship_family,seed+embed,0.648,0.344,0.303,807,"of the same race; family; in a family; their fellows; of the same genus; congeners; of the same kind; general character, Cat.; sharing one brood with"
ὁμό-γνιος,urn:cite2:hmt:lsj.chicago_md:n73552,kinship_family,seed+embed,0.648,0.301,0.346,382,"of the same race, brother; sister; in the family; who protect a race; family"
συνοδ-ία,urn:cite2:hmt:lsj.chicago_md:n100757,kinship_family,seed+embed,0.648,0.326,0.321,659,"journey in company, companionship on a journey; party of travellers, caravan; family; leader of a caravan; office of"
φῐλ-οίκειος,urn:cite2:hmt:lsj.chicago_md:n111189,kinship_family,seed+embed,0.648,0.431,0.217,312,loving oneʼs relations; family
ἔγκληρ-ος,urn:cite2:hmt:lsj.chicago_md:n30307,kinship_family,seed+embed,0.646,0.497,0.149,460,"having a lot; share in; an equal share with; having a share of an inheritance, heir; heiress; which brings wealth; possessed as an inheritance; occupying a"
πάτρᾱ,urn:cite2:hmt:lsj.chicago_md:n80021,kinship_family,seed+embed,0.645,0.414,0.231,1084,"fatherland, native land; fatherhood, descent from a common father; hereditary descent; body of persons claiming descent from a; common ancestor, house, clan; union of families; fatherʼs sister, aunt; Zweiter Bericht"
ἀγχιστ-εία,urn:cite2:hmt:lsj.chicago_md:n1042,kinship_family,seed+embed,0.643,0.247,0.396,409,"close kinship; rights of kin, right of inheritance; exclusion by descent"
ὀρφᾰνο-πάτωρ,urn:cite2:hmt:lsj.chicago_md:n75445,kinship_family,seed+embed,0.641,0.324,0.317,94,father of orphans
αὐθ-αίμων,urn:cite2:hmt:lsj.chicago_md:n17359,kinship_family,seed+embed,0.64,0.479,0.161,168,"of the same blood, brother, sister, kinsman"
ἔν-στᾰσις,urn:cite2:hmt:lsj.chicago_md:n36093,kinship_family,embed,0.639,0.36,0.28,1188,"origin, beginning; institution; a way; Intr.; inheritance; lodgement; impaction, obstruction; interference; objection; opposition; prosecution; situation; winding up; impact, interference"
κληρονόμ-ημα,urn:cite2:hmt:lsj.chicago_md:n57875,kinship_family,embed,0.639,0.251,0.388,62,inheritance
κληρονομ-ία,urn:cite2:hmt:lsj.chicago_md:n57876,kinship_family,embed,0.639,0.28,0.36,403,"inheritance; possession; property, possession"
κληρουργία,urn:cite2:hmt:lsj.chicago_md:n57883,kinship_family,embed,0.639,0.251,0.388,54,inheritance
κληρουχ-ία,urn:cite2:hmt:lsj.chicago_md:n57887,kinship_family,embed,0.639,0.33,0.31,650,apportionment of land in a foreign country among citizens; colonia; division; the body of citizens who receive such allotments; inheritance
οἴκ-ησις,urn:cite2:hmt:lsj.chicago_md:n72279,kinship_family,seed+embed,0.639,0.404,0.235,1371,"the act of dwelling; inhabiting; residence; right of residence; management, administration; house, dwelling; lair; nest; dwellings; inhabited district; inhabited portion of the globe; family, household"
οἰκει-όω,urn:cite2:hmt:lsj.chicago_md:n72259,kinship_family,seed+embed,0.638,0.392,0.246,1321,"make; a kinsman; oneʼs friend; reconcile; make friends; to be made friendly; to be endeared by nature; claim as oneʼs own, appropriate; claim; as their own; entice; adapt, make fit; suitable; to be familiarized to; become familiar with; to be domiciliarily related; having; as its domicile"
μήτρως,urn:cite2:hmt:lsj.chicago_md:n67613,kinship_family,seed+embed,0.635,0.22,0.414,378,maternal uncle; relation by the motherʼs side
πλειστο-τόκος,urn:cite2:hmt:lsj.chicago_md:n83666,kinship_family,seed+embed,0.635,0.198,0.437,76,bringing forth most offspring
υἱο-θετέω,urn:cite2:hmt:lsj.chicago_md:n106559,kinship_family,seed+embed,0.635,0.156,0.478,100,adopt as a son; Cat. Cod.Astr.
υἱοποι-έομαι,urn:cite2:hmt:lsj.chicago_md:n106563,kinship_family,seed+embed,0.635,0.156,0.478,165,adopt as a son; Cat. Cod.Astr.
κληρονομ-ιαῖος,urn:cite2:hmt:lsj.chicago_md:n57877,kinship_family,embed,0.632,0.22,0.412,137,concerning inheritance; inherited
γενεά,urn:cite2:hmt:lsj.chicago_md:n21830,kinship_family,seed+embed,0.631,0.532,0.1,2083,"race, family; by birth; blood; younger; of; race; by birthright; by descent; descent; breed, stock; families; issue; tribe, nation; race, generation; age; offspring; l.; class, kind; birthplace; evrie; age, time of life; time of birth"
ὁμαίμ-ιος,urn:cite2:hmt:lsj.chicago_md:n73382,kinship_family,embed,0.629,0.515,0.114,66,related by blood
συγγεν-ής,urn:cite2:hmt:lsj.chicago_md:n97507,kinship_family,seed+embed,0.629,0.367,0.262,3292,"congenital, inborn; character; natural; connate; of my natural life; born with one; birth; its natural force; from his birth; of the same kin, descent; family, akin to; akin, cognate; most nearly akin; kinsman, relative; kinsfolk, kinsmen; kindred, relationship; the spirit of oneʼs race; connexion; akin, cognate, of like kind; fitting, proper; things of the same kind, homogeneous; congener; to similar effect; nobles; b"
γεννοδότειρα,urn:cite2:hmt:lsj.chicago_md:n21918,kinship_family,embed,0.628,0.341,0.287,75,the giver of heirs
λόχιος,urn:cite2:hmt:lsj.chicago_md:n63989,kinship_family,embed,0.627,0.348,0.279,686,of; belonging to child-birth; childbed; foeta; puerpera; discharge after child-birth; child-birth
γενάρχ-ης,urn:cite2:hmt:lsj.chicago_md:n21829,kinship_family,seed+embed,0.626,0.315,0.31,302,founder; first ancestor of a family; ruler of created beings
κληρ-ικός,urn:cite2:hmt:lsj.chicago_md:n57870,kinship_family,embed,0.626,0.22,0.406,341,concerning inheritances; of; according to the; cleric
γενικός,urn:cite2:hmt:lsj.chicago_md:n21893,kinship_family,seed+embed,0.625,0.468,0.158,767,"belonging to; connected with the; generic; principal, typical; consisting of families; of the family; sexual; in kind; genitive case"
ἄμνᾱμος,urn:cite2:hmt:lsj.chicago_md:n5350,kinship_family,seed+embed,0.624,0.213,0.411,107,descendant
ἀπόγονος,urn:cite2:hmt:lsj.chicago_md:n12371,kinship_family,seed+embed,0.624,0.269,0.355,401,born; descended from; descendant; descendants; offspring; viable
ἔγγονος,urn:cite2:hmt:lsj.chicago_md:n29998,kinship_family,seed+embed,0.624,0.314,0.309,819,grandson; grand-daughter; descendant; issue; productive
πατρῐκός,urn:cite2:hmt:lsj.chicago_md:n80040,kinship_family,seed+embed,0.623,0.287,0.335,1329,"derived from oneʼs fathers, hereditary; by right of inheritance; of; belonging to oneʼs father; of your father(s); patrimony; fatherʼs house; like a father, paternal; genitive"
πολυ-τόκος,urn:cite2:hmt:lsj.chicago_md:n85440,kinship_family,embed,0.622,0.297,0.325,207,"bearing more than one child; bringing forth many children; young ones, prolific"
ὑπόλοιπ-ος,urn:cite2:hmt:lsj.chicago_md:n108725,kinship_family,embed,0.622,0.248,0.374,835,left over; survivors; remaining descendants; remains; the residue; remained to be done; remained to effect; remainder; other
οἰκεῖος,urn:cite2:hmt:lsj.chicago_md:n72254,kinship_family,seed+embed,0.621,0.357,0.264,3906,"in; of the house; of; for household affairs, domestic; household affairs, property; household goods; domiciliary; of the same household, family; kin, related; akin; closely akin; kins; relative, near friend; kinsmen; nearest kinsmen; relationship; friendly; belonging to oneʼs house; family, oneʼs own; born in the house; their own; his own property; in oneʼs own country; homegrown; oneʼs own, personal, private; more our own; mother; his own; endeared by nature; what is earliest endeared; proper to; fitting, suitable; belonging to, conformable to the nature of; a student of..; addicted to; proper, fit; fit; in its proper, literal sense; like your own affair; familiarly; to be on familiar terms; properly, naturally; affectionately, dutifully; literally, actually; to be in its domicile"
σπέρμ-α,urn:cite2:hmt:lsj.chicago_md:n95853,kinship_family,seed+embed,0.621,0.372,0.249,1814,"seed; the products; germ, origin; elements; seed-time, sowing; seed, semen; by; of; race, origin, descent; seed, offspring"
κατᾰγωγ-ή,urn:cite2:hmt:lsj.chicago_md:n53840,kinship_family,embed,0.619,0.346,0.273,939,"bringing down from; landing; bringing down; halting-place, inn; place of rest; lodging, residence; shelter; genealogy, pedigree; bringing back; restoration; winding up; stringing; couching; anything reaching downwards"
ἀλληλο-κληρονομία,urn:cite2:hmt:lsj.chicago_md:n4406,kinship_family,embed,0.618,0.229,0.389,73,mutual inheritance
ἀνέκαθεν,urn:cite2:hmt:lsj.chicago_md:n8125,kinship_family,embed,0.618,0.278,0.34,567,from above; from the first; by origin; ancestral; from the beginning
γονικός,urn:cite2:hmt:lsj.chicago_md:n22642,kinship_family,embed,0.618,0.303,0.315,148,of the seed; ancestral
παππ-ῷος,urn:cite2:hmt:lsj.chicago_md:n77748,kinship_family,embed,0.618,0.198,0.42,258,ancestral
πατρο-γένειος,urn:cite2:hmt:lsj.chicago_md:n80049,kinship_family,embed,0.618,0.198,0.42,82,ancestral
προγον-ικός,urn:cite2:hmt:lsj.chicago_md:n86915,kinship_family,embed,0.618,0.227,0.392,297,derived from parentage; ancestral; Altertümer von Hierapolis
προγόν-ιος,urn:cite2:hmt:lsj.chicago_md:n86916,kinship_family,embed,0.618,0.146,0.472,71,showing ancestry
ἀνείσφορθε,urn:cite2:hmt:lsj.chicago_md:n8126,kinship_family,embed,0.618,0.278,0.34,544,from above; from the first; by origin; ancestral; from the beginning
θετικός,urn:cite2:hmt:lsj.chicago_md:n48560,kinship_family,embed,0.617,0.386,0.231,1082,"fit for placing; prompt at giving; appositely; concerning adoption; belonging to a; disputable; a matter of argument; genus instituendi; addressed to reason rather; positive, affirmative; negative; positively, affirmatively; positively; positive; positive degree; expressing obligation; arbitrary"
κληρονόμ-ος,urn:cite2:hmt:lsj.chicago_md:n57879,kinship_family,seed+embed,0.617,0.311,0.306,571,heir; the heir in possession; heir apparent
ὀρφᾰν-εύω,urn:cite2:hmt:lsj.chicago_md:n75437,kinship_family,seed+embed,0.617,0.315,0.303,164,"take care of, rear orphans; to be an orphan"
πατρο-κᾰσιγνήτη,urn:cite2:hmt:lsj.chicago_md:n80055,kinship_family,seed+embed,0.617,0.162,0.455,81,fatherʼs sister
δόμος,urn:cite2:hmt:lsj.chicago_md:n27980,kinship_family,seed+embed,0.616,0.492,0.124,1552,"domus; house; part of a house, room, chamber; a house; temple; the building; the temple; chamber; abode; fold; nest; hole; pyre; closet; chest; household, family; oneʼs fatherʼs house; course; layer; ply; strand"
δῶμα,urn:cite2:hmt:lsj.chicago_md:n29773,kinship_family,seed+embed,0.616,0.324,0.292,906,"house; chief room, hall; a single house; housetop; household, family"
ἑστία,urn:cite2:hmt:lsj.chicago_md:n42983,kinship_family,seed+embed,0.616,0.342,0.274,3431,"hearth of a house; the house itself, home; the last home, the grave; household, family; altar; the public table; central fire; focus; the hearthgoddess; the beginning; fire; Vesta"
ἐσωτικός,urn:cite2:hmt:lsj.chicago_md:n43068,kinship_family,seed+embed,0.616,0.324,0.292,106,"internal :; household, family"
ὑπεκ-τροφή,urn:cite2:hmt:lsj.chicago_md:n107103,kinship_family,embed,0.616,0.246,0.371,139,upbringing of a succession
γενεᾱλογ-ικός,urn:cite2:hmt:lsj.chicago_md:n21834,kinship_family,embed,0.615,0.225,0.39,86,genealogical
εἰνάτερες,urn:cite2:hmt:lsj.chicago_md:n31146,kinship_family,embed,0.615,0.299,0.317,528,"wives of brothers; of husbands’ brothers, sisters-in-law; Zweiter Bericht; Aus Lydien; yā´tar-; jéntė; jenteȓs; janitrīces"
ἐξερημόω,urn:cite2:hmt:lsj.chicago_md:n37181,kinship_family,embed,0.615,0.347,0.268,510,make quite desolate; leave; destitute of heirs; abandon; leaving; destitute; making; to be left destitute
πατρο-παράδοσις,urn:cite2:hmt:lsj.chicago_md:n80073,kinship_family,embed,0.615,0.167,0.449,83,ancestral tradition
ὁμό-σπορος,urn:cite2:hmt:lsj.chicago_md:n73833,kinship_family,seed+embed,0.614,0.228,0.386,432,"sown together :; sprung from the same parents; ancestors, kindred; brother; sister; common to two; having the same wife with"
πατρῷος,urn:cite2:hmt:lsj.chicago_md:n80107,kinship_family,seed+embed,0.614,0.386,0.228,2728,"of; from oneʼs father, coming; inherited from him; hereditary; fatherland; fatherʼs goods, patrimony; of our fathers; of a family; people; who protects parents’ rights; belonging to oneʼs father; imposed by him; of him; the cause of oneʼs father; patrimonial possession"
συνδια-πίπτω,urn:cite2:hmt:lsj.chicago_md:n99706,kinship_family,embed,0.614,0.288,0.326,174,"fall upon together, descend to; from many ancestors"
ἀνεψι-ότης,urn:cite2:hmt:lsj.chicago_md:n8584,kinship_family,embed,0.609,0.163,0.446,123,relationship of cousins
διαδέκ-τωρ,urn:cite2:hmt:lsj.chicago_md:n24684,kinship_family,embed,0.609,0.22,0.389,131,inheritor; inherited
ἔντεκν-ος,urn:cite2:hmt:lsj.chicago_md:n36187,kinship_family,embed,0.609,0.286,0.323,75,having children
πάγ-κληρος,urn:cite2:hmt:lsj.chicago_md:n76459,kinship_family,embed,0.609,0.22,0.389,59,inherited
τεκνοῦς,urn:cite2:hmt:lsj.chicago_md:n102887,kinship_family,embed,0.609,0.286,0.323,348,having children
υἱόω,urn:cite2:hmt:lsj.chicago_md:n106567,kinship_family,seed+embed,0.609,0.207,0.402,121,make into a son; adopt as oneʼs son
ἐνοικ-ειόω,urn:cite2:hmt:lsj.chicago_md:n35908,kinship_family,embed,0.607,0.289,0.318,192,introduce among; creep in; to be related
ὀρφᾰνοτροφ-έω,urn:cite2:hmt:lsj.chicago_md:n75449,kinship_family,embed,0.606,0.327,0.279,63,bring up orphans
ἀτεκν-όω,urn:cite2:hmt:lsj.chicago_md:n16996,kinship_family,seed+embed,0.605,0.24,0.365,95,make childless; to be barren
μοῖρα,urn:cite2:hmt:lsj.chicago_md:n68262,kinship_family,embed,0.602,0.469,0.133,5173,"part; portion; division; party; degree; lot, portion; share; inheritance, patrimony; part, lot; an office; the place of; relations; pro virili parte; portion in life, lot, destiny; ill fortune; oneʼs fate; measure; luck; providence; manʼs appointed doom; death; appointed time; the cause of death; that which is meet and right; in order, rightly; meet and right; respect, esteem; respect; a; of the order of; as if; playfully; the goddess of fate; destiny."
γονικόθεν,urn:cite2:hmt:lsj.chicago_md:n22641,kinship_family,embed,0.6,0.223,0.376,83,by inheritance from parents
κλῆρος,urn:cite2:hmt:lsj.chicago_md:n57881,kinship_family,embed,0.6,0.473,0.126,2805,"lot; by lots; casting of lots, drawing of lots; sortitio provinciarum; that which is assigned by lot, allotment; piece of land, farm, estate; lands; title-deeds; legacy, inheritance, heritable estate; body of inheritors; degrees; province, sphere; clergy"
ἐκλόχ-ευμα,urn:cite2:hmt:lsj.chicago_md:n32404,kinship_family,seed+embed,0.599,0.306,0.293,69,an offspring
ὀρφᾰνο-δῐκασταί,urn:cite2:hmt:lsj.chicago_md:n75443,kinship_family,embed,0.599,0.286,0.313,103,judges in the affairs of orphans
ὅμαιμ-ος,urn:cite2:hmt:lsj.chicago_md:n73383,kinship_family,seed+embed,0.598,0.518,0.079,428,"of the same blood, related by blood; by one near of kin; brother; sister"
ὀρφᾰν-ευμα,urn:cite2:hmt:lsj.chicago_md:n75436,kinship_family,seed+embed,0.597,0.29,0.308,71,"orphan state, orphanhood"
ὀρφᾰν-ίζω,urn:cite2:hmt:lsj.chicago_md:n75439,kinship_family,seed+embed,0.597,0.316,0.281,583,"make orphan, make destitute; rob, bereave of; rob; to be bereaved; to be left in orphanhood; sweep away"
ἀπογένν-ημα,urn:cite2:hmt:lsj.chicago_md:n12341,kinship_family,seed+embed,0.596,0.269,0.327,74,offspring
γενέθλ-η,urn:cite2:hmt:lsj.chicago_md:n21839,kinship_family,seed+embed,0.596,0.421,0.176,687,"race, stock, family; race; by birth; origin; breed, stock; offspring; birth; birthplace; generation, age; time of birth"
γένεθλον,urn:cite2:hmt:lsj.chicago_md:n21852,kinship_family,seed+embed,0.596,0.269,0.327,203,"race, descent; offspring; sons"
γονή,urn:cite2:hmt:lsj.chicago_md:n22635,kinship_family,seed+embed,0.596,0.541,0.056,1464,"offspring; children; fruits; race, stock, family; parentage; generation; that which engenders, seed; organs of generation; womb; act of generation; child-birth; birth; unity"
γόνος,urn:cite2:hmt:lsj.chicago_md:n22658,kinship_family,seed+embed,0.596,0.445,0.152,1214,"that which is begotten, child; offspring; son; roe; product; sex; race, stock, descent; begetting, procreation; bearing; seed; genitals"
Εἰλείθυια,urn:cite2:hmt:lsj.chicago_md:n31049,kinship_family,seed+embed,0.596,0.431,0.166,778,she that comes; Ilithyia; parturition; offspring
ἔκγονος,urn:cite2:hmt:lsj.chicago_md:n31809,kinship_family,seed+embed,0.596,0.269,0.327,923,"born of, sprung from; child; son; daughter; descendants; childrenʼs children; the child; grandchild; offspring"
καρπός,urn:cite2:hmt:lsj.chicago_md:n53442,kinship_family,seed+embed,0.596,0.556,0.04,2082,"fruit; the fruits of the earth, corn; harvest; crops; produce; fruits; taxes paid in kind; seed; seed with seed-vessel; offspring; returns, profits; fruit, profit; bloom; reward, profit; carpo; harvest."
παίδειος,urn:cite2:hmt:lsj.chicago_md:n76571,kinship_family,embed,0.596,0.345,0.251,441,"of; for a boy; to the boys they loved; of rearing children, a motherʼs; bestowed on children; boyʼs dress"
σπόρος,urn:cite2:hmt:lsj.chicago_md:n96077,kinship_family,seed+embed,0.596,0.374,0.222,620,"sowing; seed-time; seed; harvest, crop; offspring; semen genitale"
τόκος,urn:cite2:hmt:lsj.chicago_md:n104221,kinship_family,seed+embed,0.596,0.442,0.155,2280,"childbirth, parturition; the time of parturition; period of gestation; foetal stage; offspring; son; daughter; fry; litter; produce of money; interest; compound interest; bringing forth; oppression"
ὑπάρχω,urn:cite2:hmt:lsj.chicago_md:n106974,kinship_family,seed+embed,0.596,0.523,0.073,7436,"begin, take the initiative; beginner; take the initiative in, begin; take the initiative in; had used first; to what was done for him; a beginning; had been made; to be the begining; to be already in existence; was already there; already existed; had; originally existing; original; existed; there is in store; there is; existing; current; being what it is; ready prepared; exist really; be; to be; record; past record; which has been incurred; to be the descendant of; to be laid down, to be taken for granted; this being granted; belong to, fall to; accrue; will have; proper; normal; as a property; to be devoted to; he will be on; side; outside our sphere of influence; to which we do; belong; the subsistence; in a subject, Metaph.; will have predicates; existing circumstances, presentadvantages; under the circumstances, according to oneʼs means; possessions, resources; present; future resources; positive; the fact is that; the case stands; it is allowed, it is possible; was possible; since it is allowed; subordinate colleague; rule"
φῐλότεκν-ος,urn:cite2:hmt:lsj.chicago_md:n111528,kinship_family,seed+embed,0.596,0.408,0.189,264,loving oneʼs children; offspring
φῠτόν,urn:cite2:hmt:lsj.chicago_md:n112769,kinship_family,seed+embed,0.596,0.595,0.001,1105,"plant; garden plant; tree; sucker, slip; creature; creatures; offspring"
μήτηρ,urn:cite2:hmt:lsj.chicago_md:n67543,kinship_family,seed+embed,0.594,0.356,0.238,2293,mother; dam; mother-bird; queen; motherʼs womb; mother and grandmother; Mater Patriae; Mater invictorum castrorum; origin; source; the mother; mater; módor
νέννος,urn:cite2:hmt:lsj.chicago_md:n70196,kinship_family,seed+embed,0.594,0.199,0.395,266,"motherʼs; fatherʼs brother, uncle; motherʼs brother; motherʼs father"
πάτρως,urn:cite2:hmt:lsj.chicago_md:n80109,kinship_family,seed+embed,0.594,0.199,0.395,377,"fatherʼs brother, uncle"
πατρίληκτος,urn:cite2:hmt:lsj.chicago_md:n80041,kinship_family,seed+embed,0.593,0.174,0.419,59,inherited from a father
πολυ-τεκνέω,urn:cite2:hmt:lsj.chicago_md:n85414,kinship_family,embed,0.593,0.222,0.37,80,have many children
πολύ-τεκνος,urn:cite2:hmt:lsj.chicago_md:n85416,kinship_family,embed,0.593,0.329,0.265,249,"bearing many children, prolific; consisting in many children; giving increase"
θῠγατρο-θετέω,urn:cite2:hmt:lsj.chicago_md:n49273,kinship_family,seed+embed,0.592,0.139,0.453,69,adopt as daughter
κάσιοι,urn:cite2:hmt:lsj.chicago_md:n53602,kinship_family,embed,0.592,0.232,0.359,103,brothers; cousins belonging to the same
πάτριος,urn:cite2:hmt:lsj.chicago_md:n80042,kinship_family,seed+embed,0.592,0.263,0.329,1893,"of; belonging to oneʼs father; derived from oneʼs fathers, hereditary; more ancient; an hereditary custom; ancestral customs; as our fathers; the inherited constitution; according to the custom of; fathers; in their native language; uncle"
πρόγον-ος,urn:cite2:hmt:lsj.chicago_md:n86917,kinship_family,seed+embed,0.592,0.279,0.313,1313,"early-born; first-born; forefather, ancestor; authors; founders; fathers; parents; child by a former marriage, step-son; step-daughter; eldest step-son"
κατακληρο-νομέω,urn:cite2:hmt:lsj.chicago_md:n54169,kinship_family,seed+embed,0.591,0.308,0.283,305,obtain as oneʼs assured possession; leave as an inheritance; assign as a possession; make oneʼs heir
νάννας,urn:cite2:hmt:lsj.chicago_md:n69699,kinship_family,seed+embed,0.591,0.253,0.338,131,maternal; paternal uncle; aunt; maternal aunt
μᾰταιό-τεκνος,urn:cite2:hmt:lsj.chicago_md:n65220,kinship_family,embed,0.59,0.299,0.291,100,having illegitimate children
πολῠ-γενής,urn:cite2:hmt:lsj.chicago_md:n84699,kinship_family,embed,0.59,0.229,0.361,122,of many families
ἐπίγονος,urn:cite2:hmt:lsj.chicago_md:n39075,kinship_family,seed+embed,0.589,0.378,0.211,1041,"born besides; offspring, posterity; breed; the Afterborn; descendants; belonging to the; after-born; born; after; besides the presumptive heir; issue of; second marriage"
λοιπός,urn:cite2:hmt:lsj.chicago_md:n63845,kinship_family,embed,0.589,0.335,0.254,2062,"remaining over; descendants; it remains; what remains; quod superest; the future; for the future; henceforward, hereafter; now..; now; the rest; etc.; for the rest, further; already; then, well then; finally"
νεκρ-ικός,urn:cite2:hmt:lsj.chicago_md:n70078,kinship_family,embed,0.587,0.326,0.261,227,"of; for the dead; inheritances, legacies; deathlike"
παιδο-γονία,urn:cite2:hmt:lsj.chicago_md:n76611,kinship_family,embed,0.587,0.315,0.272,163,begetting of children; giving birth to children
τεκνο-σπορία,urn:cite2:hmt:lsj.chicago_md:n102878,kinship_family,embed,0.587,0.315,0.272,70,begetting of children
τρί-παις,urn:cite2:hmt:lsj.chicago_md:n105105,kinship_family,embed,0.587,0.246,0.341,171,having three children; jus trium liberorum
γεναρχ-έω,urn:cite2:hmt:lsj.chicago_md:n21828,kinship_family,seed+embed,0.586,0.221,0.365,129,to be the ancestor of the human race
ἄνω,urn:cite2:hmt:lsj.chicago_md:n10923,kinship_family,embed,0.585,0.43,0.155,4766,"upwards; up; upward; up the country; inland; aloft, on high; on earth; the world below; living; dead; above; in heaven; earth; NT; in the upper quarter; above on the roofs; on the upper side; on the north; inward from the coast; upper; the Piraeus; of the upper country; turning-post; formerly, of old; backwards; of olden time; lineal ancestors; proudly; higher, more general; up and down, to and fro; upside-down, topsy-turvy; backwards and forwards; pant; gasp; higher; farther; highest"
ἐπιδῐκ-ᾰσία,urn:cite2:hmt:lsj.chicago_md:n39249,kinship_family,embed,0.585,0.254,0.331,172,process at law to obtain an inheritance; for; hand
φῐλοσυγ-γενής,urn:cite2:hmt:lsj.chicago_md:n111506,kinship_family,embed,0.584,0.354,0.23,104,loving oneʼs relatives
κληρονομ-έω,urn:cite2:hmt:lsj.chicago_md:n57874,kinship_family,seed+embed,0.582,0.311,0.271,1220,"inherit; acquire, obtain; receive possession of; obtain; to be an inheritor; heir; of; to be succeeded in the inheritance; leave an heir behind"
κληρουχ-έω,urn:cite2:hmt:lsj.chicago_md:n57885,kinship_family,embed,0.582,0.298,0.284,580,"obtain by allotment; inherit; divide, allot; settle one as an allotment-holder"
παραλαμβάνω,urn:cite2:hmt:lsj.chicago_md:n78297,kinship_family,embed,0.582,0.364,0.219,3990,"receive from; successors; by inheritance; inherit; receive; take over; take upon oneself, undertake; undertakings; take; admit, employ; take in pledge; take by force; treachery, seize; get control of; lay hold of; receive by hearing; report, ascertain; receive by way of lesson; to be received, accepted; the received; traditionary doctrines; take, receive; use; use, employ; to be found, used; admit; take up, catch up; give a résumé of; compare; to be derived; take to oneself, associate with oneself; call in; invite; receive, take over; take prisoner"
πάππος,urn:cite2:hmt:lsj.chicago_md:n77742,kinship_family,seed+embed,0.581,0.287,0.295,993,"grandfather; grandparents; ascendants, ancestors; down on the seeds; first down on the chin"
φύω,urn:cite2:hmt:lsj.chicago_md:n112794,kinship_family,seed+embed,0.58,0.379,0.201,9264,"bring forth, produce, put forth; made; grow; beget, engender; creating; begetter, father; son; will bring to light; birth; get; to form; put forth shoots; is putting forth scions; grows up, appears; grow, wax, spring up; forth; growing there; grew; grown with; is produced; of the things produced; waxed great by; upon; to be begotten; born; to be born; descended from; become; to be; by nature; of; natural ability; to be formed; disposed by nature; is by nature prone; is inclined; fall; by nature, be; natural lot; it is natural, it happens naturally; is natural; nature; as he is; bhū-; búti; fui; be"
ἐλευθερό-παις,urn:cite2:hmt:lsj.chicago_md:n33613,kinship_family,embed,0.578,0.348,0.23,94,having free children
πατρ-άδελφος,urn:cite2:hmt:lsj.chicago_md:n80025,kinship_family,seed+embed,0.578,0.172,0.406,79,fatherʼs brother
πατρο-κᾰσίγνητος,urn:cite2:hmt:lsj.chicago_md:n80056,kinship_family,seed+embed,0.578,0.172,0.406,96,fatherʼs brother
ἐπιπάτωρ,urn:cite2:hmt:lsj.chicago_md:n40456,kinship_family,seed+embed,0.577,0.192,0.385,68,stepfather
θέτης,urn:cite2:hmt:lsj.chicago_md:n48558,kinship_family,seed+embed,0.577,0.267,0.31,192,one who places; giver; mortgagor; adoptive father of a child
μητρυι-ός,urn:cite2:hmt:lsj.chicago_md:n67605,kinship_family,seed+embed,0.577,0.192,0.385,71,stepfather
παππικός,urn:cite2:hmt:lsj.chicago_md:n77740,kinship_family,seed+embed,0.577,0.231,0.345,87,inherited from oneʼs grandfather
πατρυιός,urn:cite2:hmt:lsj.chicago_md:n80090,kinship_family,seed+embed,0.577,0.192,0.385,135,stepfather
πατρωός,urn:cite2:hmt:lsj.chicago_md:n80108,kinship_family,seed+embed,0.577,0.192,0.385,130,stepfather
υἱό-θετος,urn:cite2:hmt:lsj.chicago_md:n106560,kinship_family,seed+embed,0.577,0.122,0.455,132,adopted as a son
υἱοποί-ητος,urn:cite2:hmt:lsj.chicago_md:n106564,kinship_family,seed+embed,0.577,0.122,0.455,61,adopted as a son
πολυ-παιδία,urn:cite2:hmt:lsj.chicago_md:n85163,kinship_family,embed,0.576,0.401,0.174,132,"abundance of children, fecundity"
ἀναφαίνω,urn:cite2:hmt:lsj.chicago_md:n7712,kinship_family,embed,0.575,0.38,0.195,2471,"cause to give light, make to blaze up; bring to light, produce; show forth, make known, display; send forth a loud; proclaim, declare; proclaim that; adopt; appoint, institute; having sighted..; to be shown forth, appear plainly; reappear; spring up; to be declared; proved to be..; to come out; to be seen; found to; to be plainly"
μεθαρμ-όζω,urn:cite2:hmt:lsj.chicago_md:n65593,kinship_family,embed,0.575,0.234,0.341,903,"dispose differently, correct; transpose; make a change; adopt; restore; from; adapt oneself; change the mode; having their order changed"
οἰκειο-ποιέω,urn:cite2:hmt:lsj.chicago_md:n72252,kinship_family,embed,0.575,0.256,0.319,251,"appropriate, attach; make oneʼs own, attach to oneself; adopt"
παιδοποι-έω,urn:cite2:hmt:lsj.chicago_md:n76642,kinship_family,embed,0.575,0.287,0.288,648,beget children; has been begotten; bear children; adopt
ποιέω,urn:cite2:hmt:lsj.chicago_md:n84234,kinship_family,embed,0.575,0.425,0.15,16975,"make; do.; make, produce; made; to be made with..; are made; make for oneself; build them; have; made, get; create, bring into existence; the creator; beget; conceive; produce; grow; let it be contrived; postulate, imply; effect a solution of; fulfil, satisfy; compose, write; write poetry, write as a poet; represent in poetry; having represented; describe in verse; put; into verse; invent; bring about, cause; cause; bring about; procure; gets; procure for oneself, gain; celebrate; observe; give rise to; about to make; submit; hold; communicate; make, render; appoint, instal; oneʼs; take; to oneself; adopt; making; makes; his own; form; bring; multiply; deem, consider, reckon; esteem; deem; count; consider; magni facere; put the case, assume; be it assumed; those who are reputed..; are taking; let; come; put off; spend; tarry, stay; sacrifice; make ready, prepare; trim; play; do; act; practise; did; will you act?; fortunately; to be doing, act; operate, be efficacious; pretend; cinóti, cáyati"
σύγγαμβροι,urn:cite2:hmt:lsj.chicago_md:n97494,kinship_family,seed+embed,0.575,0.248,0.327,177,the husbands of two sisters; brother-in-law; congener
τεκνοποι-έω,urn:cite2:hmt:lsj.chicago_md:n102871,kinship_family,embed,0.575,0.282,0.293,530,bear children; beget them; breed children; have children begotten for one; adopt
τίθημι,urn:cite2:hmt:lsj.chicago_md:n103922,kinship_family,embed,0.575,0.595,-0.02,25440,"p; l), Alc.; set, put, place; set; set for oneself; lay down; plant; put in; put into..; put; into; to have; lay; lay oneʼs; give oneʼs; vote; laid up; his; treasured; harboured; bear; think; deposit; the mortgagor; the mortgagee; deposit a claim for; pay down, pay; put down in writing; place to account, reckon; reckoned; rest arms; resting arms; bear arms, fight; serve; lay down oneʼs arms, surrender; keep; in good order; lay in the grave, bury; kneel down; set up; the prizes; lay before; dedicate; assign, award; give; at oneʼs own discretion; down; give oneself; make; allege; order matters so that..; agree upon; execute; make out; establish, institute; dispose, order, ordain, bring to pass; administer, manage; administer for oneself; make the best of; face; bring; to a successful issue; put a good face on; patch; up; tesserae; to place as skilfully as possible; will take advantage of; put in a certain state; condition; has made; thou hast made; caused; oneʼs; take; make oneʼs; adopt; deem; lay down. assume, hold, reckon; regard as..; suppose; regard; hold; estimate; down as one of; might reckon; count; lay down, assume; affirm; is; an affirmation; make, work, execute; make, cause, bring to pass; prepare for oneself; make oneself; open; are holding; to make oneself, get; engage in..; have an access of; produce as; putting on; work thyself; dēti; dáti; do; con-do; do, doom."
ἀπάτωρ,urn:cite2:hmt:lsj.chicago_md:n11630,kinship_family,seed+embed,0.574,0.251,0.323,547,"without father; fatherless, orphan; disowned by the father; not having; for a father; of unknown father"
θῠγατρο-ποιία,urn:cite2:hmt:lsj.chicago_md:n49275,kinship_family,seed+embed,0.574,0.119,0.455,125,adoption of a daughter
τεκνο-τροφία,urn:cite2:hmt:lsj.chicago_md:n102884,kinship_family,embed,0.574,0.215,0.359,174,rearing of children; rearing of young
γάλοως,urn:cite2:hmt:lsj.chicago_md:n21541,kinship_family,seed+embed,0.573,0.138,0.435,291,"husbandʼs sister; brotherʼs wife, sister-in-law; glōs"
παγ-κληρία,urn:cite2:hmt:lsj.chicago_md:n76458,kinship_family,embed,0.572,0.26,0.312,129,"entire possession, property, estate, inheritance"
πολῠ-δάηρ,urn:cite2:hmt:lsj.chicago_md:n84740,kinship_family,embed,0.572,0.205,0.368,79,having many brothersin-law
τεκν-όω,urn:cite2:hmt:lsj.chicago_md:n102892,kinship_family,seed+embed,0.572,0.346,0.226,1460,"furnish; stock with children; to be furnished with children; to have them; engender, procreate children; beget them; from; bear children; has offspring; to be born; where husband and son are one; to be adopted"
ἰδῐότης,urn:cite2:hmt:lsj.chicago_md:n49886,kinship_family,embed,0.571,0.3,0.272,761,"peculiar nature, property, specific character; peculiarities; as a proper name; particular existence; individuality; relationship"
κληρονομ-ικός,urn:cite2:hmt:lsj.chicago_md:n57878,kinship_family,embed,0.571,0.28,0.291,180,connected with inheritance; hereditary
ὀρφᾰν-ία,urn:cite2:hmt:lsj.chicago_md:n75438,kinship_family,embed,0.571,0.33,0.241,153,"orphanhood; bereavement, want of.."
ὀρφᾰνότης,urn:cite2:hmt:lsj.chicago_md:n75447,kinship_family,embed,0.571,0.33,0.241,82,orphanhood
σχέσις,urn:cite2:hmt:lsj.chicago_md:n101841,kinship_family,embed,0.571,0.397,0.174,2049,"state, condition; habit; temporary, passing conditions; the habit; stationary condition; nature, quality; expression, attitude; position, posture; relation; relationship; disposed; relative; with strophic correspondence; categories; positions; checking, retention; possession; bearing"
ἀδελφός,urn:cite2:hmt:lsj.chicago_md:n1211,kinship_family,seed+embed,0.569,0.293,0.276,1805,"son of the same mother; brother; brother and sister; kinsman; tribesman, Ex.; colleague, associate; member of a college; fellow; brotherly; sisterly; twin, in pairs; akin, cognate"
γαμβρός,urn:cite2:hmt:lsj.chicago_md:n21549,kinship_family,seed+embed,0.569,0.3,0.269,530,"connexion by marriage; son-in-law; brother-in-law; sisterʼs husband; wifeʼs brother; father-in-law; bridegroom, wooer; jārá-; ĝṃró-"
ἑκῠρ-ός,urn:cite2:hmt:lsj.chicago_md:n33133,kinship_family,seed+embed,0.569,0.228,0.341,211,father-in-law; swekuro-; śváśuras; socer
κηδεστ-ής,urn:cite2:hmt:lsj.chicago_md:n57057,kinship_family,seed+embed,0.569,0.3,0.269,452,connexion by marriage; son-in-law; father-in-law; step-father; brother-in-law
πενθερός,urn:cite2:hmt:lsj.chicago_md:n80583,kinship_family,seed+embed,0.569,0.3,0.269,441,father-in-law; parents-in-law; connexion by marriage; brother-in-law; son-in-law; bándhus; beñdras; bindan
συγκηδεστής,urn:cite2:hmt:lsj.chicago_md:n97792,kinship_family,seed+embed,0.569,0.228,0.341,138,"brother-in-law, wifeʼs sisterʼs husband; father-in-law"
γένν-ας,urn:cite2:hmt:lsj.chicago_md:n21901,kinship_family,seed+embed,0.568,0.18,0.387,53,"motherʼs brother, uncle"
θεῖος,urn:cite2:hmt:lsj.chicago_md:n48052,kinship_family,seed+embed,0.568,0.18,0.387,213,"oneʼs fatherʼs; motherʼs brother, uncle"
ἐπιγονή,urn:cite2:hmt:lsj.chicago_md:n39074,kinship_family,seed+embed,0.567,0.348,0.219,713,"increase, growth; larger; produce; offspring, breed; descendants of foreign; military settlers"
κενός,urn:cite2:hmt:lsj.chicago_md:n56586,kinship_family,seed+embed,0.567,0.378,0.189,4646,"empty; pause; the void of space; cavity; not occupied by a planet; empty, fruitless, void; idle; ineffectual; without a projectile; to no purpose; destitute, bereft; without the fruits; empty-handed; without burdens, unloaded; bereft of; orphan; exhausted; without garrison; without flesh; devoid of wit, vain, pretentious"
ὀρφᾰνοφύλαξ,urn:cite2:hmt:lsj.chicago_md:n75451,kinship_family,embed,0.567,0.301,0.265,181,one who guards orphans; guardians of orphans
υἱός,urn:cite2:hmt:lsj.chicago_md:n106566,kinship_family,seed+embed,0.567,0.49,0.077,6570,"Vasen mit Meister-signaturen; ṛ; pitṛṣu; son; a son; sons; child; hostages; A, B; men; man; inheritors of the nature; participants in the glory; Divi; Caesaris; filius; *sū-yú-s; sūte; se; soyä; *sū-nu-s; sūnūs; *sǔ-nu-s; sunu; *sūyú-; *sǔwyú-; *suiwú-"
ἀδελφο-ποιός,urn:cite2:hmt:lsj.chicago_md:n1209,kinship_family,seed+embed,0.566,0.052,0.513,61,adopting as a brother
ὀρφο-βότης,urn:cite2:hmt:lsj.chicago_md:n75466,kinship_family,embed,0.565,0.309,0.255,159,the care; education of orphans
ὠμοτόκ-ος,urn:cite2:hmt:lsj.chicago_md:n116227,kinship_family,seed+embed,0.565,0.2,0.365,244,bringing forth immature offspring
ἰσο-κληρονόμος,urn:cite2:hmt:lsj.chicago_md:n51050,kinship_family,embed,0.564,0.201,0.363,79,inheriting equally
κουρο-τρόφος,urn:cite2:hmt:lsj.chicago_md:n59485,kinship_family,seed+embed,0.563,0.246,0.316,725,rearing children; nursing-mother
μῡθ-εύω,urn:cite2:hmt:lsj.chicago_md:n69015,kinship_family,embed,0.563,0.293,0.271,544,to be spoken of; is related; the story goes; relate fabulously
στέμμα,urn:cite2:hmt:lsj.chicago_md:n96454,kinship_family,seed+embed,0.562,0.547,0.015,1266,"wreath, garland, chaplet; shrine with chaplcts decked; crowns of office; wreaths of wool; pedigrees, family trees; stemmata quid faciunt?; guild"
ἀγχι-τόκος,urn:cite2:hmt:lsj.chicago_md:n1055,kinship_family,embed,0.561,0.266,0.295,169,near the birth; of child-birth
κῡμο-τόκος,urn:cite2:hmt:lsj.chicago_md:n60798,kinship_family,embed,0.561,0.266,0.295,98,of child-birth
παιδο-γόνος,urn:cite2:hmt:lsj.chicago_md:n76613,kinship_family,seed+embed,0.561,0.414,0.147,410,"begetting children; father of a child by; giving birth to children; genitalia; giving generative power, making fruitful; with aphrodisiac properties"
συγκατα-κληρονομέομαι,urn:cite2:hmt:lsj.chicago_md:n97656,kinship_family,embed,0.561,0.215,0.346,70,inherit along with
πηοσύνη,urn:cite2:hmt:lsj.chicago_md:n82998,kinship_family,embed,0.56,0.266,0.294,60,relationship by marriage
συγγεν-έτειρα,urn:cite2:hmt:lsj.chicago_md:n97504,kinship_family,seed+embed,0.56,0.201,0.359,80,"parent, mother"
πεντηκοντά-παις,urn:cite2:hmt:lsj.chicago_md:n80833,kinship_family,embed,0.559,0.295,0.264,173,consisting of fifty children; having fifty children
συγγενν-ήτωρ,urn:cite2:hmt:lsj.chicago_md:n97513,kinship_family,seed+embed,0.559,0.254,0.305,135,"one who assists in generating, common parent"
ἀρχι-πατριώτης,urn:cite2:hmt:lsj.chicago_md:n15987,kinship_family,seed+embed,0.558,0.212,0.346,67,head of a family
ἄττα,urn:cite2:hmt:lsj.chicago_md:n17246,kinship_family,seed+embed,0.558,0.25,0.308,160,father
γείνομαι,urn:cite2:hmt:lsj.chicago_md:n21730,kinship_family,seed+embed,0.558,0.346,0.212,1198,y; to be born; at oneʼs birth; beget; bring forth; parents; father; mother; women in childbed; bare; bring into life
γενέτ-ης,urn:cite2:hmt:lsj.chicago_md:n21877,kinship_family,seed+embed,0.558,0.294,0.264,526,"begetter, ancestor; father; the tomb of my fathers; parents; author; son; produced"
μητρο-πάτωρ,urn:cite2:hmt:lsj.chicago_md:n67591,kinship_family,seed+embed,0.558,0.164,0.393,101,"motherʼs father, grandfather"
οἰκοδεσποτ-έω,urn:cite2:hmt:lsj.chicago_md:n72315,kinship_family,seed+embed,0.558,0.302,0.256,282,to be master of a house; head of a family; predominate
πάππας,urn:cite2:hmt:lsj.chicago_md:n77734,kinship_family,seed+embed,0.558,0.25,0.308,440,papa; father
πᾰτήρ,urn:cite2:hmt:lsj.chicago_md:n80011,kinship_family,seed+embed,0.558,0.317,0.241,2181,"pitṛṣu; father; grandfather; by the fatherʼs side; father, author; authors; pater patriae; forefathers; from our fathers’ time; parents; parentnation; pitár; pater"
πατρι-άρχης,urn:cite2:hmt:lsj.chicago_md:n80035,kinship_family,seed+embed,0.558,0.341,0.217,372,"father; chief of a race, patriarch; title borne by the Bishops; of; belonging to him"
πολυ-τεκνία,urn:cite2:hmt:lsj.chicago_md:n85415,kinship_family,embed,0.558,0.336,0.222,87,abundance of children
τοκ-εών,urn:cite2:hmt:lsj.chicago_md:n104211,kinship_family,seed+embed,0.558,0.196,0.362,118,parent
φῠτ-εύω,urn:cite2:hmt:lsj.chicago_md:n112755,kinship_family,seed+embed,0.558,0.643,-0.085,2714,"of the thing planted, plant; plant for oneself; beget, engender; father; parents; to be begotten, spring; produce, bring about, cause; implant in; set up; of the ground planted, plant with fruit-trees"
φῠτ-ωρ,urn:cite2:hmt:lsj.chicago_md:n112792,kinship_family,seed+embed,0.558,0.25,0.308,116,father
ἐκποί-ησις,urn:cite2:hmt:lsj.chicago_md:n32707,kinship_family,embed,0.557,0.375,0.182,249,"putting forth: emissio seminis; giving out a child in adoption; completion, erection; alienation"
συνδι-ᾰγωγή,urn:cite2:hmt:lsj.chicago_md:n99665,kinship_family,embed,0.557,0.316,0.241,93,"living together, association"
ἐγγᾰμ-έω,urn:cite2:hmt:lsj.chicago_md:n29938,kinship_family,seed+embed,0.556,0.189,0.367,59,marry into a family
καλλῐτεκν-ία,urn:cite2:hmt:lsj.chicago_md:n52741,kinship_family,embed,0.555,0.38,0.175,99,possession of beautiful children
μητρ-άδελφος,urn:cite2:hmt:lsj.chicago_md:n67559,kinship_family,seed+embed,0.555,0.213,0.342,151,"motherʼs brother; sister, uncle; aunt"
ἀτεκν-ία,urn:cite2:hmt:lsj.chicago_md:n16994,kinship_family,embed,0.554,0.302,0.252,118,"childlessness, barrenness"
παιδ-ιακός,urn:cite2:hmt:lsj.chicago_md:n76590,kinship_family,embed,0.554,0.236,0.318,83,of children
ἄτεκν-ος,urn:cite2:hmt:lsj.chicago_md:n16995,kinship_family,seed+embed,0.553,0.294,0.259,401,"without children, childless, barren"
γένν-ᾰ,urn:cite2:hmt:lsj.chicago_md:n21895,kinship_family,seed+embed,0.553,0.483,0.069,894,"descent, birth, origin; origin; production; offspring, son; generation; race, family; creation, creature; Creative Force; coming forth"
διαδοχ-ή,urn:cite2:hmt:lsj.chicago_md:n24727,kinship_family,embed,0.553,0.358,0.195,1304,"taking over from; succession; successions; reliefs; by successive attacks; pedigrees; turns; relief, relay; the succession; successors; school; the Successions; successive heads"
θεία,urn:cite2:hmt:lsj.chicago_md:n48021,kinship_family,seed+embed,0.553,0.165,0.388,166,"oneʼs fatherʼs; motherʼs sister, aunt"
προπένθερος,urn:cite2:hmt:lsj.chicago_md:n88276,kinship_family,seed+embed,0.553,0.153,0.4,80,oneʼs father-in-lawʼs father
τηθίς,urn:cite2:hmt:lsj.chicago_md:n103772,kinship_family,seed+embed,0.553,0.232,0.321,813,"fatherʼs; motherʼs sister, aunt; nutricem; grandmothers; great-aunts"
ἀγχιστ-εύς,urn:cite2:hmt:lsj.chicago_md:n1044,kinship_family,seed+embed,0.551,0.273,0.278,213,next of kin; heir-at-law
κᾰκο-τεκνία,urn:cite2:hmt:lsj.chicago_md:n52373,kinship_family,embed,0.551,0.368,0.183,67,having bad children
κοινο-μήτωρ,urn:cite2:hmt:lsj.chicago_md:n58418,kinship_family,seed+embed,0.55,0.193,0.357,81,having a common mother
φῐλο-κηδεμών,urn:cite2:hmt:lsj.chicago_md:n111221,kinship_family,embed,0.55,0.399,0.151,79,fond of oneʼs relatives
δίς,urn:cite2:hmt:lsj.chicago_md:n27438,kinship_family,seed+embed,0.549,0.209,0.341,823,"twice, doubly; twice; twice over; son and grandson; dvis; bis."
κτηματ-ικός,urn:cite2:hmt:lsj.chicago_md:n60342,kinship_family,embed,0.549,0.556,-0.007,271,"possessed of wealth, opulent; possessores; belonging to an estate; farm"
πατρ-ᾰδέλφεια,urn:cite2:hmt:lsj.chicago_md:n80024,kinship_family,seed+embed,0.549,0.22,0.329,80,cousin by the fatherʼs side
ἐνδοιΐτιναι,urn:cite2:hmt:lsj.chicago_md:n35255,kinship_family,embed,0.548,0.21,0.338,157,those who can trace citizen-ancestry through seven generations
νοθ-εῖος,urn:cite2:hmt:lsj.chicago_md:n70925,kinship_family,embed,0.548,0.386,0.162,157,of; belonging to a; inheritance of a
δῐ-τόκος,urn:cite2:hmt:lsj.chicago_md:n27531,kinship_family,embed,0.547,0.235,0.312,165,having borne two at a birth; having borne two children
ἐμβᾰτ-εύω,urn:cite2:hmt:lsj.chicago_md:n33974,kinship_family,embed,0.547,0.273,0.274,906,"step in; on, frequent, haunt; set foot upon; enter; enter on, come into possession of; enter on possession of; enter on an inheritance; mount, cover; to be initiated"
παιδοτροφ-ία,urn:cite2:hmt:lsj.chicago_md:n76659,kinship_family,embed,0.546,0.261,0.286,182,rearing of children.
ἐξελευθερ-ικός,urn:cite2:hmt:lsj.chicago_md:n37098,kinship_family,seed+embed,0.545,0.324,0.221,323,of the class of freeamen; their offspring; concerning freedmen; of the freedmen; presented by freedmen
εὔπωλος,urn:cite2:hmt:lsj.chicago_md:n44911,kinship_family,seed+embed,0.545,0.324,0.221,209,abounding in foals; horses; their offspring
ἡμι-κλήριον,urn:cite2:hmt:lsj.chicago_md:n47122,kinship_family,embed,0.545,0.244,0.3,222,half the inheritance; half a
οἰκεί-ωμα,urn:cite2:hmt:lsj.chicago_md:n72261,kinship_family,seed+embed,0.545,0.311,0.234,214,"private; family affairs; affinity; special feature, advantage"
γενεᾱλογ-έω,urn:cite2:hmt:lsj.chicago_md:n21831,kinship_family,embed,0.544,0.198,0.347,541,trace a pedigree; draw out; the genealogy was reckoned
συνορφᾰνιστής,urn:cite2:hmt:lsj.chicago_md:n100896,kinship_family,embed,0.544,0.274,0.27,104,fellow guardian of orphans
ἐγγεν-ής,urn:cite2:hmt:lsj.chicago_md:n29960,kinship_family,seed+embed,0.542,0.334,0.207,668,"native; of the race; country; born of the same race, kindred; with a kinsman; like kinsmen; inborn, innate; ʼtis in their race; in the family; ingenuus"
θετός,urn:cite2:hmt:lsj.chicago_md:n48562,kinship_family,seed+embed,0.541,0.235,0.306,451,"placed, set; having position; taken as oneʼs child, adopted; adopted son; adopted daughter; adoptive"
μαμμο-πάτωρ,urn:cite2:hmt:lsj.chicago_md:n64889,kinship_family,seed+embed,0.541,0.216,0.325,78,maternal grandfather
προμήτωρ,urn:cite2:hmt:lsj.chicago_md:n88031,kinship_family,seed+embed,0.541,0.216,0.325,262,first mother; maternal grandfather
ἀνδρ-άδελφος,urn:cite2:hmt:lsj.chicago_md:n7882,kinship_family,seed+embed,0.54,0.133,0.407,126,"husbandʼs brother, brother-in-law; husbandʼs sister"
αὐτό-παις,urn:cite2:hmt:lsj.chicago_md:n17852,kinship_family,embed,0.54,0.294,0.247,157,the own child; a mere child
δᾱήρ,urn:cite2:hmt:lsj.chicago_md:n23192,kinship_family,seed+embed,0.54,0.232,0.309,323,"Aus Lydien; husbandʼs brother, brother-in-law; devár-; dieveȓs; dèverǐ; lēvir."
ἑκῠρ-εύω,urn:cite2:hmt:lsj.chicago_md:n33132,kinship_family,seed+embed,0.54,0.231,0.309,82,to be a father-in-law
ὀλῐγο-παιδία,urn:cite2:hmt:lsj.chicago_md:n73046,kinship_family,embed,0.54,0.188,0.352,71,fewness of children
παιδο-σπόρος,urn:cite2:hmt:lsj.chicago_md:n76650,kinship_family,embed,0.539,0.301,0.237,63,begetting children
ῥίζ-α,urn:cite2:hmt:lsj.chicago_md:n92406,kinship_family,seed+embed,0.539,0.448,0.091,2037,"root; roots; roots of the eye; streaks; foundations; that from which anything springs as from a root; foundation; original; stock; race, family; sect, party; base, foundation; base; waúrts; radix."
τεκνο-σπόρος,urn:cite2:hmt:lsj.chicago_md:n102880,kinship_family,embed,0.539,0.301,0.237,89,begetting children
παιδο-σπορέω,urn:cite2:hmt:lsj.chicago_md:n76649,kinship_family,embed,0.538,0.287,0.251,68,beget children
ἐχε-πάμων,urn:cite2:hmt:lsj.chicago_md:n45895,kinship_family,seed+embed,0.536,0.311,0.224,124,holding property; heir; representative
ὀψί-τεκνος,urn:cite2:hmt:lsj.chicago_md:n76339,kinship_family,seed+embed,0.535,0.179,0.356,54,late descendant
σπάργᾰν-ον,urn:cite2:hmt:lsj.chicago_md:n95751,kinship_family,seed+embed,0.535,0.304,0.231,760,"band for swathing infants; swaddling-clothes; ab incunabulis; origin; objects left with an exposed child, the marks by which a personʼs true birth and family are identified; crepundia, monumenta"
ἀμφιπάτορες,urn:cite2:hmt:lsj.chicago_md:n5980,kinship_family,embed,0.534,0.257,0.277,127,brothers; sisters by different fathers
καλλι-γένεθλος,urn:cite2:hmt:lsj.chicago_md:n52626,kinship_family,seed+embed,0.534,0.28,0.254,160,beautifully formed; deherb.; having a fair offspring
πατρο-παράδοτος,urn:cite2:hmt:lsj.chicago_md:n80074,kinship_family,embed,0.534,0.17,0.364,278,"handed down from oneʼs fathers, inherited"
τρι-πάτωρ,urn:cite2:hmt:lsj.chicago_md:n105117,kinship_family,embed,0.534,0.202,0.331,203,having three fathers
λειπώδῑν,urn:cite2:hmt:lsj.chicago_md:n62275,kinship_family,embed,0.533,0.183,0.35,59,past bearing children
ἀναλογ-ία,urn:cite2:hmt:lsj.chicago_md:n6926,kinship_family,embed,0.532,0.409,0.123,880,"mathematical proportion; comparing the ratios; out of proportion; proportion; analogy; grammatical analogy; relation; in relation with; correspondence, resemblance"
λόγος,urn:cite2:hmt:lsj.chicago_md:n63772,kinship_family,embed,0.532,0.594,-0.061,34735,"computation, reckoning; account; accounts; audit; public accounts; treasury; treasurer; fiscus; aerarium; account, reckoning; all; accounting; way; measure, tale; point; tale; measure; sum, total; patrimonii modus; esteem, consideration, value; worth; account, repute; esteemed; rationem habere alicujus; value; reputation; regard; reckoned, count; reckoned; relation, correspondence, proportion; relation; ratio; like fashion; in fashion; analogously; similarly; reasoning; related; ratio, proportion; ratios; analogically; proportionally; proportion; uniformly; analogy, rule; rule; explanation; plea, pretext, ground; ground; purpose; reason; cause; account?; plea, case; case; case, ground of action; statement of a theory, argument; discourse; arguable; reasonable; explained; teaching; arguments; theory; argument; quibble, argument; proposition; rule, principle, law; principles; principle; plan; law, rule; conscience; precept; thesis, hypothesis; thesis; hypothesis; reason, ground; grounds; proof; formula; definition; term; function; reason, law; by law; law; order; forces; in R.; debate; thinking, reasoning; reflection; reflection, deliberation; idea; thought; mentally; analogy; whim; see fit; process of thought; theory, abstract reasoning; discursive reasoning; unexpectedly; Reason; creative reason; continuous statement, narrative; oration; fable; legend; rhapsodies; tale, story; tidings; story; histories; a historical work; section; history; speech; body of a speech; body of a law; spoken; word; speeches; verbal expression; utterance; phrase; talk; tales; words; talking; expression, phrase; rigmarole; message; concisely; pretence; let us say, for instance; let us suppose; verbo tenus; common talk, report, tradition; hearsay; traditions; rumour; fiction; mention, notice, description; mentioning; expression; description; repute; good report, praise, honour; fame, story; evil report; slanders; tradition; credit; discussion, debate, deliberation; discussions; discussion; confer; parley; right of discussion; leave to speak; time allowed for a speech; dialogue; section, division; branch, department, division; literature, letters; treatises; a particular utterance, saying; divine utterance, oracle; proverb, maxim, saying; assertion; express resolution; consent; terms; proposal; terms, conditions; word of command, behest; Commandments; thing spoken of, subject-matter; matter; secret; subject, question; matter for talk; plot; subject; thing talked of, event; expression, utterance, speech; intelligent utterance; eloquence; language; manner of utterance; orations; prose; phrase, complex term; sentence, complete statement; sentence; Word; Wisdom"
ὀλῐγ-άδελφος,urn:cite2:hmt:lsj.chicago_md:n72959,kinship_family,embed,0.532,0.235,0.298,70,having few brothers
πάτρηθε,urn:cite2:hmt:lsj.chicago_md:n80032,kinship_family,seed+embed,0.532,0.36,0.172,160,from oneʼs native land; from a family; clan
πατρο-ποίητος,urn:cite2:hmt:lsj.chicago_md:n80076,kinship_family,seed+embed,0.532,0.097,0.435,151,adopted as a father
συννέμησις,urn:cite2:hmt:lsj.chicago_md:n100715,kinship_family,embed,0.532,0.225,0.307,70,relation
φᾰμῐλ-ία,urn:cite2:hmt:lsj.chicago_md:n110224,kinship_family,embed,0.532,0.231,0.301,170,familia
διάδοχ-ος,urn:cite2:hmt:lsj.chicago_md:n24729,kinship_family,embed,0.531,0.374,0.158,1491,"succeeding; in; successor in; relieving; from; succeeding to; successor; bringing a succession; after; in relays; gangs; in turn; Successors; substitute, deputy; head of a school of philosophers; gem"
λῆξις,urn:cite2:hmt:lsj.chicago_md:n62945,kinship_family,embed,0.531,0.432,0.099,1323,"determination; appointment by lot; portion assigned by lot, allotment; section; fortunes; in de An.; assigned sphere; world; part of the empire; sphere; province; dwelling-place; written complaint lodged with the Archon, as the first step in private actions; public actions; an application to the Archon; to be put in legal possession of an inheritance"
πατρο-μήτωρ,urn:cite2:hmt:lsj.chicago_md:n80067,kinship_family,seed+embed,0.531,0.181,0.35,106,motherʼs father; grandmother
πατρονομ-ικός,urn:cite2:hmt:lsj.chicago_md:n80071,kinship_family,seed+embed,0.531,0.41,0.121,145,pertaining to fatherly rule; the rule; nurture of a father
ἀκολουθ-ία,urn:cite2:hmt:lsj.chicago_md:n3293,kinship_family,embed,0.53,0.419,0.111,1016,"following, attendance; filling up; sequence, succession; succession; regular succession; natural sequence; sequence; orderly sequence; agreement; analogy; retinue, train; conformity with; in conformity with; consistency, coherence; obedience; consequence"
ἄμειψις,urn:cite2:hmt:lsj.chicago_md:n5120,kinship_family,embed,0.53,0.282,0.248,334,"exchange, interchange; succession; change; requiting, repaying; repartee"
ἔκδεξις,urn:cite2:hmt:lsj.chicago_md:n31842,kinship_family,embed,0.53,0.282,0.248,64,succession
κοινό-τοκος,urn:cite2:hmt:lsj.chicago_md:n58434,kinship_family,seed+embed,0.53,0.242,0.288,153,of; from common parents; in one born of the same parents; a brother
μετά-ληψις,urn:cite2:hmt:lsj.chicago_md:n66753,kinship_family,embed,0.53,0.38,0.15,1597,"participation; partaking; concurrence; is shared by; alternation; succession; taking; instead of; use of one word for another; transference; objection, counterplea; concurrence coupled with objection; substitution; change of construction; change in dialect; change of name; translation, rendering; reflex"
πρεσβ-εῖον,urn:cite2:hmt:lsj.chicago_md:n86283,kinship_family,embed,0.53,0.556,-0.026,741,"gift of honour; privilege of age; privilege; prerogatives; as a privilege; chief share; sovereignty; right of the eldest, his share of the inheritance; old age"
ὑπεισ-έλευσις,urn:cite2:hmt:lsj.chicago_md:n107048,kinship_family,embed,0.53,0.282,0.248,86,succession
γεροντ-ίας,urn:cite2:hmt:lsj.chicago_md:n21994,kinship_family,seed+embed,0.529,0.172,0.357,87,fatherʼs father
ἑπτα-μήτωρ,urn:cite2:hmt:lsj.chicago_md:n41979,kinship_family,seed+embed,0.529,0.197,0.332,76,mother of seven children
οἰκο-κρᾰτέομαι,urn:cite2:hmt:lsj.chicago_md:n72342,kinship_family,seed+embed,0.529,0.332,0.198,114,live under family rule; without civil bonds; laws
πατρο-πάτωρ,urn:cite2:hmt:lsj.chicago_md:n80075,kinship_family,seed+embed,0.529,0.172,0.357,196,fatherʼs father
σειρά,urn:cite2:hmt:lsj.chicago_md:n93549,kinship_family,embed,0.529,0.488,0.041,1072,"cord, rope; cord; trace; line with a noose, lasso; cimussatio; edge, border; tail; locks; line, lineage; series; a disease of horses; the front part of the perineum"
ὀρφᾰνοτροφ-εῖον,urn:cite2:hmt:lsj.chicago_md:n75448,kinship_family,embed,0.528,0.268,0.259,68,orphanage
παιδοποι-ητέον,urn:cite2:hmt:lsj.chicago_md:n76645,kinship_family,embed,0.528,0.276,0.251,73,one must beget children
σύννυμφος,urn:cite2:hmt:lsj.chicago_md:n100750,kinship_family,embed,0.528,0.151,0.377,146,husbandʼs brotherʼs wife; Zweiter Bericht
γαμβρά,urn:cite2:hmt:lsj.chicago_md:n21544,kinship_family,seed+embed,0.527,0.163,0.364,106,sister-in-law
οὐσι-ᾰκός,urn:cite2:hmt:lsj.chicago_md:n76031,kinship_family,embed,0.527,0.286,0.24,143,of; pertaining to an estate
πόθικες,urn:cite2:hmt:lsj.chicago_md:n84218,kinship_family,embed,0.527,0.198,0.328,114,"relatives, kinsmen"
ἀρτι-τρεφής,urn:cite2:hmt:lsj.chicago_md:n15708,kinship_family,embed,0.525,0.301,0.224,134,just nursed; of young children
μετέκ-γονοι,urn:cite2:hmt:lsj.chicago_md:n67081,kinship_family,embed,0.525,0.17,0.356,71,childrenʼs children
παιδο-φόνος,urn:cite2:hmt:lsj.chicago_md:n76673,kinship_family,seed+embed,0.525,0.32,0.204,287,killing children; the slayer of my children; of having killed a son; of slain children
ἄρ-οτος,urn:cite2:hmt:lsj.chicago_md:n15354,kinship_family,embed,0.524,0.332,0.192,937,"corn-field; crop; seed; tillage, ploughing; husbandry; ploughing; procreation of children; season of tillage, seed-time; season, year"
λοχ-εία,urn:cite2:hmt:lsj.chicago_md:n63974,kinship_family,embed,0.524,0.273,0.251,351,"child-birth, childbed; child-birth"
αἱρέω,urn:cite2:hmt:lsj.chicago_md:n2654,kinship_family,embed,0.523,0.422,0.101,6088,"take with the hand, grasp, seize; to take; having taken up; take away; take, get into oneʼs power; take; overpower, kill; come upon, seize; catch, take; take in hunting; overtake; get into oneʼs power, entrap; win over; catch, detect; win, gain; overcome; win; was won; get, obtain; convict; to convict; get a verdict for conviction; obtain a conviction against; get a conviction; won her cause; proves; persuades; seems good; due; grasp with the mind, understand; take for oneself; take oneʼs; obtain; take to oneself, choose; prefer; to be content; join; party; to adopt; choose by vote, elect; to be taken; to be chosen; elected; are chosen"
ἐκγένν-ημα,urn:cite2:hmt:lsj.chicago_md:n31800,kinship_family,seed+embed,0.523,0.15,0.373,98,"offspring, issue"
ἀτέκμων,urn:cite2:hmt:lsj.chicago_md:n16992,kinship_family,seed+embed,0.522,0.217,0.305,70,"childless, barren"
γενετ-ήρ,urn:cite2:hmt:lsj.chicago_md:n21876,kinship_family,embed,0.521,0.223,0.299,171,parents
γενν-άω,urn:cite2:hmt:lsj.chicago_md:n21902,kinship_family,embed,0.521,0.442,0.079,926,"beget; parents; sprung; bring forth, bear; produce from oneself, create; produce, grow, get; engender, produce; call; into existence; produce"
σπείρω,urn:cite2:hmt:lsj.chicago_md:n95836,kinship_family,embed,0.521,0.38,0.142,2776,"sow; engender, beget; parents; spring; be born; was begotten; scatter like seed, strew; scatter; sprinkle; spread abroad, extend; spread; do; speak of; indiscriminately; to be scattered; dispersed; scattered; the arable part of"
τίκ-τω,urn:cite2:hmt:lsj.chicago_md:n103942,kinship_family,seed+embed,0.521,0.321,0.201,4936,"bring into the world, engender; beget; bring forth.; parents; the father; the mother; mother; Aër.; bear young, breed; hatch; lay; spawn; bear, produce; generate, engender, produce"
τοκ-εύς,urn:cite2:hmt:lsj.chicago_md:n104210,kinship_family,seed+embed,0.521,0.301,0.22,718,"one who begets, father; begetter; parents"
τρί-παππος,urn:cite2:hmt:lsj.chicago_md:n105113,kinship_family,seed+embed,0.521,0.243,0.278,85,ancestor in the sixth generation; tritavus
χηρ-ωσταί,urn:cite2:hmt:lsj.chicago_md:n113936,kinship_family,embed,0.521,0.229,0.292,522,far-off kinsmen; one who acts as a guardian to widows and orphans; ā´ dā-; hērēd-; ĝhēro + ē-d-
ἐντεκν-όομαι,urn:cite2:hmt:lsj.chicago_md:n36186,kinship_family,embed,0.52,0.227,0.293,62,beget children in
ὀρφᾰν-ιστής,urn:cite2:hmt:lsj.chicago_md:n75442,kinship_family,embed,0.52,0.354,0.166,121,"tender of orphans, guardian"
φῐλο-θρέμμᾰτος,urn:cite2:hmt:lsj.chicago_md:n111179,kinship_family,seed+embed,0.52,0.318,0.202,101,loving foster-children
ἀρχαιό-γονος,urn:cite2:hmt:lsj.chicago_md:n15830,kinship_family,embed,0.519,0.268,0.251,181,"of ancient race, of old descent; original, primal"
Κελτο-λίγῠες,urn:cite2:hmt:lsj.chicago_md:n56525,kinship_family,embed,0.519,0.3,0.22,90,tribes of mixed Celtic and Ligurian descent
κληροῦχ-ος,urn:cite2:hmt:lsj.chicago_md:n57889,kinship_family,embed,0.519,0.313,0.206,812,"one who held an allotment of land; an allotment in a foreign country assigned him as a citizen; holder of land by military tenure; having; for her lot; one who distributed allotments; holder of an inheritance; land-owner, landlord; distributed in allotments"
παιδο-κόμος,urn:cite2:hmt:lsj.chicago_md:n76619,kinship_family,embed,0.519,0.383,0.137,66,cherishing children
πενθερ-ῐδεύς,urn:cite2:hmt:lsj.chicago_md:n80579,kinship_family,seed+embed,0.519,0.219,0.3,262,brother-in-law; Erster Bericht; Zweiter Bericht
εὐπαιδία,urn:cite2:hmt:lsj.chicago_md:n44668,kinship_family,embed,0.518,0.306,0.213,338,a goodly race of children; blest; children; jus trium liberorum
κλειδοῦχ-ος,urn:cite2:hmt:lsj.chicago_md:n57754,kinship_family,embed,0.518,0.332,0.186,777,holding the keys; having charge; custody of; priestess; tutelary goddess; protectress of; the keys of the order of nature
λεχ-ώϊος,urn:cite2:hmt:lsj.chicago_md:n62806,kinship_family,embed,0.518,0.332,0.186,252,of; belonging to childbed; made at the birth; the place where; bare her child
μητρο-γᾰμία,urn:cite2:hmt:lsj.chicago_md:n67572,kinship_family,seed+embed,0.518,0.124,0.394,76,incest with oneʼs mother
μητρο-μιξία,urn:cite2:hmt:lsj.chicago_md:n67588,kinship_family,seed+embed,0.518,0.124,0.394,70,incest with oneʼs mother
νέπους,urn:cite2:hmt:lsj.chicago_md:n70460,kinship_family,embed,0.518,0.515,0.003,671,children; the footless ones; web-footed; fish
τεκνο-σπορικός,urn:cite2:hmt:lsj.chicago_md:n102879,kinship_family,embed,0.518,0.316,0.202,98,favourable to the begetting of children
ὠδίς,urn:cite2:hmt:lsj.chicago_md:n116059,kinship_family,embed,0.518,0.498,0.021,1621,"pangs; throes of childbirth; birth; that which is born amid throes, child; children; travail, anguish; fruit of; travail; bonds; ḥēbel; ḥèbel"
ἀνά-θρεπτος,urn:cite2:hmt:lsj.chicago_md:n6564,kinship_family,seed+embed,0.517,0.23,0.286,85,foster-child; verna
κατά-σχεσις,urn:cite2:hmt:lsj.chicago_md:n55357,kinship_family,embed,0.517,0.291,0.226,242,"holding back, restraining, retention; possession; relation, attitude"
ὀβρῐμό-παις,urn:cite2:hmt:lsj.chicago_md:n71928,kinship_family,embed,0.517,0.336,0.181,85,having mighty children
τεκνό-θρεπτος,urn:cite2:hmt:lsj.chicago_md:n102864,kinship_family,seed+embed,0.517,0.23,0.286,65,foster-child
εὐτοκ-ία,urn:cite2:hmt:lsj.chicago_md:n45304,kinship_family,embed,0.516,0.294,0.223,236,easy delivery; children happily born; fertility
κτῆμα,urn:cite2:hmt:lsj.chicago_md:n60340,kinship_family,embed,0.516,0.608,-0.092,1411,"anything gotten, piece of property, possession; possessions; heirlooms; property; wealth; the wealthy; property in; chattels; personal; landed property; estate, farm, field; vineyard; materials"
ποι-ητός,urn:cite2:hmt:lsj.chicago_md:n84253,kinship_family,seed+embed,0.516,0.48,0.036,831,"made; well made; cultivated; self-inflicted; made into a son, adopted; adopted; factitious; made by oneself; invented, feigned; imitated"
εἰσαγγελ-ία,urn:cite2:hmt:lsj.chicago_md:n31241,kinship_family,embed,0.515,0.336,0.179,777,"information, news; public announcement; application; state prosecution, impeachment; a process; to punish; maltreatment of parents by children, of; by their husbands; of wards by their guardians; a procedure employed against unfair arbitrators"
ἐξᾰνέψιοι,urn:cite2:hmt:lsj.chicago_md:n36787,kinship_family,embed,0.515,0.257,0.258,338,children of; second cousins; Inscr.Mus. Alex.
κουρο-τόκος,urn:cite2:hmt:lsj.chicago_md:n59482,kinship_family,embed,0.515,0.208,0.307,72,bearing boy-children
παιδοποί-ησις,urn:cite2:hmt:lsj.chicago_md:n76644,kinship_family,embed,0.515,0.206,0.309,82,child-bearing
τεκνογον-ία,urn:cite2:hmt:lsj.chicago_md:n102859,kinship_family,embed,0.515,0.206,0.309,96,child-bearing
τεκνο-ποιός,urn:cite2:hmt:lsj.chicago_md:n102876,kinship_family,embed,0.515,0.259,0.256,224,child-bearing; child-begetting; legitimate
τέξις,urn:cite2:hmt:lsj.chicago_md:n103086,kinship_family,embed,0.515,0.206,0.309,67,child-bearing
γόνιμος,urn:cite2:hmt:lsj.chicago_md:n22643,kinship_family,embed,0.514,0.474,0.041,1389,"productive, fertile, fruitful; parentʼs; generative; of true genius; born in lawful wedlock; viable; favourable to generation"
φῐλότροφ-ος,urn:cite2:hmt:lsj.chicago_md:n111556,kinship_family,seed+embed,0.514,0.444,0.07,254,"fond of rearing; nurture; fond of oneʼs foster-children; breeder of animals, fancier"
γενν-ημᾰτίζω,urn:cite2:hmt:lsj.chicago_md:n21905,kinship_family,seed+embed,0.513,0.201,0.312,64,produce offspring
πολῠ-ᾰδελφία,urn:cite2:hmt:lsj.chicago_md:n84578,kinship_family,embed,0.513,0.258,0.255,120,possession of many brothers
σπορ-ά,urn:cite2:hmt:lsj.chicago_md:n96061,kinship_family,seed+embed,0.512,0.372,0.14,970,"sowing; origin; origin, birth..; procreation; begetting; seed-time, sowing-time; seed-time; year; seed; field sown; ground sown; seed, offspring; young ones; race"
κατ-άγω,urn:cite2:hmt:lsj.chicago_md:n53838,kinship_family,embed,0.511,0.297,0.214,3557,"lead down; into the nether world; bring down; draw down; bring down to the sea-coast; launch; bring down from the high seas to land; put in to shore; draw; to land; bringing in; from the sea; come to land, land; turn in and lodge; out, spin; spinning-girl; reduce; bring home, gain; escort; derive; are traced down; to be descended; lower; bring down, lower; couch; wind up; current; bring back; brought back; recall; restore; return"
οἰκ-ίζω,urn:cite2:hmt:lsj.chicago_md:n72292,kinship_family,embed,0.511,0.356,0.156,1527,"found as a colony; new settlement; people; colonize; having colonized; we shall make ourselves a; home; settle, plant as a colonist; inhabitant; remove, transplant; brought; to; estate; settle as a colonist, fix oneʼs habitation"
παραγίγνομαι,urn:cite2:hmt:lsj.chicago_md:n77847,kinship_family,embed,0.511,0.401,0.11,1875,"to be beside, by; near; attended; at; was by; to be present at; come to oneʼs side, stand by, second; support; to be at hand, accrue; to be descended; to have a right to attend a sacrifice through descent; come to; arrive, come up; come to maturity; to be fully grown; have recourse to"
συνάδελφος,urn:cite2:hmt:lsj.chicago_md:n99056,kinship_family,seed+embed,0.511,0.46,0.051,163,one that has a brother; sister; member of an association
γ,urn:cite2:hmt:lsj.chicago_md:n21357,kinship_family,seed+embed,0.51,0.242,0.268,259,"three, third, thrice; B., son and grandson of B."
ὁμό-γαμβροι,urn:cite2:hmt:lsj.chicago_md:n73542,kinship_family,embed,0.51,0.203,0.307,71,sons-in-law of the same person
ὁπόστος,urn:cite2:hmt:lsj.chicago_md:n74624,kinship_family,embed,0.51,0.23,0.28,396,in what; which place in numerical order; what number; how many generations; the number of which he is one
παιδό-φῐλος,urn:cite2:hmt:lsj.chicago_md:n76670,kinship_family,embed,0.51,0.415,0.095,152,loving children
παραλήπ-τωρ,urn:cite2:hmt:lsj.chicago_md:n78322,kinship_family,embed,0.51,0.21,0.3,145,inheritor
ἀτεκν-έω,urn:cite2:hmt:lsj.chicago_md:n16993,kinship_family,embed,0.509,0.201,0.308,96,have no children
κλεψι-τόκος,urn:cite2:hmt:lsj.chicago_md:n57830,kinship_family,seed+embed,0.508,0.166,0.342,84,concealing offspring
ῥιζουχία,urn:cite2:hmt:lsj.chicago_md:n92431,kinship_family,seed+embed,0.508,0.269,0.239,72,"root, origin of a family"
ἀδελφ-ίζω,urn:cite2:hmt:lsj.chicago_md:n1197,kinship_family,seed+embed,0.507,0.282,0.224,176,"adopt as a brother, call brother; to be very like"
ἀτάλλω,urn:cite2:hmt:lsj.chicago_md:n16947,kinship_family,seed+embed,0.507,0.188,0.319,446,"skip in childish glee, gambol; bring up a child, rear, foster; grow up, wax"
μητρυι-ογάμος,urn:cite2:hmt:lsj.chicago_md:n67604,kinship_family,seed+embed,0.507,0.155,0.352,93,one who marries his stepmother
πατρι-αστί,urn:cite2:hmt:lsj.chicago_md:n80036,kinship_family,embed,0.507,0.203,0.304,153,with the fatherʼs name
περισσάδελφος,urn:cite2:hmt:lsj.chicago_md:n82165,kinship_family,embed,0.506,0.192,0.314,96,having an extraordinary number of brothers
ἀρρενόπαις,urn:cite2:hmt:lsj.chicago_md:n15474,kinship_family,embed,0.505,0.228,0.277,175,of male children; -paedicatio
ἐπίπαππος,urn:cite2:hmt:lsj.chicago_md:n40428,kinship_family,seed+embed,0.505,0.261,0.245,213,grandfatherʼs grandfather; grandfatherʼs father; grandfather
συγκληρονόμ-ος,urn:cite2:hmt:lsj.chicago_md:n97817,kinship_family,seed+embed,0.505,0.236,0.27,94,joint-heir
παιδο-κομέω,urn:cite2:hmt:lsj.chicago_md:n76617,kinship_family,embed,0.504,0.211,0.293,65,take care of a child
αὐτ-άδελφος,urn:cite2:hmt:lsj.chicago_md:n17547,kinship_family,seed+embed,0.503,0.191,0.312,246,brotherʼs; sisterʼs; oneʼs own brother; sister
συνοικει-όω,urn:cite2:hmt:lsj.chicago_md:n100774,kinship_family,seed+embed,0.503,0.368,0.135,767,"bind together as friends; kinsmen, associate, bring into connexion; adapt exactly; bring into relation with; to be bound by ties of kindred, to be closely united; to be associated with; to be situated together in the domicile"
φῡλετ-εύω,urn:cite2:hmt:lsj.chicago_md:n112560,kinship_family,embed,0.503,0.195,0.309,85,adopt into a tribe
παιδοποι-ός,urn:cite2:hmt:lsj.chicago_md:n76647,kinship_family,embed,0.502,0.346,0.156,173,begetting; bearing children; generative
τεκνογόν-ος,urn:cite2:hmt:lsj.chicago_md:n102860,kinship_family,embed,0.502,0.201,0.301,68,bearing children
φατριά,urn:cite2:hmt:lsj.chicago_md:n110439,kinship_family,embed,0.502,0.148,0.355,45,brotherʼs wife
εὖνις,urn:cite2:hmt:lsj.chicago_md:n44543,kinship_family,embed,0.501,0.269,0.232,524,"reft of, bereaved of; lacking; free from; bereaved of children"
αὐθέντ-ης,urn:cite2:hmt:lsj.chicago_md:n17367,kinship_family,seed+embed,0.5,0.303,0.197,633,"murderer; suicide; one of a murdererʼs family; perpetrator, author; doer; master; by one of the same family; sen-, sṇ-."
ἐκποι-έω,urn:cite2:hmt:lsj.chicago_md:n32706,kinship_family,embed,0.5,0.351,0.149,1365,"put out:; put out; give him to be adopted; to be adopted; alienate; withdraw; produce, bring forth; make complete, finish off; furnish; made all; procure; cause; permit; it is allowable; it is favourable; to be sufficient; it suffices"
Κελτο-σκύθαι,urn:cite2:hmt:lsj.chicago_md:n56526,kinship_family,embed,0.5,0.305,0.195,90,tribes of mixed Celtic and Scythian descent
νόθ-ος,urn:cite2:hmt:lsj.chicago_md:n70932,kinship_family,seed+embed,0.5,0.307,0.193,1288,"bastard, baseborn; child of a citizen father and an alien mother; temple-attendants; cross-bred; spurious, counterfeit, supposititious; false; meretricious, Peripl.M.; insincerely, disingenuously; spurious"
προσποι-ητός,urn:cite2:hmt:lsj.chicago_md:n89988,kinship_family,embed,0.5,0.219,0.28,413,"taken to oneself, assumed, affected, pretended; to be adopted"
φαλκίδιον,urn:cite2:hmt:lsj.chicago_md:n110202,kinship_family,embed,0.499,0.199,0.3,142,the minimum share of an estate which must be left to the heirs under the Lex Falcidia
πατρίς,urn:cite2:hmt:lsj.chicago_md:n80043,kinship_family,embed,0.498,0.349,0.148,672,"of oneʼs fathers; oneʼs fatherland, country; of oneʼs sires; the nether world; ubi bene, ibi patria; native town; village"
χειρο-ήθεια,urn:cite2:hmt:lsj.chicago_md:n113630,kinship_family,embed,0.498,0.284,0.214,79,domestication
αὐτο-κᾰσιγνήτη,urn:cite2:hmt:lsj.chicago_md:n17742,kinship_family,seed+embed,0.497,0.193,0.304,79,own sister
συγκᾰσιγνήτη,urn:cite2:hmt:lsj.chicago_md:n97610,kinship_family,seed+embed,0.497,0.193,0.304,53,own sister
αὐτο-πάμων,urn:cite2:hmt:lsj.chicago_md:n17853,kinship_family,seed+embed,0.496,0.284,0.213,88,sole heir
ἐγγεν-ικός,urn:cite2:hmt:lsj.chicago_md:n29961,kinship_family,embed,0.496,0.234,0.262,78,hereditary
παρα-δόχιμος,urn:cite2:hmt:lsj.chicago_md:n77957,kinship_family,embed,0.496,0.234,0.262,79,hereditary
πατρόθεν,urn:cite2:hmt:lsj.chicago_md:n80054,kinship_family,seed+embed,0.496,0.297,0.199,955,"from; after a father; and giving his fatherʼs name; on the fatherʼs side; with the addition of oneʼs fatherʼs name; of oneʼs father; coming from, sent by oneʼs father; fatherʼs; from the time of oneʼs fathers"
πατρο-μύστης,urn:cite2:hmt:lsj.chicago_md:n80068,kinship_family,seed+embed,0.496,0.234,0.262,112,one whose father was a; hereditary
προσήκω,urn:cite2:hmt:lsj.chicago_md:n89366,kinship_family,embed,0.496,0.353,0.143,5115,"to have come, be at hand, be present; reach; belong to; does; concern?; appertain; belong to, be related to; is concerned with; we do; belong; it belongs to, concerns; to do with..; possess; it belongs to, beseems; tis; meet; belonging; all that belongs; his own; befitting, proper, meet; what is fit, seemly; oneʼs duty; fitness, propriety; fit; akin; relations; hereditary; one who has; to do with the matter; though there is; connexion; having; concern; though; since it is; fitting"
συγγεν-ικός,urn:cite2:hmt:lsj.chicago_md:n97509,kinship_family,seed+embed,0.496,0.326,0.17,1035,"congenital; hereditary; of; for kinsmen; between kinsfolk; like kinsfolk; kindred, of a common kind; of our own nature; of, belonging to the"
ἀμφίγονος,urn:cite2:hmt:lsj.chicago_md:n5754,kinship_family,embed,0.495,0.151,0.344,56,stepchild
ἐγκρίνω,urn:cite2:hmt:lsj.chicago_md:n30420,kinship_family,embed,0.495,0.314,0.181,825,"reckon in; among: reckon as; select, admit; admit, accept; regard as genuine; admit, sanction; approve; is adopted"
ἔμπαις,urn:cite2:hmt:lsj.chicago_md:n34209,kinship_family,embed,0.495,0.211,0.284,119,with child; no longer a child
ἑτερο-μήτριος,urn:cite2:hmt:lsj.chicago_md:n43178,kinship_family,seed+embed,0.495,0.208,0.287,80,born of another mother
μελλό-γαμβρος,urn:cite2:hmt:lsj.chicago_md:n66160,kinship_family,seed+embed,0.495,0.154,0.341,64,about to be a brother-in-law
ἔκτεξις,urn:cite2:hmt:lsj.chicago_md:n32982,kinship_family,embed,0.494,0.273,0.221,107,child-birth
λόχ-ευμα,urn:cite2:hmt:lsj.chicago_md:n63977,kinship_family,embed,0.494,0.273,0.221,255,"that which is born, child; child-birth; the bursting"
μεταβάλλω,urn:cite2:hmt:lsj.chicago_md:n66574,kinship_family,embed,0.494,0.309,0.185,3825,"throw into a different position, turn quickly; suddenly; turn; plough; change the course of; turn about, change, alter; change; drink different; lose; change and adopt; translate; stir; undergo a change; changes run; come in exchange for; instead of; vary; change oneʼs course; turning; instead, in turn; turn round, shift; cause to be removed; order to be paid, remit; change what is oneʼs own; change oneʼs; changed her; exchange; for; have given up; in exchange for; barter, traffic in; turn oneself, turn about; change oneʼs purpose; mind; change sides; wheel round; turn about"
μονό-παις,urn:cite2:hmt:lsj.chicago_md:n68610,kinship_family,embed,0.494,0.189,0.305,152,only child; having one child
παιδοτροφ-έω,urn:cite2:hmt:lsj.chicago_md:n76658,kinship_family,embed,0.494,0.295,0.199,143,rear children; to be reared
συγκληρονομ-έω,urn:cite2:hmt:lsj.chicago_md:n97816,kinship_family,seed+embed,0.494,0.279,0.216,65,to be joint-heir
τεκνο-τροφέω,urn:cite2:hmt:lsj.chicago_md:n102883,kinship_family,embed,0.494,0.216,0.278,150,rear children; rear young ones
ὑποπίμπλημι,urn:cite2:hmt:lsj.chicago_md:n108945,kinship_family,embed,0.494,0.301,0.192,574,fill; beginning to have; have my; filling; become mothers of many; become pregnant
θρῐαμβ-ικός,urn:cite2:hmt:lsj.chicago_md:n49146,kinship_family,embed,0.493,0.431,0.061,329,triumphal; with triumphal families; viri triumphales
τροφ-ῐμαῖος,urn:cite2:hmt:lsj.chicago_md:n105556,kinship_family,embed,0.493,0.295,0.198,116,reared at home:; the daughters of the house
ἀδελφ-ιδέος,urn:cite2:hmt:lsj.chicago_md:n1193,kinship_family,seed+embed,0.492,0.423,0.069,235,nephew; brotherʼs son; sisterʼs son; beloved one
ἐμπειρότοκος,urn:cite2:hmt:lsj.chicago_md:n34277,kinship_family,embed,0.492,0.28,0.211,67,having borne a child
μητρο-κοίτης,urn:cite2:hmt:lsj.chicago_md:n67578,kinship_family,embed,0.492,0.184,0.308,62,incestuous person
αὐτο-κᾰσίγνητος,urn:cite2:hmt:lsj.chicago_md:n17743,kinship_family,seed+embed,0.491,0.196,0.295,58,own brother
γῠναικ-άδελφος,urn:cite2:hmt:lsj.chicago_md:n23007,kinship_family,seed+embed,0.491,0.167,0.324,111,wifeʼs brother
Κελτ-ίβηρες,urn:cite2:hmt:lsj.chicago_md:n56522,kinship_family,embed,0.491,0.289,0.202,89,tribes of mixed Celtic and Iberian descent
συνορ-ᾱτέον,urn:cite2:hmt:lsj.chicago_md:n100870,kinship_family,embed,0.491,0.295,0.196,147,one must consider together; to be considered together
ἀνεψι-ᾰδοῦς,urn:cite2:hmt:lsj.chicago_md:n8582,kinship_family,seed+embed,0.49,0.141,0.349,198,first cousinʼs son; second cousins
ἀρρενο-γόνος,urn:cite2:hmt:lsj.chicago_md:n15467,kinship_family,embed,0.49,0.276,0.213,326,"begetting; bearing male children; promoting the conception of males; dogʼs mercury, Mercurialis perennis"
ἀρρενο-τόκος,urn:cite2:hmt:lsj.chicago_md:n15483,kinship_family,embed,0.49,0.195,0.294,71,bearing male children
ἑδν-ωτής,urn:cite2:hmt:lsj.chicago_md:n30696,kinship_family,seed+embed,0.49,0.145,0.344,107,father who portions a bride
Δᾰναοί,urn:cite2:hmt:lsj.chicago_md:n23415,kinship_family,embed,0.489,0.357,0.132,344,the Danaäns; the Greeks; the sons; descendants of Danaus; his daughters
ὀλῐγό-γονος,urn:cite2:hmt:lsj.chicago_md:n73005,kinship_family,seed+embed,0.489,0.153,0.336,212,producing few offspring; unprolific
Τρῑτο-γένεια,urn:cite2:hmt:lsj.chicago_md:n105332,kinship_family,embed,0.489,0.282,0.207,1001,Trito-born; head-born;; born on the third day; the third child; born thrice; author of the three main bonds; the equilateral triangle
ἀποχρήμᾰτ-ος,urn:cite2:hmt:lsj.chicago_md:n14317,kinship_family,embed,0.487,0.307,0.18,77,of my inheritance
θῠγατρ-ῐδοῦς,urn:cite2:hmt:lsj.chicago_md:n49268,kinship_family,seed+embed,0.487,0.17,0.316,229,"daughterʼs son, grandson"
συντεκνοποιέω,urn:cite2:hmt:lsj.chicago_md:n100975,kinship_family,embed,0.487,0.113,0.373,69,breed children with
ἐκποί-ητος,urn:cite2:hmt:lsj.chicago_md:n32708,kinship_family,embed,0.486,0.206,0.28,205,given to be adopted by another; alienated from
ἀνεψι-ός,urn:cite2:hmt:lsj.chicago_md:n8583,kinship_family,seed+embed,0.485,0.182,0.303,349,first cousin; cousin; nepos
κᾰσίγνητ-ος,urn:cite2:hmt:lsj.chicago_md:n53599,kinship_family,seed+embed,0.485,0.221,0.264,796,"brother; born from the same mother; sister; sisters; cousin; Gemini; brotherly, sisterly; brotherʼs"
συντεκν-όω,urn:cite2:hmt:lsj.chicago_md:n100977,kinship_family,embed,0.485,0.348,0.138,161,breed; produce; rear children with
φέρω,urn:cite2:hmt:lsj.chicago_md:n110598,kinship_family,seed+embed,0.485,0.483,0.002,30222,"fero; beran; bhárati; náśati; nanciscor; nèšti; bear; carry; to have; bear, convey; motion; bring to bear; hurl; lead, direct; bear along; is fair; endure, suffer; bear, admit; take; to be; about; bring, fetch; bring with; for oneʼs own use; fetch; bring, offer, present; grant; do; show; cherish; bring, produce, cause; work; bring; brought with it, brought about; yield; produce, adduce, bring forward; carry with one, involve; tell, announce; report; reports; enter, book; shalt have; brought; receive; announced, Ep.Heb.; pay; due; owing; subscribe to the expense; receive, draw; bring in, yield; apply, refer; confer; give; appoint; nominate; am enrolled; choose, adopt; bring forth, produce; bear fruit, be fruitful; oneʼs country; Mother Earth; create, form; carry off; away; sweep away; carry off with one; carry away as booty; prize; rob, plunder; carry off, gain; by toil; trouble, win, achieve; receive oneʼs due; win for oneself; carry off as a prize; carry off, win; get; for onself, gain; they received; get for oneʼs own use and profit, take and carry away; to oneʼs own home; lead; leading; stretch, extend; b; be conducive; tend, conduce; was for; good; point; refer; addressed; refers; extends; inclines; inclined to; inclined; have in the mouth; speak of; use; record; spoken of; is carried about; it is said; is recorded as occurring; are in use; to be in circulation; come, now, well; come; suppose, grant; let us; destiny, fate; what; bears to you, awards you; he brought and; and; with; went and; full tilt; down; hurling themselves; went; took) and; occurring; to be borne; carried; to be borne along; to be swept away; falling; flying; go; swing free; comes; move, go; have; tendency; to be conveyed; universal motion; moving; with a rush, at full speed; turn out, prosper; succeed; fail; take their course; fare; being generally; behave; have an opinion; his opinion was"
γνωτός,urn:cite2:hmt:lsj.chicago_md:n22547,kinship_family,seed+embed,0.484,0.221,0.263,373,"kinsman, kinswoman; brothers; sisters; brother; sister; znuots; jñātís"
ἑκῠρ-ά,urn:cite2:hmt:lsj.chicago_md:n33131,kinship_family,seed+embed,0.484,0.18,0.304,123,mother-in-law
κηδέστ-ρια,urn:cite2:hmt:lsj.chicago_md:n57060,kinship_family,seed+embed,0.484,0.242,0.241,150,"female attendant, keeper; guardian; mother-in-law"
νίννη,urn:cite2:hmt:lsj.chicago_md:n70865,kinship_family,seed+embed,0.484,0.181,0.303,152,grandmother; mother-in-law
παππεπίπαππος,urn:cite2:hmt:lsj.chicago_md:n77736,kinship_family,seed+embed,0.484,0.227,0.258,90,grandfatherʼs grandfather
πενθερ-ά,urn:cite2:hmt:lsj.chicago_md:n80578,kinship_family,seed+embed,0.484,0.18,0.304,134,mother-in-law
πεντά-γαμβρος,urn:cite2:hmt:lsj.chicago_md:n80618,kinship_family,embed,0.484,0.19,0.294,70,with five sons-in-law
σπᾰνᾰδελφ-έω,urn:cite2:hmt:lsj.chicago_md:n95713,kinship_family,embed,0.484,0.313,0.171,80,to have few brothers; sisters
σπᾰνᾰδελφ-ία,urn:cite2:hmt:lsj.chicago_md:n95714,kinship_family,embed,0.484,0.221,0.263,105,fewness of brothers; sisters
σπᾰνᾰδελφ-ος,urn:cite2:hmt:lsj.chicago_md:n95715,kinship_family,embed,0.484,0.221,0.263,113,with few brothers; sisters
ἀδελφ-ιδῆ,urn:cite2:hmt:lsj.chicago_md:n1194,kinship_family,seed+embed,0.483,0.183,0.3,146,"a brotherʼs; sisterʼs daughter, a niece"
ἀνοίκ-ειος,urn:cite2:hmt:lsj.chicago_md:n9152,kinship_family,seed+embed,0.483,0.34,0.144,565,"not of the family; less closely related; unfitting, unseasonable; foreign to, incongruous with; dissimilar to; alien from; not in its domicile"
ἀπορφᾰνίζω,urn:cite2:hmt:lsj.chicago_md:n13647,kinship_family,embed,0.483,0.31,0.172,161,bereave; to be orphaned; to be torn away from..; 1 Ep.Th.
ὀλῐγαρχ-ία,urn:cite2:hmt:lsj.chicago_md:n72980,kinship_family,embed,0.483,0.398,0.085,400,"oligarchy, government in the hands of a few families; persons"
τοκ-άς,urn:cite2:hmt:lsj.chicago_md:n104206,kinship_family,seed+embed,0.482,0.387,0.095,815,"of; for breeding, brood; prolific; having just brought forth; with cubs; with pups; mothers; mother"
γονο-κτονία,urn:cite2:hmt:lsj.chicago_md:n22649,kinship_family,embed,0.481,0.232,0.249,52,murder of parents
πατρο-δώρητος,urn:cite2:hmt:lsj.chicago_md:n80053,kinship_family,seed+embed,0.481,0.267,0.214,66,given by a father
ἐπιξέν-ωσις,urn:cite2:hmt:lsj.chicago_md:n40375,kinship_family,embed,0.48,0.255,0.225,100,hospitable; relations
ἰδέα,urn:cite2:hmt:lsj.chicago_md:n49817,kinship_family,embed,0.48,0.385,0.096,2485,"form; shapes; elements; semblance; outward appearances; kind, sort; modes; nature; fashion?; forms; way; relations; kind of existence; style; a quality of style; class, kind; principle of classification; ideal forms, archetypes; notion, idea"
μητρικός,urn:cite2:hmt:lsj.chicago_md:n67570,kinship_family,seed,0.48,0.282,0.198,309,of a mother
μητρῷος,urn:cite2:hmt:lsj.chicago_md:n67612,kinship_family,seed,0.48,0.441,0.039,943,of a mother; temple of Demeter; temple of Cybele; the worship of Cybele; music played in her honour
αἰνο-πᾰτηρ,urn:cite2:hmt:lsj.chicago_md:n2559,kinship_family,seed,0.478,0.265,0.213,61,unhappy father
ἀναχωρ-έω,urn:cite2:hmt:lsj.chicago_md:n7832,kinship_family,seed,0.476,0.43,0.047,1568,"go back; walk backwards; retire, withdraw; they had retired; returned; were forced; to retire to..; come back; revert to the rightful heir; withdraw, retire; retire from; from; inland; obsolete; recondite; strike, refuse to work"
γονο-ποιΐα,urn:cite2:hmt:lsj.chicago_md:n22651,kinship_family,seed,0.475,0.174,0.301,70,production of offspring
εὐπᾰτέρεια,urn:cite2:hmt:lsj.chicago_md:n44711,kinship_family,seed,0.475,0.393,0.082,245,daughter of a noble sire; belonging to a noble father
φῐλο-πάτωρ,urn:cite2:hmt:lsj.chicago_md:n111377,kinship_family,seed,0.473,0.356,0.117,285,loving oneʼs father
πατρο-λάθησις,urn:cite2:hmt:lsj.chicago_md:n80063,kinship_family,seed,0.471,0.197,0.274,92,neglect of oneʼs father
βλάστ-ημα,urn:cite2:hmt:lsj.chicago_md:n20054,kinship_family,seed,0.47,0.247,0.223,473,"offspring, offshoot; excrescence; eruption"
ὀλῐγο-γονία,urn:cite2:hmt:lsj.chicago_md:n73004,kinship_family,seed,0.47,0.15,0.319,88,production of few offspring
μον-ᾰδελφία,urn:cite2:hmt:lsj.chicago_md:n68421,kinship_family,seed,0.469,0.232,0.237,78,possession of only one brother
πρόπαππος,urn:cite2:hmt:lsj.chicago_md:n88224,kinship_family,seed,0.469,0.261,0.208,124,great-grandfather; grandfather
πατρο-κόμος,urn:cite2:hmt:lsj.chicago_md:n80058,kinship_family,seed,0.467,0.237,0.23,73,taking care of her father
σύναιμος,urn:cite2:hmt:lsj.chicago_md:n99081,kinship_family,seed,0.467,0.47,-0.003,418,"of common blood, kindred; kinsman, kinswoman; brother, sister; kinsmen; presiding over kindred; between kinsmen"
ἀδελφ-ή,urn:cite2:hmt:lsj.chicago_md:n1192,kinship_family,seed,0.466,0.223,0.243,551,sister; kinswoman
ἀδελφο-κτονέω,urn:cite2:hmt:lsj.chicago_md:n1205,kinship_family,seed,0.466,0.304,0.162,101,to be murderer of a brother; sister
ἀδελφο-κτονία,urn:cite2:hmt:lsj.chicago_md:n1206,kinship_family,seed,0.466,0.227,0.239,94,murder of a brother; sister
ἀνάδελφος,urn:cite2:hmt:lsj.chicago_md:n6423,kinship_family,seed,0.466,0.188,0.278,104,without brother; sister
κᾰσιγνήτ-η,urn:cite2:hmt:lsj.chicago_md:n53597,kinship_family,seed,0.466,0.188,0.278,301,sister
κάσις,urn:cite2:hmt:lsj.chicago_md:n53604,kinship_family,seed,0.466,0.189,0.277,283,brother; sister
οἰκονομ-ία,urn:cite2:hmt:lsj.chicago_md:n72348,kinship_family,seed,0.466,0.556,-0.091,1488,"management of a household; family, husbandry, thrift; households; direction, regulation; administration; principles of government; arrangement; market, fair; proceedings; steps; office of; stewardship; plan, dispensation; scheming; public revenue; transaction, contract; instrument; operation; process"
ὁμαίμ-ων,urn:cite2:hmt:lsj.chicago_md:n73386,kinship_family,seed,0.466,0.189,0.277,326,near akin to..; more near akin; brother; sister
ὁμό-γνητος,urn:cite2:hmt:lsj.chicago_md:n73551,kinship_family,seed,0.466,0.189,0.277,169,brother; sister
ὁμό-παις,urn:cite2:hmt:lsj.chicago_md:n73780,kinship_family,seed,0.466,0.188,0.278,91,twin-brother; sister
ὁμό-σφῠρος,urn:cite2:hmt:lsj.chicago_md:n73845,kinship_family,seed,0.466,0.189,0.277,162,walking in company; sister; brother
συνομαίμων,urn:cite2:hmt:lsj.chicago_md:n100824,kinship_family,seed,0.466,0.438,0.028,178,"of the same blood, kindred; brother; sister"
μητρυι-ά,urn:cite2:hmt:lsj.chicago_md:n67602,kinship_family,seed,0.465,0.233,0.231,634,stepmother; mauru; módrie
στεῖρα,urn:cite2:hmt:lsj.chicago_md:n96416,kinship_family,seed,0.465,0.447,0.018,550,"that has not brought forth young; barren; not having had offspring, virgin; starīs; sterilis."
θῠγατρο-μιξία,urn:cite2:hmt:lsj.chicago_md:n49274,kinship_family,seed,0.464,0.125,0.339,80,incest with a daughter
καλλι-γένεια,urn:cite2:hmt:lsj.chicago_md:n52627,kinship_family,seed,0.461,0.35,0.111,364,bearer of a fair offspring; sacrifice to Demeter K.
δυσ-πένθερος,urn:cite2:hmt:lsj.chicago_md:n29385,kinship_family,seed,0.459,0.278,0.181,78,of an evil father-in-law
αὐτ-ᾰνέψιος,urn:cite2:hmt:lsj.chicago_md:n17553,kinship_family,seed,0.458,0.173,0.285,151,own cousin
παρθέν-ιος,urn:cite2:hmt:lsj.chicago_md:n79588,kinship_family,seed,0.458,0.384,0.075,792,"of a maiden, maidenly; of the temple of the Virgin Goddess; the son of an unmarried girl; of maidenhood, first; pure, undefiled; white; Samia terra"
πατρι-άζω,urn:cite2:hmt:lsj.chicago_md:n80034,kinship_family,seed,0.458,0.144,0.314,58,take after oneʼs father
παιδουργ-ία,urn:cite2:hmt:lsj.chicago_md:n76664,kinship_family,seed,0.457,0.225,0.232,130,a mother
μονο-πάτωρ,urn:cite2:hmt:lsj.chicago_md:n68613,kinship_family,seed,0.456,0.15,0.306,68,only father
ὑϊδοῦς,urn:cite2:hmt:lsj.chicago_md:n106552,kinship_family,seed,0.456,0.2,0.256,151,"sonʼs son, grandson"
μητρο-μήτωρ,urn:cite2:hmt:lsj.chicago_md:n67587,kinship_family,seed,0.454,0.148,0.306,111,"motherʼs mother, grandmother"
δῠσ-ᾰριστοτόκεια,urn:cite2:hmt:lsj.chicago_md:n28739,kinship_family,seed,0.453,0.315,0.138,102,unhappy mother of the noblest son
ἐξευγεν-ίζω,urn:cite2:hmt:lsj.chicago_md:n37225,kinship_family,seed,0.453,0.368,0.085,207,produce noble offspring; make noble; in de An.; degeneration
μῑσο-ΐδιος,urn:cite2:hmt:lsj.chicago_md:n68050,kinship_family,seed,0.453,0.289,0.165,92,hating oneʼs own family
παιδο-κτόνος,urn:cite2:hmt:lsj.chicago_md:n76626,kinship_family,seed,0.453,0.179,0.275,132,slaying oneʼs children; slaying offspring
βρᾰδῠτεκνία,urn:cite2:hmt:lsj.chicago_md:n20799,kinship_family,seed,0.451,0.159,0.292,78,lateness in having offspring
ἀμμά,urn:cite2:hmt:lsj.chicago_md:n5311,kinship_family,seed,0.45,0.226,0.224,171,"mother; foster-mother, nurse"
ἀμμία,urn:cite2:hmt:lsj.chicago_md:n5320,kinship_family,seed,0.45,0.293,0.158,76,mother; nurse
βοῦς,urn:cite2:hmt:lsj.chicago_md:n20674,kinship_family,seed,0.45,0.515,-0.065,2336,"bullock, bull, ox; cow; cattle; buffalo; zebu; urus; dam; mother; ox-hide shield; fish; Notidanus griseus; crescent loaf; seam; the constellation Taurus; gaús; gā´m; bos"
γενέτ-ειρα,urn:cite2:hmt:lsj.chicago_md:n21874,kinship_family,seed,0.45,0.226,0.224,192,mother; daughter
μαῖα,urn:cite2:hmt:lsj.chicago_md:n64530,kinship_family,seed,0.45,0.262,0.188,806,good mother; foster-mother; mother; midwife; lady doctor; grandmother; large kind of crab
μάμμ-η,urn:cite2:hmt:lsj.chicago_md:n64884,kinship_family,seed,0.45,0.226,0.224,342,mother; motherʼs breast; grandmother
μαμμ-ία,urn:cite2:hmt:lsj.chicago_md:n64885,kinship_family,seed,0.45,0.226,0.224,51,mother
παιδοτρόφ-ος,urn:cite2:hmt:lsj.chicago_md:n76661,kinship_family,seed,0.45,0.315,0.135,194,nourishing young life; mother
πάτρων,urn:cite2:hmt:lsj.chicago_md:n80095,kinship_family,seed,0.449,0.283,0.166,272,patronus; uncle
ἑκᾰτέρ-ωθεν,urn:cite2:hmt:lsj.chicago_md:n31609,kinship_family,seed,0.448,0.36,0.088,231,"on each side, on either hand; at each end; on both sides, by father and mother"
παμ-μήτωρ,urn:cite2:hmt:lsj.chicago_md:n77086,kinship_family,seed,0.448,0.256,0.193,196,mother of all; a very mother
μαμμ-ικός,urn:cite2:hmt:lsj.chicago_md:n64887,kinship_family,seed,0.447,0.241,0.207,128,of a grandmother
τηλύγετος,urn:cite2:hmt:lsj.chicago_md:n103841,kinship_family,seed,0.447,0.336,0.111,1508,"a darling son, petted child; only; of oneʼs old age; the only; far away, far-distant; latest-born; after whom no more are born; only children; petted, well-beloved"
σύντροφ-ος,urn:cite2:hmt:lsj.chicago_md:n101083,kinship_family,seed,0.446,0.419,0.027,2263,"brought up together with; foster-brother; bred up with; of like habits with oneself; his foster-brother; living with; of a companion; used to; habitual; Aër.; everyday; congenital property; innate; natural to; familiar; suitable; joint-herd, fellow-herdsman; assisting in nourishing.."
φῐλό-παππος,urn:cite2:hmt:lsj.chicago_md:n111368,kinship_family,seed,0.446,0.353,0.093,204,loving oneʼs grandfather; loving their grandparents
αἰνο-τόκος,urn:cite2:hmt:lsj.chicago_md:n2571,kinship_family,seed,0.444,0.191,0.253,125,unhappy in being a parent
πολυ-μήτωρ,urn:cite2:hmt:lsj.chicago_md:n85073,kinship_family,seed,0.442,0.284,0.158,63,mother of many
εὐπάτωρ,urn:cite2:hmt:lsj.chicago_md:n44715,kinship_family,seed,0.441,0.254,0.188,115,a good father
παππ-ωνῠμικῶς,urn:cite2:hmt:lsj.chicago_md:n77747,kinship_family,seed,0.441,0.244,0.196,109,called after oneʼs grandfather
πενθεροφθόρος,urn:cite2:hmt:lsj.chicago_md:n80584,kinship_family,seed,0.441,0.16,0.281,69,slaying oneʼs father-in-law
ὄρπηξ,urn:cite2:hmt:lsj.chicago_md:n75339,kinship_family,seed,0.439,0.214,0.225,429,"sapling, young shoot; goad; lance; scion, descendant"
ἀδελφο-κτόνος,urn:cite2:hmt:lsj.chicago_md:n1204,kinship_family,seed,0.435,0.23,0.204,139,murdering a brother or sister
ἀνεψι-ᾰδῆ,urn:cite2:hmt:lsj.chicago_md:n8580,kinship_family,seed,0.435,0.109,0.326,64,first cousinʼs daughter
γαμβρο-ποιέω,urn:cite2:hmt:lsj.chicago_md:n21548,kinship_family,seed,0.435,0.16,0.275,63,make a son-in-law of
ἄπαππος,urn:cite2:hmt:lsj.chicago_md:n11446,kinship_family,seed,0.434,0.251,0.183,145,with no grandfather; unfathered by
ἐξάδελφος,urn:cite2:hmt:lsj.chicago_md:n36521,kinship_family,seed,0.434,0.188,0.247,168,cousin-german; nephew
φῐλᾰδελφ-ος,urn:cite2:hmt:lsj.chicago_md:n110808,kinship_family,seed,0.434,0.335,0.099,729,"loving oneʼs brother; sister, brotherly, sisterly; NT, loving the brethren; mock orange, Philadelphus coronarius; stones"
αὐτο-μήτωρ,urn:cite2:hmt:lsj.chicago_md:n17820,kinship_family,seed,0.433,0.192,0.241,105,very mother herself; her motherʼs very child
φῐλο-θρεψ,urn:cite2:hmt:lsj.chicago_md:n111182,kinship_family,seed,0.432,0.243,0.188,115,dear foster-child; Zweiter Bericht
μητρο-κᾰσιγνήτη,urn:cite2:hmt:lsj.chicago_md:n67577,kinship_family,seed,0.431,0.223,0.209,96,uterine sister
ἀτῐτάλτας,urn:cite2:hmt:lsj.chicago_md:n17096,kinship_family,seed,0.43,0.213,0.217,65,foster-father
μητρυι-άζω,urn:cite2:hmt:lsj.chicago_md:n67603,kinship_family,seed,0.43,0.213,0.217,61,"to be a stepmother, act as one"
τῐθηνός,urn:cite2:hmt:lsj.chicago_md:n103934,kinship_family,seed,0.43,0.294,0.135,520,nursing; one who nurses; foster-father; nursling
δυστοκ-εύς,urn:cite2:hmt:lsj.chicago_md:n29531,kinship_family,seed,0.428,0.285,0.142,141,suffering in child-birth; unhappy parent
συγγᾰλακτοτροφέω,urn:cite2:hmt:lsj.chicago_md:n97492,kinship_family,seed,0.427,0.115,0.312,104,bring up as a foster-child with
πατρο-γενής,urn:cite2:hmt:lsj.chicago_md:n80050,kinship_family,seed,0.426,0.298,0.128,77,begotten of the father
εὐπένθερος,urn:cite2:hmt:lsj.chicago_md:n44729,kinship_family,seed,0.422,0.167,0.255,67,with a good father-in-law
ἰσ-άδελφος,urn:cite2:hmt:lsj.chicago_md:n50911,kinship_family,seed,0.421,0.172,0.249,103,like a brother
πατρο-τύπτης,urn:cite2:hmt:lsj.chicago_md:n80081,kinship_family,seed,0.421,0.354,0.067,117,one who beats his father
Τάντᾰλος,urn:cite2:hmt:lsj.chicago_md:n102319,kinship_family,seed,0.421,0.326,0.095,943,Tantalus; of; belonging to T.; of T.; descendant of Tantalus; daughter of T.; endurance; balanced and tottering
τανταλίδης,urn:cite2:hmt:lsj.chicago_md:n102320,kinship_family,seed,0.421,0.138,0.283,79,descendant of Tantalus
ὁμο-μήτριος,urn:cite2:hmt:lsj.chicago_md:n73758,kinship_family,seed,0.419,0.176,0.243,220,born of the same mother
παπποκτόνος,urn:cite2:hmt:lsj.chicago_md:n77741,kinship_family,seed,0.419,0.208,0.21,60,grandfather-slaying
πατρο-στερής,urn:cite2:hmt:lsj.chicago_md:n80079,kinship_family,seed,0.419,0.194,0.225,70,"reft of father, fatherless"
ὑποτρέφω,urn:cite2:hmt:lsj.chicago_md:n109396,kinship_family,seed,0.418,0.274,0.143,561,"rear, nourish; cherish, nurse; foster, encourage; cherish; grow up in succession; grew"
ὀβρῐμόσπορος,urn:cite2:hmt:lsj.chicago_md:n71933,kinship_family,seed,0.417,0.31,0.106,69,with mighty offspring
ὁμοιο-γονία,urn:cite2:hmt:lsj.chicago_md:n73631,kinship_family,seed,0.416,0.215,0.202,81,generation of like offspring
μητρο-κτόνος,urn:cite2:hmt:lsj.chicago_md:n67582,kinship_family,seed,0.415,0.24,0.175,357,"killing oneʼs mother, matricidal; of a motherʼs murder; matricide"
πᾰτέρ-ιον,urn:cite2:hmt:lsj.chicago_md:n80007,kinship_family,seed,0.415,0.173,0.242,71,little father
ἀδελφο-πρεπῶς,urn:cite2:hmt:lsj.chicago_md:n1210,kinship_family,seed,0.413,0.173,0.24,70,as befits a brother
Κάβειροι,urn:cite2:hmt:lsj.chicago_md:n51596,kinship_family,seed,0.413,0.311,0.102,1392,the Cabeiri; the sisters; mother of the Cabeiri; Cabeiric; sanctuary of the C.; their mysteries; celebrate these mysteries; KBR ‘greatʼ; Kúbera-; *Kabera-; Kāberaká-.
μητρωνῠμικός,urn:cite2:hmt:lsj.chicago_md:n67611,kinship_family,seed,0.413,0.182,0.231,110,named after oneʼs mother
μῑσο-πάτωρ,urn:cite2:hmt:lsj.chicago_md:n68074,kinship_family,seed,0.413,0.239,0.174,80,hating oneʼs father
πατρωνῠμ-ία,urn:cite2:hmt:lsj.chicago_md:n80103,kinship_family,seed,0.413,0.23,0.183,104,"name taken from oneʼs father, patronymic"
φῐλο-πάτρως,urn:cite2:hmt:lsj.chicago_md:n111376,kinship_family,seed,0.413,0.303,0.109,69,lover of oneʼs uncle
πολῠ-γονος,urn:cite2:hmt:lsj.chicago_md:n84726,kinship_family,seed,0.412,0.273,0.139,426,"producing much offspring, prolific; Aër.; much-producing, fertilizing"
γνωτο-φόνος,urn:cite2:hmt:lsj.chicago_md:n22548,kinship_family,seed,0.41,0.239,0.171,144,murderer of anotherʼs brother; murderess of a brother
θῠγάτρ-ιον,urn:cite2:hmt:lsj.chicago_md:n49270,kinship_family,seed,0.409,0.223,0.186,238,little daughter; girl
πληγενής,urn:cite2:hmt:lsj.chicago_md:n83762,kinship_family,seed,0.409,0.158,0.251,81,"half-brother, half-sister"
οἴομαι,urn:cite2:hmt:lsj.chicago_md:n72610,kinship_family,seed,0.408,0.398,0.01,6045,"forebode, presage; expect; suspect; fear; thou art; suspecting; guess; think; mean, intend; there comes a boding; think, suppose, believe; that he is the putative father; I ween; I think so, I should think so; you canʼt think; intend, purpose; his object is; intentionally; methinks; mean to, intend"
σύνορος,urn:cite2:hmt:lsj.chicago_md:n100893,kinship_family,seed,0.408,0.256,0.152,397,"marching with, conterminous; neighbouring; twin-sister"
λῐπο-μήτωρ,urn:cite2:hmt:lsj.chicago_md:n63532,kinship_family,seed,0.407,0.202,0.205,79,having left oneʼs mother
ἔκπαππος,urn:cite2:hmt:lsj.chicago_md:n32569,kinship_family,seed,0.406,0.257,0.149,63,great-great-grandfather
εὔπαις,urn:cite2:hmt:lsj.chicago_md:n44669,kinship_family,seed,0.406,0.385,0.02,314,"blest with children; with many; with good, fine children; noble son"
τρέφω,urn:cite2:hmt:lsj.chicago_md:n104690,kinship_family,seed,0.405,0.389,0.016,9154,"thicken; congeal; curdle; curdle, congeal; cause to grow; increase, bring up, rear; bring up; rear for oneself; to be reared, grow up; grew up; left the nursery; true nurslings of; art nursed; rear and keep; keepers; keep; master; he keeps; to be bred, reared; bred; tend, cherish; let grow, cherish, foster; put; on; breed, produce, teem with; have within oneself, contain; to keep; she has as her lot; cherish; is; daily lot; maintain, support; feed; provide the food for; maintain; feed, maintain; suckle; nourish; bring up, rear, educate; motherland; to be; was well-grown; vox nihili"
Δάρδᾰνος,urn:cite2:hmt:lsj.chicago_md:n23464,kinship_family,seed,0.403,0.312,0.091,501,Dardanus; Trojan; Trojan woman; Troy; son; descendant of Dardanus; sons of Dardanus
πηΐσκος,urn:cite2:hmt:lsj.chicago_md:n82911,kinship_family,seed,0.403,0.217,0.186,87,"child, son"
ἔρνος,urn:cite2:hmt:lsj.chicago_md:n42640,kinship_family,seed,0.402,0.556,-0.154,799,"young sprout, shoot; a young plant; wreaths; scion, offspring; having sprung out of the sea; fruit"
παιδό-παις,urn:cite2:hmt:lsj.chicago_md:n76640,kinship_family,seed,0.402,0.183,0.219,79,grandson
υἱων-ός,urn:cite2:hmt:lsj.chicago_md:n106571,kinship_family,seed,0.402,0.183,0.219,284,grandson
παλλᾰκ-ῖνος,urn:cite2:hmt:lsj.chicago_md:n77011,kinship_family,seed,0.401,0.308,0.092,58,son by a concubine
προικ-ίδιος,urn:cite2:hmt:lsj.chicago_md:n87562,marriage,seed+embed,0.795,0.271,0.524,85,forming a dowry
ἄπροικος,urn:cite2:hmt:lsj.chicago_md:n14427,marriage,seed+embed,0.785,0.355,0.43,167,without portion; dowry
ἐπιφέρνια,urn:cite2:hmt:lsj.chicago_md:n41497,marriage,seed+embed,0.785,0.355,0.43,64,dowry
ἀποπροικίζω,urn:cite2:hmt:lsj.chicago_md:n13512,marriage,seed+embed,0.783,0.299,0.484,62,give a dowry
φερν-ή,urn:cite2:hmt:lsj.chicago_md:n110581,marriage,seed+embed,0.783,0.379,0.403,633,"that which is brought by the wife, dowry; a dowry; given as a dowry; a dower; bridal gifts; portion"
μνῆστρον,urn:cite2:hmt:lsj.chicago_md:n68221,marriage,seed+embed,0.772,0.27,0.502,83,"betrothal, marriage"
εἰσφέρω,urn:cite2:hmt:lsj.chicago_md:n31537,marriage,seed+embed,0.771,0.389,0.382,2734,"carry in; bring in, contribute; pay the propertytax; bring in; upon; brings; into; introduce; bring forward, propose; legem rogare; propose, nominate; carry with one, sweep along; bring in for oneself; bring in with one, introduce; to utter; having brought; as a dowry; contribute; apply, employ; eat; drink; draw breath; to be brought in, introduced; rush in"
προικ-ῐμαῖος,urn:cite2:hmt:lsj.chicago_md:n87564,marriage,seed+embed,0.763,0.316,0.447,130,gratuitous; belonging to a dowry
προίξ,urn:cite2:hmt:lsj.chicago_md:n87576,marriage,seed+embed,0.751,0.402,0.349,1122,"gift, present; of his bounty, without reimbursement; with impunity; gift; marriage-porlion, dowry; as part of the dowry; as a free gift, freely, at oneʼs own cost; without a gift, unbribed; of oneself, without a teacher; to say nothing of, in addition to"
ἐπιδίδωμι,urn:cite2:hmt:lsj.chicago_md:n39238,marriage,seed+embed,0.75,0.466,0.284,2773,"give besides; administer; give afterwards; give in dowry; contribute as a ‘benevolence; offer money; give freely, bestow; give; up, devote; before the wind; give into; hands, deliver; power to; dictate; take as oneʼs witness; give each other our; increase, advance; increase; grow; advance, improve; waxes; give in, give way"
ἐπιφέρω,urn:cite2:hmt:lsj.chicago_md:n41498,marriage,seed+embed,0.745,0.453,0.292,4424,"bring, put; lay upon; will lay; upon; make; to bring; shall pursue your attack; inflict; vent; place upon; offerings; lay on, apply; bring; against; impute; to; cast; in his teeth; confer, impose, upon; add to, increase; minister; gratify; give; assign; to give; subjoin, add; adduce, cite; produce; assert as a conclusion; inference; follows from; bring with; upon oneself, bring as a dowry; consume (eat) in addition; wear; carry on oneʼs person; rush upon; after, attack, assault; bear down upon; strikes the ship; inveigh against; to be eager to; accumulation; abscess; to be borne onwards; to be led to; impend, threaten; coming events; the following; to be applied; outbursts; follow"
παράφερνα,urn:cite2:hmt:lsj.chicago_md:n79012,marriage,seed+embed,0.711,0.286,0.425,192,goods which a bride brings over and above her dowry; b
προικ-ίζω,urn:cite2:hmt:lsj.chicago_md:n87563,marriage,seed+embed,0.694,0.262,0.432,129,"portion, give a dowry to"
ἐπί-προικος,urn:cite2:hmt:lsj.chicago_md:n40639,marriage,seed+embed,0.668,0.232,0.436,163,woman who inherits a charge upon a property as her dowry; dowered
πολύ-εδνος,urn:cite2:hmt:lsj.chicago_md:n84796,marriage,seed+embed,0.668,0.391,0.277,65,with rich dowry
νύμφ-ευσις,urn:cite2:hmt:lsj.chicago_md:n71276,marriage,seed+embed,0.663,0.331,0.332,64,"bridal, marriage"
γάμος,urn:cite2:hmt:lsj.chicago_md:n21578,marriage,seed+embed,0.66,0.422,0.239,1648,"wedding; a wedding; marriage, wedlock; marriage; prostitution; rape; unlawful wedlock; a wife; ritual marriage; three; five; six; jāmís; geminus."
ἐκδίδωμι,urn:cite2:hmt:lsj.chicago_md:n31875,marriage,seed+embed,0.66,0.456,0.205,3586,"give up; surrender; giving up; give up oneʼs; give out of oneʼs house; give; in marriage; having provided for; marriage; give in marriage; given in marriage; for adoption; put; out; farm out, let for hire; to let out; one who has contracted for; give in charge; bring out; lend out money; pay out; put out, publish; bring to the birth; return, yield, produce; hand over, deliver; betray; empty themselves, disembogue; run to; find an outlet; emerge"
εὔν-ημα,urn:cite2:hmt:lsj.chicago_md:n44536,marriage,seed+embed,0.66,0.328,0.332,68,marriage
κῆδ-ος,urn:cite2:hmt:lsj.chicago_md:n57070,marriage,seed+embed,0.66,0.408,0.253,1497,"care about; do; matter; anxiety, grief; troubles; funeral rites, mourning; mourning for; the funeral; funerals; object of care; connexion by marriage; marriage"
λέχος,urn:cite2:hmt:lsj.chicago_md:n62799,marriage,seed+embed,0.66,0.339,0.321,1233,"couch, bed; bedstead; bier; marriage-bed; marriage; spouse; nest"
ὀπυστύς,urn:cite2:hmt:lsj.chicago_md:n74684,marriage,seed+embed,0.66,0.328,0.332,69,marriage
συνέλευσις,urn:cite2:hmt:lsj.chicago_md:n100035,marriage,seed+embed,0.66,0.398,0.262,674,"coming together, meeting; co-operation; co-operative community; sexual intercourse; marriage; coming together, combination, union; group; contraction; crasis; stronghold"
συνοικ-έσιον,urn:cite2:hmt:lsj.chicago_md:n100776,marriage,seed+embed,0.66,0.328,0.332,225,marriage
συνοικ-έω,urn:cite2:hmt:lsj.chicago_md:n100778,marriage,seed+embed,0.66,0.345,0.315,1774,"dwell; live together; live with; live together, form a community; live with in wedlock; live in wedlock; marriage; he dwells; being; versed; cling closely; share the same domicile; people; colonize jointly with; to be thickly peopled"
συνοίκ-ησις,urn:cite2:hmt:lsj.chicago_md:n100780,marriage,seed+embed,0.66,0.328,0.332,316,"cohabitation; marriage; collections; settlement, community"
συνοικ-ῐσία,urn:cite2:hmt:lsj.chicago_md:n100788,marriage,seed+embed,0.66,0.328,0.332,216,nuova serie; marriage
τελεί-ωσις,urn:cite2:hmt:lsj.chicago_md:n102939,marriage,seed+embed,0.66,0.433,0.227,959,"development, completion; saturation; execution; by completing; attainment of manhood; marriage; accomplishment, fulfilment"
ἑδν-ωτή,urn:cite2:hmt:lsj.chicago_md:n30695,marriage,seed+embed,0.654,0.237,0.417,54,bride betrothed for
ἐκγᾰμ-έομαι,urn:cite2:hmt:lsj.chicago_md:n31789,marriage,seed+embed,0.64,0.376,0.265,69,to be given in marriage
φῠτάλμιος,urn:cite2:hmt:lsj.chicago_md:n112741,marriage,seed+embed,0.639,0.403,0.236,693,"producing, nourishing, fostering; the marriage; productive power; by birth; bring; to life?; ad hoc."
γᾰμο-δαίσια,urn:cite2:hmt:lsj.chicago_md:n21573,marriage,seed+embed,0.636,0.294,0.342,64,wedding
ὑμέναι-ος,urn:cite2:hmt:lsj.chicago_md:n106685,marriage,seed+embed,0.636,0.357,0.279,862,the wedding; bridal song; wedding; Hymen
ἔκ-δοσις,urn:cite2:hmt:lsj.chicago_md:n31910,marriage,seed+embed,0.634,0.383,0.25,1070,"giving up, surrendering; giving in marriage, dowering; letting, hiring; farming out; lending money on ships; exported goods, bottomry; publication; a ‘publication’, treatise; edition; Poëm.; translation; bursting forth; delivery; motions"
νυμφ-ευτής,urn:cite2:hmt:lsj.chicago_md:n71279,marriage,seed+embed,0.634,0.257,0.377,168,"groomsman; bridegroom, husband"
χηρ-αίνω,urn:cite2:hmt:lsj.chicago_md:n113915,marriage,seed+embed,0.633,0.287,0.346,66,to be parted from oneʼs husband
νῠός,urn:cite2:hmt:lsj.chicago_md:n71316,marriage,seed+embed,0.632,0.308,0.323,321,"daughter-in-law; daughter-by-marriage; bride, wife; snusā; snur; nurus"
λουτρο-φόρος,urn:cite2:hmt:lsj.chicago_md:n63932,marriage,embed,0.63,0.304,0.325,423,bringing water; fetched him water from the fountain Callirrhoe; marriageceremony; black urn
ἁρμ-οστής,urn:cite2:hmt:lsj.chicago_md:n15293,marriage,seed+embed,0.621,0.286,0.334,430,"one who arranges; governs; harmost, governor; governor of a dependent colony; triumvir; praefectus; betrothed husband"
νυμφ-εύω,urn:cite2:hmt:lsj.chicago_md:n71281,marriage,seed+embed,0.621,0.376,0.245,954,"give in marriage; betroth; marry; to be given in marriage, marry; to be wedded; take to wife"
πολύ-νυμφος,urn:cite2:hmt:lsj.chicago_md:n85118,marriage,embed,0.611,0.233,0.378,57,with many brides
λαμβάνω,urn:cite2:hmt:lsj.chicago_md:n61791,marriage,seed+embed,0.605,0.424,0.181,12778,"a; take; receive; take hold of, grasp, seize; caught; by; took hold of; take by violence, carry off as prize; booty; capture; take, exact; seize; came to; occurred; attack; seize, possess; occupy, possess; catch, overtake; find, come upon; catch, find out, detect; bind; take as; taking, keeping; assume; apprehend by the senses; apprehend with the mind, understand; understand; took; are used for; be taken; assume, take for granted; determine, estimate; take in hand, undertake; taking; take in, hold; took and; have given one, get, receive; gain, win; attain; incur; receive hospitably; treat; receive in marriage; suffer; get; demand; conceive; receive as produce, profit; purchase; admit of; admit, initiate; receiving; having; added; receive permission to..; take hold of, lay hold on; seize and keep hold of, obtain possession of; seizing; lay hands upon; lay; hands on; deal; with; take to; reaching; find fault with, censure; check"
κάτευγμα,urn:cite2:hmt:lsj.chicago_md:n55854,marriage,embed,0.604,0.396,0.208,186,"vows; imprecations, curses; symbols of prayer"
προσεύχομαι,urn:cite2:hmt:lsj.chicago_md:n89340,marriage,embed,0.604,0.396,0.208,726,"offer prayers; vows; address; in prayer; offer prayers, worship; pray for; pray"
τᾶλις,urn:cite2:hmt:lsj.chicago_md:n102256,marriage,seed+embed,0.604,0.301,0.303,197,"marriageable maiden; betrothed maiden, married woman; bride"
ζεύγνῡμι,urn:cite2:hmt:lsj.chicago_md:n46176,marriage,seed+embed,0.599,0.472,0.127,3822,"yoke, put to; put to oneʼs; harness, saddle and bridle; put to, get ready; bind fast; having; fastened..; in the yoke of; was tamed; join together; well-joined; joined; join in wedlock; yokes; in wedlock; wed; married; to be married; join; by bridges; furnish; with cross-benches; having strengthened; with thwarts; pair; match; yunákti; yuñjánti; jungo, jugum."
κηδ-εύω,urn:cite2:hmt:lsj.chicago_md:n57066,marriage,seed+embed,0.599,0.352,0.247,1344,"take charge of, tend.; attend to; bury; contract a marriage; ally oneself in marriage; marry; ally oneself with; become the son-in-law of; to be married; make oneʼs kinsman by marriage; to marry; those who formed the marriage"
ὀπυίω,urn:cite2:hmt:lsj.chicago_md:n74682,marriage,seed+embed,0.599,0.349,0.25,1487,"marry, take to wife; marry; wedded.; to be married; to have connexion with; pusyati"
τελέω,urn:cite2:hmt:lsj.chicago_md:n102995,marriage,seed+embed,0.599,0.482,0.117,8574,"fulfil, accomplish, execute, perform; did it; perform; fulfil; glut; grant; the fulfilment; accomplishment of; he succeeded; to be fulfilled; bring; to issue; grant in full, work out; make; effective; execute; bring to fulfilment; perfection; bless; with perfect happiness; to maturity, bring; to the birth; makes perfectly; bring to an end, finish, end; Lyr.Alex. Adesp.; come to the end of; come to oneʼs end; come to an end, be fulfilled, turn out; to be; pay; will administer; bring supplies of; pay, present; pay oneʼs contribution of; pay tax; to be paid; to be in receipt of rent; lay out, spend; to be spent; expended; laid out; consume, eat; to belong to; to be reckoned among; belong to; become; come to; belongs..; to compare; initiate; to have oneself initiated; to be consecrated; initiated in; mysteries; endow; with potency, consecrate; enchant; to be formally appointed; a votary of; to be married"
ὑποδαμνάω,urn:cite2:hmt:lsj.chicago_md:n108229,marriage,seed+embed,0.599,0.409,0.19,549,"master; weaken beneath; to be overcome, overpowered; subdued; yielding to; embrace; subdued by love; to be married"
ἄγαμ-ος,urn:cite2:hmt:lsj.chicago_md:n323,marriage,seed+embed,0.597,0.342,0.255,383,"unmarried, single; marriage that is no marriage, fatal marriage"
προσσυν-οικίζω,urn:cite2:hmt:lsj.chicago_md:n90092,marriage,seed+embed,0.597,0.37,0.227,194,give; in marriage besides; to be settled in addition
τελεσσί-γᾰμος,urn:cite2:hmt:lsj.chicago_md:n102965,marriage,seed+embed,0.597,0.277,0.32,139,perfecting; consecrating a marriage
γάμελα,urn:cite2:hmt:lsj.chicago_md:n21551,marriage,seed+embed,0.595,0.35,0.245,106,offerings made on the occasion of a marriage
κόρη,urn:cite2:hmt:lsj.chicago_md:n59098,marriage,seed+embed,0.593,0.33,0.263,3539,"girl; maiden; nymphs; bride; daughter; my daughter; colony; newly-launched; puppet, doll; small votive image; pupil; long sleeve; the Attic drachma; female figures as supports, Caryatids; the Daughter; Persephone; flour"
μνήστ-ειρα,urn:cite2:hmt:lsj.chicago_md:n68207,marriage,seed+embed,0.593,0.305,0.288,152,bride; mindful of
νυμφ-εῖος,urn:cite2:hmt:lsj.chicago_md:n71274,marriage,seed+embed,0.593,0.314,0.28,531,"bridal, nuptial; bridechamber; nuptial rites, marriage; bride"
νυμφ-εύτρια,urn:cite2:hmt:lsj.chicago_md:n71280,marriage,seed+embed,0.593,0.301,0.292,164,"she who escorts the bride, bridesmaid; bride"
φῐλο-νύμφιος,urn:cite2:hmt:lsj.chicago_md:n111346,marriage,seed+embed,0.593,0.301,0.292,83,loving the bridegroom; bride
γᾰμέω,urn:cite2:hmt:lsj.chicago_md:n21556,marriage,seed+embed,0.591,0.332,0.259,3297,"marry; take to wife; marry a wife; take for a paramour; give oneself; oneʼs; in marriage; give herself in marriage; wed; married; get their children married, betroth; get a wife for the son; will seek; make suit; to be taken to wife; marry a husband"
γᾰμ-ίζω,urn:cite2:hmt:lsj.chicago_md:n21565,marriage,seed+embed,0.591,0.332,0.259,91,give; in marriage
δίδωμι,urn:cite2:hmt:lsj.chicago_md:n26447,marriage,seed+embed,0.591,0.432,0.158,7227,"give freely; to be ready to give, offer; things offered; grant, assign; have; been granted; give; provide; for; grant permission; offer; gave; giving; tender; put; propose; having indulged; deliberate; render; lend; dare operam; ram; hand over, deliver up; to wife; in marriage; grant; pardon; forgive; condone; up; appoint, establish; place; Nethinim, ministers; orders were given; grant, allow, bring about that; grant that; to; grant, concede; data; take; describe, record; give oneself up, devote oneself; at full speed"
ἐξαιτ-έω,urn:cite2:hmt:lsj.chicago_md:n36581,marriage,seed+embed,0.591,0.442,0.149,1299,"demand; ask for from; ask; in marriage; demand the surrender of; beg for; ask for oneself, demand; for; aid; prayed; beg off, gain; pardon; release; make intercession for..; begged; to allow; avert by begging"
συνοικ-ίζω,urn:cite2:hmt:lsj.chicago_md:n100787,marriage,seed+embed,0.591,0.415,0.176,1395,"make to live with; to give; in marriage; combine; join in one city; unite into a city-state; having been regularly formed; unite in one building; join in peopling; colonizing; unite, associate"
ἐκ-δοτέον,urn:cite2:hmt:lsj.chicago_md:n31911,marriage,seed+embed,0.59,0.351,0.239,190,one must give up; one must give in marriage
γᾰμήλ-ιος,urn:cite2:hmt:lsj.chicago_md:n21559,marriage,seed+embed,0.577,0.307,0.27,633,"of; for a wedding, bridal, nuptial; presiding over marriage; bride cake; wedding-feast; the wedding feast"
μονο-γᾰμέω,urn:cite2:hmt:lsj.chicago_md:n68496,marriage,seed+embed,0.577,0.352,0.225,74,to be the husband of one wife
νυμφο-στολέω,urn:cite2:hmt:lsj.chicago_md:n71297,marriage,seed+embed,0.577,0.248,0.33,209,escort the bride; bridegroom
θᾰλᾰμ-εύω,urn:cite2:hmt:lsj.chicago_md:n47721,marriage,seed+embed,0.575,0.295,0.28,181,"lead into the; take to wife; to be shut up, kept at home; to be taken to wife"
νύμφ-η,urn:cite2:hmt:lsj.chicago_md:n71282,marriage,seed+embed,0.575,0.358,0.217,2034,"young wife, bride; marriageable maiden; daughter-in-law; young girl; Nymph; springs; water; doll, puppet; young bee; wasp; winged male of the ant; mollusc; point of the ploughshare; hollow between the under-lip and chin; opening rosebud; clitoris; niche"
εὔγᾰμ-ος,urn:cite2:hmt:lsj.chicago_md:n43534,marriage,seed+embed,0.57,0.321,0.249,140,happily married
θεο-γᾰμία,urn:cite2:hmt:lsj.chicago_md:n48148,marriage,seed+embed,0.568,0.382,0.186,120,marriage of gods
γᾰμ-ικός,urn:cite2:hmt:lsj.chicago_md:n21566,marriage,seed+embed,0.562,0.336,0.226,604,"of; for marriage; connubial; bridal; bridal, wedding; questions of marriage-rights; as at a wedding; marriage-contract; of marriageable age"
νυμφό-κλαυτος,urn:cite2:hmt:lsj.chicago_md:n71292,marriage,seed+embed,0.561,0.274,0.287,98,a bride bringing woe
ἐπιγᾰμ-ία,urn:cite2:hmt:lsj.chicago_md:n39011,marriage,seed+embed,0.56,0.294,0.266,704,additional marriage; connexion; by marriage; right; of intermarriage; conubium; intermarriage
πρωτο-γύναικες,urn:cite2:hmt:lsj.chicago_md:n90960,marriage,seed+embed,0.56,0.165,0.395,117,persons married for the first time; who still have their first wife
συζῠγ-ιος,urn:cite2:hmt:lsj.chicago_md:n98066,marriage,seed+embed,0.56,0.456,0.104,205,"joined, united; joining, uniting; patroness of marriage."
εὔνυμφος,urn:cite2:hmt:lsj.chicago_md:n44571,marriage,seed+embed,0.559,0.355,0.204,71,of a fair bride
καταιν-έω,urn:cite2:hmt:lsj.chicago_md:n54058,marriage,seed+embed,0.558,0.342,0.216,760,"agree to; approve of; agree; agree, promise to; agree that; grant, promise; promise in marriage, betroth"
μνηστ-εύω,urn:cite2:hmt:lsj.chicago_md:n68212,marriage,seed+embed,0.558,0.322,0.236,1594,"court, seek in marriage; woo and win, espouse; court for oneself; promise in marriage, betroth; to bring about; for; betrothed; sue, canvass for; pass off; hawk"
νυμφᾰγωγ-ός,urn:cite2:hmt:lsj.chicago_md:n71269,marriage,seed+embed,0.557,0.409,0.148,415,leader of the bride; one who leads her from her home to the bridegroomʼs house; friend; one who negotiates a marriage for another
σύγγᾰμ-ος,urn:cite2:hmt:lsj.chicago_md:n97497,marriage,seed+embed,0.557,0.371,0.186,414,"united in wedlock, married; husband; wife; connected by marriage; sharing; marriage-bed; the rival wives of one man"
θᾰλᾰμηπόλ-ος,urn:cite2:hmt:lsj.chicago_md:n47727,marriage,seed+embed,0.556,0.286,0.27,498,"attendant in a ladyʼs chamber, waiting-maid; eunuch of the bedchamber; eunuch-priests of Cybele; a priestess of Cybele; bridegroom; bridal"
νυμφ-ίος,urn:cite2:hmt:lsj.chicago_md:n71288,marriage,seed+embed,0.556,0.286,0.27,557,bridegroom; bridal; son-in-law
γᾰμέτ-ης,urn:cite2:hmt:lsj.chicago_md:n21554,marriage,seed+embed,0.555,0.217,0.337,313,"husband, spouse; a wife"
πόσις,urn:cite2:hmt:lsj.chicago_md:n85907,marriage,seed+embed,0.555,0.263,0.292,780,"husband, spouse; lawful husband; potis; pátis; pátnī; sum"
ἀνέκ-δοτος,urn:cite2:hmt:lsj.chicago_md:n8138,marriage,seed+embed,0.554,0.291,0.263,301,"not given in marriage, unaffianced; unpublished; secret"
ἐπιβῐόω,urn:cite2:hmt:lsj.chicago_md:n38918,marriage,seed+embed,0.554,0.235,0.319,308,"live over; after, survive; live to see; married"
τέλειος,urn:cite2:hmt:lsj.chicago_md:n102930,marriage,seed+embed,0.554,0.494,0.06,7715,"perfect; entire, without spot; blemish; perfect, of full tale; number; performed with all rites; the surest bird of augury; fully constituted, valid; authoritative, final; final; full-grown; drawn by horses; life-sized; full-sized; full-grown, adult; married; accomplished, perfect in his kind; trained; qualified; serious, dangerous; absolute; complete; fully inundated; fulfilled, accomplished; which imported; full, complete; great; third; having power to fulfil prayer, all-powerful; the head; lord; last; a royal banquet; full point; finally, absolutely, with full authority; completely, absolutely, thoroughly; perfectly; completely; absolutely"
νυμφό-τῑμος,urn:cite2:hmt:lsj.chicago_md:n71301,marriage,seed+embed,0.553,0.508,0.045,96,honouring the bride; bridal
ἀλέκτωρ,urn:cite2:hmt:lsj.chicago_md:n3987,marriage,seed+embed,0.552,0.301,0.251,593,"cock; yellow rattle, Rhinanthusmajor; husband, consort"
γαμβρεύω,urn:cite2:hmt:lsj.chicago_md:n21545,marriage,seed+embed,0.552,0.341,0.211,198,form connexions by marriage; marry; to be connected by marriage
γῠνή,urn:cite2:hmt:lsj.chicago_md:n23069,marriage,seed+embed,0.552,0.326,0.226,1443,"woman; man; mistress, lady; the lasses; a woman; wife, spouse; concubine; mortal woman; goddess; female, mate; gnā-; janis."
δάμᾰρ,urn:cite2:hmt:lsj.chicago_md:n23363,marriage,seed+embed,0.552,0.21,0.342,104,"wife, spouse"
κήδ-ευμα,urn:cite2:hmt:lsj.chicago_md:n57062,marriage,seed+embed,0.551,0.378,0.173,181,connexion; alliance by marriage; one who is so connected
πολῠ-γύναιος,urn:cite2:hmt:lsj.chicago_md:n84735,marriage,embed,0.551,0.279,0.272,91,having many wives
πρωτο-γᾰμία,urn:cite2:hmt:lsj.chicago_md:n90945,marriage,embed,0.55,0.201,0.349,90,preliminary marriagefestival
συμβολ-ή,urn:cite2:hmt:lsj.chicago_md:n98303,marriage,seed+embed,0.548,0.421,0.127,2887,"coming together, meeting, joining; confluence; putting together; meeting; joint, juncture; suture; twisting, plaiting; point of contact; bond of union; encounter, engagement; marriage-contract; contributions; their share of the reckoning; oneʼs shot; the meal; entertain ment; picnic; poll; contribution, subscription; subscriptions; a; cooperation"
ἐπιγαμβρ-ευτής,urn:cite2:hmt:lsj.chicago_md:n39008,marriage,seed+embed,0.547,0.345,0.202,76,one connected by marriage
θᾰλᾰμ-εύτρια,urn:cite2:hmt:lsj.chicago_md:n47720,marriage,embed,0.547,0.22,0.327,65,bridesmaid
νυμφο-κόμος,urn:cite2:hmt:lsj.chicago_md:n71294,marriage,seed+embed,0.547,0.286,0.26,219,dressing a bride; bridesmaid; bridal
παράνυμφ-ος,urn:cite2:hmt:lsj.chicago_md:n78510,marriage,embed,0.547,0.267,0.28,234,bridegroomʼs friend; best man; bridesmaid; dramatis personae
ὑπονυμφίς,urn:cite2:hmt:lsj.chicago_md:n108871,marriage,embed,0.547,0.22,0.327,72,bridesmaid
ἁρμόζω,urn:cite2:hmt:lsj.chicago_md:n15274,marriage,seed+embed,0.544,0.595,-0.052,4522,"fit together, join; joinerʼs; put together; plant; kiss; furnish; with..,; adapt, accommodate; award; accord; apply; make ready; accommodate, suit oneself; acquire; betroth; betroth to oneself, take to wife; have; betrothed; married to; troth was plighted; bind fast; set in order, regulate, govern; was ruled; drilled; act as harmost; tune; tune oneʼs; adapt; to; to be tuned; at harmony with itself; compose; fit well; fit; coincide with; correspond; suit, be adapted for; shall; be adapted; is applicable; it is fitting; fitting, suitable; appropriate; Praef.;; to be in tune"
ἀγχί-γᾰμος,urn:cite2:hmt:lsj.chicago_md:n1010,marriage,seed+embed,0.541,0.231,0.311,76,near marriage
ἐπιγᾰμ-έω,urn:cite2:hmt:lsj.chicago_md:n39010,marriage,embed,0.541,0.282,0.26,378,marry besides; wed one; after; marry; marry and; set; over; the second
κουρ-ίδιος,urn:cite2:hmt:lsj.chicago_md:n59463,marriage,seed+embed,0.541,0.31,0.231,1124,"wedded; lawful, wedded wife; wedded wife; lawful marriage; of my wedlock; born in wedlock; nuptial, bridal"
ἀγχιστ-εύω,urn:cite2:hmt:lsj.chicago_md:n1046,marriage,embed,0.54,0.27,0.27,441,"to be next; near; to be next of kin, heir-at-law; do a kinsmanʼs office; marry; enter upon.., Nu.; to be excluded by descent"
ἄγω,urn:cite2:hmt:lsj.chicago_md:n1083,marriage,embed,0.54,0.442,0.098,9081,"lead, carry, fetch, bring; taking; take with one; carry off; to lead; forcibly away; harry, ravage; ravage; bear and carry, bring together; bring; into; to carry; to be confiscated; carry; import; draw on, bring on; bear up; carry far and wide, spread abroad; remove; lead towards; lead on; leads; tend; lead, guide; march; go; guide; manage; conduct; to be led, guided; refer, attribute; bring up, train, educate; train; reduce; draw out; to draw a line of; to draw; let; be drawn, Mete.; describe; hold, celebrate; keep, observe; reckon; keep up, sustain, maintain; to keep; maintain; pass; to be ripe; hold; hold account, treat; to believe in; draw down; weigh; carry away for oneself; take to oneself; take upon oneself; marry; bring home; for his son; utter"
ἑδν-όω,urn:cite2:hmt:lsj.chicago_md:n30694,marriage,seed+embed,0.54,0.28,0.26,379,"promise for wedding-presents, betroth; dower; marry; woo"
καθίζω,urn:cite2:hmt:lsj.chicago_md:n51825,marriage,embed,0.54,0.394,0.146,4838,"aB; make to sit down, seat; set, place; encamp; post; set; set up; cause; to take their seats, convene; appoint; constitute, establish; put into a certain condition; to make; marry; take oneʼs seat, sit; sit, recline at meals; sit as judge; hold a session; reside; settle, sink down; run aground, be stranded; to take their seats; settle, alight; leave goods purchased"
γᾰμο-στολέω,urn:cite2:hmt:lsj.chicago_md:n21579,marriage,seed+embed,0.539,0.308,0.231,68,furnish forth a wedding
προγᾰμ-έω,urn:cite2:hmt:lsj.chicago_md:n86872,marriage,seed+embed,0.539,0.279,0.26,279,live with; before marriage; to be married before; marry first; before; live in wedlock before; already
καλλί-γᾰμος,urn:cite2:hmt:lsj.chicago_md:n52625,marriage,seed+embed,0.538,0.42,0.118,78,of happy marriage
ὁμό-νυμφος,urn:cite2:hmt:lsj.chicago_md:n73770,marriage,seed+embed,0.537,0.358,0.179,63,allied by marriage
πολῠ-γᾰμος,urn:cite2:hmt:lsj.chicago_md:n84697,marriage,seed+embed,0.537,0.284,0.253,100,often-married; living in polygamy
εὔλεκτρος,urn:cite2:hmt:lsj.chicago_md:n44369,marriage,seed+embed,0.536,0.395,0.142,162,bringing wedded happiness; a beauteous bride
δυσγᾰμ-έω,urn:cite2:hmt:lsj.chicago_md:n28774,marriage,seed+embed,0.535,0.319,0.216,62,to be unhappily married
ἐκ-δότης,urn:cite2:hmt:lsj.chicago_md:n31913,marriage,seed+embed,0.535,0.298,0.237,195,one who farms out contracts; taxes; one who gives his daughter in marriage; betrayer
ἐπιγαμβρ-εύω,urn:cite2:hmt:lsj.chicago_md:n39009,marriage,seed+embed,0.535,0.226,0.308,343,become son-in-law; become father-in-law; take; to wife as her husbandʼs next of kin; intermarry with
ὀπυάζομαι,urn:cite2:hmt:lsj.chicago_md:n74679,marriage,seed+embed,0.535,0.207,0.328,114,get married
πολῠ-γᾰμία,urn:cite2:hmt:lsj.chicago_md:n84696,marriage,seed+embed,0.534,0.27,0.264,88,polygamy; frequent marriage
λέκτρον,urn:cite2:hmt:lsj.chicago_md:n62352,marriage,seed+embed,0.532,0.351,0.182,735,"couch, bed; to bed; marriage-bed; the fruit of marriage, a child"
συνδῠ-άς,urn:cite2:hmt:lsj.chicago_md:n99803,marriage,seed+embed,0.532,0.367,0.165,95,paired; wedded wife
ἑκκαιδεκᾰτάλαντος,urn:cite2:hmt:lsj.chicago_md:n32091,marriage,seed+embed,0.531,0.349,0.182,130,worth sixteen talents; with a dowry of sixteen talents
συνοικ-ισμός,urn:cite2:hmt:lsj.chicago_md:n100791,marriage,seed+embed,0.531,0.255,0.275,192,"living together, wedlock; founding a city"
νυμφο-στόλος,urn:cite2:hmt:lsj.chicago_md:n71299,marriage,seed+embed,0.53,0.286,0.243,113,escorting the bride; bridal
ὕπανδρος,urn:cite2:hmt:lsj.chicago_md:n106898,marriage,seed+embed,0.53,0.237,0.294,272,"under a man, subject to him, married; feminine"
ὁμό-γᾰμος,urn:cite2:hmt:lsj.chicago_md:n73543,marriage,seed+embed,0.529,0.193,0.336,180,married to the same wife
εὐν-ᾱτήριον,urn:cite2:hmt:lsj.chicago_md:n44528,marriage,seed+embed,0.527,0.264,0.262,188,bed-chamber; marriage-chamber
συγγᾰμ-έω,urn:cite2:hmt:lsj.chicago_md:n97496,marriage,embed,0.527,0.273,0.254,124,marry together; at the same time
τροφ-ῖτις,urn:cite2:hmt:lsj.chicago_md:n105562,marriage,seed+embed,0.527,0.297,0.23,337,providing for aliment; wet-nurse; wife married according to a
ἔρᾰνος,urn:cite2:hmt:lsj.chicago_md:n42123,marriage,seed+embed,0.526,0.387,0.139,2257,"meal to which each contributed his share, picnic; feast, festival; wedding-banquet; loan; debts; repayment-instalments; favour, service; a permanent association; friendly society"
συναρμογή,urn:cite2:hmt:lsj.chicago_md:n99506,marriage,seed+embed,0.526,0.312,0.214,220,combination; wedlock; musical combination
σύνερξις,urn:cite2:hmt:lsj.chicago_md:n100403,marriage,seed+embed,0.526,0.278,0.248,286,"forcing together, junction; close order; wedlock; confinement"
γᾰμο-στολικός,urn:cite2:hmt:lsj.chicago_md:n21580,marriage,seed+embed,0.525,0.175,0.35,107,determining marriage; Cat.Cod. Astr.
ἀντιγᾰμέω,urn:cite2:hmt:lsj.chicago_md:n9830,marriage,embed,0.524,0.288,0.236,52,marry in turn
ἔκ-δοτος,urn:cite2:hmt:lsj.chicago_md:n31915,marriage,seed+embed,0.524,0.308,0.216,714,"given up, delivered; betrayed; give; entirely up; given in marriage"
ὑπευν-άομαι,urn:cite2:hmt:lsj.chicago_md:n108021,marriage,seed+embed,0.524,0.273,0.251,302,in wedlock with; to be under-bedded with; lying; sitting upon
γᾰμ-ητέον,urn:cite2:hmt:lsj.chicago_md:n21563,marriage,embed,0.523,0.25,0.273,123,one must marry
ἐγγᾰμ-ίζω,urn:cite2:hmt:lsj.chicago_md:n29939,marriage,seed+embed,0.521,0.349,0.172,62,give in marriage
εὐνάζω,urn:cite2:hmt:lsj.chicago_md:n44521,marriage,seed+embed,0.521,0.418,0.103,1637,"lay; place in ambush; put to bed, put to sleep; in a form; lay asleep; calm, soothe; go to bed, sleep; used to roost; give in marriage; lull, deaden"
κοιτ-ᾰσία,urn:cite2:hmt:lsj.chicago_md:n58474,marriage,embed,0.521,0.282,0.238,55,cohabitation
νυμφο-πόνος,urn:cite2:hmt:lsj.chicago_md:n71296,marriage,seed+embed,0.521,0.22,0.301,91,busied with the bride
κηδ-εία,urn:cite2:hmt:lsj.chicago_md:n57048,marriage,seed+embed,0.52,0.355,0.165,518,"care; funeral; mourning; connexion by marriage, alliance"
κήδ-ιστος,urn:cite2:hmt:lsj.chicago_md:n57067,marriage,seed+embed,0.52,0.36,0.161,243,"most worthy of oneʼs care, most cared for; those nearest allied by marriage"
νυμφο-κομέω,urn:cite2:hmt:lsj.chicago_md:n71293,marriage,seed+embed,0.519,0.304,0.215,254,adorn as a bride; make ripe for marriage; dress oneself as a bride
τᾰχῠ-γᾰμος,urn:cite2:hmt:lsj.chicago_md:n102683,marriage,embed,0.519,0.243,0.276,63,early-marrying
πικρό-γᾰμος,urn:cite2:hmt:lsj.chicago_md:n83132,marriage,seed+embed,0.517,0.28,0.237,114,attaining a bitter kind of marriage
νυμφᾰγωγ-έω,urn:cite2:hmt:lsj.chicago_md:n71267,marriage,seed+embed,0.516,0.253,0.263,305,lead the bride to the bridegroomʼs house; premote; lead home
προτελ-ίζω,urn:cite2:hmt:lsj.chicago_md:n90488,marriage,seed+embed,0.516,0.259,0.257,198,initiate; consecrate by a ceremony preliminary to marriage; to be prepared for the mysteries
τᾰγή,urn:cite2:hmt:lsj.chicago_md:n102154,marriage,embed,0.516,0.4,0.116,628,"line of battle, front; command, province; command, order; pension, alimony; ration; stipulated amount to be delivered; penalty, fine"
κᾰκό-γᾰμος,urn:cite2:hmt:lsj.chicago_md:n52134,marriage,embed,0.515,0.218,0.297,158,marrying unlawfully; ill-starred
συννυμφοκόμος,urn:cite2:hmt:lsj.chicago_md:n100749,marriage,seed+embed,0.514,0.21,0.304,75,helping to deck a bride
γᾰμ-ήσιμος,urn:cite2:hmt:lsj.chicago_md:n21562,marriage,embed,0.513,0.275,0.238,50,marriageable
ἐπίγᾰμ-ος,urn:cite2:hmt:lsj.chicago_md:n39013,marriage,embed,0.513,0.275,0.238,186,marriageable
ὥρῐμ-ος,urn:cite2:hmt:lsj.chicago_md:n116337,marriage,embed,0.513,0.3,0.214,491,"ripe; timely, in season; marriageable; bloom"
ἐπιγαμβρ-εία,urn:cite2:hmt:lsj.chicago_md:n39005,marriage,seed+embed,0.511,0.3,0.212,108,connexion by marriage
κηδεστ-ία,urn:cite2:hmt:lsj.chicago_md:n57058,marriage,seed+embed,0.511,0.3,0.212,69,connexion by marriage
ἄλεκτρος,urn:cite2:hmt:lsj.chicago_md:n3977,marriage,seed+embed,0.51,0.217,0.293,250,unwedded; that is no marriage
ἐπινυμφ-εύομαι,urn:cite2:hmt:lsj.chicago_md:n40357,marriage,seed+embed,0.51,0.199,0.311,91,contract a; second marriage
ἑτερο-γᾰμία,urn:cite2:hmt:lsj.chicago_md:n43122,marriage,seed+embed,0.51,0.199,0.311,60,second marriage
μονό-γᾰμος,urn:cite2:hmt:lsj.chicago_md:n68499,marriage,embed,0.51,0.183,0.327,87,one who marries but once
ὀψῐγᾰμ-ίου,urn:cite2:hmt:lsj.chicago_md:n76311,marriage,seed+embed,0.509,0.242,0.268,132,for putting off marriage beyond the appointed age
γᾰμο-ποιΐα,urn:cite2:hmt:lsj.chicago_md:n21576,marriage,seed+embed,0.508,0.307,0.201,64,celebration of a wedding
ἀγαμ-ίου,urn:cite2:hmt:lsj.chicago_md:n322,marriage,embed,0.507,0.271,0.236,133,for not marrying
ἀμνήστευτος,urn:cite2:hmt:lsj.chicago_md:n5366,marriage,seed+embed,0.507,0.283,0.224,164,unwooed; not sought in lawful wedlock; without honouiable wooing
ἀτᾰμίευτος,urn:cite2:hmt:lsj.chicago_md:n16953,marriage,embed,0.506,0.367,0.139,440,"that cannot be stored; that cannot be regulated; uncontrolled, inordinate; not needing to be husbanded; not husbanding, prodigal, lavish"
γίγνομαι,urn:cite2:hmt:lsj.chicago_md:n22209,marriage,embed,0.505,0.389,0.116,12024,"come into a new state of being; come into being; to be born; born; living; at our birth; to have been born; those of an age; to be produced; were the produce of; were worth; produced by; total; amount to; products; multiplied; elapse; falldue; dues; regular, normal; usual number; take place, come to pass; to be; are held; is passed; are given; taken; God forbid; Amen; suppose it done; it is done; take place; were favourable; the event, the fact; the facts; the past; the future; to have passed; it happened, came to pass; it came to pass; it is possible; come into; become; turning; ;; am I to become; having ceased to be; ex; former; it goes; to be parted from; become one of; fall to, belong to; to be under control of; to be at; cost; fall to; have done; to be separated; turn; comes; disappear; to be engaged; arrive; be; fall into; be in; to be set; to be multiplied; opposite to; to be formed; to be present; to depend; go; near; meditate; jánati; jánas; gigno, gnatus."
εἰμί,urn:cite2:hmt:lsj.chicago_md:n31130,marriage,embed,0.505,0.403,0.102,20237,"sum; exist; are; in being; is; was; lived; those who are; living; Eternal; posterity; might continue in being; censeo Carthaginem esse delendam; be in existence; to be in hand; property; future revenue; local; current; in office; that be, Ep. Rom.; real; be; Being; world of things; of Being; to happen; was there; last; came; to pass; be the fact; the case; really is; in its essence; true; truth; in reality, in fact; fact, right; no one; sunt qui; est ubi; some; in any case, necessarily; there was; it is possible; let it be granted; to be; signify, import; hoc est; were; will go on; it fared; consists of; is made up of; you are one of; it is in the class of; it is; to be of the party of; to be de pendent upon; to be at the mercy of; ʼtis; part; is matter of; requires; to be occupied about; to be about to; have; to do; quid tecum est mihi?; ʼtwould be; to be sprung; to be engaged; it depends; pass; to bear; to reach; to suit; engaged; mind; to be constructed; quantum in illis esset; is and has always been; it appears is; the essential nature"
κάθημαι,urn:cite2:hmt:lsj.chicago_md:n51800,marriage,embed,0.505,0.293,0.211,4236,"to be seated, sit; as he sat there; sate; sit on; sit; the judges, the court; who sit as judges; the spectators in a theatre; sit still, sit quiet; rest; sit doing nothing, lie idle; to have its quarters, be encamped; reside; settle; lead a sedentary, obscure life; to be engaged; employed; lie; to be low-lying; flat; to be placed; to be set; placed"
κατ-ασχολέομαι,urn:cite2:hmt:lsj.chicago_md:n55367,marriage,embed,0.505,0.293,0.211,328,"to be engaged; to be concerned, worried"
προγᾰμ-ιος,urn:cite2:hmt:lsj.chicago_md:n86874,marriage,seed+embed,0.505,0.37,0.135,118,sacrifice before marriage
τυγχάνω,urn:cite2:hmt:lsj.chicago_md:n105829,marriage,embed,0.505,0.375,0.13,12187,"happen to be at; she be; mayʼst; be; has been made; happen to; befall; come to; lot; fell; the first one meets, any chance person; everyday men, the vulgar; any chance; common; Spir.Praef.;; trifling; a trifling sum; any; taken at random; it (he, she; happened; may happen; in; ordinary manner; at random; sometimes; at any odd time; it may be; mere chance; just any; just anything; the impulse of the moment; since it so befell; perchance, perhaps; happened to be; was just then; happen; at this moment; just; just then; just now; is just the one who; being; to be engaged; reality; have just; gain oneʼs end; purpose, succeed; if successful; gain oneʼs request; to be right; went right; successfully; hit; hit upon, light upon:; meet, fall in with; having met; light on; attain, obtain; meeting with; meet with, suffer; have the lot; fate; obtain; from; having succeeded; factum est; I was nourished; dow, doughty."
γᾰμετ-ή,urn:cite2:hmt:lsj.chicago_md:n21553,marriage,seed+embed,0.504,0.203,0.301,390,"married woman, wife"
στερῐφεύομαι,urn:cite2:hmt:lsj.chicago_md:n96583,marriage,seed+embed,0.504,0.211,0.293,54,to be unmarried
ὠμό-δροπος,urn:cite2:hmt:lsj.chicago_md:n116203,marriage,seed+embed,0.504,0.373,0.131,196,plucked unripe; of plucking the fresh fruit; of the marriage-bed; husbandʼs
εὐγᾰμ-έω,urn:cite2:hmt:lsj.chicago_md:n43532,marriage,embed,0.503,0.334,0.169,51,marry happily
εὐκταῖος,urn:cite2:hmt:lsj.chicago_md:n44328,marriage,embed,0.503,0.452,0.051,1088,"of; for prayer, votive; devoted; ludi votivi; votive offerings, vows, prayers; invoked in; by special prayer; invoked by; prayed for, desired; desirable; latus clavus)"
νεό-γᾰμος,urn:cite2:hmt:lsj.chicago_md:n70215,marriage,seed+embed,0.503,0.23,0.273,197,newly married; married early
νυμφ-ίδες,urn:cite2:hmt:lsj.chicago_md:n71285,marriage,embed,0.503,0.163,0.341,45,weddingshoes
παρεκ-δίδωμι,urn:cite2:hmt:lsj.chicago_md:n79269,marriage,seed+embed,0.503,0.213,0.29,97,give in marriage secretly
πολῠανδρ-ος,urn:cite2:hmt:lsj.chicago_md:n84610,marriage,embed,0.502,0.422,0.081,484,"full of men, populous; many, numerous; much; of men; of many husbands; prostitution"
πολῠ-άνωρ,urn:cite2:hmt:lsj.chicago_md:n84619,marriage,embed,0.502,0.328,0.175,224,"with many men, much-frequented; of many husbands"
μνάομαι,urn:cite2:hmt:lsj.chicago_md:n68158,marriage,seed+embed,0.5,0.328,0.171,1379,"to be mindful of; when I remember him; turn oneʼs mind; woo for oneʼs bride, court; sue for, solicit; gṷnā"
στεφᾰν-όω,urn:cite2:hmt:lsj.chicago_md:n96666,marriage,embed,0.5,0.714,-0.214,4171,"to be put round in a circle; as a rim; border; to be put round; round about; is; wreathed; all round about; was; lies round about; has all round it; surrounding; were..; in a circle placed; made; round; to be surrounded; having his; are surrounded by..; crown, wreathe; newly wedded couples; crown; for; to be crowned; rewarded with a crown; crown oneself; win a crown; reward; Décret trilingue en l’ honneur de Ptolémée IV; confer glory upon, decorate, honour; honour"
νυμφ-ών,urn:cite2:hmt:lsj.chicago_md:n71307,marriage,embed,0.499,0.218,0.281,242,bridechamber
κῠᾰμ-ίζω,urn:cite2:hmt:lsj.chicago_md:n60419,marriage,seed+embed,0.498,0.375,0.123,77,to be ripe for marriage
γᾰμο-στόλος,urn:cite2:hmt:lsj.chicago_md:n21581,marriage,seed+embed,0.497,0.174,0.323,304,preparing a wedding
ἕδν-ιος,urn:cite2:hmt:lsj.chicago_md:n30691,marriage,embed,0.496,0.286,0.21,44,bridal
ἐπινύμφ-ειος,urn:cite2:hmt:lsj.chicago_md:n40356,marriage,embed,0.496,0.286,0.21,123,bridal
ἐπινυμφ-ίδιος,urn:cite2:hmt:lsj.chicago_md:n40358,marriage,embed,0.496,0.286,0.21,63,bridal
θᾰλᾰμ-ήϊος,urn:cite2:hmt:lsj.chicago_md:n47725,marriage,embed,0.496,0.386,0.11,203,of; belonging to a; fit for building one; bridal
νυμφ-ίδιος,urn:cite2:hmt:lsj.chicago_md:n71286,marriage,embed,0.496,0.286,0.21,219,bridal
ἀλεξί-γᾰμος,urn:cite2:hmt:lsj.chicago_md:n4010,marriage,seed+embed,0.495,0.187,0.308,72,shunning marriage
ἐπαύλ-ιον,urn:cite2:hmt:lsj.chicago_md:n38375,marriage,seed+embed,0.495,0.262,0.234,358,the day after the wedding; presents given to the bride
εὐγᾰμ-ία,urn:cite2:hmt:lsj.chicago_md:n43533,marriage,seed+embed,0.495,0.323,0.172,79,happy marriage
πηός,urn:cite2:hmt:lsj.chicago_md:n82997,marriage,seed+embed,0.495,0.342,0.153,291,kinsman by marriage; kinsman
ὑμεναι-όω,urn:cite2:hmt:lsj.chicago_md:n106686,marriage,seed+embed,0.495,0.335,0.159,176,"sing the wedding-song; wed, take to wife"
φᾰτίζω,urn:cite2:hmt:lsj.chicago_md:n110422,marriage,seed+embed,0.495,0.449,0.045,942,"tell of; they spoke of; say; make a statement; to be expressed; to be said; as the saying is; promise, engage, betroth; promised bride; to be called, named"
ϊος2,urn:cite2:hmt:lsj.chicago_md:n79574,marriage,embed,0.495,0.315,0.181,233,of; belonging to a maiden; the maiden's
ἀγαμ-ία,urn:cite2:hmt:lsj.chicago_md:n321,marriage,seed+embed,0.494,0.258,0.236,60,"single estate, celibacy"
ἡβ-άσκω,urn:cite2:hmt:lsj.chicago_md:n46579,marriage,embed,0.494,0.288,0.206,443,"come to puberty; become marriageable; reach; show the outward signs of, manhood"
κᾰκόνυμφ-ος,urn:cite2:hmt:lsj.chicago_md:n52275,marriage,seed+embed,0.494,0.229,0.265,186,illmarried; most unprofitable wedlock; unhappy bridegroom
νύμφ-ευμα,urn:cite2:hmt:lsj.chicago_md:n71275,marriage,seed+embed,0.494,0.366,0.128,203,"marriage, espousal; the person married; match"
ἀθρήματα,urn:cite2:hmt:lsj.chicago_md:n2048,marriage,seed+embed,0.49,0.255,0.235,46,wedding-gifts
ἕδνον,urn:cite2:hmt:lsj.chicago_md:n30692,marriage,seed+embed,0.49,0.379,0.11,768,bride-price; wedding-gifts; portion; by those of her own household; wedding-presents; by their guests.; gift
μοιχο-ληπτία,urn:cite2:hmt:lsj.chicago_md:n68306,marriage,embed,0.49,0.251,0.239,84,taking in adultery
νυμφ-άσματα,urn:cite2:hmt:lsj.chicago_md:n71273,marriage,embed,0.49,0.292,0.198,81,brideʼs ornaments
κᾰκονύμφ-ιον,urn:cite2:hmt:lsj.chicago_md:n52274,marriage,seed+embed,0.489,0.39,0.098,74,of an evil bride
ἀρτι-ζῠγία,urn:cite2:hmt:lsj.chicago_md:n15650,marriage,seed+embed,0.488,0.23,0.257,100,recent union; newly married
νεό-νυμφος,urn:cite2:hmt:lsj.chicago_md:n70318,marriage,seed+embed,0.488,0.23,0.257,187,newly married
πρωτό-ζευκτος,urn:cite2:hmt:lsj.chicago_md:n90968,marriage,seed+embed,0.488,0.23,0.257,54,newly married
συναρμόζω,urn:cite2:hmt:lsj.chicago_md:n99507,marriage,seed+embed,0.488,0.406,0.082,2159,"fit together; close; Aër.; to be joined in wedlock; put together; combination in act; thought; compound; adapt; conform; agree together; join together, unite; join in wedlock; adapt oneself"
συναρίθμοξα,urn:cite2:hmt:lsj.chicago_md:n99508,marriage,seed+embed,0.488,0.406,0.082,2106,"fit together; close; Aër.; to be joined in wedlock; put together; combination in act; thought; compound; adapt; conform; agree together; join together, unite; join in wedlock; adapt oneself"
ἐγγῠάω,urn:cite2:hmt:lsj.chicago_md:n30011,marriage,seed+embed,0.487,0.339,0.148,1866,"give; hand over as a pledge; have a thing pledged; accept as a surety; plight, betroth; have; plighted; betrothed toone; to be betrothed; pledge oneself, give security; promise; engage that; answer for; give surety for; give guarantees"
κατονομάζω,urn:cite2:hmt:lsj.chicago_md:n56051,marriage,embed,0.487,0.527,-0.04,450,name; to be named; to be expressed in terms; aforesaid; to be betrothed; to be devoted
τρί-γᾰμος,urn:cite2:hmt:lsj.chicago_md:n104852,marriage,seed+embed,0.485,0.277,0.208,99,thrice-married
ἐγγύ-η,urn:cite2:hmt:lsj.chicago_md:n30015,marriage,embed,0.484,0.279,0.204,757,"pledge put into oneʼs hand; surety, security; vadimonium facere; betrothal"
ἐγγύ-ησις,urn:cite2:hmt:lsj.chicago_md:n30017,marriage,embed,0.484,0.26,0.223,207,security; right of giving security; betrothal
καταίν-εσις,urn:cite2:hmt:lsj.chicago_md:n54057,marriage,embed,0.484,0.26,0.223,55,betrothal
κατεγγῠ-ητικά,urn:cite2:hmt:lsj.chicago_md:n55699,marriage,embed,0.484,0.26,0.223,51,betrothal
κενογάμιον,urn:cite2:hmt:lsj.chicago_md:n56570,marriage,seed+embed,0.484,0.288,0.196,107,"empty, unreal marriage"
νυμφο-στολικῶς,urn:cite2:hmt:lsj.chicago_md:n71298,marriage,seed+embed,0.484,0.193,0.291,79,like one escorting a bride
προτέλ-ειος,urn:cite2:hmt:lsj.chicago_md:n90476,marriage,seed+embed,0.484,0.416,0.068,794,before a ceremony of initiation; sacrifice offered before any solemnity; as an offering in behalf of..; before the marriage-rite; beginning; preliminary; introduction
συναρτ-άω,urn:cite2:hmt:lsj.chicago_md:n99523,marriage,embed,0.484,0.472,0.011,1082,knit; join together; to be closely engaged; to be implicated in; to be involved in..; to be always engaged in..; to be engaged with; to be construed with
ἀθεμιτο-γαμία,urn:cite2:hmt:lsj.chicago_md:n1934,marriage,seed+embed,0.482,0.219,0.263,129,unlawful marriage
ἀνύμφευτος,urn:cite2:hmt:lsj.chicago_md:n10839,marriage,seed+embed,0.482,0.311,0.172,208,unwedded; of an ill marriage
γᾰμ-ητικῶς,urn:cite2:hmt:lsj.chicago_md:n21564,marriage,seed+embed,0.481,0.362,0.119,84,with an inclination for marriage
δί-γᾰμος,urn:cite2:hmt:lsj.chicago_md:n26383,marriage,seed+embed,0.481,0.227,0.254,85,"married to two people, adulterous"
ἐκ-δότις,urn:cite2:hmt:lsj.chicago_md:n31914,marriage,embed,0.481,0.228,0.254,71,brideʼs mother
εὐν-ή,urn:cite2:hmt:lsj.chicago_md:n44534,marriage,seed+embed,0.481,0.339,0.141,2126,"bed; bedding; abode; lair; form; nest; marriage-bed; oneʼs last bed, the grave; stones thrown out from the prow and used as anchors; at anchor"
μῑσό-λεκτρος,urn:cite2:hmt:lsj.chicago_md:n68061,marriage,seed+embed,0.481,0.295,0.186,55,hating marriage
μῑσό-νυμφος,urn:cite2:hmt:lsj.chicago_md:n68067,marriage,seed+embed,0.481,0.295,0.186,54,hating marriage
στῠγόδεμνος,urn:cite2:hmt:lsj.chicago_md:n97373,marriage,seed+embed,0.481,0.295,0.186,72,hating marriage
ἀνάεδνος,urn:cite2:hmt:lsj.chicago_md:n6488,marriage,seed,0.479,0.228,0.251,166,without bride-price; bringing no gifts
κᾰκο-γᾰμία,urn:cite2:hmt:lsj.chicago_md:n52132,marriage,seed,0.479,0.301,0.178,63,bad marriage
κᾰκο-γᾰμίου,urn:cite2:hmt:lsj.chicago_md:n52133,marriage,seed,0.476,0.262,0.215,166,for forming an unlawful; improper marriage
ἀνδρο-τῠχής,urn:cite2:hmt:lsj.chicago_md:n8033,marriage,seed,0.475,0.256,0.219,105,getting a man; husband; wedded
ἀνήρ,urn:cite2:hmt:lsj.chicago_md:n8665,marriage,seed,0.475,0.545,-0.07,5024,"nar-; ner-, nṛ-; nṛ-; ṇr-; man; woman; beast; male; free; one; god; men; monsters; youth; a man in the prime of life; warrior; man indeed; like a man; the part of a man..; husband; a paramour; gentlemen; a man, any man; every one; viritim; individuals; ‘each to his fellow’; any one, Le.; male animal"
θάλᾰμος,urn:cite2:hmt:lsj.chicago_md:n47734,marriage,seed,0.475,0.346,0.128,1585,"an inner room; chamber, surrounded by other buildings; womenʼs apartment, inner part of the house; a special chamber in this part of the house; bedroom; bride-chamber; bedroom of an unmarried son; store-room; chamber, room; house, mansion; the grave; realms; folds; pens; the lowest, darkest part of the ship, the hold; certain mystic shrines; chapels; the innermost shrine"
ὀπυιητής,urn:cite2:hmt:lsj.chicago_md:n74681,marriage,seed,0.475,0.24,0.236,50,husband
συγγᾰμέτης,urn:cite2:hmt:lsj.chicago_md:n97495,marriage,seed,0.475,0.24,0.236,73,husband
σύνευνος,urn:cite2:hmt:lsj.chicago_md:n100459,marriage,seed,0.475,0.314,0.161,353,"bed-fellow, consort; wife; husband"
συνήορος,urn:cite2:hmt:lsj.chicago_md:n100546,marriage,seed,0.475,0.331,0.144,423,"linked with, wedded to; in communion with; joined in wedlock; consort; husband; wife"
τᾰμῐ-εύω,urn:cite2:hmt:lsj.chicago_md:n102274,marriage,seed,0.475,0.312,0.163,2780,"to be treasurer, paymaster, controller; to be paymaster; to be quaestor; deal out, dispense; we have; dealt out; manage, control; regulate, manage; store up; she was the depository of; to be held in trust for; to be stored; saved up for; husband; control; make the best use of; lay; by..; save up..; having preserved..; regulate in amount, exercise control over; fisco, proscribo"
παστο-φόρος,urn:cite2:hmt:lsj.chicago_md:n79975,marriage,seed,0.474,0.291,0.183,293,carrying a; shrine; bringing the marriage-bed
ἀκοίτης,urn:cite2:hmt:lsj.chicago_md:n3273,marriage,seed,0.473,0.233,0.24,248,"bedfellow, husband; wife"
αὖλαξ,urn:cite2:hmt:lsj.chicago_md:n17404,marriage,seed,0.473,0.578,-0.105,1394,"furrow; the furrow; furrowʼs breadth; wife; furrow in the skin, gash, wound; swathe; duct; velkù; vlèką"
ἐλεύθερος,urn:cite2:hmt:lsj.chicago_md:n33618,marriage,seed,0.473,0.376,0.097,2258,"free; of freedom; freedom; to freedom; freed from; independent; married woman; wife; freedwoman; free, open to all; libera custodia; unencumbered; legally permissible, open to; fit for a freeman, free, frank; such as might be used to a freeman; like free men; līber; loufero; e)leudh-ero; liud; liut"
μελλό-ποσις,urn:cite2:hmt:lsj.chicago_md:n66169,marriage,seed,0.473,0.233,0.24,99,about to become a husband; wife
ὄᾰρ,urn:cite2:hmt:lsj.chicago_md:n71890,marriage,seed,0.473,0.233,0.24,169,wife
ὁμό-λεκτρος,urn:cite2:hmt:lsj.chicago_md:n73738,marriage,seed,0.473,0.233,0.24,230,sharing the same bed; wife
παρά-κοιτῐς,urn:cite2:hmt:lsj.chicago_md:n78221,marriage,seed,0.473,0.233,0.24,241,wife
πλᾶτις,urn:cite2:hmt:lsj.chicago_md:n83551,marriage,seed,0.473,0.233,0.24,79,wife
σύζῠγ-ος,urn:cite2:hmt:lsj.chicago_md:n98067,marriage,seed,0.473,0.398,0.075,639,"yoked together, paired, united; wedded; swimming in pairs; wife; yoke-fellow, comrade; brother; adversary; Koische Forschungen; common; conjointly with"
σύλλεκτρος,urn:cite2:hmt:lsj.chicago_md:n98188,marriage,seed,0.473,0.262,0.211,272,"partner of the bed, husband; wife; sharing; bed with; D Deor."
συμβία,urn:cite2:hmt:lsj.chicago_md:n98264,marriage,seed,0.473,0.233,0.24,93,wife
συμβῐ-ότη,urn:cite2:hmt:lsj.chicago_md:n98273,marriage,seed,0.473,0.233,0.24,83,wife
συνευν-έτης,urn:cite2:hmt:lsj.chicago_md:n100454,marriage,seed,0.473,0.314,0.159,256,"bed-fellow, consort; wife; concubine"
συνευν-ίς,urn:cite2:hmt:lsj.chicago_md:n100456,marriage,seed,0.473,0.233,0.24,81,wife
ἰσό-προικον,urn:cite2:hmt:lsj.chicago_md:n51131,marriage,seed,0.471,0.249,0.221,150,wedding-gift; as good as given away
ἀπαλλ-ᾰγή,urn:cite2:hmt:lsj.chicago_md:n11296,marriage,seed,0.47,0.337,0.133,1027,"deliverance, release, relief from; putting an end to; release, discharge; relief from; divorce; removal; going away, means of getting away; escape; departure; separation; death; avoidance"
ἀπεῖπον,urn:cite2:hmt:lsj.chicago_md:n11711,marriage,seed,0.47,0.5,-0.03,3771,"speak out, tell out, declare; to give; full notice; to deliver; verbal; deny, refuse; forbid; to; tell; not to; the use of; forbidden; contrary to orders; renounce, disown, give up; renounce; to resign; divorce; had; been renounced; averruncare; let him renounce; withdraw, retract; refuse; fail, tire, sink from exhaustion; shall; give in; was; unfulfilled; fail; be wanting to; fall short in; now that they are bankrupt; give way to, sink under; to be tired; will be tired of; give over; had failed to.."
ἀπολύω,urn:cite2:hmt:lsj.chicago_md:n13150,marriage,seed,0.47,0.367,0.103,4483,"loose from; from; undo; set free, release, relieve from; save; from the trouble; to be set free; acquit of; acquit; release on receipt of ransom; set free by payment of ransom, ransom, redeem; at a price of..; let go, let alone, leave; discharge, disband; dismiss, discharge; divorce; do away with, remove; discharge; pay; pay off; dismiss; sell; outright; deliver; begin to count; depart; redeem; do away with, refute; against one; refute; in defence; release from; put off; to be released; to be freed from; to be acquitted; to be absolved from; to be separated, part; to be separated; detached; having; distinct, differentiated; to be brought forth; to be delivered; to be annulled; absolute; general; irregular, without strophic responsion"
ἀποπομπ-ή,urn:cite2:hmt:lsj.chicago_md:n13482,marriage,seed,0.47,0.432,0.038,274,sending away; valediction; divorce; averting; getting rid
ἄφεσις,urn:cite2:hmt:lsj.chicago_md:n18225,marriage,seed,0.47,0.338,0.132,2124,"letting go, release; in private hands; dismissal; release; quittance from; discharge from; exemption from attendance, leave of absence; exemption from; remission; forgiveness, Ev. Marc.; relaxation, exhaustion; divorce; starting; starting-post; the first start, beginning; discharge, emission; the dropping; discharge, release; conduit, sluice; channels; reckoning of the vital quadrant; starting from"
διακοπή,urn:cite2:hmt:lsj.chicago_md:n25003,marriage,seed,0.47,0.607,-0.137,738,"gash, cleft; deepseated wound; severance; rupture; cutting; canal; narrow channel; passage; divorce; breach, rupture, quarrel; refutation; intermission; tmesis"
διά-λῠσις,urn:cite2:hmt:lsj.chicago_md:n25186,marriage,seed,0.47,0.386,0.084,1931,"separating, parting; dissolution; break; disbanding; breaking up; the time of; broke off; liquidation; divorce; resolution; ending, cessation; cessation of hostilities; settlement, compromise; settlement; solution; refutation; resolution of a diphthong; asyndeton; discharge; deed of separation; division"
διά-στᾰσις,urn:cite2:hmt:lsj.chicago_md:n25905,marriage,seed,0.47,0.355,0.115,1575,"parting, separation; fissures; breach; opening; splitting headache; distension; retching; expansion; setting at variance; cause of breach; contrasting; difference, contrast; disagreement; divorce; written as two words; interval; extension; dimension; tridimensionality"
δίεσις,urn:cite2:hmt:lsj.chicago_md:n26686,marriage,seed,0.47,0.355,0.115,729,"sending through, discharge; putting through; letting through; release, discharge; dismissal; divorce; moistening, wetting; smallest interval; semi-tone; quarter-tone"
ἐκβάλλω,urn:cite2:hmt:lsj.chicago_md:n31709,marriage,seed,0.47,0.348,0.122,5127,"throw; cast out of; throw out; threw; overboard; throw ashore; carry out; drove; out of; course; put ashore; jettison; drive out of; drive out, banish; turn out; exorcize, cast out; cause to depart; expose; divorce; depose; to be ejected; throw decisively; dig; get rid of; expel; publish; issue; strike out of; fell; cut; strike open, break in; let fall, drop; let fall; utter, speak; shed; cast, shed; throw up; spit out; will drop out; throw away, cast aside, reject; recall, repudiate; annul; remove; drive; lose; produce; hatch; put forth; put out; upset, undo the effect of; start counting; go out, depart; break out of its bed; branch off"
ἐκπομπή,urn:cite2:hmt:lsj.chicago_md:n32722,marriage,seed,0.47,0.241,0.229,141,sending out; forth; divorce
ἔξοδος,urn:cite2:hmt:lsj.chicago_md:n37470,marriage,seed,0.47,0.362,0.107,2398,"going out; marching out, military expedition; procession; divorce; way out, outlet; exits; Exodus; way out; orifices; delivery; emission; discharges; end, close; departure, death; end, issue; decision; end of a tragedy; off the stage; outgoing, payment of money; street"
κοπή,urn:cite2:hmt:lsj.chicago_md:n58958,marriage,seed,0.47,0.337,0.133,636,"cutting; cutting in pieces, slaughter; breaking up; pounding; dressing; striking, minting; divorce"
λύσις,urn:cite2:hmt:lsj.chicago_md:n64221,marriage,seed,0.47,0.39,0.08,3362,"loosing, releasing, ransoming; deliverance from; means of letting; loose from port; deliverance from guilt; a deliverance; atonement; by; offer to release them; blotting out; redemption; release, discharge; loosing, parting; dissolution; breaking; emptying, evacuation; emission of semen; remission; cure; solution; interpretation; refutation; unravelling; softening; resolution of one vowel into two; looseness; resolution; divorce; place"
πρόγᾰμ-ος,urn:cite2:hmt:lsj.chicago_md:n86875,marriage,seed,0.467,0.203,0.265,137,betrothed; before a marriage
πρότερος,urn:cite2:hmt:lsj.chicago_md:n90504,marriage,seed,0.466,0.435,0.031,12189,"before, in front; fore; in front; former, earlier; men of former times; older; by the first; a former marriage; on the day before; before; preceding; preceded; PCair.Zēn.; before..; superior; superior to; before, earlier; for the first time, Ep. Gal.; foremost; the front; end; outermost; front; first; first-offered; earlier; the first; above all, especially; first in order of existence, primary; primitive, simple; normal, typical; prime; the first men; first, highest; first prize; first part, beginning; extremities; highest development; primary things, elements; the first undemonstrable propositions; first, for the present, just now; the first time; first, in the first place; first, in the first place, at the beginning; too early, before the time; first, for the first time; once; at all; now that..; now that; as soon as; first time; primarily"
δυσγᾰμ-ία,urn:cite2:hmt:lsj.chicago_md:n28775,marriage,seed,0.465,0.308,0.157,52,an ill marriage
ἐξίημι,urn:cite2:hmt:lsj.chicago_md:n37368,marriage,seed,0.464,0.271,0.193,940,"send out, let; go out; had dismissed, satisfied; let out; throw out; forth; take; out; discharge; discharge themselves; put off from oneself, get rid of; send from oneself, divorce"
δορῐ-γαμβρος,urn:cite2:hmt:lsj.chicago_md:n28053,marriage,seed,0.462,0.379,0.083,135,bride of battles; causing war by marriage; wooed by battle
νεό-ζευκτος,urn:cite2:hmt:lsj.chicago_md:n70246,marriage,seed,0.461,0.235,0.225,82,newly-married
νεό-ζῠγος,urn:cite2:hmt:lsj.chicago_md:n70248,marriage,seed,0.461,0.299,0.162,88,newly-yoked; newly-married
νεό-ζυξ,urn:cite2:hmt:lsj.chicago_md:n70249,marriage,seed,0.461,0.235,0.225,106,newly-married
προτελ-ής,urn:cite2:hmt:lsj.chicago_md:n90487,marriage,seed,0.461,0.184,0.277,103,offered before a marriage
ἄζυξ,urn:cite2:hmt:lsj.chicago_md:n1837,marriage,seed,0.46,0.256,0.204,432,"unyoked, unpaired; unmarried; isolated; single; vowels"
ἀτελής,urn:cite2:hmt:lsj.chicago_md:n17007,marriage,seed,0.46,0.42,0.04,2430,"without end; not brought to an end; issue, unaccomplished; not brought about; unaccomplished; harmless; incomplete, unfinished; purpose; inchoate, imperfect; castrate; less highly developed; incompletely; never-ending; indeterminate; not bringing to an end, not accomplishing oneʼs purpose, ineffectual; imperfectly fitted for; unable; effectually; invalid; not giving accomplishment to; free from tax; tribute; free from; taxes; free from tithe on; exempt; untaxed; without deduction, nett; clear gain; not costly; uninitiated; unmarried"
ἄωρος,urn:cite2:hmt:lsj.chicago_md:n18937,marriage,seed,0.46,0.256,0.205,1047,"untimely, unseasonable; too late; who die untimely; unmarried; unripe; unbecoming; out of season; Comp. Thes.Rom.; without youthful freshness, ugly"
ἡμί-γᾰμος,urn:cite2:hmt:lsj.chicago_md:n47057,marriage,seed,0.459,0.236,0.222,84,half-married; a concubine
θῠγατρό-γᾰμος,urn:cite2:hmt:lsj.chicago_md:n49271,marriage,seed,0.457,0.158,0.3,78,married to oneʼs own daughter
καθομολογ-έω,urn:cite2:hmt:lsj.chicago_md:n51873,marriage,seed,0.455,0.425,0.029,660,"confess, allow; consent; consent to accept in payment; promise, engage, vow; betroth; pledge, mortgage"
καθοσι-όω,urn:cite2:hmt:lsj.chicago_md:n51889,marriage,seed,0.455,0.452,0.002,467,dedicate; devoted; betroth; purify
ὑπερεγγῠάω,urn:cite2:hmt:lsj.chicago_md:n107416,marriage,seed,0.455,0.22,0.235,43,betroth
ὑπομνησ-τεύομαι,urn:cite2:hmt:lsj.chicago_md:n108815,marriage,seed,0.455,0.22,0.235,133,betroth; one betrothed
κῠνο-γᾰμία,urn:cite2:hmt:lsj.chicago_md:n60877,marriage,seed,0.453,0.269,0.184,103,dog-wedding
λουτρόν,urn:cite2:hmt:lsj.chicago_md:n63928,marriage,seed,0.451,0.352,0.1,1278,"bath, bathing-place; bath; washing; bathing-establishment; water for bathing; bathing; bathe; the conveying of water to the bride; libations to the dead"
φυξᾱνορία,urn:cite2:hmt:lsj.chicago_md:n112630,marriage,seed,0.451,0.254,0.196,99,aversion to wedlock
ἀπο-στᾰσίου,urn:cite2:hmt:lsj.chicago_md:n13812,marriage,seed,0.45,0.394,0.055,565,"for having forsaken his; of divorce; of cession, conveyance"
Ὑμήν,urn:cite2:hmt:lsj.chicago_md:n106699,marriage,seed,0.449,0.318,0.131,314,Hymen; wedding-song
φῠγο-δέμνιος,urn:cite2:hmt:lsj.chicago_md:n112475,marriage,seed,0.448,0.19,0.258,86,shunning the marriage-bed
νυμφο-τροφέω,urn:cite2:hmt:lsj.chicago_md:n71304,marriage,seed,0.444,0.224,0.22,83,bring up for marriage
πεντᾰ-λεκτρος,urn:cite2:hmt:lsj.chicago_md:n80670,marriage,seed,0.442,0.135,0.308,59,five times married
γαμβρο-κτόνος,urn:cite2:hmt:lsj.chicago_md:n21547,marriage,seed,0.44,0.314,0.126,59,bridegroom-slaying
ἀμερσί-γᾰμος,urn:cite2:hmt:lsj.chicago_md:n5173,marriage,seed,0.439,0.252,0.187,66,robbing of wedlock
μῐαιγᾰμία,urn:cite2:hmt:lsj.chicago_md:n67650,marriage,seed,0.439,0.124,0.315,57,unlawful wedlock
λαθρό-νυμφος,urn:cite2:hmt:lsj.chicago_md:n61615,marriage,seed,0.438,0.161,0.276,56,secretly married
θνητο-γᾰμία,urn:cite2:hmt:lsj.chicago_md:n48907,marriage,seed,0.437,0.252,0.185,63,marriage with a mortal
νοθ-εία,urn:cite2:hmt:lsj.chicago_md:n70924,marriage,seed,0.434,0.228,0.206,225,birth out of wedlock; by a marriage with an inferior; spuriousness
κρή-ϊον,urn:cite2:hmt:lsj.chicago_md:n59866,marriage,seed,0.431,0.308,0.124,159,bride-cake
μον-ανδρέω,urn:cite2:hmt:lsj.chicago_md:n68435,marriage,seed,0.431,0.212,0.219,63,to have but one husband
παρθέν-ευμα,urn:cite2:hmt:lsj.chicago_md:n79575,marriage,seed,0.431,0.375,0.056,204,pursuits; amusements of maidens; maidenʼs work; child of an unmarried woman
εὐν-ητήρ,urn:cite2:hmt:lsj.chicago_md:n44538,marriage,seed,0.429,0.275,0.154,428,"a bedfellow, husband; partner of; bed; that makes; cease; night"
μνηστύς,urn:cite2:hmt:lsj.chicago_md:n68222,marriage,seed,0.429,0.235,0.194,182,"wooing, courting, asking in marriage"
δεινο-λεχής,urn:cite2:hmt:lsj.chicago_md:n23716,marriage,seed,0.428,0.256,0.172,61,dreadfully married
πρωτό-ποσις,urn:cite2:hmt:lsj.chicago_md:n91032,marriage,seed,0.428,0.127,0.301,101,a woman who still has her first husband
λῡσί-γᾰμος,urn:cite2:hmt:lsj.chicago_md:n64197,marriage,seed,0.426,0.266,0.161,86,dissolving marriage
παρανδρόομαι,urn:cite2:hmt:lsj.chicago_md:n78474,marriage,seed,0.424,0.11,0.314,84,remain unmarried
συγγρᾰφοδιαθήκη,urn:cite2:hmt:lsj.chicago_md:n97552,marriage,seed,0.424,0.133,0.291,88,contract with marriage settlement
ἀρτί-γᾰμος,urn:cite2:hmt:lsj.chicago_md:n15631,marriage,seed,0.421,0.175,0.246,104,just married
πρωτό-γᾰμος,urn:cite2:hmt:lsj.chicago_md:n90946,marriage,seed,0.421,0.175,0.246,57,just married
πρωτο-νύμφευτος,urn:cite2:hmt:lsj.chicago_md:n91014,marriage,seed,0.421,0.175,0.246,75,just married
ὀψῐγᾰμ-ος,urn:cite2:hmt:lsj.chicago_md:n76312,marriage,seed,0.42,0.187,0.232,86,late-married
θεώρ-ητρα,urn:cite2:hmt:lsj.chicago_md:n48590,marriage,seed,0.419,0.207,0.212,132,presents made by the bridegroom; when she first unveiled
ἄλοχος,urn:cite2:hmt:lsj.chicago_md:n4667,marriage,seed,0.418,0.242,0.175,392,"partner of oneʼs bed, wife; leman, concubine; unwedded"
ἰθᾱγενής,urn:cite2:hmt:lsj.chicago_md:n50174,marriage,seed,0.418,0.306,0.112,992,"born in lawful wedlock; his true-born sons; from the ancient stock, aboriginal; natural, original; genuine; originalis, indigena; ihá; *idhá"
προσυν-οικέω,urn:cite2:hmt:lsj.chicago_md:n90247,marriage,seed,0.418,0.273,0.145,100,cohabit; live as wife with before
συνάπτω,urn:cite2:hmt:lsj.chicago_md:n99485,marriage,seed,0.418,0.472,-0.054,7195,"join together; bind; fast; meet; close; kiss; link; with; join; share with; combination in thought; frame; connect; refer; to; take together; continues; abridge; associate with; attribute to; bring; has engaged; in conflict; involved; engage; has; rejoined by stating; approach, make contact; form an alliance by; get oneʼs daughter married; is compounded of..; continued; geometric; conjunct; hypothetical proposition; conclusion follows?; border on, lie next to; reaching to..; to be nigh at hand; meet together; do; combine; to be connected with; attach; will border upon; have reference to; enter into; come close; come in; reach; to be in conjunction; PMag. Leid.W.; unite for oneself; form; to be next to, connected with; lay hold of; take part with; assist; bring upon oneself"
εὐθάλᾰμος,urn:cite2:hmt:lsj.chicago_md:n43939,marriage,seed,0.417,0.243,0.175,77,blessing wedlock
λαθρο-κοιτέω,urn:cite2:hmt:lsj.chicago_md:n61614,marriage,seed,0.417,0.178,0.239,97,live in secret marriage
ὀπτ-ήρια,urn:cite2:hmt:lsj.chicago_md:n74660,marriage,seed,0.417,0.292,0.126,332,presents made by the bridegroom on seeing the bride without the veil; presents upon seeing; for the sight of
οἰκονόμ-ισσα,urn:cite2:hmt:lsj.chicago_md:n72350,marriage,seed,0.416,0.216,0.2,170,wife of; female official in the church; Papers of Amer. Sch. at Athens
ἁμαρτί-γαμος,urn:cite2:hmt:lsj.chicago_md:n4966,marriage,seed,0.415,0.192,0.223,67,failing of marriage
ὀψῐγᾰμ-ία,urn:cite2:hmt:lsj.chicago_md:n76310,marriage,seed,0.414,0.141,0.273,85,late marriage
ὑπεργᾰμία,urn:cite2:hmt:lsj.chicago_md:n107361,marriage,seed,0.412,0.171,0.241,48,a late marriage
βᾰσῐλ-ισσα,urn:cite2:hmt:lsj.chicago_md:n19560,marriage,seed,0.41,0.289,0.121,463,queen; wife of the; at Athens; Empress; PMag.Leid. V.
προκατ-εγγῠάω,urn:cite2:hmt:lsj.chicago_md:n87745,marriage,seed,0.408,0.185,0.223,70,betroth beforehand
κατεγγῠ-άω,urn:cite2:hmt:lsj.chicago_md:n55695,marriage,seed,0.404,0.388,0.017,933,"pledge, betroth; make responsible, compel to give security; make; give security; to be held to bail; sequester, put an embargo upon; seize as a security; bind, subject; undertake"
νυκτῐ-γᾰμος,urn:cite2:hmt:lsj.chicago_md:n71192,marriage,seed,0.404,0.217,0.188,65,"wedding by night, secretly"
Δηῐάνειρα,urn:cite2:hmt:lsj.chicago_md:n24308,marriage,seed,0.403,0.252,0.151,129,destroying her spouse
ἀνῐερ-ος,urn:cite2:hmt:lsj.chicago_md:n9009,marriage,seed,0.402,0.305,0.097,297,"unholy, unhallowed; unhallowed because of; born out of wedlock; receiving no victims"
ἴσχω,urn:cite2:hmt:lsj.chicago_md:n51369,marriage,seed,0.4,0.341,0.059,3301,"keep back, restrain; keep; back; to keep; from; to be checked; the matter stopped; hold, stay, stop!; put in; stop; check thyself, be calm; keep quiet; desist from; hold fast, hold; keep, maintain; affects; keep up; is permanent; hold; have in possession; have a wife; to be pregnant; conceives; receive; have in it, involve; to be susceptible, capable of; to be worth; to be"
ἀπόστολ-ος,urn:cite2:hmt:lsj.chicago_md:n13872,messenger_herald_envoy,seed+embed,0.76,0.335,0.424,945,"messenger, ambassador, envoy; on a mission; commander of a naval force; messenger from God; Apostles; naval squadron; expedition; colony; packet; order for dispatch; export-licence; cargo dispatched by order"
προσκηρῡκεύομαι,urn:cite2:hmt:lsj.chicago_md:n89593,messenger_herald_envoy,seed+embed,0.682,0.341,0.341,61,send a herald to
θεωρ-ία,urn:cite2:hmt:lsj.chicago_md:n48591,messenger_herald_envoy,embed,0.659,0.367,0.292,1910,"sending of; state-ambassadors; the; themselves, embassy, mission; office of; discharge of that office; being a spectator at the theatre; games; viewing, beholding; to see the world; pilgrimage; contemplation, consideration; theory, speculation; theoretic reckoning; sight, spectacle; public spectacle at the theatre; explanatory preface; continuous exposition"
ἀντικῆρυξ,urn:cite2:hmt:lsj.chicago_md:n10021,messenger_herald_envoy,seed+embed,0.657,0.263,0.394,57,deputy-herald
ἐπικηρ-ύκευμα,urn:cite2:hmt:lsj.chicago_md:n39711,messenger_herald_envoy,seed+embed,0.656,0.351,0.305,77,demand by; herald
ἱερο-κῆρυξ,urn:cite2:hmt:lsj.chicago_md:n50052,messenger_herald_envoy,seed+embed,0.656,0.325,0.331,287,herald; attendant at a sacrifice
κηρυκ-εύω,urn:cite2:hmt:lsj.chicago_md:n57249,messenger_herald_envoy,seed+embed,0.656,0.352,0.304,298,"perform the office of a herald; to be; herald; proclaim, notify"
κῆρυξ,urn:cite2:hmt:lsj.chicago_md:n57262,messenger_herald_envoy,seed+embed,0.656,0.336,0.321,1897,"herald, pursuivant; public messenger, envoy; messengers between nations at war; crier; auctioneer; messenger, herald; trumpet-shell; Triton nodiferum; kārús; kīrtis"
προφήτ-ης,urn:cite2:hmt:lsj.chicago_md:n90679,messenger_herald_envoy,seed+embed,0.656,0.461,0.195,2147,"one who speaks for a god and interprets his will; interpreter, expounder of the will; minister; interpreter; keepers of the oracle; member of the highest order of the clergy, priest; interpreter, expounder; possessor of oracular powers; interpreter, declarer; spokesman; proclaimer, harbinger; herald; revealer of Godʼs will, prophet; NT, inspired preacher and teacher, organ of special revelations from God; foreteller, prophet of future events; herbalist; quack doctor"
πρῠτᾰν-εύω,urn:cite2:hmt:lsj.chicago_md:n90852,messenger_herald_envoy,seed+embed,0.656,0.341,0.315,1434,"to be; president, hold sway; among; to be chairman; hold the presidency; mover; put the question on a motion for; obtain; herald; control, regulate; to suffer oneself to be guided; served; to be entertained"
σπονδο-φόρος,urn:cite2:hmt:lsj.chicago_md:n96054,messenger_herald_envoy,seed+embed,0.656,0.45,0.206,442,one who offers libations; one who brings proposals for a truce; treaty of peace; herald; officer who published the; fetialis
κηρυκ-ικός,urn:cite2:hmt:lsj.chicago_md:n57252,messenger_herald_envoy,embed,0.655,0.326,0.329,106,of heralds
κηρύκ-ειος,urn:cite2:hmt:lsj.chicago_md:n57246,messenger_herald_envoy,seed+embed,0.65,0.366,0.285,178,of a herald
κηρύκ-ῐνος,urn:cite2:hmt:lsj.chicago_md:n57253,messenger_herald_envoy,seed+embed,0.65,0.366,0.285,167,of a herald; crierʼs office
κηρυκ-ιοφόρος,urn:cite2:hmt:lsj.chicago_md:n57256,messenger_herald_envoy,embed,0.645,0.34,0.305,83,bearing a heraldʼs staff
ἐπιστολιᾱφόρος,urn:cite2:hmt:lsj.chicago_md:n41047,messenger_herald_envoy,embed,0.641,0.43,0.211,87,bearer of dispatches
ἐπικηρ-ῡκεύομαι,urn:cite2:hmt:lsj.chicago_md:n39712,messenger_herald_envoy,seed+embed,0.64,0.481,0.159,713,"send; a message by a herald; send a message proposing to ask; messages; being sent.; send ambassadors to treat for peace, make proposals; for a treaty of peace; negotiate; with; go as a herald; ambassador"
πρέσβ-ευμα,urn:cite2:hmt:lsj.chicago_md:n86286,messenger_herald_envoy,seed+embed,0.637,0.247,0.389,207,"ambassador; the embassy; embassies, missions"
πρεσβ-εύς,urn:cite2:hmt:lsj.chicago_md:n86287,messenger_herald_envoy,seed+embed,0.637,0.247,0.389,471,ambassador; Griech. Dialekte
πρεσβ-ευτής,urn:cite2:hmt:lsj.chicago_md:n86291,messenger_herald_envoy,seed+embed,0.637,0.247,0.389,543,"ambassador; agent; commissioner; legatus, staff officer; legatus pro praetore"
πρέσβ-ις,urn:cite2:hmt:lsj.chicago_md:n86297,messenger_herald_envoy,seed+embed,0.637,0.247,0.389,216,ambassador
πρέσβῠς,urn:cite2:hmt:lsj.chicago_md:n86305,messenger_herald_envoy,seed+embed,0.637,0.324,0.313,4103,"old man; the elder; elders; elder; older; wise beyond thy years; rather old; in my old age, PCair. Zen.; eldest; more; most important, taking precedence; higher, more important; greater than; ambassador; president; elder, alderman; both; elder of the Jewish Sanhedrin; elder of the Christian Church, presbyter; wren; -gu; vanar-gú-; žmogùs; prae, pris-tinus"
κηρυκ-εία,urn:cite2:hmt:lsj.chicago_md:n57244,messenger_herald_envoy,seed+embed,0.629,0.256,0.373,226,office of herald; crier; embassy; crierʼs pay
διαπρεσβ-εύομαι,urn:cite2:hmt:lsj.chicago_md:n25637,messenger_herald_envoy,seed+embed,0.622,0.197,0.425,222,send embassies; serve as envoy
ἄγγελος,urn:cite2:hmt:lsj.chicago_md:n397,messenger_herald_envoy,seed+embed,0.621,0.331,0.29,992,"messenger, envoy; one that announces; tells; angel; semi-divine being"
πομπ-ός,urn:cite2:hmt:lsj.chicago_md:n85632,messenger_herald_envoy,seed+embed,0.621,0.327,0.294,629,"conductor, escort, guide; attendants, guards; conductress; conveyor, carrier of; messenger, envoy; conducting; signal, beacon"
θεωρός,urn:cite2:hmt:lsj.chicago_md:n48598,messenger_herald_envoy,seed+embed,0.619,0.285,0.334,1055,envoy sent to consult an oracle; to present an offering; to be present at festivals; envoy; magistrate; spectator; one who travels to see
καταγγελ-εύς,urn:cite2:hmt:lsj.chicago_md:n53753,messenger_herald_envoy,seed+embed,0.604,0.356,0.248,172,"one who proclaims, herald"
ἐπισπουδ-ασμός,urn:cite2:hmt:lsj.chicago_md:n40948,messenger_herald_envoy,seed+embed,0.603,0.2,0.404,182,"transport, dispatch"
κοσμο-φόρος,urn:cite2:hmt:lsj.chicago_md:n59346,messenger_herald_envoy,embed,0.603,0.417,0.186,206,one who carries ornaments in procession; ornamental frieze
κηρυκ-ιοειδής,urn:cite2:hmt:lsj.chicago_md:n57254,messenger_herald_envoy,embed,0.602,0.309,0.293,87,like a heraldʼs staff
πρεσβ-εύω,urn:cite2:hmt:lsj.chicago_md:n86293,messenger_herald_envoy,seed+embed,0.601,0.476,0.125,2889,"to be the elder; eldest; to be older than, be the eldest of; to be; take the first place, be best; rank before, take precedence of; rule over; have at oneʼs command; disposal; place as oldest; first, put first in rank; pay special honour; worship to; hold the first place; is first; is most notable; more honoured than..; cultivate; to be an ambassador; serve as one; for; act as legatus; negotiate; negotiations; send ambassadors; go as ambassador; represent, urge, maintain"
διακηρῡκεύομαι,urn:cite2:hmt:lsj.chicago_md:n24939,messenger_herald_envoy,seed+embed,0.599,0.356,0.243,69,negotiate by herald
προκηρ-ῡκεύομαι,urn:cite2:hmt:lsj.chicago_md:n87785,messenger_herald_envoy,seed+embed,0.599,0.4,0.199,171,"have proclaimed by herald, give public notice; negotiate by herald"
κηρύσσω,urn:cite2:hmt:lsj.chicago_md:n57264,messenger_herald_envoy,seed+embed,0.595,0.634,-0.039,2893,"to be a herald, officiate as herald; to be an auctioneer; make proclamation as a herald; by voice of herald; proclamation was made; summon by herald; summon; was summoned; proclaim; to be proclaimed, extolled; call upon, invoke; to be called; proclaim, announce; advertise; invite; make proclamation; to be proclaimed; declare, tell; news was spread; proclaim, command publicly; crow; preach, teach publicly"
ἄγγᾰρος,urn:cite2:hmt:lsj.chicago_md:n382,messenger_herald_envoy,seed+embed,0.594,0.259,0.335,383,mounted courier; courier; posting-mules; agarru
ἀναπρεσβεύω,urn:cite2:hmt:lsj.chicago_md:n7304,messenger_herald_envoy,embed,0.586,0.182,0.405,61,send up ambassadors
ἀποπρεσβ-εία,urn:cite2:hmt:lsj.chicago_md:n13495,messenger_herald_envoy,embed,0.582,0.203,0.379,104,an ambassadorʼs report
πρεσβ-εία,urn:cite2:hmt:lsj.chicago_md:n86282,messenger_herald_envoy,embed,0.581,0.365,0.216,504,"age, seniority, right of the elder; rank, dignity; embassy; body of ambassadors; intercession"
ἀντιπρεσβεύ-ομαι,urn:cite2:hmt:lsj.chicago_md:n10407,messenger_herald_envoy,embed,0.576,0.135,0.442,155,send counter-ambassadors
ἡμερό-φωνος,urn:cite2:hmt:lsj.chicago_md:n47021,messenger_herald_envoy,embed,0.576,0.406,0.17,99,heralding the day
προᾰγορ-εύω,urn:cite2:hmt:lsj.chicago_md:n86425,messenger_herald_envoy,seed+embed,0.574,0.449,0.126,1790,"tell beforehand; declare beforehand that..; advise beforehand; foretell, prophesy; declare; proclaim publicly; have; proclaimed by herald; order publicly; forbid; give public notice; serve notice on; forestall"
σύνθημα,urn:cite2:hmt:lsj.chicago_md:n100601,messenger_herald_envoy,embed,0.573,0.481,0.092,1442,"anything agreed upon, preconcerted signal; conventional signs; ciphers; dispatches; letters in cipher; military signal-code; password; the word; it; signal; any token; sign; tokens; pledges of; compact; tessera; passport; symbol; military standard; agreement, covenant; by agreement; communion, connexion"
ἀποστολ-εύς,urn:cite2:hmt:lsj.chicago_md:n13867,messenger_herald_envoy,embed,0.57,0.272,0.298,254,one who dispatches; magistrate who had to fit out
ἀπόπεμψις,urn:cite2:hmt:lsj.chicago_md:n13395,messenger_herald_envoy,embed,0.569,0.267,0.302,159,"sending away, dispatching; dismissal, diuorcing"
ἀρχι-πρεσβευτής,urn:cite2:hmt:lsj.chicago_md:n15993,messenger_herald_envoy,seed+embed,0.567,0.23,0.337,110,chief ambassador
χρημᾰτ-ισμός,urn:cite2:hmt:lsj.chicago_md:n114629,messenger_herald_envoy,embed,0.565,0.556,0.008,1857,"negotiation, giving audience to ambassadors; decree; ordinance; business; decision; administration of justice by; public instrument; document; public records; deed, legal instrument; instrument; title-deeds; oracular response, divine injunction; warning; doing business for oneʼs own gain, money-making; appellation, title, designation; use of a name; designation; name"
ἀποστέλλω,urn:cite2:hmt:lsj.chicago_md:n13831,messenger_herald_envoy,seed+embed,0.561,0.319,0.242,1144,"send off; away from; send away, banish; go away, depart; dispatch; put off, doff; retire, withdraw"
διᾰγωγ-ή,urn:cite2:hmt:lsj.chicago_md:n24668,messenger_herald_envoy,seed+embed,0.561,0.351,0.211,814,"carrying across; carrying through; taking a person through; course of instruction, lectures; passing of life, way; course of life; way of passing time, amusement; pastimes; delay; management; dispatch; station"
διαπο-στέλλω,urn:cite2:hmt:lsj.chicago_md:n25622,messenger_herald_envoy,seed+embed,0.561,0.319,0.242,396,dispatch; send as a representative
διεπι-στέλλω,urn:cite2:hmt:lsj.chicago_md:n26633,messenger_herald_envoy,seed+embed,0.561,0.319,0.242,49,dispatch
ἐξαπο-στέλλω,urn:cite2:hmt:lsj.chicago_md:n36880,messenger_herald_envoy,seed+embed,0.561,0.354,0.207,1027,"dispatch; to be dispatched; send forth; send; send away, dismiss; send away; divorce; expel; discharge; destroy; emit, display"
ἐξαφ-ίημι,urn:cite2:hmt:lsj.chicago_md:n37019,messenger_herald_envoy,seed+embed,0.561,0.346,0.215,443,"send forth, discharge; dispatch; let go; set free from; set free; let loose; to be allowed to escape; squander"
ἐξαφ-ίστημι,urn:cite2:hmt:lsj.chicago_md:n37021,messenger_herald_envoy,seed+embed,0.561,0.319,0.242,331,remove; dispatch; depart; withdraw from; grow out of
ἐπιτίθημι,urn:cite2:hmt:lsj.chicago_md:n41357,messenger_herald_envoy,seed+embed,0.561,0.401,0.161,5213,"lay, put; place upon; laid on; set; on; put upon, set up; apply; set upon, turn towards; put; into; put on; as a door; before; to; put to, add, grant; give besides; add, bring on; add; impose, inflict; imposing as a penalty; dispatch; give; contribute; put on oneself; for oneself; placed; on his; laying oneʼs; upon.; on oneʼs; apply oneself to, employ oneself on; in; attempt to.; make an attempt upon, attack; attempt; take advantage of; make an attack; with assiduity; bring on oneself; cause; to be imposed; lay commands on"
θοάζω,urn:cite2:hmt:lsj.chicago_md:n48913,messenger_herald_envoy,seed+embed,0.561,0.362,0.199,524,"move quickly, ply rapidly; hurrying; on?; urge; on; dispatch; quickly; move quickly, rush, dart"
σπουδή,urn:cite2:hmt:lsj.chicago_md:n96106,messenger_herald_envoy,seed+embed,0.561,0.448,0.113,4182,"haste, speed; haste; I am hastening; in haste; dispatch; zeal, pains, trouble, effort; zealously; exert oneself, take pains, be eager; much ado about..; zeal for; to be eager; zeal; with great attention to; eagerness for..; zealous exertions; esteem, regard; good will, good offices; support; party feelings; attachments, rivalries; enthusiasms; disputation; earnestness; in earnest, seriously; object of attention, serious engagement; pursuit; in haste, hastily; with great exertion and difficulty; hardly, scarcely; earnestly, seriously, urgently; attentively; busily"
τεσσᾰράριος,urn:cite2:hmt:lsj.chicago_md:n103246,messenger_herald_envoy,seed+embed,0.561,0.319,0.242,369,"tesserarius, non-commissioned officer who communicates the password; I Got.; dispatch"
ἰάλλω,urn:cite2:hmt:lsj.chicago_md:n49676,messenger_herald_envoy,seed+embed,0.559,0.399,0.16,1211,"send forth; they put forth; laid; threw; give; set down, plant; assail; send, dispatch; send oneself on; flee, run; iyarti"
συμπρεσβεύω,urn:cite2:hmt:lsj.chicago_md:n98813,messenger_herald_envoy,seed+embed,0.558,0.279,0.28,222,"to be a fellow-ambassador, be joined; associated with on an embassy; join in sending an embassy"
ἀποστολ-ή,urn:cite2:hmt:lsj.chicago_md:n13868,messenger_herald_envoy,embed,0.556,0.297,0.258,597,"sending off; away; dispatching; sending forth on their journey; as a parting gift; shooting, discharge; discharge from service; payment; expedition; apostleship"
συμπέμπω,urn:cite2:hmt:lsj.chicago_md:n98601,messenger_herald_envoy,seed+embed,0.554,0.275,0.279,496,send; dispatch along with; at the same time; help in conducting
συμπρεσβευτής,urn:cite2:hmt:lsj.chicago_md:n98812,messenger_herald_envoy,seed+embed,0.553,0.28,0.273,127,fellow-ambassador
στέλλω,urn:cite2:hmt:lsj.chicago_md:n96447,messenger_herald_envoy,seed+embed,0.55,0.307,0.242,5235,"make ready; rig; fit; out; fit out; get; ready; furnish with, array in; dress; bury; put on; having dressed themselves in..; fit oneself out, get ready; prepare; prepared; dispatch, send; set out; journey; begone!; to be sent; prepare to go, start, set forth; set out upon; summon, fetch, bring; sent for; leads; gather up, make compact; furl, take in; girded up, tucked up; check; repress; draw in, shorten our; hush; up; draw up; bind, make costive; astringents; shrink up; restrict oneʼs diet; avoiding; sqṷel-.; st(h)el-; stǐlati; lātus; *stlātus"
συνεξ-οδεύω,urn:cite2:hmt:lsj.chicago_md:n100149,messenger_herald_envoy,embed,0.55,0.425,0.125,142,go out along with; to be carried in a procession
ἀστάνδης,urn:cite2:hmt:lsj.chicago_md:n16447,messenger_herald_envoy,seed+embed,0.547,0.189,0.358,96,courier; astandel
ἱππ-εύς,urn:cite2:hmt:lsj.chicago_md:n50702,messenger_herald_envoy,seed+embed,0.547,0.359,0.189,1475,"one who fights from a chariot; the driver; the hero who fights; one who drives in a chariot-race; horseman, rider, cavalryman; courier; groom, Class.Rev.; knights; equites; eques Romanus; nimble; crab; comet; girlʼs ornament; measure"
ὁδοποι-ός,urn:cite2:hmt:lsj.chicago_md:n72090,messenger_herald_envoy,seed+embed,0.547,0.275,0.272,205,"one who opens the way, road-maker; pioneer; road-surveyor; courier"
προπρεσβεύω,urn:cite2:hmt:lsj.chicago_md:n88384,messenger_herald_envoy,seed+embed,0.547,0.234,0.313,72,accomplish previously as envoy
πτερο-φόρος,urn:cite2:hmt:lsj.chicago_md:n91147,messenger_herald_envoy,seed+embed,0.547,0.344,0.204,407,"feathered, winged; feathered; winged; courier"
τᾰχῠ-δρόμος,urn:cite2:hmt:lsj.chicago_md:n102694,messenger_herald_envoy,seed+embed,0.547,0.234,0.313,255,fast-running; courier; cursor
προσαπο-στέλλω,urn:cite2:hmt:lsj.chicago_md:n88701,messenger_herald_envoy,seed+embed,0.543,0.215,0.328,117,send off; dispatch besides
αὐτο-κῆρυξ,urn:cite2:hmt:lsj.chicago_md:n17752,messenger_herald_envoy,embed,0.542,0.371,0.17,74,self-heralded
πομποστολέω,urn:cite2:hmt:lsj.chicago_md:n85633,messenger_herald_envoy,embed,0.542,0.483,0.058,276,conduct a procession; lead; carry in procession; make a pompous display of
ἐκπέμπω,urn:cite2:hmt:lsj.chicago_md:n32591,messenger_herald_envoy,seed+embed,0.541,0.327,0.214,1546,"send out; forth from; bring out by calling, call; fetch out; go forth, depart; send forth, dispatch; send away; divorce; conduct across; send out, send abroad; export; send forth, give out; utter, pronounce"
πέμπω,urn:cite2:hmt:lsj.chicago_md:n80557,messenger_herald_envoy,embed,0.54,0.417,0.124,5491,"send; on; over.; to; send for; send to; against.; for; was conducting; convoying; send word; sent him orders; send forward, nominate; send forth; away, dismiss, send home; speed; discharge, shoot; send forth, utter; conduct, escort; convey, carry; conduct; take part in; move in; procession; carried in procession; send up, produce; send in oneʼs own service; cause to be sent"
συναπο-στέλλω,urn:cite2:hmt:lsj.chicago_md:n99457,messenger_herald_envoy,seed+embed,0.54,0.252,0.288,206,dispatch together with; join in dispatching
εἰσκαθίημι,urn:cite2:hmt:lsj.chicago_md:n31393,messenger_herald_envoy,seed+embed,0.539,0.299,0.24,94,dispatch to
ἐπαγγ-ελτήρ,urn:cite2:hmt:lsj.chicago_md:n37820,messenger_herald_envoy,seed+embed,0.538,0.22,0.318,93,envoy who announces a festival
πρεσβ-ευτικός,urn:cite2:hmt:lsj.chicago_md:n86292,messenger_herald_envoy,seed+embed,0.535,0.264,0.271,177,of; for an ambassador; embassy
προαπο-στέλλω,urn:cite2:hmt:lsj.chicago_md:n86685,messenger_herald_envoy,seed+embed,0.534,0.293,0.242,337,"send away, dispatch beforehand; in advance; to be sent in advance"
καταπέμπ-ω,urn:cite2:hmt:lsj.chicago_md:n54767,messenger_herald_envoy,seed+embed,0.53,0.192,0.338,370,"send down; down; send from head-quarters, dispatch"
πομπ-εῖον,urn:cite2:hmt:lsj.chicago_md:n85619,messenger_herald_envoy,embed,0.53,0.435,0.096,515,vessel employed in solemn processions; the apparatus of a triumph; bust; image carried in procession; storehouse where such vessels were kept
ἀποπρεσβ-εύω,urn:cite2:hmt:lsj.chicago_md:n13496,messenger_herald_envoy,seed+embed,0.528,0.19,0.338,120,report as ambassador; make such a report
ἀποπέμπω,urn:cite2:hmt:lsj.chicago_md:n13394,messenger_herald_envoy,seed+embed,0.527,0.343,0.185,1049,"send off; away, dispatch, dismiss; dismiss; send away from oneself; put away, divorce; get rid of..; get rid of; send from home; send back; send off, dispatch; export; emit, discharge; avert; banish, exorcise"
ἐξεσία,urn:cite2:hmt:lsj.chicago_md:n37207,messenger_herald_envoy,embed,0.525,0.243,0.282,147,"sending forth, mission, embassy"
θεο-κῆρυξ,urn:cite2:hmt:lsj.chicago_md:n48189,messenger_herald_envoy,seed+embed,0.522,0.437,0.086,127,divine herald; claiming descent from Talthybius
εἰσκηρύσσω,urn:cite2:hmt:lsj.chicago_md:n31404,messenger_herald_envoy,seed+embed,0.515,0.331,0.184,250,proclaim by herald; call into the lists for combat
ὑποκηρ-ύσσω,urn:cite2:hmt:lsj.chicago_md:n108549,messenger_herald_envoy,seed+embed,0.515,0.347,0.169,304,proclaim by herald; have; proclaimed; cried; advertising
κηρύκ-ειον,urn:cite2:hmt:lsj.chicago_md:n57245,messenger_herald_envoy,embed,0.514,0.384,0.13,828,heraldʼs wand; Caduceus; tax on auction sales; auctioneerʼs fee; tale-bearerʼs fee; the stone; surgical machine
σκῠτάλη,urn:cite2:hmt:lsj.chicago_md:n95347,messenger_herald_envoy,seed+embed,0.514,0.538,-0.024,1916,"staff, cudgel, club; club; staff; baton; a Spartan dispatch; dispatch, message; pole; strickle for levelling grain; wooden tally; ticket; strip; rod of metal; ivory; scourge whip; handle; lever; handspike; sucker; cylinder; roller; a serpent; a fish; finger-bone, phalanx"
ἱμᾰτιο-παραλήμπτης,urn:cite2:hmt:lsj.chicago_md:n50452,messenger_herald_envoy,embed,0.512,0.277,0.234,123,collector of deliveries in kind in the form of clothing
ἐξαπο-σταλτέος,urn:cite2:hmt:lsj.chicago_md:n36879,messenger_herald_envoy,embed,0.51,0.354,0.155,58,to be dispatched
μετακομ-ῐδή,urn:cite2:hmt:lsj.chicago_md:n66728,messenger_herald_envoy,embed,0.506,0.314,0.193,81,"transporting, conveying"
μετακόμ-ισις,urn:cite2:hmt:lsj.chicago_md:n66730,messenger_herald_envoy,embed,0.506,0.24,0.267,62,transporting
ἀνακηρ-ύσσω,urn:cite2:hmt:lsj.chicago_md:n6702,messenger_herald_envoy,seed+embed,0.503,0.411,0.093,536,"proclaim by voice of herald, publish abroad; proclaim; extol, sing praises of; put up to auction; offer by voice of herald"
ναυσι-φόρητος,urn:cite2:hmt:lsj.chicago_md:n69882,messenger_herald_envoy,embed,0.502,0.366,0.137,79,"carried by ship, seafaring"
θηρό-βρομος,urn:cite2:hmt:lsj.chicago_md:n48778,messenger_herald_envoy,embed,0.494,0.346,0.148,98,heralded by the roar of wild beasts
πομπ-ευτής,urn:cite2:hmt:lsj.chicago_md:n85623,messenger_herald_envoy,embed,0.494,0.375,0.119,181,organizer; marshal of a procession
λίβελλος,urn:cite2:hmt:lsj.chicago_md:n63049,messenger_herald_envoy,embed,0.492,0.277,0.215,192,"libellus, petition; lǐbrarius, scribe, secretary"
δελφῑνο-φόρος,urn:cite2:hmt:lsj.chicago_md:n24000,messenger_herald_envoy,embed,0.489,0.275,0.214,129,bearing dolphins; carrying
εἰσ-φορά,urn:cite2:hmt:lsj.chicago_md:n31543,messenger_herald_envoy,embed,0.489,0.296,0.193,454,"carrying; gathering in; property-tax; special tax; contribution; introduction, proposal"
θᾰλᾰμ-ηγός,urn:cite2:hmt:lsj.chicago_md:n47723,messenger_herald_envoy,embed,0.489,0.255,0.234,292,carrying; Egyptian house-boat; barge; state-barge
μεθέπω,urn:cite2:hmt:lsj.chicago_md:n65606,messenger_herald_envoy,embed,0.489,0.355,0.134,1037,"pursue, follow after; pursuing; go in search of; drove in search of; visit; dost thou come; to visit us; cherish; ply; wielding; carrying; turned; in pursuit of"
μελι-φόρος,urn:cite2:hmt:lsj.chicago_md:n66123,messenger_herald_envoy,embed,0.489,0.255,0.234,105,carrying; containing honey
μῡρῐᾰγωγ-ός,urn:cite2:hmt:lsj.chicago_md:n69241,messenger_herald_envoy,embed,0.489,0.335,0.154,206,carrying; measures; ship of; measures’ burden
μῡρῐο-φόρος,urn:cite2:hmt:lsj.chicago_md:n69303,messenger_herald_envoy,embed,0.489,0.335,0.154,190,carrying; measures
ὀβελ-ιᾱφόρος,urn:cite2:hmt:lsj.chicago_md:n71905,messenger_herald_envoy,embed,0.489,0.255,0.234,94,carrying
προπομπ-ός,urn:cite2:hmt:lsj.chicago_md:n88363,messenger_herald_envoy,embed,0.489,0.417,0.072,481,"escorting; in procession; carrying; conductor, escort, protector; attendants"
φορά,urn:cite2:hmt:lsj.chicago_md:n112070,messenger_herald_envoy,embed,0.489,0.581,-0.092,3882,"an act; carrying; to carry thee; their arms; for carrying..; casting; movement; gestation; bringing in; payment; instatments; latura; pay, Gloss. (latura; onus, sarcina; fare, freight; bringing forth, productiveness; being borne; carried along, motion; range; rapid motion, rush; draught; impulse; forceful flow; tendency, line; lines; force; forceful quality; influences; favourable wind; favour; time, occasion; a thing, that which is borne; load, freight, burden; rent, tribute; contributions; contribution; that which is brought forth, fruit, produce, crop; a large crop; a succession of crops"
ἁμαξοφόρητος,urn:cite2:hmt:lsj.chicago_md:n4941,messenger_herald_envoy,embed,0.488,0.171,0.317,88,carried in wagons
φορ-ητός,urn:cite2:hmt:lsj.chicago_md:n112109,messenger_herald_envoy,embed,0.488,0.356,0.132,605,"borne, carried; to be carried, moveable; constantly moving; bearable, endurable; irresistible"
ψευδ-απόστολος,urn:cite2:hmt:lsj.chicago_md:n115444,messenger_herald_envoy,seed+embed,0.488,0.291,0.197,81,false ambassador; apostle
ψευδο-πρεσβευτής,urn:cite2:hmt:lsj.chicago_md:n115550,messenger_herald_envoy,seed+embed,0.488,0.2,0.288,73,false ambassador
ἀγωγή,urn:cite2:hmt:lsj.chicago_md:n1087,messenger_herald_envoy,embed,0.486,0.439,0.047,2935,"carrying away; freight, carriage; voyage; movement; tendency; bringing to; in; bringing; before; forcible seizure, carrying off, abduction; aqueducts; load; weight; winding up; drawing; evoking; spell for bringing; love-charm; leading, guidance; leading; conduct; direction, training; systems of education; course; culture; treatment; way; 2 Ep.Tim.; keeping, observance; method, construction; style; method of proof; line of argument; school; manoeuvre, movement; order of march; actio; tempo; sequence"
φορτᾰγωγ-έω,urn:cite2:hmt:lsj.chicago_md:n112152,messenger_herald_envoy,embed,0.485,0.312,0.174,65,carry loads; burdens
ἐπιπρεσβεύομαι,urn:cite2:hmt:lsj.chicago_md:n40625,messenger_herald_envoy,seed+embed,0.483,0.204,0.279,200,go as ambassador; send an; embassy; send a; second embassy
κομίζω,urn:cite2:hmt:lsj.chicago_md:n58790,messenger_herald_envoy,embed,0.483,0.407,0.076,5829,"take care of, provide for; receive, treat; attended to; attend, give heed to; keep; store up; carry away so as to preserve; they carried away; carry; safe away; took up; save, rescue; carry out to burial; home; carry off as a prize; booty; they won; get for oneself, acquire, gain; gather in, reap; have reaped; receive; carry, convey; betake; to be conveyed, journey, travel; get thee; betake oneself; bring to; bring in, introduce; import; conduct, escort; take; bring back; get back, recover; get back for oneself; recover; take back oneʼs; rescue from oblivion; bring, give; gives; gets; back; cite; extract, remove; come; go back, return"
ὄχ-ησις,urn:cite2:hmt:lsj.chicago_md:n76216,messenger_herald_envoy,embed,0.483,0.296,0.187,334,a being carried; riding; the weight is thrown
χρημᾰτ-ιστικός,urn:cite2:hmt:lsj.chicago_md:n114633,messenger_herald_envoy,seed,0.478,0.502,-0.024,933,"of; for traffic; money-making; a man of business; portending gain; commercial class; art of money-making; belonging to; fitted for the dispatch of public business; for holding conferences, giving audience; notarial; d.; oracular, prophetic; effective, operative"
προεπι-στέλλω,urn:cite2:hmt:lsj.chicago_md:n87396,messenger_herald_envoy,seed,0.474,0.296,0.178,229,dispatch before; order by letter before; to have been allocated before
παραπρεσβ-ευτής,urn:cite2:hmt:lsj.chicago_md:n78643,messenger_herald_envoy,seed,0.465,0.24,0.225,76,dishonest ambassador
ὑπηρετ-ικός,urn:cite2:hmt:lsj.chicago_md:n108055,messenger_herald_envoy,seed,0.464,0.336,0.128,916,"menial; of the hired soldiery; of; for service, doing service; of public servants; serviceable; subordinate; attending on; dispatch-boat, tender"
ἐξαρτ-ίζω,urn:cite2:hmt:lsj.chicago_md:n36943,messenger_herald_envoy,seed,0.462,0.287,0.174,625,"complete, finish; finish; equip and dispatch; equip; furnish, supply; completely furnished; provide oneself with"
μεταχειρ-ίζω,urn:cite2:hmt:lsj.chicago_md:n67039,messenger_herald_envoy,seed,0.462,0.424,0.038,1478,"take in hand, handle; have in hand, administer; manage, conduct; governs; practise, pursue; deal with; handle, treat; treat; dispatch, kill; prepare"
κηρυκ-τός,urn:cite2:hmt:lsj.chicago_md:n57258,messenger_herald_envoy,seed,0.458,0.314,0.144,115,announced by public herald
προσκατ-εργάζομαι,urn:cite2:hmt:lsj.chicago_md:n89563,messenger_herald_envoy,seed,0.457,0.311,0.146,168,"accomplish besides; acquire besides; dispatch, kill besides"
ἐξαν-ύω,urn:cite2:hmt:lsj.chicago_md:n36817,messenger_herald_envoy,seed,0.456,0.427,0.029,1276,"accomplish, make effectual; accomplish; finish for oneself; finish, dispatch; kill; conquer; bring to an end, finish, accomplish; finish; oneʼs way to; arrive at; manage; obtain, borrow"
ἐκεχειροφόρος,urn:cite2:hmt:lsj.chicago_md:n31958,messenger_herald_envoy,seed,0.455,0.331,0.124,153,herald of truce; mediator
ἡμερο-δρόμης,urn:cite2:hmt:lsj.chicago_md:n46985,messenger_herald_envoy,seed,0.454,0.121,0.333,118,"long-distance runner, courier"
ἡμέροας,urn:cite2:hmt:lsj.chicago_md:n46986,messenger_herald_envoy,seed,0.454,0.121,0.333,98,"long-distance runner, courier"
ἐκκηρ-ύσσω,urn:cite2:hmt:lsj.chicago_md:n32158,messenger_herald_envoy,seed,0.452,0.558,-0.107,435,"proclaim by voice of herald; banish by proclamation; cashier, ‘drum out’"
νερτερο-δρόμος,urn:cite2:hmt:lsj.chicago_md:n70464,messenger_herald_envoy,seed,0.45,0.24,0.211,69,courier of the dead
προκηρ-ύσσω,urn:cite2:hmt:lsj.chicago_md:n87787,messenger_herald_envoy,seed,0.44,0.31,0.13,481,"proclaim by herald, proclaim publicly; advertise for sale; put up to auction"
πρέσβ-ευσις,urn:cite2:hmt:lsj.chicago_md:n86288,messenger_herald_envoy,seed,0.436,0.225,0.211,122,dispatch on an embassy
μετάγγελος,urn:cite2:hmt:lsj.chicago_md:n66604,messenger_herald_envoy,seed,0.43,0.281,0.149,229,"one who carries news from one to another, messenger"
διαπορθμ-εύω,urn:cite2:hmt:lsj.chicago_md:n25616,messenger_herald_envoy,seed,0.415,0.342,0.074,506,carry over; across; carry a message from one to another; to be ferried across; transmit; ply across; cross over
ψευδο-κῆρυξ,urn:cite2:hmt:lsj.chicago_md:n115503,messenger_herald_envoy,seed,0.415,0.312,0.103,68,"false, lying herald"
φορ-έω,urn:cite2:hmt:lsj.chicago_md:n112102,messenger_herald_envoy,seed,0.413,0.421,-0.009,3538,"repeated; habitual; bear to and fro, bear along; conveyed; habitually, served as a messenger.; carrying about; was pregnant; bear constantly, wear; possess, hold, bear; bear, suffer; extend, last; to be borne along; in motion; to be storm-tossed; to be carried away; to be shifted; fetch for oneself, fetch regularly; putting; oneʼs"
τροχίας,urn:cite2:hmt:lsj.chicago_md:n105610,messenger_herald_envoy,seed,0.412,0.2,0.213,124,"courier, messenger; cast"
τρόχ-ις,urn:cite2:hmt:lsj.chicago_md:n105624,messenger_herald_envoy,seed,0.412,0.2,0.213,141,"courier, messenger"
ἀοιδο-κῆρυξ,urn:cite2:hmt:lsj.chicago_md:n11111,messenger_herald_envoy,seed,0.409,0.207,0.203,112,herald who announces singers
στρᾰτ-αρχέω,urn:cite2:hmt:lsj.chicago_md:n97096,military_rank,seed+embed,0.823,0.45,0.372,133,command an army
φάλαγξ,urn:cite2:hmt:lsj.chicago_md:n110166,military_rank,seed+embed,0.799,0.422,0.377,2603,"line of battle, battle-array; the ranks of an army in battle; heavy infantry; in battle-order; line of battle; line; main body, centre; camp; phalanx; corps of 16384; corps of 8192; contingent of 64; chariots; elephants; band; staff; officium; round piece of wood, trunk, log; rollers; arm of a balance; arm of the Danish steelyard; bone between two joints; metacarpals; row; log; OHG balcho; sufflamen; sub-flag-men"
στρᾰτηλ-άτης,urn:cite2:hmt:lsj.chicago_md:n97125,military_rank,seed+embed,0.792,0.422,0.369,352,"leader of an army, general, commander; magister militum; Gloss."
στρατ-εύω,urn:cite2:hmt:lsj.chicago_md:n97108,military_rank,seed+embed,0.743,0.408,0.336,2948,"advance with an army; fleet, wage war; they have been soldiers, have seen war-service; a militiis; serve in the army; have joined the army; to join the army; who are in the army; take; receive into the army, enroll, enlist"
σκηπτουχία,urn:cite2:hmt:lsj.chicago_md:n94803,military_rank,embed,0.733,0.47,0.263,310,"bearing of a staff; sceptre; military command; rank; province of a Persian; command, power"
στρᾰτηλ-ᾰσία,urn:cite2:hmt:lsj.chicago_md:n97123,military_rank,seed+embed,0.733,0.429,0.303,318,"expedition, campaign; campaigning; army; office of magister militum; military command"
ζών-η,urn:cite2:hmt:lsj.chicago_md:n46456,military_rank,embed,0.726,0.396,0.33,2971,"belt, girdle; the lower girdle worn by women; above the hips; girdle; marriage; sexual intercourse; the girdle; belt; conceive; for girdle-money; pinmoney; purse; part round which the girdle passed, waist; cingulum, belt; soldiers; anything that goes round like a belt; one of the zones of the terrestrial sphere; one of the planetary spheres; frieze; zona; shingles; stripes; engirdled with; zones"
κρηπίς,urn:cite2:hmt:lsj.chicago_md:n59905,military_rank,embed,0.726,0.371,0.355,1354,"manʼs high boot; half-boot; soldiers’ boots; soldiers; shoeshaped cake; groundwork, foundation, basement; bottom; foundation; walled edge; quay; abutment; tiers; ox-tongue, Helminthia echioides"
στρᾰτηγ-ός,urn:cite2:hmt:lsj.chicago_md:n97121,military_rank,seed+embed,0.725,0.424,0.301,3358,"leader; commander of an army, general; commander, governor; masters; strategum te facio huic convivio; officers elected by yearly vote to command the army and navy, and conduct the war-department at home, commanders in chief and ministers of war; commander of the infantry; chief magistrates; military and civil governor of a nome; a; consul; proconsul; praetor; praetor urbanus; duumviri; chief magistrates of Roman colonies; Comes Orientis; an officer who had the custody of the Temple at Jerusalem; superintendent of police"
στρᾰτηγ-ία,urn:cite2:hmt:lsj.chicago_md:n97115,military_rank,seed+embed,0.717,0.449,0.268,1298,"office of general, command; office of; presidency; praetorship; period of command, campaign; troops commanded by one general, command; generalship; piece of strategy; province governed by a"
πεζ-αρχέω,urn:cite2:hmt:lsj.chicago_md:n80274,military_rank,embed,0.714,0.424,0.291,60,command infantry
δῠνᾰτ-ός,urn:cite2:hmt:lsj.chicago_md:n28588,military_rank,embed,0.7,0.481,0.219,2208,"strong, mighty; the ablest-bodied men; sound in limb; fit for service; powerful; able; mighty; powerful, influential; the chief men of rank and influence; able to produce, productive; potential; possible; practicable; quantum fieri possit; which are practicable; strongly, powerfully; most ably"
πρῠλέες,urn:cite2:hmt:lsj.chicago_md:n90830,military_rank,embed,0.697,0.385,0.312,421,"men-at-arms, soldiers; close, in masses"
στρᾰτεία,urn:cite2:hmt:lsj.chicago_md:n97101,military_rank,seed+embed,0.695,0.531,0.164,2023,"expedition, campaign; war; service done; expedition; foreign service; military service, warfare; campaigns; exauctoratus; levy of those liable to serve; military discipline; military appointment; campaign; army, expeditionary force; army; campaign."
ἡγεμών,urn:cite2:hmt:lsj.chicago_md:n46612,military_rank,seed+embed,0.694,0.431,0.263,2633,"one who leads; guide; one who does a thing first, shows the way; leaders, Mnemos.; leader, commander, chief; chief, sovereign; queen; leader; president; a Roman Emperor; princeps; princeps juventutis; a provincial governor; praefectus Aegypti; Tab. Defix.Aud.; coping-tiles"
ἡγ-ήτωρ,urn:cite2:hmt:lsj.chicago_md:n46632,military_rank,seed+embed,0.694,0.389,0.305,358,"f; leader, commander, chief; chiefs in war"
ἐφόδ-ιον,urn:cite2:hmt:lsj.chicago_md:n45809,military_rank,seed+embed,0.668,0.422,0.245,1394,"supplies for travelling, money and provisions; of an army; travelling-allowance; ways and means, maintenance; sinews"
στράτιος,urn:cite2:hmt:lsj.chicago_md:n97130,military_rank,seed+embed,0.668,0.422,0.245,328,"of an army; war, warlike; valiantly"
οὐλᾰμ-ηφόρος,urn:cite2:hmt:lsj.chicago_md:n75814,military_rank,seed+embed,0.666,0.498,0.169,71,"bringing an army, warlike"
πέζ-αρχος,urn:cite2:hmt:lsj.chicago_md:n80275,military_rank,embed,0.665,0.46,0.206,62,leader of infantry
στρᾰτ-άρχης,urn:cite2:hmt:lsj.chicago_md:n97097,military_rank,seed+embed,0.661,0.408,0.252,183,general of an army
δύνᾰμις,urn:cite2:hmt:lsj.chicago_md:n28569,military_rank,embed,0.657,0.568,0.089,5358,"power, might; bodily strength; strength, power, ability; strength; lies in one; outward power, influence, authority; force for war, forces; a power, quantity; means; power, faculty, capacity; capacity for; natural capacity; faculty; elementary force; property, quality; natural properties; productive power; function, faculty; agencies; function, meaning; function, value; faculty, art; craft; doctrine; a medicine; collection of formulae; prescriptions; action; potency; magically potent substance; object; magical powers; force; meaning; value; worth; capability of existing; acting, potentiality; actuality; virtually; power; second power, square; square; the square; in square; square number; square root; surd; product; in product; powers; manifestation of divine power, miracle; Aus Lydien"
τάγμα,urn:cite2:hmt:lsj.chicago_md:n102167,military_rank,embed,0.655,0.617,0.038,1149,"ordinance, command; ordinances; fixed assessment; payment; body of soldiers, division, brigade; manipulus; legio, legion; order, rank; arrangement; row; status; function; position"
ἐξηγ-έομαι,urn:cite2:hmt:lsj.chicago_md:n37267,military_rank,seed+embed,0.653,0.502,0.15,2123,"to be leader of; lead, govern; show; the way to; go before, lead; lead the way to; lead an army; dictate; dictate, name; prescribe, order; order; expound, interpret; expound; tell at length, relate in full; set forth, explain; explain"
τέλος,urn:cite2:hmt:lsj.chicago_md:n103012,military_rank,embed,0.653,0.524,0.129,15671,"coming to pass, performance, consummation; fulfilment, execution; result; coming to pass (outbreak; outcome; issue; event; result, product; power of deciding, supreme power; power; efficacy; the power to ratify; final; powers; decisive; final authority; validity; decisive difference; magistracy, office; office, magistrates; government; magistrates; decision, doom; decision; authority to decide; summing up; crux; something done; ordered to be done, task, service, duty; errand; duties; services; rendering; service; favour; obligation to render a service; payment; Payment(-day; fee; offerings due; rite; service rendered; rating according to this service; ratings; classes; ordo; dues; toll; tax; it; duty; financial means, expenditure; means; expense; military station; post with defined duties; posts; ranks; military unit, division, squadron; legion; a force of; infantry; cavalry; troops; columns; flocks; degree of completion; attainment; degree of maturity, age; estate; length of time; space), term, course; state of completion; maturity; completion, end, finish; complete; finish; completed; end; at last; long run; altogether, completely; performance; time), through to the end, completely; throughout, all the time, always; permanently, for good; in the end; death; end, cessation; achievement, attainment; winning-post, goal; prize; winning post and prize; full realization, highest point. ideal; purpose; final cause; chief good"
πρᾶξις,urn:cite2:hmt:lsj.chicago_md:n86184,military_rank,embed,0.652,0.422,0.23,3250,"doing, transaction, business; on a trading voyage; affair; transaction; result; issue of a business; good result, success; good; market; issue.; issue; doing; achievement; action; moral action; in actual life; action, exercise; sexual intercourse; operation, spell; action, act; military action, battle; doing, faring; fortune, state, condition; practical ability; practice; trickery, treachery; exaction of money, recovery of debts, arrears; an action of recovery; exaction of vengeance, retribution; public office; discourse, lecture"
ἀμοιβ-ός,urn:cite2:hmt:lsj.chicago_md:n5395,military_rank,embed,0.647,0.452,0.196,298,one who exchanges; soldiers that relieve others; in requital; exchange for; alternating
δύνᾰμαι,urn:cite2:hmt:lsj.chicago_md:n28566,military_rank,embed,0.646,0.483,0.164,5881,"to be able, strong enough; canst; powerful, mighty; multum valet; men of power, rank, and influence; having influence; one that can maintain himself; potentialities; to be able, dare, bear; enjoy a legal right; could; possibly can; to be equivalent to; that are as good as; to be worth; pass, be current; to be equal; equivalent to; will be equivalent to; signify, mean; is equivalent to; avail to produce; brings; mean, ‘spell’; mean; to be equivalent when squared to; are the roots; the square on; is greater; square on; representing; square roots; in the roots; powers; hypotenuse; come to; it cannot be, is not to be; it is possible"
πρωτ-εῖον,urn:cite2:hmt:lsj.chicago_md:n90922,military_rank,embed,0.645,0.39,0.254,347,"chief rank, first place; first prize; place"
φᾰλαγγο-μᾰχέω,urn:cite2:hmt:lsj.chicago_md:n110159,military_rank,seed+embed,0.644,0.396,0.248,136,fight in a phalanx; fight in the ranks
ἡγεμον-ία,urn:cite2:hmt:lsj.chicago_md:n46606,military_rank,embed,0.642,0.515,0.127,1659,"leading the way, going first; example; authority, rule; presidency; headship; political supremacy; political leadership; imperium; reign of an Emperor; office of prefect; military unit, regiment; commands; chief thing, principal part; a principality; a Roman governorship; tenure of office of a governor; Government"
νεκάς,urn:cite2:hmt:lsj.chicago_md:n70070,military_rank,embed,0.64,0.275,0.365,269,heap of slain; ranks; dead
πρόκροσσοι,urn:cite2:hmt:lsj.chicago_md:n87867,military_rank,embed,0.64,0.275,0.365,530,"a, ranged in rows; ranks; ranged in ranks; in serried ranks; fringed"
στῐχάομαι,urn:cite2:hmt:lsj.chicago_md:n96856,military_rank,embed,0.64,0.302,0.338,522,march in rows; ranks; marching; stand in rows
στῐχ-ήρης,urn:cite2:hmt:lsj.chicago_md:n96864,military_rank,embed,0.64,0.285,0.355,57,in rows; ranks
ἀμφί,urn:cite2:hmt:lsj.chicago_md:n5704,military_rank,seed+embed,0.639,0.405,0.234,5792,"abhitas; ambi; on both sides;; about, for the sake of; for the possession of; for; sake; about, concerning; of; about, around; on both sides of; about; around; all round; round; upon; at, by; at; on; clinging to; over; in compass of; as concerning; as far as concerns; in; in virtue of; in respect of; concerning; added to; by, on; by; somewhere by; somewhere about; all about in; somewhere; somewhere on; to the neighbourhood of; and his train; army; next; school of; friends, Cra.; concerns; throughout, for; about, at the time of, during; about, around, on both; all sides; on both sides; on all sides; for the sake of"
ποιμᾱνόριον,urn:cite2:hmt:lsj.chicago_md:n84321,military_rank,seed+embed,0.639,0.359,0.28,87,herd; army
ῥώμη,urn:cite2:hmt:lsj.chicago_md:n92927,military_rank,seed+embed,0.639,0.392,0.247,1273,"bodily strength, might; strength; full strength; vigour; strength, force, might; a force; army; confidence"
στρᾰτιά,urn:cite2:hmt:lsj.chicago_md:n97128,military_rank,seed+embed,0.639,0.359,0.28,852,"army; a land force; host, company, band; cohors ministrorum; expedition; service"
στρᾰτο-κῆρυξ,urn:cite2:hmt:lsj.chicago_md:n97135,military_rank,seed+embed,0.639,0.359,0.28,313,herald of a camp; army; one of; attached to a; to a
στρᾰτοπέδ-ευμα,urn:cite2:hmt:lsj.chicago_md:n97144,military_rank,seed+embed,0.639,0.359,0.28,79,army
στρᾰτόπεδ-ον,urn:cite2:hmt:lsj.chicago_md:n97148,military_rank,seed+embed,0.639,0.359,0.28,642,"camp, encampment; encamped army; Castra Praetoriana; army; squadron; legion; the court; suite"
ἀνδρο-λογέω,urn:cite2:hmt:lsj.chicago_md:n8003,military_rank,embed,0.636,0.391,0.245,79,enlist soldiers
ἐγκατα-λέγω,urn:cite2:hmt:lsj.chicago_md:n30154,military_rank,embed,0.636,0.391,0.245,342,build in; were built into; count; reckon among; adlegere inter patricios; enlist soldiers; lie in; on
στρᾰτηγ-έω,urn:cite2:hmt:lsj.chicago_md:n97112,military_rank,seed+embed,0.636,0.451,0.185,2672,to be general; are eligible as general; hold the office of; to be consul; to be praetor; to be general of; serve as general; manoeuvre so as..; Archons of Athens; do; as general; carry on the; war; manage; in his command; to be commanded by a general; serve under a; to be governed as a province; out-general
πεζο-μάχος,urn:cite2:hmt:lsj.chicago_md:n80300,military_rank,seed+embed,0.633,0.487,0.146,155,fighting on foot; fighting as a soldier
μετ-αίχμιος,urn:cite2:hmt:lsj.chicago_md:n66685,military_rank,embed,0.632,0.418,0.213,871,"between two armies; debatable; space between two armies; disputed frontier, debatable land; the border-land between; interspace; interval; what is mid-way between; hanging in mid-air"
πεζ-ικός,urn:cite2:hmt:lsj.chicago_md:n80282,military_rank,embed,0.631,0.398,0.233,672,on foot; of; for a footsoldier; the infantry; the evolutions of infantry; a land force; in prose
στρᾰτο-λογέω,urn:cite2:hmt:lsj.chicago_md:n97136,military_rank,seed+embed,0.631,0.336,0.294,170,"levy an army, enlist soldiers"
ὕπαρχ-ος,urn:cite2:hmt:lsj.chicago_md:n106973,military_rank,seed+embed,0.631,0.431,0.2,957,"subordinate commander, lieutenant; subordinate governor; proconsul; legatus; praefectus Aegypti; praefectus praetorio; praefectus praetorio Illyrici; praefectus urbi; subject to"
κοίρᾰν-ος,urn:cite2:hmt:lsj.chicago_md:n58468,military_rank,seed+embed,0.63,0.385,0.245,373,"king; ruler; leader, commander; lord, master"
στρᾰτῐώτ-ης,urn:cite2:hmt:lsj.chicago_md:n97132,military_rank,seed+embed,0.629,0.436,0.193,836,"soldier; professional soldier; water-lettuce; Pistia Stratiotes; Achillea Millefolium, yarrow; milfoil"
παραφῠλᾰκ-ίτης,urn:cite2:hmt:lsj.chicago_md:n79060,military_rank,seed+embed,0.626,0.393,0.233,145,soldier of a garrison
τᾱγός,urn:cite2:hmt:lsj.chicago_md:n102171,military_rank,seed+embed,0.626,0.395,0.231,728,"commander, ruler, chief; federal commander; college of magistrates; one such magistrate; president"
ἀξί-ωμα,urn:cite2:hmt:lsj.chicago_md:n11075,military_rank,embed,0.623,0.625,-0.002,1321,"that of which one is thought worthy, an honour; dignity; honour, reputation; claim; rank, position; worth, quality; things of dignity; that which is thought fit, decision, decree; that which is assumed as the basis of demonstration, selfevident principle; axiom; doctrine; proposition; request, petition"
ἔξαρχ-ος,urn:cite2:hmt:lsj.chicago_md:n36955,military_rank,seed+embed,0.623,0.4,0.223,485,"leader, beginner; leader of a chorus; leader, chief; pontifex maximus; military commander"
πολέμαρχ-ος,urn:cite2:hmt:lsj.chicago_md:n84409,military_rank,seed+embed,0.623,0.402,0.221,740,"chieftain, war-lord; the third archon; military commander; chief, leader"
στρᾰτοπεδ-άρχης,urn:cite2:hmt:lsj.chicago_md:n97141,military_rank,seed+embed,0.623,0.4,0.223,263,military commander; praefectus castrorum
καταστρᾰτηγ-έω,urn:cite2:hmt:lsj.chicago_md:n55307,military_rank,seed+embed,0.621,0.408,0.213,380,"overcome by generalship; stratagem; out-general, outwit; counteract by stratagem"
μῑσο-στρᾰτιώτης,urn:cite2:hmt:lsj.chicago_md:n68098,military_rank,embed,0.619,0.443,0.176,68,the soldierʼs enemy
ὅπλ-ισμα,urn:cite2:hmt:lsj.chicago_md:n74539,military_rank,seed+embed,0.619,0.408,0.211,187,"army, armament; weapon; tackle"
ἐπιφαν-ής,urn:cite2:hmt:lsj.chicago_md:n41485,military_rank,embed,0.618,0.409,0.209,1588,"coming to light, coming suddenly into view, appearing; present to aid; in full view; commanded by another; to; visible; prominent; manifest, evident; conspicuous, notable, distinguished; notable; for; famous, renowned; remarkable; openly, conspicuously; with distinction; with greater distinction"
στρᾰτῐωτ-ικός,urn:cite2:hmt:lsj.chicago_md:n97133,military_rank,seed+embed,0.618,0.483,0.136,1416,"of; for soldiers; the pay of the forces; the soldiery; military affairs; military funds; aerarium militare; fit for a soldier, military; military; serving in the army; rather as troop-ships; warlike, soldierlike; like a rude soldier, brutally; eye-salves; stratioticum"
στρᾰτο-ϋπηρέτης,urn:cite2:hmt:lsj.chicago_md:n97151,military_rank,seed+embed,0.618,0.402,0.215,76,army servant
ἀσπίς,urn:cite2:hmt:lsj.chicago_md:n16400,military_rank,embed,0.617,0.507,0.11,1899,"shield; body of men-at-arms; deep; in file; on the left, towards; to the left; the shield; battle; serve in the ranks; shields; boss; asp, Egyptian cobra, Coluber haié; ornament"
δευτερο-στάτης,urn:cite2:hmt:lsj.chicago_md:n24262,military_rank,embed,0.616,0.399,0.217,168,one who stands in the rear file of the Chorus; soldiers in the rear rank
ἐπιμελ-ητής,urn:cite2:hmt:lsj.chicago_md:n40161,military_rank,seed+embed,0.615,0.418,0.196,1896,"one who has charge of; manager, curator; military; commander; curator; chiefs; clerk; master; inspector; curator viae Appiae; financial officer; deputy"
κατά,urn:cite2:hmt:lsj.chicago_md:n53647,military_rank,embed,0.615,0.493,0.121,15263,"downwards.; down from; downward motion; down upon; over; upon; down over..; along, upon; on..; down into; under; down by; through..; towards; at; by; against; for; in respect of, concerning; bestowed on; of; of.., Int.; of.., Metaph.; downwards; down; with; to leeward; on, over, throughout; to; in; in the region of; opposite, over against; distributively; separately; in separate; to his own; individually; at each; at a time; at a time, individually; detailed list; on every; in separate sums of; in column; as many times as; on; after; in search of; for the purpose of; in the same; in accordance with; as is; because of; as; reason; to the best of; suitably; according to; in relation to, concerning; military; public; as far as concerns; as far as; am concerned; respect; way; so far as; corresponding with, after the fashion of; like; answering to the description of; rank; sort; style; was common among; by the favour of; nearly, about; more or less; next to; during; in the course of; about; about the time of; this; partially; individually, severally; naturally; skilfully; pleasant; downwards, from above, down; downwards, down; in answer to, in accordance with; occino; back, back again; be-; be; waste; consumption; disparaging"
πραγμᾰτ-ικός,urn:cite2:hmt:lsj.chicago_md:n86122,military_rank,embed,0.615,0.418,0.196,2501,"fit for action; business, businesslike, statesmanlike; pragmatici homines; of the world; of affairs; wise and prudent men; agent, attorney; pragmaticus, legal adviser; civil official; civilian; pragmatica sanctio; political; military; able, prudent, statesmanlike; machiavellian; by statecraft; relating to subject-matter; relating to fact; deliberation on matter of fact; on action; material; arising from facts; effective spell; troublesome, formidable"
χρεία,urn:cite2:hmt:lsj.chicago_md:n114558,military_rank,embed,0.615,0.517,0.098,4840,"need, want; need; necessity; want of; stress; the need; want, poverty; a request of necessity; request; a request; business; purpose?; military; naval service; employments; action, engagement; business, employment, function; duty; a business, affair, matter; study; use; use, advantage, service; of service; service; services rendered; services; serviceable, useful; equipments; using, use; employment; constant use; familiarity, intimacy; with; any relation of business; intercourse; in the relationship, capacity; pregnant sentence, maxim"
ἴλη,urn:cite2:hmt:lsj.chicago_md:n50360,military_rank,seed+embed,0.614,0.338,0.276,707,"band, troop; companies; troop of horse; turma; ala; troop; company of soldiers"
κοσμ-ήτωρ,urn:cite2:hmt:lsj.chicago_md:n59309,military_rank,seed+embed,0.614,0.421,0.194,400,"one who marshals an army, commander, leader; guide, director; one who adorns"
ἐφίστημι,urn:cite2:hmt:lsj.chicago_md:n45794,military_rank,seed+embed,0.613,0.544,0.069,7163,"set, place upon; set over; to be appointed, instituted; b; bring in; to let; have a hand in; bring in, cause, occasion; set up, establish; ordain, prescribe; set by; near to; place in rear; stop, cause to halt; check; interrupt; having halted; to be checked, stopped; fix oneʼs; attend; give attention; with; care and accuracy; ad Them.; arrest the attention of; call; attention; having led; object; stand upon; to be imposed upon; stand on the top; surface; cream; form; to be set over; person in authority; officer in command; stand by; near; appear to; to be posted after; behind; stand against; appear before; come upon suddenly; by surprise; spring upon; occur; impend, be at hand; to be in store, lie in wait for; halt, stop; fix oneʼs mind on, give oneʼs attention to; set up; set, post; finem imponere; cause; to halt; having been"
στόμα,urn:cite2:hmt:lsj.chicago_md:n96981,military_rank,embed,0.611,0.552,0.059,5197,"mouth; the very jaws; the mouth as the organ of speech; mouthpiece, organ; speech, utterance; oneʼs mouth; talk; voice; on oneʼs face, face-foremost; prone; pronus; by the command; face to face; confronted; width; mouths; any outlet; entrance; os uteri; cervix; foremost part, face, front; point; edge; front ranks; front; top; verge; staman-; safn"
στόλος,urn:cite2:hmt:lsj.chicago_md:n96979,military_rank,seed+embed,0.609,0.518,0.091,2596,"equipment; expedition; an equipage; journey; voyage; in a journey; course; sending; the purpose; cause of a journey, mission, errand; vestments; armament, army; seaforce, fleet; party, band, troop; people; guild; appendage, excrescence; stump of the tail; a shipʼs prow"
τῑμάω,urn:cite2:hmt:lsj.chicago_md:n103972,military_rank,embed,0.606,0.678,-0.072,7127,"honour, revere, reverence; bestow honours; reward; will honour; with; to be honoured, held in honour; quattuor militiis); men of rank, men in office; the honour enjoyed by; hold in honour; esteem, value, prize; estimate; value at; have; valued; estimated; at..; value, estimate; award; give as an honour; estimate the amount of punishment due; award the penalty; penalty; give sentence; against; condemn; mulct; to fix; penalty?; to be condemned; for; sentence; has been passed; estimates; at"
πεζός,urn:cite2:hmt:lsj.chicago_md:n80306,military_rank,seed+embed,0.604,0.432,0.172,3074,"on foot, walking; fighters on foot; on land, going by land; infantry; land-force, army; by land; land; beasts; prosaic; prose; unaccompanied by music; common, ordinary; on foot; without musical accompaniment; in prose; more like a foot-journey; more like prose"
ἐκλοχίζω,urn:cite2:hmt:lsj.chicago_md:n32406,military_rank,seed+embed,0.603,0.338,0.265,81,pick out of a cohort; troop
ὁπλῑτ-ᾰγωγός,urn:cite2:hmt:lsj.chicago_md:n74543,military_rank,seed+embed,0.603,0.338,0.265,116,carrying the heavy-armed; troop; transports
οὐλᾰμ-ός,urn:cite2:hmt:lsj.chicago_md:n75816,military_rank,seed+embed,0.603,0.338,0.265,254,throng of warriors; a swarm; troop
στρᾰτῐῶτ-ις,urn:cite2:hmt:lsj.chicago_md:n97134,military_rank,seed+embed,0.602,0.466,0.136,445,"martial; a soldierʼs; troop-ship, transport; soldier-fly; stratiotides"
στρᾰτο-φύλαξ,urn:cite2:hmt:lsj.chicago_md:n97152,military_rank,seed+embed,0.602,0.411,0.191,80,commanding officer
ῥηξήν-ωρ,urn:cite2:hmt:lsj.chicago_md:n92339,military_rank,embed,0.601,0.404,0.197,159,breaking armed ranks
ἐμπολέμ-ιος,urn:cite2:hmt:lsj.chicago_md:n34462,military_rank,embed,0.6,0.381,0.218,228,pertaining to war; belonging to the forces; branches of the service; warlike
πολεμ-ώδης,urn:cite2:hmt:lsj.chicago_md:n84440,military_rank,embed,0.6,0.381,0.218,79,pertaining to war
διάγγ-ελος,urn:cite2:hmt:lsj.chicago_md:n24609,military_rank,embed,0.598,0.356,0.242,191,"messenger, negotiator; secret informant, go-between; adjutant; speculator"
ὀπτίων,urn:cite2:hmt:lsj.chicago_md:n74673,military_rank,embed,0.598,0.356,0.242,288,"optio, assistant; adjutant; aide-de-camp"
ταξί-λοχος,urn:cite2:hmt:lsj.chicago_md:n102378,military_rank,embed,0.596,0.344,0.252,93,commanding a; division
τάξις,urn:cite2:hmt:lsj.chicago_md:n102381,military_rank,seed+embed,0.596,0.695,-0.099,5492,"arranging, arrangement; drawing up in rank and file, order; disposition of an army; tactics; battle array, order of battle; a single rank; line; lines; body of soldiers; the quota of infantry furnished by each; company; squadron; band, company; a contingent of; men; membership of the militia palatina; post; place in the line; on the unattached list; arrangement, order; disposition; on; order, regularity; to be regular; in an orderly manner; ordine; ordinance; prescription; recipe; assessment; ration; political order, constitution; post, rank, position, station; ranging herself with; as; way; position; championship; order, class; function; list, register; account; payment; category; reduction; degree; treatise; fixed point of time, term; end; date fixed for the end"
σύν-θεσις,urn:cite2:hmt:lsj.chicago_md:n100583,military_rank,embed,0.593,0.617,-0.023,3407,"putting together, composition, combination; storage; preserve; junction; composition; the juxtaposition; the way; is made up; the constitution; synthesis; synthetic; componendo; addition; however many times added; union; compounding; combination of parts so as to form a whole; a social; political combination; a military formation; agreement, treaty; agreements; arrangement; making up; set, service; collection of clothes, wardrobe; dress, gown, costume, suit; synthesinam indutus; service"
εἰσέρχομαι,urn:cite2:hmt:lsj.chicago_md:n31351,military_rank,embed,0.591,0.315,0.276,2774,"go in; into, enter; invaded; come into; enter the ranks of; enter; house, visit; pay a visit; come in; come upon; enter the lists; come into court; come before the court; to be brought in; enter on an office; consult; enters into; enters; come into oneʼs mind; it came into; head"
στρᾰτοπέδ-ευσις,urn:cite2:hmt:lsj.chicago_md:n97145,military_rank,seed+embed,0.59,0.306,0.284,144,"encamping; encampment, position of an army"
αἰχμ-ή,urn:cite2:hmt:lsj.chicago_md:n2801,military_rank,embed,0.589,0.438,0.152,1107,"point of a spear; point; spear; with the spear; body of spear-bearers; war, battle; war; battle; with; sharpness; warlike spirit; temper; rule; jiešmas"
δάϊς,urn:cite2:hmt:lsj.chicago_md:n23249,military_rank,embed,0.589,0.416,0.173,163,"war, battle"
πόλεμος,urn:cite2:hmt:lsj.chicago_md:n84434,military_rank,embed,0.589,0.438,0.152,2266,"war; battle, fight; single combat; it; War, Battle"
πρωτο-στάτης,urn:cite2:hmt:lsj.chicago_md:n91046,military_rank,embed,0.589,0.373,0.216,588,one who stands first; the first man on the right; right-hand man; the front-rank men; man in the uneven rows in a; chief; leader
τετρωβολ-ίζω,urn:cite2:hmt:lsj.chicago_md:n103617,military_rank,seed+embed,0.589,0.503,0.086,101,receive four obols; to be a soldier
ἀποτέλει-ος,urn:cite2:hmt:lsj.chicago_md:n14009,military_rank,seed+embed,0.588,0.351,0.237,180,magistrate; subordinate commander
στρᾰτηλ-ᾰτέω,urn:cite2:hmt:lsj.chicago_md:n97124,military_rank,seed+embed,0.588,0.44,0.148,319,"lead an army into the field; to be commander of, command"
σύστημ-α,urn:cite2:hmt:lsj.chicago_md:n101468,military_rank,embed,0.588,0.439,0.149,2235,"whole compounded of several parts; members, system; composite whole; composition; organized government, constitution; confederacy; band; community; a company; guild; a committee; body of soldiers, corps; crew; flock, herd; college; system; scale; strain; metrical system; accumulation of sediment; the pulse-beats taken collectively; machine, apparatus"
ὑποστρᾰτηγ-ος,urn:cite2:hmt:lsj.chicago_md:n109242,military_rank,seed+embed,0.588,0.351,0.237,366,subordinate commander; legatus
ὑποστρᾰτοφύλαξ,urn:cite2:hmt:lsj.chicago_md:n109243,military_rank,seed+embed,0.588,0.351,0.237,77,subordinate commander
στράτ-ευμα,urn:cite2:hmt:lsj.chicago_md:n97103,military_rank,seed+embed,0.586,0.326,0.261,817,"expedition, campaign; invasion; armament, army, host; naval armament; the people"
ὑσμίνη,urn:cite2:hmt:lsj.chicago_md:n109709,military_rank,embed,0.585,0.426,0.159,418,"fight, battle, combat; of the fight; the fight; yúdh; yúdhyati"
πρωτό-μᾰχος,urn:cite2:hmt:lsj.chicago_md:n91005,military_rank,embed,0.584,0.383,0.201,108,fighting in the first rank
ταξῐαρχ-ος,urn:cite2:hmt:lsj.chicago_md:n102377,military_rank,seed+embed,0.584,0.381,0.204,1139,commander of a corps; squadron; commander of a; centurio; tribunus militum; legatus legionis; ordinarius; manipularis; evocatus; quota of infantry
φῠλᾰκ-ή,urn:cite2:hmt:lsj.chicago_md:n112530a,military_rank,seed+embed,0.584,0.315,0.268,3859,"watching; guarding; watch and ward; to watch; watch; guard; garrison; the rank of; station, post; three; five; four; place for keeping; ward, prison; prison; guarding, keeping, preserving; guarded; occupied; to preserve; be; ware of; keep guard, be on the watch; custody; safeguard; precaution; precaution against"
ἐντῑμ-ότης,urn:cite2:hmt:lsj.chicago_md:n36251,military_rank,embed,0.583,0.518,0.065,67,"honour, rank"
ἐπιβᾰτ-ης,urn:cite2:hmt:lsj.chicago_md:n38898,military_rank,embed,0.581,0.345,0.236,719,"one who mounts; embarks; soldiers on board ship, fighting men; marines; merchant on board ship, supercargo; passenger; fighting man; rider; male quadruped; heel; middle finger"
σύνταγμα,urn:cite2:hmt:lsj.chicago_md:n100937,military_rank,seed+embed,0.581,0.617,-0.036,1164,"that which is put together in order; body; drawn up in order; contingent; corps; cohors; whole army; double; battalion; the constitution of a state; a form; classes; orders; arrangement of musical notes, scale; mode; treatise, work, book; body of doctrine; arrangement; a word in a grammatical construction, syntactical element"
ἰλ-άρχης,urn:cite2:hmt:lsj.chicago_md:n50341,military_rank,seed+embed,0.58,0.368,0.211,475,commander of a troop of horse; praefectus turmae; commander of eight elephants; command cavalry; to be sevir equitum
ἱππαρχ-έω,urn:cite2:hmt:lsj.chicago_md:n50674,military_rank,embed,0.58,0.368,0.211,380,to be; command cavalry; magister equitum; praefectus equitum; serve under an
μεράρχ-ης,urn:cite2:hmt:lsj.chicago_md:n66296,military_rank,seed+embed,0.577,0.348,0.23,241,distributing official; commander of a division of; men; commander of; elephants
πολεμο-γράφος,urn:cite2:hmt:lsj.chicago_md:n84426,military_rank,embed,0.576,0.359,0.217,106,describing wars
προ-κοπή,urn:cite2:hmt:lsj.chicago_md:n87839,military_rank,embed,0.576,0.562,0.014,1354,"progress on a journey; progress, advance; progress; moral progress; proficiency; improvement; success, prosperity; military promotion; process; process of time; growth; progression"
ἀντιπαρ-άγω,urn:cite2:hmt:lsj.chicago_md:n10260,military_rank,seed+embed,0.575,0.411,0.163,528,"shift in order to meet attacks; to be shifted in the other direction; to be produced correspondingly; adduce, allege on the other side; argue on the other side; lead an army against, advance to meet the enemy; march parallel with, skirt"
ἔντῑμ-ος,urn:cite2:hmt:lsj.chicago_md:n36250,military_rank,embed,0.573,0.622,-0.05,1335,"in honour, honoured; honoured with; in office; men of high rank; what is honoured in; ordinances; attributes; in honour; of honour; honesta missio; missus honesta missione; doing honour, honourable; valuable, highly valued; accepted"
κέλ-ευσμα,urn:cite2:hmt:lsj.chicago_md:n56484,military_rank,embed,0.573,0.469,0.105,1006,"order, command; call, summons; word of command; call; the word of command; pipe"
σχολή,urn:cite2:hmt:lsj.chicago_md:n101959,military_rank,embed,0.573,0.365,0.208,4078,"leisure, rest, ease; leisure; ease; quiet; for; oneʼs time; time; plenty of time; leisure, rest from; clear; idleness; that in which leisure is employed; talk; learned discussion, disputation, lecture; a group to whom lectures were given, school; a school; it; schola; regiments of the Imperial guard; scholae; section; in a leisurely way, tardily; at oneʼs leisure; scarcely, hardly, not at all; a fortiori; hardly; much less"
ἀντιστρᾰτιώτης,urn:cite2:hmt:lsj.chicago_md:n10537,military_rank,seed+embed,0.572,0.421,0.151,97,soldier of the enemy
ἄσκευος,urn:cite2:hmt:lsj.chicago_md:n16263,military_rank,embed,0.572,0.409,0.163,243,"unfurnished, unprepared; unfurnished with; light-armed troops"
γυμνητ-εία,urn:cite2:hmt:lsj.chicago_md:n22980,military_rank,embed,0.572,0.409,0.163,171,light-armed troops; nakedness; going unclothed
δόρυ,urn:cite2:hmt:lsj.chicago_md:n28101,military_rank,embed,0.572,0.496,0.075,2826,"stem, tree; plank; beam; mast; ship; oars; pillory, stocks; shaft of a spear; shaft; spear itself; hunting-spear; pikes; spearʼs; the right hand; sub hasta venire; pole; sceptre; stick; by the spear; in war; an armed force; war; dā´ru"
ἑκᾰτοντ-αρχία,urn:cite2:hmt:lsj.chicago_md:n31678,military_rank,embed,0.572,0.593,-0.021,222,"post of a centurion; centurionʼs command, century; body of; light-armed troops"
ξενᾱγ-ός,urn:cite2:hmt:lsj.chicago_md:n71485,military_rank,seed+embed,0.572,0.419,0.154,407,"commander of mercenary troops; commander of a; cicerone, guide"
προστᾰτ-ης,urn:cite2:hmt:lsj.chicago_md:n90128,military_rank,seed+embed,0.572,0.368,0.204,2837,"one who stands before, front-rank man; leader, chief; ruler; chief authors; administrator; president; presiding officer; one who stands before and protects, guardian, champion; patron; a patron; by oneʼs patronʼs name; patronus; one who stands before; suppliant; prostate gland"
ἐπῑλᾰδόν,urn:cite2:hmt:lsj.chicago_md:n39978,military_rank,embed,0.571,0.341,0.23,58,in troops
ἰλᾰδόν,urn:cite2:hmt:lsj.chicago_md:n50324,military_rank,embed,0.571,0.341,0.23,163,in troops; in abundance
πεζο-μᾰχέω,urn:cite2:hmt:lsj.chicago_md:n80297,military_rank,embed,0.571,0.401,0.17,380,fight by land; on foot; fight like soldiers
διακηρύσσω,urn:cite2:hmt:lsj.chicago_md:n24941,military_rank,embed,0.567,0.338,0.229,345,proclaim by herald; declared war; sell by auction; celebrate
πρῠτᾰν-ῐκός,urn:cite2:hmt:lsj.chicago_md:n90854,military_rank,embed,0.567,0.299,0.268,429,of; for a; against a; receipts from; having the rank of
στρᾰτό-μαντις,urn:cite2:hmt:lsj.chicago_md:n97138,military_rank,seed+embed,0.567,0.343,0.224,75,prophet to the army
ἱππο-κόμος,urn:cite2:hmt:lsj.chicago_md:n50774,military_rank,embed,0.566,0.324,0.242,413,"groom, esquire, who attended the; in war; groom; decked with horsehair"
συμμᾰχ-έω,urn:cite2:hmt:lsj.chicago_md:n98353,military_rank,embed,0.566,0.342,0.224,657,"to be an ally, to be in alliance; join; in war; help, succour; assist"
ἀρχηγός,urn:cite2:hmt:lsj.chicago_md:n15900,military_rank,seed+embed,0.565,0.425,0.14,1034,"beginning, originating; primary, leading, chief; founder; ancestral heroine; founder of a family; prince, chief; chief captain, leader; first cause, originator; the originating power; primary, fundamental"
δημαρχ-ία,urn:cite2:hmt:lsj.chicago_md:n24356,military_rank,embed,0.565,0.276,0.29,196,the office; rank of; tribunate; office
τᾱγεία,urn:cite2:hmt:lsj.chicago_md:n102149,military_rank,embed,0.565,0.276,0.29,67,office; rank of
ὑπᾰτ-εία,urn:cite2:hmt:lsj.chicago_md:n106986,military_rank,embed,0.565,0.276,0.29,312,the office; rank of; consulate; a
ὑποστρᾰτηγ-έω,urn:cite2:hmt:lsj.chicago_md:n109241,military_rank,seed+embed,0.565,0.344,0.221,112,serve as subordinate commander
ἀρχι-στράτηγος,urn:cite2:hmt:lsj.chicago_md:n16006,military_rank,seed+embed,0.564,0.361,0.203,96,commander-in-chief
ξενολόγ-ιον,urn:cite2:hmt:lsj.chicago_md:n71535,military_rank,seed+embed,0.563,0.373,0.19,140,army of mercenaries
ῥῡμ-άρχης,urn:cite2:hmt:lsj.chicago_md:n92792,military_rank,seed+embed,0.563,0.337,0.226,71,chief officer of
θῐᾰσ-ος,urn:cite2:hmt:lsj.chicago_md:n48858,military_rank,seed+embed,0.561,0.339,0.222,687,"Bacchic revel, rout; religious guild, confraternity; company, troop; company; feast, banquet"
ξενᾱγ-ία,urn:cite2:hmt:lsj.chicago_md:n71484,military_rank,embed,0.559,0.367,0.193,299,office of; command of a body of mercenaries; force of two; guiding of strangers
πολεμο-τροφέω,urn:cite2:hmt:lsj.chicago_md:n84435,military_rank,embed,0.559,0.332,0.227,58,maintain war
ἀντιστρᾰτοπέδ-ευσις,urn:cite2:hmt:lsj.chicago_md:n10539,military_rank,embed,0.558,0.272,0.286,126,"an encamping opposite, the position of two armies in sight of one another"
κολλητίωνες,urn:cite2:hmt:lsj.chicago_md:n58603,military_rank,embed,0.558,0.381,0.177,130,military police-agents; Dritter Bericht
οὐρᾱγ-ός,urn:cite2:hmt:lsj.chicago_md:n75913,military_rank,embed,0.558,0.42,0.138,431,leader of the rearguard; rear man in; one of the; attached to a; to a; of light-armed troops
τετρώβολ-ος,urn:cite2:hmt:lsj.chicago_md:n103618,military_rank,embed,0.558,0.41,0.147,484,of four obols; four-obol piece; soldierʼs; weight of four obols
ἀρχέ-λᾱος,urn:cite2:hmt:lsj.chicago_md:n15869,military_rank,embed,0.557,0.37,0.188,133,"leading the people, chief"
ἐπιστᾰτ-ης,urn:cite2:hmt:lsj.chicago_md:n40987,military_rank,seed+embed,0.557,0.33,0.227,2757,"one who stands near; by; suppliant; oneʼs rear-rank man; even numbers; one who stands; is mounted upon; one who is set over, chief, commander; mastering; judges; stewards; supervisor; Rabbi, Ev.; president; chairman; keeper; overseer, superintendent; clerk; governor; administrator; magistrate; patronus"
νεώτερος,urn:cite2:hmt:lsj.chicago_md:n70613,military_rank,embed,0.557,0.475,0.082,1348,"younger; too young; a minor; men of military age; too young to remember; new school; newer, more recent; of recent origin; later, worse; calamity, injury"
στρᾰτηγ-ικός,urn:cite2:hmt:lsj.chicago_md:n97117,military_rank,seed+embed,0.557,0.403,0.154,907,"of; for a general; a treatise on strategy; suited; fitted for command, general-like, versed in generalship; praetorian; milites praetoriani; tribunal praetorium; praetorius, ex-praetor"
συνεπι-στρᾰτεύω,urn:cite2:hmt:lsj.chicago_md:n100318,military_rank,embed,0.557,0.38,0.177,76,join in making war
ἄξιος,urn:cite2:hmt:lsj.chicago_md:n11058,military_rank,embed,0.555,0.546,0.009,4693,"counterbalancing; weighing as much, of like value, worth as much as; worth; worthy, goodly; goodly; a good price; cheap; deserved, meet, due; fit; of; rank; peers; sufficient for; like; worthy, estimable; worthy of, deserving; is worthy of; at; hands; worthy; only fit; deserve; authorized; meet, fit, due; in D.; meet; while..; operae pretium est; worth while; as"
δευτερ-εῖος,urn:cite2:hmt:lsj.chicago_md:n24240,military_rank,embed,0.555,0.307,0.248,458,of second quality; second prize; second place; rank; votes for second place; secondary action
ζῠγόν,urn:cite2:hmt:lsj.chicago_md:n46330,military_rank,embed,0.555,0.309,0.246,3043,"yoke; the yoke; crossbar; thwarts; benches joining; main thwart; seat, box; panels; beam of the balance; the balance itself; Libra; yard-arm; cross-strap; pair; pairs; rank; line; file; line with line; front rank; even"
καταγρᾰφ-ή,urn:cite2:hmt:lsj.chicago_md:n53824,military_rank,embed,0.555,0.451,0.104,838,"drawing, delineation; drawing of maps; diagram, figure; delineation in profile; marking out; engraving; list, register; roll of soldiers; roll; conveyance"
λοχ-ᾱγία,urn:cite2:hmt:lsj.chicago_md:n63968,military_rank,embed,0.555,0.261,0.294,156,rank; office of
πρέπ-ω,urn:cite2:hmt:lsj.chicago_md:n86276,military_rank,embed,0.555,0.361,0.194,3704,"to be clearly seen, to be conspicuous; to be distinguished in; by; shine forth, show itself; to be clearly seen; sounds loud and clear; to be strong; rank; to be conspicuously like, resemble; to be like; is like; to be conspicuously fitting, beseem; seemly, propriety; the fit person; suiting; it is fitting; liken"
συμμᾰχ-ικός,urn:cite2:hmt:lsj.chicago_md:n98355,military_rank,embed,0.555,0.368,0.187,712,"of; for alliance; invoked at the making of an alliance; allies, allied forces; the forces of the alliance; treaty of alliance; funds of the alliance; of a standard authorized by a league; like an ally"
τύχη,urn:cite2:hmt:lsj.chicago_md:n106094,military_rank,embed,0.555,0.414,0.141,9557,"act; action?; Necessity, Fate; fortune, providence, fate; chance; good fortune, success; good fortune; success already attained; ill fortune; misfortune; ill-luck; Misfortune; event; by Godʼs help; quod di bene vortant; faculty for good fortune, destiny; Fortuna;; Fortuna Redux; F. Primigenia; position, station in life; rank"
φρούραρχ-ος,urn:cite2:hmt:lsj.chicago_md:n112383,military_rank,seed+embed,0.555,0.33,0.225,477,commander of a watch; commandant of a garrison; guardians; gaoler
χώρα,urn:cite2:hmt:lsj.chicago_md:n115193,military_rank,embed,0.555,0.553,0.002,5408,"space; room in which a thing is; partly occupied space; country; room; place, spot; place; field; socket; cavity; genital organs; the position, proper place; post; land; vacancies; position; oneʼs place; order; possibility; province; station, place, position; rank; esteem; posts; oneʼs post; its place; force; as it was, undisturbed; as it was; a land, country; territory; landed estate; country town; the country; oneʼs proper place"
ἀρχή,urn:cite2:hmt:lsj.chicago_md:n15893,military_rank,embed,0.554,0.59,-0.036,4332,"beginning, origin; a foundation; source; the beginning; the first; of old; anew, afresh; original; principal sum; first; to begin with, at first; at all; first principle, element; practical principle; principles; end, corner; origin; branch; sum, total; vital organs; first place; power, sovereignty; power over; method of government; empire, realm; magistracy, office; an office; term of office; the authorities, the magistrates; magistrate; authority; command; body of troops; heavenly powers; powers of evil"
σημεῖον,urn:cite2:hmt:lsj.chicago_md:n93812,military_rank,embed,0.554,0.401,0.153,4860,"mark; sign; trace, track; tomb; sign from the gods, omen; wonder, portent; the constellations; signs; signal; signal for battle; it; flag; s; standard; lines; body of troops; mark, boundary, limit; limits; device; figure-head; signet; figure, image; badge; written characters; stripes; clavi; watchword, war-cry; birthmark; distinguishing feature; sign, token, indication; proof; instance, example; a sign; a probable argument; symptom; lenticula; shorthand symbols; critical mark; mathematical point; point; instant; unit of time"
στρᾰτο-λογία,urn:cite2:hmt:lsj.chicago_md:n97137,military_rank,seed+embed,0.554,0.339,0.216,114,"raising, levying an army"
σύνταξις,urn:cite2:hmt:lsj.chicago_md:n100957,military_rank,seed+embed,0.554,0.614,-0.059,4556,"putting together in order, arranging; array in battle-order; system, arrangement, organization; organization; system; rule; the order; system of the world; modes; composition; framework, structure; extra ordinem; systematic treatise; collection; composite volume; rules for construction; scale; grammatical putting together; syntax; compound forms; rule for combination of sounds; letters; connected speech; body of troops; contingent; combined forces; company, troupe; covenant, previous arrangement; time and place arranged; ordinance; resolution; assigned impost, tribute, levy; subvention, pension; pay; salary; assignment"
φῡλαρχ-ος,urn:cite2:hmt:lsj.chicago_md:n112557,military_rank,seed+embed,0.554,0.362,0.193,632,chief officer of a; tribunus militum; chief priest; elders; sheikh; the commander of the cavalry furnished by each tribe
θητ-ικός,urn:cite2:hmt:lsj.chicago_md:n48846,military_rank,embed,0.553,0.357,0.196,559,"of; for a hireling, menial; the class of; on the assessment of a; servants, camp-followers; like a; servile"
κατοικ-ία,urn:cite2:hmt:lsj.chicago_md:n56001,military_rank,embed,0.553,0.349,0.204,625,"habitation; farm, village; dwelling-place; domicile; settlement, colony; military colonies; colonia; colonies; body of residents in; city"
περιπολ-άρχης,urn:cite2:hmt:lsj.chicago_md:n81973,military_rank,seed+embed,0.553,0.369,0.184,188,commander of military patrol
σημεία,urn:cite2:hmt:lsj.chicago_md:n93810,military_rank,embed,0.553,0.464,0.09,931,military standard; vexillum; a body of troops under one standard; manipulus; image
ἐκλογ-ή,urn:cite2:hmt:lsj.chicago_md:n32386,military_rank,embed,0.552,0.407,0.145,1069,"choice, selection; levying of troops; collection of tribute; election, Ep.Rom.; balancing; extract, quotation from a book; choice collection; the Eclogae; ‘Elegant Extracts’; select prescriptions; picked"
ὄπισθεν,urn:cite2:hmt:lsj.chicago_md:n74463,military_rank,embed,0.552,0.305,0.247,2423,"behind, at the back; back; those who are left behind; those who are in the rear; rear ranks; hinder; hinder parts, rear, back; back, backwards; ‘versis sagittis’; in his rear; behind; follow; after, in future, hereafter; yet to come; following; earlier"
ἀντέξ-οδος,urn:cite2:hmt:lsj.chicago_md:n9646,military_rank,embed,0.55,0.386,0.165,90,military movement
κελεύσ-τωρ,urn:cite2:hmt:lsj.chicago_md:n56494,military_rank,embed,0.549,0.228,0.322,98,one who commands
ὑπόστημα,urn:cite2:hmt:lsj.chicago_md:n109219,military_rank,embed,0.549,0.297,0.251,577,"that which sinks to the bottom, sediment; that which is set under, support; base, stand; a station of soldiers, camp; multitude"
ἐπαρχ-ία,urn:cite2:hmt:lsj.chicago_md:n38340,military_rank,embed,0.548,0.37,0.179,373,"the government of an; the district governed by him; provincia; empire; ‘command’, force occupying a district"
στρᾰτηγ-ητέον,urn:cite2:hmt:lsj.chicago_md:n97114,military_rank,seed+embed,0.548,0.379,0.169,83,"one must be a general, one must command"
συνδια-πολεμέω,urn:cite2:hmt:lsj.chicago_md:n99711,military_rank,embed,0.548,0.369,0.179,212,carry on a war along with; which remained with; throughout the war
φρουραρχ-έω,urn:cite2:hmt:lsj.chicago_md:n112380,military_rank,seed+embed,0.548,0.39,0.158,119,to be commandant of a garrison
ἀργαπέτης,urn:cite2:hmt:lsj.chicago_md:n14753,military_rank,embed,0.547,0.363,0.184,107,commandant of a fort
ἀρχί-φρουρος,urn:cite2:hmt:lsj.chicago_md:n16025,military_rank,embed,0.547,0.337,0.21,79,commandant of a
στίξ,urn:cite2:hmt:lsj.chicago_md:n96832,military_rank,embed,0.547,0.292,0.255,999,"row, line, rank; file; in ranks; lines; through the ranks; verses, lays"
στρᾰτός,urn:cite2:hmt:lsj.chicago_md:n97150,military_rank,seed+embed,0.547,0.611,-0.064,997,"army, host.; the commons, people; band; body"
πόλεμόνδε,urn:cite2:hmt:lsj.chicago_md:n84431,military_rank,embed,0.546,0.325,0.221,104,into the fight; to the war
πρόρρ-ητος,urn:cite2:hmt:lsj.chicago_md:n88438,military_rank,embed,0.546,0.315,0.23,63,"proclaimed, commanded"
ἀρτῐ-πόλεμος,urn:cite2:hmt:lsj.chicago_md:n15690,military_rank,embed,0.544,0.348,0.195,56,new to war
παραστρᾰτ-εύομαι,urn:cite2:hmt:lsj.chicago_md:n78829,military_rank,seed+embed,0.544,0.341,0.203,96,march with an army
δῐ-λοχίτης,urn:cite2:hmt:lsj.chicago_md:n27059,military_rank,seed+embed,0.543,0.33,0.213,82,commander of a
ἐξοπλ-ῐσία,urn:cite2:hmt:lsj.chicago_md:n37573,military_rank,seed+embed,0.543,0.343,0.2,256,"muster of troops under arms, review; under arms; field-day, manoeuvres"
κεράρχης,urn:cite2:hmt:lsj.chicago_md:n56729,military_rank,seed+embed,0.543,0.33,0.213,132,commander of a; commander of thirty-two elephants
λᾱάρχ-ης,urn:cite2:hmt:lsj.chicago_md:n61435,military_rank,seed+embed,0.543,0.33,0.213,88,commander of a
λοχ-ᾱγός,urn:cite2:hmt:lsj.chicago_md:n63969,military_rank,seed+embed,0.543,0.364,0.178,561,leader of an armed band; commander of a company; captain; commander of a; centurio; curio
ὁπλο-φόρος,urn:cite2:hmt:lsj.chicago_md:n74588,military_rank,seed+embed,0.543,0.395,0.148,371,"bearing arms: armed man, warrior, soldier"
πεντηκόνταρχ-ος,urn:cite2:hmt:lsj.chicago_md:n80838,military_rank,seed+embed,0.543,0.33,0.213,272,commander of fifty men; commander of a; leader of a company of fifty
πραιτωριανοί,urn:cite2:hmt:lsj.chicago_md:n86146,military_rank,embed,0.543,0.294,0.249,97,soldiers of the praetorian guard
τελάρχης,urn:cite2:hmt:lsj.chicago_md:n102916,military_rank,seed+embed,0.543,0.33,0.213,130,commander of a
τετρᾰφᾰλαγγ-άρχης,urn:cite2:hmt:lsj.chicago_md:n103568,military_rank,seed+embed,0.543,0.33,0.213,78,commander of a
φᾰλαγγ-άρχης,urn:cite2:hmt:lsj.chicago_md:n110150,military_rank,seed+embed,0.543,0.33,0.213,194,commander of a
χῑλιάρχ-ης,urn:cite2:hmt:lsj.chicago_md:n113995,military_rank,seed+embed,0.543,0.33,0.213,240,commander of a; tribunus militum
χῑλίαρχ-ος,urn:cite2:hmt:lsj.chicago_md:n113998,military_rank,seed+embed,0.543,0.356,0.187,354,captain over a thousand; commandant
ἀξιό-μᾰχος,urn:cite2:hmt:lsj.chicago_md:n11041,military_rank,embed,0.542,0.438,0.104,423,a match for; in battle; war; sufficient in strength; number
ἐλαφρ-ός,urn:cite2:hmt:lsj.chicago_md:n33486,military_rank,embed,0.542,0.375,0.167,2303,"light in weight; sit tibi terra levis’; light to bear, easy; light, easy; easy to understand; light; light matter; lightly; light of digestion; shallow; ease-giving; light in moving, nimble; Fr.anon.; active; light troops; easier in condition; nimbly; light-minded, unsteady, fickle; light-headed; gentle, mild; small; of small power; strength; relieved"
ἐπίκουρ-ος,urn:cite2:hmt:lsj.chicago_md:n39850,military_rank,embed,0.542,0.388,0.154,1146,"helper, ally; allies; mercenary troops; guards; assisting, aiding; defender, h. Mart.; patron, protector; defending; protecting against; protecting; against"
ἐπῑλάρχ-ης,urn:cite2:hmt:lsj.chicago_md:n39993,military_rank,seed+embed,0.542,0.324,0.217,83,commander of an
πᾰν-ομῑλεί,urn:cite2:hmt:lsj.chicago_md:n77500,military_rank,embed,0.542,0.326,0.216,65,in whole troops
πελτ-αστής,urn:cite2:hmt:lsj.chicago_md:n80511,military_rank,embed,0.542,0.352,0.19,223,one who bears a light shield; targeteer; light troops
πολεμ-ήϊος,urn:cite2:hmt:lsj.chicago_md:n84412,military_rank,embed,0.542,0.438,0.104,245,warlike; war
πολεμ-ίζω,urn:cite2:hmt:lsj.chicago_md:n84420,military_rank,embed,0.542,0.438,0.104,554,"wage war, fight; with; jointly with..; war; fight with"
πολεμ-ιστήριος,urn:cite2:hmt:lsj.chicago_md:n84423,military_rank,embed,0.542,0.438,0.104,635,of; for a warrior; war; war-chariots
πολεμ-ιστής,urn:cite2:hmt:lsj.chicago_md:n84424,military_rank,embed,0.542,0.438,0.104,406,warrior; war; charger; trapped as chargers
ψῑλ-ῆται,urn:cite2:hmt:lsj.chicago_md:n115723,military_rank,embed,0.542,0.332,0.209,104,the light troops
ψῑλ-ῐκός,urn:cite2:hmt:lsj.chicago_md:n115725,military_rank,seed+embed,0.542,0.468,0.074,138,of; for a light-armed soldier; light troops
βοή,urn:cite2:hmt:lsj.chicago_md:n20200,military_rank,embed,0.541,0.416,0.125,1294,"loud cry, shout; battle-cry; of war; cry; song; shout, murmur; roar; sound; aid called for, succour; gṷoṷā; jō-guvē; gávatē"
κινδυν-εύω,urn:cite2:hmt:lsj.chicago_md:n57456,military_rank,embed,0.541,0.406,0.136,3587,"to be daring, run risk; venture; make a venture, take a risk; to be in dire peril; to be in danger; engage in war; being in peril; of danger; run a risk with; in; go into battle; venture, hazard; hazard; to be ventured; hazarded; there is risk; remains in hazardous; a venturous enterprise; run the risk; chance; may possibly; probably happen; run a risk of being reputed; shall probably have; seems likely; will have the chance of; probably; it may be, possibly; may very likely; to be endangered; imperilled"
προΐστημι,urn:cite2:hmt:lsj.chicago_md:n87583,military_rank,embed,0.541,0.38,0.161,3978,"set before; put; in the way; set over; exhibit publicly, prostitute; before oneself, choose as oneʼs leader; take as oneʼs guardian; put before one, put in front; put forward as an excuse; pretence, use as a screen; forward, cite; as an authority; prefer, value above; establish; before; manifest; come forward; approach; stand so as to face; stand in public, be a prostitute; to be set over, be at the head of; to be chief; leader of a party; to be; ringleader; head; the leading men; govern, direct; you do; manage; stand before; to guard; support, succour; the champion; protector; were the authors of.."
σύνειμι,urn:cite2:hmt:lsj.chicago_md:n99859,military_rank,embed,0.541,0.405,0.136,1422,"ibo; go; come together, assemble; meet in battle; engage in war; come together, meet to consult; deliberate; gather; recur; come together, come in; to be contracted; come into conjunction"
φερε-πτόλεμος,urn:cite2:hmt:lsj.chicago_md:n110566,military_rank,embed,0.541,0.416,0.125,162,warlike; of war
συζῠγ-έω,urn:cite2:hmt:lsj.chicago_md:n98062,military_rank,embed,0.54,0.4,0.14,501,"draw together in a yoke, to be yoke-fellows; stand in one rank; stand next in rank; to be correlative, correspond; correspond"
βιδιαῖοι,urn:cite2:hmt:lsj.chicago_md:n19929,military_rank,embed,0.539,0.316,0.222,296,officers; overseers.
λᾰφῡροπώλ-ης,urn:cite2:hmt:lsj.chicago_md:n62101,military_rank,embed,0.539,0.316,0.222,264,"seller of booty, one who has bought up booty to retail; officers; who took charge of the booty"
σύμβουλ-ος,urn:cite2:hmt:lsj.chicago_md:n98329,military_rank,embed,0.539,0.316,0.222,1128,"adviser, counsellor; adviser; advise; a board of advisers; officers; legatus; con-sul"
ὕποχος,urn:cite2:hmt:lsj.chicago_md:n109586,military_rank,embed,0.539,0.354,0.184,357,"subject, under control; subjects; officers; liable to; responsible for"
λόγχ-η,urn:cite2:hmt:lsj.chicago_md:n63783,military_rank,seed+embed,0.538,0.388,0.15,914,"spear-head; the point with its barbs; the spear-head; of the spear-head; lance-shaped birth-mark; lance, spear, javelin; troop of spearmen"
τρῐ-φᾰλαγγία,urn:cite2:hmt:lsj.chicago_md:n105364,military_rank,seed+embed,0.538,0.268,0.271,144,triple phalanx; army marching in three phalanxes
ὑπομείων,urn:cite2:hmt:lsj.chicago_md:n108768,military_rank,embed,0.538,0.345,0.194,203,inferior; citizens of inferior right; the subaltern officers
διαπολέμ-ησις,urn:cite2:hmt:lsj.chicago_md:n25586,military_rank,embed,0.537,0.319,0.219,63,finishing of a war
παρατάσσω,urn:cite2:hmt:lsj.chicago_md:n78901,military_rank,embed,0.536,0.443,0.094,1414,"place; post side by side, draw up in battleorder; drew; up with orders; draw up oneʼs men in battle-order; post by oneʼs side; draw up; be drawn up beside; to be drawn up in battle-order; against; stand side by side in battle; in order of battle; stand prepared; refuse obstinately; set side by side, compare"
πρόοδος,urn:cite2:hmt:lsj.chicago_md:n88141,military_rank,embed,0.535,0.341,0.194,144,going before; advance-party of soldiers; progressively
ἀγων-ιστικός,urn:cite2:hmt:lsj.chicago_md:n1108,military_rank,embed,0.534,0.373,0.161,1268,"fit for contest; of combat; contest; debating; contentions; masterly, striking; glorious; striking, impressive; heroic; copious; contentious, eager for applause; contentiously; disposed to fight; dramatically"
μῡρῐ-άρχης,urn:cite2:hmt:lsj.chicago_md:n69250,military_rank,seed+embed,0.534,0.315,0.218,70,commander of; men
ὅμ-ασπις,urn:cite2:hmt:lsj.chicago_md:n73413,military_rank,seed+embed,0.534,0.443,0.091,57,fellow-soldier
παράταξις,urn:cite2:hmt:lsj.chicago_md:n78898,military_rank,embed,0.534,0.373,0.16,935,"placing side by side; marshalling, line of battle; in pitched battle; battles; front rank; marshalling; conspiracy, intrigue; partisanship; obstinate opposition"
πεντᾰκοσι-άρχης,urn:cite2:hmt:lsj.chicago_md:n80661,military_rank,seed+embed,0.534,0.315,0.218,216,commander of; men
σημάν-τωρ,urn:cite2:hmt:lsj.chicago_md:n93802,military_rank,seed+embed,0.534,0.387,0.147,619,"one who gives a signal, leader, commander; driver; herdsman; subordinate officers; informer, guide; indicator"
συστρᾰτιώτης,urn:cite2:hmt:lsj.chicago_md:n101489,military_rank,seed+embed,0.534,0.443,0.091,390,fellow-soldier
Μηδ-ικός,urn:cite2:hmt:lsj.chicago_md:n67313,military_rank,embed,0.532,0.368,0.164,830,"Median; the Median affairs; the war with the Medes; silken; lucerne, Medicago sativa; assafoetida; in Persian style"
ναύαρχ-ος,urn:cite2:hmt:lsj.chicago_md:n69791,military_rank,seed+embed,0.532,0.355,0.177,454,"commander of a fleet, admiral; the Spartan admiral-in-chief; nauarchorum coetus circiter provincias Orientis"
ταξι-όομαι,urn:cite2:hmt:lsj.chicago_md:n102380,military_rank,embed,0.532,0.403,0.129,62,engage in battle
βρᾰβ-εύς,urn:cite2:hmt:lsj.chicago_md:n20744,military_rank,embed,0.53,0.35,0.18,429,"judge at the games; judge, arbitrator, umpire; chief, leader; author"
γυμν-ήσιαι,urn:cite2:hmt:lsj.chicago_md:n22978,military_rank,embed,0.53,0.447,0.083,186,as light-armed troops
κάτοικος,urn:cite2:hmt:lsj.chicago_md:n56012,military_rank,embed,0.53,0.352,0.178,244,inhabitant; military colonists
προηγορ-έω,urn:cite2:hmt:lsj.chicago_md:n87477,military_rank,embed,0.53,0.305,0.226,374,"to be spokesman for; speak for; in defence of; to be senior in rank; fasces, Not.Arch.; hold the office of"
ὀψων-ιασμός,urn:cite2:hmt:lsj.chicago_md:n76387,military_rank,seed+embed,0.529,0.251,0.277,137,furnishing with provisions; supplies and pay of an army
συμπολεμέω,urn:cite2:hmt:lsj.chicago_md:n98760,military_rank,embed,0.529,0.379,0.149,198,join in war
ὑπηρέτ-ης,urn:cite2:hmt:lsj.chicago_md:n108051,military_rank,seed+embed,0.529,0.395,0.135,1729,"rower; underling, servant, attendant; subordinate; a helper in; the servant who attended each man-at-arms; assistant; petty officer; staff-officers in immediate attendance on the general, aides-de-camp, adjutants; officer attached to; servitor"
ἐκστρᾰτ-ευμα,urn:cite2:hmt:lsj.chicago_md:n32911,military_rank,embed,0.528,0.397,0.131,110,expeditionary force
ἐπιλοχᾱγός,urn:cite2:hmt:lsj.chicago_md:n40087,military_rank,seed+embed,0.528,0.342,0.186,79,commander of the
ὁπλῑτ-εία,urn:cite2:hmt:lsj.chicago_md:n74544,military_rank,embed,0.528,0.413,0.115,80,"the service of the heavyarmed, warfare"
Ἄρης,urn:cite2:hmt:lsj.chicago_md:n14990,military_rank,embed,0.527,0.559,-0.031,2073,"Ares; the god of destruction; of Ares; Mars; war, slaughter; death; mortal wound; warlike spirit; the sword; avenger"
ἐνωμοτ-ία,urn:cite2:hmt:lsj.chicago_md:n36441,military_rank,seed+embed,0.527,0.341,0.186,262,band of sworn soldiers; division of the Spartan army; a quarter of a
ὅπλον,urn:cite2:hmt:lsj.chicago_md:n74571,military_rank,embed,0.527,0.521,0.006,3153,"tool, implement; tackle, tackling; ropes, halyards; rope; any ropes; tools; smiths’ tools; implements of war, arms; armour; arms; weapon; piece of armour; the large shield; heavy arms; men-at-arms; of the men-at-arms; the place of arms, camp; in arms, under arms; the arms; membrum virile; a gymnastic exercise"
πολεμο-κέλᾰδος,urn:cite2:hmt:lsj.chicago_md:n84427,military_rank,embed,0.527,0.318,0.208,84,exulting in the din of war
ἀποστράτηγος,urn:cite2:hmt:lsj.chicago_md:n13885,military_rank,seed+embed,0.526,0.303,0.223,204,"retired general; remove; from the command, supersede; general who has completed his term of office"
προσερέω,urn:cite2:hmt:lsj.chicago_md:n89306,military_rank,embed,0.526,0.341,0.185,741,"speak to, address, accost; addresses; call by a name; to be enjoined, commanded"
συνέδρ-ιον,urn:cite2:hmt:lsj.chicago_md:n99832,military_rank,embed,0.526,0.382,0.144,1351,"council; meeting; council of war; board of trade; Senate; Sanhedrin; Councils; congress; place of meeting, council-chamber; court"
πολεμ-ητόκος,urn:cite2:hmt:lsj.chicago_md:n84417,military_rank,embed,0.525,0.385,0.14,101,bringing forth war
ἀκρῑβ-ασμα,urn:cite2:hmt:lsj.chicago_md:n3461,military_rank,embed,0.524,0.345,0.179,55,commandment
ἀκρῑβ-ασμός,urn:cite2:hmt:lsj.chicago_md:n3462,military_rank,embed,0.524,0.345,0.179,160,"commandment; searchings; portion, gift"
ἀφορμ-ή,urn:cite2:hmt:lsj.chicago_md:n18460,military_rank,embed,0.524,0.38,0.144,1961,"starting-point; base of operations; place of safety; starting-point, origin, occasion; pretext; occasion, origin; inducement; instigation, incitement; means with which one begins; resources; asset; means of war; means for levying; means for undertaking; capital; restitution of capital; food for argument, material, subject; aptitude, inclination; repulsion; release"
μᾰχ-ηνδε,urn:cite2:hmt:lsj.chicago_md:n65297,military_rank,embed,0.524,0.343,0.181,46,to battle
ἀγελ-άρχης,urn:cite2:hmt:lsj.chicago_md:n427,military_rank,seed+embed,0.523,0.334,0.189,259,"leader of a flock; herd; leader, captain"
διέξ-οδος,urn:cite2:hmt:lsj.chicago_md:n26624,military_rank,embed,0.523,0.409,0.114,1668,"outlet, passage; passage; way out from; roads out of; pathway, orbit; days; paths; issue, event; means of escape; way out of; evacuation; detailed narrative; description; the course; exposition; detail; narratives, tales; military evolution; excursion; repeated experiment"
κορῠφ-αῖος,urn:cite2:hmt:lsj.chicago_md:n59235,military_rank,embed,0.523,0.377,0.147,876,"head man, chief, leader; party-leaders; leader of the chorus; at the head of the row; at the top; the apex; flamen; crowning fruits; Jupiter Capitolinus"
συνταξιαρχία,urn:cite2:hmt:lsj.chicago_md:n100955,military_rank,embed,0.523,0.302,0.221,73,battalion
διαπολεμ-έω,urn:cite2:hmt:lsj.chicago_md:n25585,military_rank,embed,0.522,0.37,0.152,335,carry a war through; fight it out with; will be at an end; carry on the war
πᾱγᾱν-ικός,urn:cite2:hmt:lsj.chicago_md:n76399,military_rank,embed,0.522,0.411,0.111,204,pagus; civilian; unofficial; lay
πᾱγᾱν-ός,urn:cite2:hmt:lsj.chicago_md:n76400,military_rank,embed,0.522,0.411,0.111,201,"civilian; unofficial, private person"
παραγγ-ελία,urn:cite2:hmt:lsj.chicago_md:n77836,military_rank,embed,0.521,0.431,0.089,891,"command; order; word of command; summoning oneʼs partisans; exertion of influence; summons; canvassing for public office; set of rules; precepts; instruction, precept, advice; rules"
παράγγ-ελμα,urn:cite2:hmt:lsj.chicago_md:n77838,military_rank,embed,0.521,0.546,-0.026,961,"message transmitted; order, word of command; word of command; mobilization order; mobilization; edict; instruction, precept"
ἄγημα,urn:cite2:hmt:lsj.chicago_md:n494,military_rank,embed,0.52,0.378,0.142,565,"anything led, division, corps; the Guard"
ἀγός,urn:cite2:hmt:lsj.chicago_md:n796,military_rank,embed,0.52,0.35,0.171,163,"leader, chief"
Ἄρειος,urn:cite2:hmt:lsj.chicago_md:n14935,military_rank,embed,0.52,0.427,0.093,1994,"devoted to Ares, warlike, martial; in real war; warrior; Campus Martius; legio Martia; ludi Martiales; the hill of Ares; Areopagite"
ἀρχηγ-έτης,urn:cite2:hmt:lsj.chicago_md:n15898,military_rank,embed,0.52,0.394,0.126,1122,"first leader, author; founder; tutelary hero; leader, chief; governor; first cause, author"
ἀρχός,urn:cite2:hmt:lsj.chicago_md:n16045,military_rank,embed,0.52,0.368,0.152,475,"leader, chief; ruler; dux Orientis; the rectum; the anus"
γωνία,urn:cite2:hmt:lsj.chicago_md:n23129,military_rank,embed,0.52,0.35,0.171,660,"corner, angle; plane, solid angle; the angles; the angle; corner, secluded spot; quarters; joint; joinerʼs square; cutwater; leader, chief"
λοχίζω,urn:cite2:hmt:lsj.chicago_md:n63987,military_rank,embed,0.52,0.343,0.177,666,lie in wait for; falling into an ambuscade; place in ambush; beset with an ambuscade; distribute men in companies; put them in order of battle; to be so distributed
ὄρχᾰμος,urn:cite2:hmt:lsj.chicago_md:n75469,military_rank,embed,0.52,0.35,0.171,389,"leader, chief"
παραγγ-έλλω,urn:cite2:hmt:lsj.chicago_md:n77837,military_rank,embed,0.52,0.436,0.084,1942,"pass on; transmit; give orders, give the word of command; give orders; order; orders; recommend, exhort; summon; prescribe; the points we have enjoined; encourage, cheer on; call; summon to oneʼs help; summon oneʼs partisans, form a cabal; canvass for; to be candidate for; claim"
περιμάχ-ητος,urn:cite2:hmt:lsj.chicago_md:n81687,military_rank,embed,0.52,0.407,0.113,592,"fought about, fought for; a thing one would fight for; such as are matters of contention, highly prized; fought around, surrounded by battle."
ποτί-ταξις,urn:cite2:hmt:lsj.chicago_md:n86056,military_rank,embed,0.52,0.275,0.245,96,"command, injunction"
προπολεμ-έω,urn:cite2:hmt:lsj.chicago_md:n88344,military_rank,embed,0.52,0.406,0.114,430,make war for; in defence of; with.. for..; the guards; defenders of a country; the body intended to act as guards
ἀρχι-φῠλᾰκίτης,urn:cite2:hmt:lsj.chicago_md:n16028,military_rank,embed,0.519,0.331,0.188,267,commandant of; office of; hold such office
δια-τᾰγή,urn:cite2:hmt:lsj.chicago_md:n26016,military_rank,embed,0.519,0.634,-0.115,394,"command, ordinance; testamentary disposition; arrangements; medical regimen"
ἀρχι-φύλαξ,urn:cite2:hmt:lsj.chicago_md:n16029,military_rank,embed,0.518,0.329,0.189,170,commandant of guards; official of the Lycian league
ἐπιβᾰτ-εύω,urn:cite2:hmt:lsj.chicago_md:n38895,military_rank,seed+embed,0.518,0.334,0.184,601,"set oneʼs foot upon, occupy; take oneʼs stand upon; usurping; rely upon..; to be an; passenger; soldier on board; ship; mount"
κελευσ-τός,urn:cite2:hmt:lsj.chicago_md:n56492,military_rank,embed,0.518,0.383,0.135,69,"ordered, commanded"
τεῦχος,urn:cite2:hmt:lsj.chicago_md:n103678,military_rank,embed,0.518,0.577,-0.059,2482,"tool, implement; implements of war, armour, arms; whole armour, harness; the gear; vessel; bathing-tub; cinerary urn; balloting-urn; vase for libations; vase; ewer; cup; amphora; scent-pot; matula; pot; jar; chests; barrel; bee-hive; capsule; vessels; the human frame, body; case; roll; volumen; masonry, fabric"
φᾰλαγγ-ίτης,urn:cite2:hmt:lsj.chicago_md:n110157,military_rank,seed+embed,0.518,0.295,0.223,172,soldier in a phalanx
ἐπεξ-όδιος,urn:cite2:hmt:lsj.chicago_md:n38698,military_rank,seed+embed,0.517,0.317,0.2,150,of a march; expedition; before the march of an army
ὁμό-στοιχος,urn:cite2:hmt:lsj.chicago_md:n73839,military_rank,embed,0.517,0.228,0.289,164,in the same line; rank with
χορηγ-ία,urn:cite2:hmt:lsj.chicago_md:n114428,military_rank,embed,0.517,0.521,-0.004,1195,"office or; of a; defraying of the cost of the public choruses; expense; abundance of external means, fortune; things necessary to furnish; constitute; great fortunes; supplies for war; supplies; extraneous, adventitious aids; abundance; that feeds; subvention, assistance"
πρόσθεν,urn:cite2:hmt:lsj.chicago_md:n89405,military_rank,embed,0.516,0.297,0.218,4034,"before; outside; in front of; at; head; in front of..; defend; for, on behalf of; first; before, in front; front rank; fore; on, forward; forward; in the way; before, formerly, erst; of old; elder; former, earlier; above; formerly; before..; sooner, rather; sooner than.."
προστρᾰτ-εύω,urn:cite2:hmt:lsj.chicago_md:n90183,military_rank,embed,0.516,0.358,0.159,84,serve as soldiers before
πρωτό-ζῠγον,urn:cite2:hmt:lsj.chicago_md:n90969,military_rank,embed,0.516,0.258,0.257,84,front rank
ἀντιστράτηγος,urn:cite2:hmt:lsj.chicago_md:n10536,military_rank,seed+embed,0.515,0.356,0.159,706,enemyʼs general; acting commander; governor; pro consule; pro praetore; propraetor; lieutenant; legatus pro praetore; legatus Augusti pro praetore
βαλβίς,urn:cite2:hmt:lsj.chicago_md:n19254,military_rank,embed,0.515,0.338,0.177,865,rope drawn across the race-course at the starting and finishing-point:; posts to which this rope was attached; turning-post; platform from which the quoit was thrown; any starting-point; edge; the starting-point; the goal; any point to be gained; the battlements
ἐπίσκην-ος,urn:cite2:hmt:lsj.chicago_md:n40865,military_rank,embed,0.515,0.317,0.199,370,"at; before the tent; public; the soldiers quartered; on the stage; external, adventitious"
ὀπισθο-φῠλᾰκία,urn:cite2:hmt:lsj.chicago_md:n74511,military_rank,embed,0.515,0.26,0.255,66,the command of the rear
πάρεδρ-ος,urn:cite2:hmt:lsj.chicago_md:n79211,military_rank,embed,0.515,0.342,0.173,1476,"sitting beside; sitting beside, near; assessor, coadjutor; counsellors; assessors; lieutenant; secondary; assistant divinity, familiar spirit, PMag. Berol.; Tab. Defix. Aud.; giving magical aid"
στολ-άρχης,urn:cite2:hmt:lsj.chicago_md:n96957,military_rank,seed+embed,0.515,0.309,0.206,217,commander of a fleet
ἀγών,urn:cite2:hmt:lsj.chicago_md:n1093,military_rank,embed,0.514,0.532,-0.018,3781,"gathering, assembly; assembly met to see games; place of contest, lists, course; lists; course; beside the mark; assembly; at the national games; contest for a prize; contest; a contest; struggle; battle, action; action at law, trial; speech; main argument; the time for; time for; the crisis; the issue; the question; mental struggle, anxiety; vehemence, power; divinity of the contest"
μονο-φᾰλαγγία,urn:cite2:hmt:lsj.chicago_md:n68696,military_rank,seed+embed,0.514,0.252,0.262,77,army marching in one phalanx
ὅπλ-ῐσις,urn:cite2:hmt:lsj.chicago_md:n74538,military_rank,embed,0.514,0.356,0.158,250,"preparing for war, equipment, accoutrement, arming; armour"
λοχ-ίτης,urn:cite2:hmt:lsj.chicago_md:n63991,military_rank,seed+embed,0.513,0.377,0.136,402,"one of the same; company, fellow-soldier, comrade; attendants; comitia centuriata; one who lies in wait"
μεραρχ-ία,urn:cite2:hmt:lsj.chicago_md:n66297,military_rank,embed,0.513,0.289,0.224,67,command of a
ὁρμ-ητήριον,urn:cite2:hmt:lsj.chicago_md:n75162,military_rank,embed,0.513,0.317,0.197,641,"stimulant, incentive; starting-place, military position, base of operations; naval station; lair; base; head-quarters"
πρῳρ-εύς,urn:cite2:hmt:lsj.chicago_md:n90900,military_rank,seed+embed,0.513,0.325,0.188,218,officer in command at the bow
χορός,urn:cite2:hmt:lsj.chicago_md:n114468,military_rank,seed+embed,0.513,0.324,0.189,2956,"dance; chorus; choir, band of dancers and singers, h. Ven.; choir, troop; row; a row; class; place for dancing; a ring-dance."
ἔξειμι,urn:cite2:hmt:lsj.chicago_md:n37074,military_rank,seed+embed,0.512,0.313,0.199,1328,"ibo; go out, come out; leave; quit service; come forth; submit; march out with an army; go out; come forward on the stage; come to an end, expire; cease"
αἰχμό-δετος,urn:cite2:hmt:lsj.chicago_md:n2807,military_rank,embed,0.511,0.33,0.181,106,bound in war
διᾰκονίομαι,urn:cite2:hmt:lsj.chicago_md:n24995,military_rank,embed,0.511,0.402,0.109,131,roll in the dust; prepare for combat
κονίω,urn:cite2:hmt:lsj.chicago_md:n58911,military_rank,embed,0.511,0.402,0.109,1371,"make dusty, cover with clouds of dust; cover with dust; all dusty; in haste; to be sprinkled as with dust; roll in the dust; sprinkle themselves with dust; prepare for combat; galloping oʼer the dusty"
πρῠτᾰν-εία,urn:cite2:hmt:lsj.chicago_md:n90846,military_rank,embed,0.511,0.371,0.139,812,presidency; presidencies; office; government of; any public office held by rotation; chief command
αἰχμᾰλ-ωτος,urn:cite2:hmt:lsj.chicago_md:n2800,military_rank,embed,0.51,0.319,0.191,681,"taken by the spear, captive, prisoner; prisoners of war; prisoner; taken; booty; such as awaits a captive"
ἐντάσσω,urn:cite2:hmt:lsj.chicago_md:n36162,military_rank,embed,0.51,0.312,0.198,661,insert; register in; who takes post; arrange light-armed troops and hoplites alternately; alternately; issue orders
ἐξορμάω,urn:cite2:hmt:lsj.chicago_md:n37602,military_rank,embed,0.51,0.371,0.139,878,"send forth, send to war; bring quickly; start; set; agoing; set out, start; dart from; move rapidly, rush; excite to action, urge on; set out from; break out"
ἱππομᾰχ-έω,urn:cite2:hmt:lsj.chicago_md:n50800,military_rank,embed,0.51,0.36,0.15,144,"fight on horseback; to fight, cavalry"
τρῐήραρχ-ος,urn:cite2:hmt:lsj.chicago_md:n104945,military_rank,seed+embed,0.51,0.321,0.189,578,"captain of a trireme; trierarch, one who; had to fit out a trireme for the public service; naval commander"
ἀντίμᾰχ-ος,urn:cite2:hmt:lsj.chicago_md:n10134,military_rank,embed,0.509,0.399,0.11,74,capable of meeting in war
λόχος,urn:cite2:hmt:lsj.chicago_md:n64000,military_rank,embed,0.509,0.368,0.141,2236,"ambush; place for lying in wait; ambuscade; an ambush; the way to ambush; the men that form the ambush; any armed band, body of troops; a company; the fourth; fifth part of a; company; any body of people united; centuria; curia; child-birth"
ναύκληρ-ος,urn:cite2:hmt:lsj.chicago_md:n69808,military_rank,seed+embed,0.509,0.313,0.195,672,"shipowner and merchant; skipper, sailing-master; captain, commander; the masterʼs; one who rented and sub-let tenement-houses"
ναυμᾰχ-έω,urn:cite2:hmt:lsj.chicago_md:n69836,military_rank,embed,0.509,0.388,0.121,395,fight by sea; with; to be in the battle; do battle with
πολῠ-χειρ,urn:cite2:hmt:lsj.chicago_md:n85541,military_rank,embed,0.509,0.298,0.211,211,"with many hands, many-handed; with a large band of soldiers"
ψῑλός,urn:cite2:hmt:lsj.chicago_md:n115744,military_rank,embed,0.509,0.508,0.001,5997,"bare; open; for corn and the like; for vines, olives; stripped of hair; feathers, smooth; Aër.; shaved; with a short, smooth coat; without feathers, bald; hairless; carpets; Babylonicum; aulaeum, tapeta; bare, uncovered; bare of, separated from; stripped of appendages, naked; alone, without other arms; blank; soldiers without heavy armour, light troops; that belongs to unarmed soldiers; without helmet; without housings; unarmed, defenceless; prose; mere; unsupported by evidence;; mere forms; nakedly, without alleging proofs; without music; Epic; Lyric; ordinary; instrumental; unaccompanied by the voice; unaccompanied; mere, simple; without women; the one poor; merely, only; merely; without the spiritus asper; written simply; litterae tenues; with a littera tenuis"
ἀρεί-φᾰτος,urn:cite2:hmt:lsj.chicago_md:n14939,military_rank,embed,0.508,0.393,0.115,329,slain by Ares; slain in war; martial; slaying in war
Ἀρηΐ-φθορος,urn:cite2:hmt:lsj.chicago_md:n14981,military_rank,embed,0.508,0.371,0.137,64,slain in war
πολεμ-ητέον,urn:cite2:hmt:lsj.chicago_md:n84414,military_rank,embed,0.508,0.319,0.189,145,one must go to war
πολεμο-φόνευτος,urn:cite2:hmt:lsj.chicago_md:n84437,military_rank,embed,0.508,0.371,0.137,67,slain in war
τρῐάκοντα,urn:cite2:hmt:lsj.chicago_md:n104739,military_rank,embed,0.508,0.351,0.157,778,thirty; thirty-one; a council of war of thirty; the Thirty; the thirty tyrants
τᾰγοῦχος,urn:cite2:hmt:lsj.chicago_md:n102172,military_rank,seed+embed,0.507,0.266,0.241,78,"having command, commander"
ναυαρχ-ία,urn:cite2:hmt:lsj.chicago_md:n69789,military_rank,embed,0.506,0.334,0.173,198,command of a fleet; period of such command; naval supremacy; fleet
συμπράσσω,urn:cite2:hmt:lsj.chicago_md:n98807,military_rank,embed,0.506,0.356,0.15,934,"join; help in doing; assist; in procuring; help in negotiating; act with, cooperate with; lend aid, cooperate; the confederates; share in; assist in avenging"
φῐλο-στρᾰτιώτης,urn:cite2:hmt:lsj.chicago_md:n111503,military_rank,embed,0.506,0.375,0.132,203,the soldierʼs friend; fond of military affairs
ναυκρᾰτ-έω,urn:cite2:hmt:lsj.chicago_md:n69815,military_rank,embed,0.505,0.307,0.198,111,have the command of the sea; to be mastered at sea
ἔγχος,urn:cite2:hmt:lsj.chicago_md:n30602,military_rank,embed,0.504,0.413,0.091,466,"spear, lance; weapon; sword; weapons; arrows; ball; armed force"
ἔνοπλ-ος,urn:cite2:hmt:lsj.chicago_md:n35948,military_rank,embed,0.504,0.458,0.045,436,"in arms, armed; containing arms; armed men; imago clipeata; in armour"
νέμω,urn:cite2:hmt:lsj.chicago_md:n70188,military_rank,embed,0.504,0.404,0.1,7334,"deal out, dispense; distribute; leave; pay; due; respect; extend; allots; give; affords, vouchsafes; observe; is freely bestowed; portions; distributed into; pay out, distribute; allot, distribute; distribute among themselves; have and hold as oneʼs portion, possess; administering; enjoy; shall reap the fruit; reap the fruit of; dwell in, inhabit; spread over, occupy; to be situated upon; spend, pass; live; hold, possess; inhabit; to have; hold land, occupy, dwell; to be inhabited; maintain itself, be constituted; hold sway over, manage; wield, manage; support; use; hold sway; hold, consider as; seems; register; unproved; call over, recite; pasture, graze; drive to pasture; pasture; drive; afield; feed, graze; range over; feed on; eat; consume, devour; spread; graze; waste; were being devoured, wasted; neman; nəmah-; nuoma"
οὐρά,urn:cite2:hmt:lsj.chicago_md:n75910,military_rank,embed,0.504,0.317,0.188,1171,"tail; rearguard, rear; rear-rank; rear; the rear-rank man; to the rear; in rear; left wing; echo; ends"
παρεγγῠ-άω,urn:cite2:hmt:lsj.chicago_md:n79176,military_rank,embed,0.504,0.367,0.136,1462,hand over; entrust; commend; to be entrusted with; recommend; pass on; along; to pass the word; give the word of command; exhorted; exhort
πτερῠγ-ιον,urn:cite2:hmt:lsj.chicago_md:n91156,military_rank,embed,0.504,0.443,0.061,1470,"anything like a wing.; fins; tail-flaps; sea-slugs; horns; end; tip; turret; battlement; pointed roof, peak; flap, fold; flap; part of the shoulderblade; parts joining the temples; parts joining the cheeks; membrane grows over it from the inner corner; fleshy excrescence; flanges"
στρᾰτόπλωτος,urn:cite2:hmt:lsj.chicago_md:n97149,military_rank,seed+embed,0.503,0.283,0.22,104,transporting an army; for sailing
φοινικ-ιστής,urn:cite2:hmt:lsj.chicago_md:n111962,military_rank,embed,0.503,0.295,0.208,273,dyer of purple; red; wearer of purple; one of the highest rank
ἱππ-αρμοστής,urn:cite2:hmt:lsj.chicago_md:n50672,military_rank,seed+embed,0.502,0.329,0.174,110,commander of cavalry
ἵππαρχ-ος,urn:cite2:hmt:lsj.chicago_md:n50679,military_rank,seed+embed,0.502,0.408,0.094,537,ruling the horse; commander of cavalry; magister equitum; praefectus equitum
ἀλαλή,urn:cite2:hmt:lsj.chicago_md:n3846,military_rank,embed,0.501,0.42,0.081,340,loud cry; war-cry; battle
ἐνοπή,urn:cite2:hmt:lsj.chicago_md:n35943,military_rank,embed,0.501,0.42,0.081,774,"crying, shouting; war-cry, battle-shout; battle; cry; wild cry; voice; sound; crushing"
Ἐνυάλιος,urn:cite2:hmt:lsj.chicago_md:n36376,military_rank,embed,0.501,0.42,0.081,1086,"the Warlike; temple of; battle; battle-cry; Quirinus; Collis Quirinalis; warlike, furious"
ἐπεξ-ᾰγωγή,urn:cite2:hmt:lsj.chicago_md:n38671,military_rank,embed,0.501,0.42,0.081,81,extension of a line of; battle
ἐπιστολ-εύς,urn:cite2:hmt:lsj.chicago_md:n41044,military_rank,embed,0.501,0.282,0.219,274,"secretary; admiral second in command, vice-admiral"
ἔργον,urn:cite2:hmt:lsj.chicago_md:n42214,military_rank,embed,0.501,0.506,-0.005,7271,"weorc; varəza; work; tasks; works; deeds; action; battle; contests; works of industry; tillage, tilled lands; lands; farms; the tilled lands; property, wealth, possessions; occupations; mines; deed, action; deed; execution; thing, matter; point; mischief, trouble; matter; thing; mighty; that which is wrought; made, work; machine; buildings; result of work, profit; interest; profit; business; proper work; a matter; function; functions; there is need; use in; it is hard work, difficult; it can scarcely happen; trouble; victim; oneʼs business, attend to"
κενταυρο-μᾰχία,urn:cite2:hmt:lsj.chicago_md:n56605,military_rank,embed,0.501,0.42,0.081,103,battle; of Centaurs
κίνδυν-ος,urn:cite2:hmt:lsj.chicago_md:n57457,military_rank,embed,0.501,0.42,0.081,1580,"danger, hazard, venture; danger of; from; a risk; risk; trial, venture; battle"
ὅμῑλ-ος,urn:cite2:hmt:lsj.chicago_md:n73506,military_rank,embed,0.501,0.42,0.081,1096,"any assembled crowd, throng of people; the mass of the people, the crowd; crowd; mob; population; throng; battle; tumult, confusion"
πεζο-νόμος,urn:cite2:hmt:lsj.chicago_md:n80302,military_rank,embed,0.501,0.284,0.217,68,commanding by land
τετραρχ-ία,urn:cite2:hmt:lsj.chicago_md:n103525,military_rank,embed,0.501,0.368,0.134,773,"tetrarchy, the province of a tetrarch; tetrarchiae regnorum instar singulae; the command of four"
χάρμη,urn:cite2:hmt:lsj.chicago_md:n113421,military_rank,embed,0.501,0.573,-0.072,544,"joy of battle, lust of battle; battle-joys; victories; successes; battle"
ἀρχι-φρουρέω,urn:cite2:hmt:lsj.chicago_md:n16024,military_rank,embed,0.5,0.249,0.25,103,command a
αὐτ-ερέτης,urn:cite2:hmt:lsj.chicago_md:n17589,military_rank,seed+embed,0.5,0.214,0.286,182,one who rows himself; rower and soldier at once; rowing oneʼs own boat
λεμβαρχ-έω,urn:cite2:hmt:lsj.chicago_md:n62363,military_rank,embed,0.5,0.249,0.25,104,command a
συνωμ-οτία,urn:cite2:hmt:lsj.chicago_md:n101174,military_rank,embed,0.5,0.298,0.202,74,"band of sworn soldiers, file"
χῑλιαρχ-ία,urn:cite2:hmt:lsj.chicago_md:n113996,military_rank,embed,0.5,0.329,0.172,569,office; post; tribunus militum; tribus militiis; unit under the command of a; corps of; men
ἰβυκτήρ,urn:cite2:hmt:lsj.chicago_md:n49799,military_rank,embed,0.499,0.362,0.138,397,one who begins a war-song; shout: strike
ὁπλῑτ-ης,urn:cite2:hmt:lsj.chicago_md:n74546,military_rank,seed+embed,0.499,0.383,0.116,955,"heavy-armed, armed; of men in armour; an armed; warrior; heavy-armed foot-soldier, man-at-arms"
ὑφηνίοχ-ος,urn:cite2:hmt:lsj.chicago_md:n109854,military_rank,embed,0.499,0.379,0.12,123,charioteer; subordinate to the warrior
φῠλᾰκ-εῖον,urn:cite2:hmt:lsj.chicago_md:n112529,military_rank,embed,0.499,0.278,0.221,369,"post, watch-tower, fort; stationes; a watch, party consisting of four soldiers; a menstruous cloth"
ἀνδρο-φόνος,urn:cite2:hmt:lsj.chicago_md:n8040,military_rank,embed,0.498,0.357,0.141,625,"man-slaying; homicide; murderous; slaughter in battle; murdering their husbands; one convicted of manslaughter, homicide"
μέσος,urn:cite2:hmt:lsj.chicago_md:n66494,military_rank,embed,0.498,0.358,0.14,9858,"b; middle, in the middle; middle; zenith; mid; middle point; midmost, central; central; centre; by the middle, by the waist; midway between; impartial; inter-mediate; indeterminate; things indifferent; mediae; semi-vowels; circumflex; middling, moderate; of middle height; a; of middle rank; mediocre; fairly; midst, intervening space; in the midst; went between; intervening; between; offered for competition; deposited; collectively; in the way of; obstacle; as a prize; publicly; in common to all; away; a half; in the middle; intervene; moderates; interim; use of parenthesis; difference; the average; the difference; middle course; middle state, mean; in the; mean; the middle term; mean proportional; medial; ecliptic; equator; ordinary; in the midst of; in a moderate degree; a little; in the mean; in a middle way; in an intermediate way; in the middle voice; mádhyas; medius"
πειθαρχ-ία,urn:cite2:hmt:lsj.chicago_md:n80320,military_rank,embed,0.498,0.408,0.09,105,obedience to command
πολεμό-κραντος,urn:cite2:hmt:lsj.chicago_md:n84429,military_rank,embed,0.498,0.31,0.189,82,finishing war
ἐγχεσί-χειρ,urn:cite2:hmt:lsj.chicago_md:n30577,military_rank,embed,0.497,0.367,0.131,69,living by war
μακρός,urn:cite2:hmt:lsj.chicago_md:n64703,military_rank,embed,0.497,0.394,0.103,5378,"long; ships of war; the longer sides; length-wise; long-distance; tall, high; deep; long, far, remote; remote; remotest parts; so as to be heard afar; loudly; large in size; degree, great; big; Cat.Cod. Astr.; by far; by; long-cherished; long, tedious; longum est; too long; mark of long quantity; a long time, long delayed; long after; at great length; greater length; long time; utmost; far, a long way; yet more; slowly; mas; măcer."
πεντηκοντ-ήρ,urn:cite2:hmt:lsj.chicago_md:n80846,military_rank,seed+embed,0.496,0.263,0.233,191,commander of fifty men
στρᾰτηλ-ᾰτικός,urn:cite2:hmt:lsj.chicago_md:n97126,military_rank,seed+embed,0.496,0.331,0.165,84,of; for a commander
ἀκρο-βολισμός,urn:cite2:hmt:lsj.chicago_md:n3534,military_rank,embed,0.495,0.314,0.181,164,discharge of weapons by light-armed troops
ἁρμ-όστωρ,urn:cite2:hmt:lsj.chicago_md:n15297,military_rank,seed+embed,0.495,0.292,0.204,64,commander
ἀρχι-ναυφύλαξ,urn:cite2:hmt:lsj.chicago_md:n15976,military_rank,embed,0.495,0.328,0.168,95,chief of naval guard
ἔπαρχ-ος,urn:cite2:hmt:lsj.chicago_md:n38343,military_rank,seed+embed,0.495,0.292,0.204,702,commander; governor of a country; praefectus; pracf. fabrum; praef. urbi; praef. castrorum; praef. praetorio; prefect; ex praefecto
ἐπιτάκ-της,urn:cite2:hmt:lsj.chicago_md:n41238,military_rank,seed+embed,0.495,0.292,0.204,137,commander; Imperiosus
ἐφέτ-ης,urn:cite2:hmt:lsj.chicago_md:n45687,military_rank,seed+embed,0.495,0.292,0.204,320,commander; the Ephetae; judge of appeals
πρωτάρχ-ης,urn:cite2:hmt:lsj.chicago_md:n90915,military_rank,seed+embed,0.495,0.292,0.204,72,commander
ῥηξην-ορία,urn:cite2:hmt:lsj.chicago_md:n92338,military_rank,embed,0.495,0.329,0.166,73,might to break through armed ranks
συνιππ-εύς,urn:cite2:hmt:lsj.chicago_md:n100682,military_rank,embed,0.495,0.404,0.091,69,comrade in cavalry service
ἀναμένω,urn:cite2:hmt:lsj.chicago_md:n6983,military_rank,embed,0.494,0.324,0.17,849,"wait for, await; dost; wait for; face; in battle; wait, stay; put off, delay"
ἀντιτίθημι,urn:cite2:hmt:lsj.chicago_md:n10598,military_rank,embed,0.494,0.39,0.104,1181,"set against; so as to oppose; set against so as to balance, contrast; compare; to be contrasted; match; against; in battle; to be matched; retort, rejoin; oppose, resist; place; deposit in return; give; for"
ἐνᾰγών-ιος,urn:cite2:hmt:lsj.chicago_md:n34729,military_rank,embed,0.494,0.336,0.158,946,"of; for a contest, contending in the games; who presided over the games; of, in; for battle; in battle; suited for forensic oratory; debate; vehement; energetic, vivid; incisively, vehemently"
ἔνταξις,urn:cite2:hmt:lsj.chicago_md:n36157,military_rank,seed+embed,0.494,0.255,0.239,201,"putting in, insertion; placing of light-armed soldiers alternately with hoplites in the phalanx"
τελευτ-αῖος,urn:cite2:hmt:lsj.chicago_md:n102991,military_rank,embed,0.494,0.309,0.185,1275,"last; endings; terminations; in the rear ranks; hind; oneʼs last day; end; uttermost, extremest; for the last time; finally, in the last place"
ἐμμάχομαι,urn:cite2:hmt:lsj.chicago_md:n34129,military_rank,embed,0.493,0.388,0.105,95,fight a battle in
ἐπισυ-ζῠγία,urn:cite2:hmt:lsj.chicago_md:n41106,military_rank,embed,0.493,0.34,0.153,108,squadron of; war-chariots
καταπολεμ-έω,urn:cite2:hmt:lsj.chicago_md:n54866,military_rank,embed,0.493,0.394,0.099,388,"war down; exhaust by war, reduce; attempt to subdue; make war against; carry on warfare"
τειχομᾰχ-έω,urn:cite2:hmt:lsj.chicago_md:n102821,military_rank,embed,0.493,0.301,0.192,311,fight the walls; conduct siege operations; in conducting sieges; defending a wall
διαστολ-ή,urn:cite2:hmt:lsj.chicago_md:n25931,military_rank,embed,0.492,0.419,0.073,1252,"drawing asunder, dilatation; parting; utterance; separation; notch; nick; boundary, fence; fencing off; distinction; discrimination; detailed statement; explanation; specification; article; command, injunction, order; payment; comma; opposition; distinctness"
ἐφαπτίς,urn:cite2:hmt:lsj.chicago_md:n45609,military_rank,embed,0.492,0.377,0.115,292,soldierʼs upper garment; cloak; ephod; womanʼs garment
θῐᾰσ-αρχέω,urn:cite2:hmt:lsj.chicago_md:n48852,military_rank,embed,0.492,0.391,0.101,85,to be leader of a
σπευσίνιοι,urn:cite2:hmt:lsj.chicago_md:n95900,military_rank,embed,0.492,0.326,0.166,151,policemen
συστρᾰτηγ-έω,urn:cite2:hmt:lsj.chicago_md:n101487,military_rank,seed+embed,0.492,0.432,0.06,145,to be a fellow-general; help in procuring
ἀρχέβακχος,urn:cite2:hmt:lsj.chicago_md:n15856,military_rank,embed,0.491,0.374,0.117,121,leader of; Wiener Denkschr.
θῐᾰσ-ώτης,urn:cite2:hmt:lsj.chicago_md:n48860,military_rank,embed,0.491,0.374,0.117,517,"member of a; worshippers; fellow-reveller; fellow-members; leader of; follower, disciple"
ναύ-φρακτος,urn:cite2:hmt:lsj.chicago_md:n69919,military_rank,embed,0.491,0.351,0.14,315,shipfenced; ship of war
πρίστις,urn:cite2:hmt:lsj.chicago_md:n86397,military_rank,embed,0.491,0.351,0.14,1006,"saw-fish, Pristis antiquorum; pristis; ship of war; cup"
παρεξ-ῐσόω,urn:cite2:hmt:lsj.chicago_md:n79431,military_rank,embed,0.49,0.288,0.202,112,"place beside as equal, rank with"
πολεμό-κλονος,urn:cite2:hmt:lsj.chicago_md:n84428,military_rank,embed,0.49,0.317,0.173,107,raising the din of war
ἀλᾰλητός,urn:cite2:hmt:lsj.chicago_md:n3849,military_rank,embed,0.489,0.516,-0.027,397,"shout of victory; war-cry, battle-shout; loud shouting; halloo; cry of woe; wailing; loud noise"
ἀντεκ-τάσσω,urn:cite2:hmt:lsj.chicago_md:n9575,military_rank,embed,0.489,0.376,0.113,84,draw up troops in opposition
ἀρχι-μάχιμος,urn:cite2:hmt:lsj.chicago_md:n15971,military_rank,seed+embed,0.489,0.317,0.172,109,officer of native Egyptian troops
διαστρᾰτηγέω,urn:cite2:hmt:lsj.chicago_md:n25942,military_rank,seed+embed,0.489,0.312,0.178,417,assume the position of general; to out-general; practise stratagems; conduct; to its close; come to the end of oneʼs praetorship
συμπαρά-ταξις,urn:cite2:hmt:lsj.chicago_md:n98547,military_rank,embed,0.488,0.309,0.179,75,meeting in battle
ἀρχι-θῐᾰσίτης,urn:cite2:hmt:lsj.chicago_md:n15950,military_rank,embed,0.487,0.354,0.133,172,leader of a
βουᾱγόρ,urn:cite2:hmt:lsj.chicago_md:n20475a,military_rank,embed,0.487,0.354,0.133,214,leader of a; palms
διακέλ-ευμα,urn:cite2:hmt:lsj.chicago_md:n24920,military_rank,embed,0.487,0.274,0.212,101,"an exhortation, command"
δῐμοιρ-ίτης,urn:cite2:hmt:lsj.chicago_md:n27083,military_rank,embed,0.487,0.354,0.133,290,one who receives double pay; duplarius; leader of a; mate
δῐφᾰλαγγ-άρχης,urn:cite2:hmt:lsj.chicago_md:n27568,military_rank,embed,0.487,0.354,0.133,66,leader of a
ἐντέλλω,urn:cite2:hmt:lsj.chicago_md:n36198,military_rank,embed,0.487,0.255,0.233,599,"enjoin, command; command; commands; invest with legal powers, authorize to act"
ἐπιστολ-ή,urn:cite2:hmt:lsj.chicago_md:n41045,military_rank,embed,0.487,0.277,0.21,796,"anything sent by a messenger, message, order, commission; command; by; commands; commands about; letter; litterae; ab epistulis Othoni; secretary"
ἡμι-λοχίτης,urn:cite2:hmt:lsj.chicago_md:n47162,military_rank,embed,0.487,0.354,0.133,104,leader of a
θήρ-αρχος,urn:cite2:hmt:lsj.chicago_md:n48710,military_rank,seed+embed,0.487,0.289,0.198,140,commander of two elephants; his command
θῐᾰσ-άρχης,urn:cite2:hmt:lsj.chicago_md:n48853,military_rank,embed,0.487,0.354,0.133,68,leader of a
κέλομαι,urn:cite2:hmt:lsj.chicago_md:n56521,military_rank,embed,0.487,0.352,0.135,2161,"urge, exhort, command.; commands; advise; constrained; call to; call upon for aid, h. Cer.; call by name; kalayati; celer."
κώμ-αρχος,urn:cite2:hmt:lsj.chicago_md:n61279,military_rank,embed,0.487,0.354,0.133,214,leader of a
κωμ-ηγέτης,urn:cite2:hmt:lsj.chicago_md:n61292,military_rank,embed,0.487,0.354,0.133,93,leader of a
παραφῠλᾰκ-ή,urn:cite2:hmt:lsj.chicago_md:n79058a,military_rank,seed+embed,0.487,0.351,0.136,414,"guard, garrison; keeping securely, safeguarding; watchfulness; police-; garrison-duty, Not.Arch.; observation"
προμᾰχ-ομαι,urn:cite2:hmt:lsj.chicago_md:n87990,military_rank,embed,0.487,0.371,0.115,233,"fight before, fight in the front rank; before; fight for; in defence of"
σπειρ-άρχης,urn:cite2:hmt:lsj.chicago_md:n95818,military_rank,embed,0.487,0.354,0.133,122,leader of a; spirarches
συνταγμᾰτ-άρχης,urn:cite2:hmt:lsj.chicago_md:n100938,military_rank,embed,0.487,0.354,0.133,154,leader of a
ταγμᾰτ-άρχης,urn:cite2:hmt:lsj.chicago_md:n102168,military_rank,embed,0.487,0.354,0.133,104,leader of a
τετρᾰφᾰλαγγ-αρχία,urn:cite2:hmt:lsj.chicago_md:n103569,military_rank,embed,0.487,0.289,0.198,70,his command
φρουρά,urn:cite2:hmt:lsj.chicago_md:n112379,military_rank,seed+embed,0.487,0.381,0.106,1296,"look-out, watch, guard; watch; watchful; while on guard; a watch of the night; prison, ward; guard, garrison; frontier-posts; garrison-duty; a body of men destined for service; levy; ban’"
ἔπαλξ-ις,urn:cite2:hmt:lsj.chicago_md:n37987,military_rank,embed,0.486,0.383,0.102,612,"means of defence; battlements; line of battlements, parapet; crenellations; defence, protection"
κρήδεμνον,urn:cite2:hmt:lsj.chicago_md:n59862,military_rank,embed,0.486,0.303,0.182,604,"womanʼs head-dress; veil; mantilla; battlements; crown; cover, lid"
ναυαρχ-έω,urn:cite2:hmt:lsj.chicago_md:n69787,military_rank,embed,0.486,0.258,0.227,280,command a fleet; preside at the festival of the ship
παραφῠλᾰκ-έω,urn:cite2:hmt:lsj.chicago_md:n79058,military_rank,seed+embed,0.486,0.384,0.101,73,perform garrison duty
πτερόν,urn:cite2:hmt:lsj.chicago_md:n91137,military_rank,embed,0.486,0.548,-0.063,2692,"feathers; feather; quill; plumage; plumes; wings; birdʼs wing; uplifting influence; any winged creature; omen; anything like wings; oars; sails; the crown; fan; parasol, Com. Adesp.; wing; feathered arrow; ploughshare; side-walls; battlements; portcullis; drawbridge; fluttering corners"
συστοιχ-έω,urn:cite2:hmt:lsj.chicago_md:n101474,military_rank,embed,0.486,0.262,0.224,163,stand in the same rank; line; correspond to
ἀνωγή,urn:cite2:hmt:lsj.chicago_md:n10926,military_rank,embed,0.485,0.26,0.225,107,"command, exhortation"
ἀξι-ωμᾰτικός,urn:cite2:hmt:lsj.chicago_md:n11076,military_rank,embed,0.485,0.366,0.119,534,"dignified, honourable; high in rank; dignified; concerned with dignities; supplicatory; employing logical propositions; self-evidently"
ἀϋτή,urn:cite2:hmt:lsj.chicago_md:n17591,military_rank,embed,0.485,0.414,0.072,348,"cry, shout; battle-shout, war-cry; blast; creaking"
διάκοσμ-ος,urn:cite2:hmt:lsj.chicago_md:n25027,military_rank,embed,0.485,0.415,0.07,502,battle-order; the Catalogue of ships in
εἰσβῐάζομαι,urn:cite2:hmt:lsj.chicago_md:n31311,military_rank,embed,0.485,0.382,0.103,381,force oneʼs way into; force oneself in; who force
ὑπερδέξιος,urn:cite2:hmt:lsj.chicago_md:n107390,military_rank,embed,0.485,0.509,-0.024,1002,"lying above one on the right hand; lying above; over; higher; above; up-stream; commanding from above; superior, having the advantage in; victorious over; convenient for"
ἐπιτακ-τικός,urn:cite2:hmt:lsj.chicago_md:n41239,military_rank,embed,0.484,0.352,0.132,187,"commanding, authoritative; of command"
ἡγ-ητήρ,urn:cite2:hmt:lsj.chicago_md:n46626,military_rank,embed,0.484,0.324,0.16,228,a guide; guide; pilot-fish; a leader
συλλοχ-ία,urn:cite2:hmt:lsj.chicago_md:n98221,military_rank,embed,0.484,0.31,0.174,146,place where soldiers were collected into
τευχ-ηστήρ,urn:cite2:hmt:lsj.chicago_md:n103675,military_rank,embed,0.484,0.37,0.114,183,"armed man, warrior"
δεκᾰδαρχ-ος,urn:cite2:hmt:lsj.chicago_md:n23820,military_rank,seed+embed,0.483,0.284,0.199,236,commander of ten men; decemvir
δῐ-μάχης,urn:cite2:hmt:lsj.chicago_md:n27063,military_rank,embed,0.483,0.359,0.124,92,mounted infantryman
δορύ-ξενος,urn:cite2:hmt:lsj.chicago_md:n28115,military_rank,embed,0.483,0.322,0.161,271,"spear-friend; war-friend, ally"
συλλοχ-ίτης,urn:cite2:hmt:lsj.chicago_md:n98224,military_rank,seed+embed,0.483,0.372,0.111,73,soldier of the same
συνεδρ-ίτης,urn:cite2:hmt:lsj.chicago_md:n99833,military_rank,seed+embed,0.483,0.386,0.096,119,fellow-officer of the Guard
ἀρχηγ-ετεύω,urn:cite2:hmt:lsj.chicago_md:n15896,military_rank,embed,0.482,0.349,0.133,64,to be chief leader
δευτέρ-ωσις,urn:cite2:hmt:lsj.chicago_md:n24275,military_rank,embed,0.482,0.221,0.261,128,second rank; course; Jewish traditions
ἰδῐώτ-ης,urn:cite2:hmt:lsj.chicago_md:n49908,military_rank,seed+embed,0.482,0.362,0.12,2588,"private person, individual; one in a private station; private soldier; layman; homely; common man, plebeian; private; everyday; one who has no professional knowledge, layman; unpractised, unskilled in; raw hand, ignoramus; average man; oneʼs own countrymen"
καταλογεύς,urn:cite2:hmt:lsj.chicago_md:n54422,military_rank,seed+embed,0.482,0.266,0.216,112,officer who enrols
μέλπω,urn:cite2:hmt:lsj.chicago_md:n66196,military_rank,embed,0.482,0.374,0.108,1589,"celebrate with song and dance; sing; let; sound; play; dance and sing; to dance a war-dance; to fight on foot; sing of, celebrate"
ὁλο-σίδηρος,urn:cite2:hmt:lsj.chicago_md:n73280,military_rank,embed,0.482,0.284,0.198,237,all iron; soldiers wearing coats of mail; clibanarii
χορηγ-έω,urn:cite2:hmt:lsj.chicago_md:n114424,military_rank,embed,0.48,0.359,0.121,2729,"lead a chorus; take the lead in; defray the cost of bringing out a chorus; to have choragi found for one; are; found by their choragus; minister to; furnish abundantly with; with supplies for war; to be well supplied; furnished; supply, furnish; affording"
στρᾰτηγ-ίς,urn:cite2:hmt:lsj.chicago_md:n97120,military_rank,seed,0.479,0.331,0.149,415,of the general; of the generalʼs tent; flag; cohortes praetoriae; female commander
ἐξισ-ωτής,urn:cite2:hmt:lsj.chicago_md:n37421,military_rank,seed,0.478,0.334,0.144,245,officer; who apportioned and equalized the taxes; peraequator
ὁπλῑτ-ικός,urn:cite2:hmt:lsj.chicago_md:n74547,military_rank,seed,0.478,0.399,0.079,488,"of; for a man-at-arms; the art of using heavy arms, the soldier’ s art; art of arms; heavy-armed; the soldiery"
οὐρεύω,urn:cite2:hmt:lsj.chicago_md:n75981,military_rank,seed,0.478,0.388,0.09,99,to be on garrison duty
περίνεως,urn:cite2:hmt:lsj.chicago_md:n81731,military_rank,seed,0.477,0.395,0.082,500,"supernumerary; to spare in a ship; supercargo, passenger; marines; petty officer"
ἀνδοκ-ιάρχης,urn:cite2:hmt:lsj.chicago_md:n7873,military_rank,seed,0.475,0.309,0.166,79,officer in charge of
κεστρο-φύλαξ,urn:cite2:hmt:lsj.chicago_md:n56963,military_rank,seed,0.475,0.309,0.166,120,officer in charge of
λειτουργ-ία,urn:cite2:hmt:lsj.chicago_md:n62291,military_rank,seed,0.473,0.357,0.116,1171,"public service; liturgies; any public service; work; the officer who superintended the workmen, carpenters; duty; any service; function; service, ministration, help; the service; ministry"
φρουρ-ικός,urn:cite2:hmt:lsj.chicago_md:n112391,military_rank,seed,0.473,0.342,0.131,157,"of, for a watch, guard; garrison; guard duty"
ἀμφοδ-άρχης,urn:cite2:hmt:lsj.chicago_md:n6144,military_rank,seed,0.472,0.262,0.21,183,officer commanding troops levied in a ward
συστρᾰτηγ-ος,urn:cite2:hmt:lsj.chicago_md:n101488,military_rank,seed,0.472,0.341,0.131,136,fellow-general
πεζο-βόας,urn:cite2:hmt:lsj.chicago_md:n80287,military_rank,seed,0.471,0.328,0.143,116,"one who responds to the battle-cry on foot, foot-soldier"
ποιμήν,urn:cite2:hmt:lsj.chicago_md:n84331,military_rank,seed,0.467,0.303,0.164,842,"herdsman; shepherd; captain, chief; master, lord; NT, pastor, teacher, Je.; piemuõ; piemeñs"
στρᾰτηγ-ιάω,urn:cite2:hmt:lsj.chicago_md:n97116,military_rank,seed,0.467,0.359,0.107,207,wish to be a general; wish to make war; to be going to war
θῠρεο-κοιλίτης,urn:cite2:hmt:lsj.chicago_md:n49487,military_rank,seed,0.466,0.38,0.086,95,soldier armed with hollow
φρουρός,urn:cite2:hmt:lsj.chicago_md:n112395,military_rank,seed,0.464,0.26,0.204,487,"watcher, guard; a garrison"
ἀναρχ-ία,urn:cite2:hmt:lsj.chicago_md:n7437,military_rank,seed,0.463,0.382,0.08,513,"lack of a leader; no commander; lawlessness, anarchy; independence; a year during which there was no archon; not holding office"
πανστρᾰτιᾷ,urn:cite2:hmt:lsj.chicago_md:n77555,military_rank,seed,0.463,0.274,0.188,194,with the whole army
πρόσταξις,urn:cite2:hmt:lsj.chicago_md:n90114,military_rank,seed,0.463,0.345,0.118,632,"posting of additional troops on the wings of a phalanx; ordinance, command; command; requisition; in certain specified particulars"
ἡμι-στρᾰτιώτης,urn:cite2:hmt:lsj.chicago_md:n47285,military_rank,seed,0.459,0.269,0.19,79,half-soldier
λᾱογράφ-ος,urn:cite2:hmt:lsj.chicago_md:n61907,military_rank,seed,0.458,0.222,0.236,87,officer in charge of enrolments
πλινθ-εία,urn:cite2:hmt:lsj.chicago_md:n83878,military_rank,seed,0.454,0.238,0.215,140,brickmaking; drawing up of an army in square
σκηναρχέω,urn:cite2:hmt:lsj.chicago_md:n94763,military_rank,seed,0.452,0.328,0.124,122,to be camp-captain
σταθμ-οῦχος,urn:cite2:hmt:lsj.chicago_md:n96197,military_rank,seed,0.452,0.331,0.121,333,"keeper of a house, landlord; quartermaster; householder on whom a soldier is billeted; billeted soldier"
γυμν-ής,urn:cite2:hmt:lsj.chicago_md:n22977,military_rank,seed,0.449,0.366,0.083,338,light-armed foot-soldier; Argive serfs; Et.Gud.
προφύλ-αξ,urn:cite2:hmt:lsj.chicago_md:n90717,military_rank,seed,0.442,0.306,0.137,266,advanced guard; officer on guard
στρᾰτήγ-ημα,urn:cite2:hmt:lsj.chicago_md:n97113,military_rank,seed,0.442,0.339,0.104,386,"act of a general; piece of generalship, stratagem; trick, device; trick"
πεμπάδ-αρχος,urn:cite2:hmt:lsj.chicago_md:n80535,military_rank,seed,0.439,0.276,0.162,128,commander of a body of five
ἐπιθήραρχ-ος,urn:cite2:hmt:lsj.chicago_md:n39451,military_rank,seed,0.434,0.319,0.115,72,officer commanding such a contingent
ἐπιξενᾱγ-ός,urn:cite2:hmt:lsj.chicago_md:n40371,military_rank,seed,0.431,0.291,0.14,118,officer attached to an
ἀστρᾰτήγ-ητος,urn:cite2:hmt:lsj.chicago_md:n16615,military_rank,seed,0.43,0.32,0.11,276,"never having been general; incapable of command, no general; without a general"
εἰκᾰδάρχης,urn:cite2:hmt:lsj.chicago_md:n30908,military_rank,seed,0.43,0.281,0.149,57,commander of twenty
νεό-λεκτος,urn:cite2:hmt:lsj.chicago_md:n70306,military_rank,seed,0.43,0.354,0.076,143,"newly enlisted, recruit"
ἀδί-οπος,urn:cite2:hmt:lsj.chicago_md:n1406,military_rank,seed,0.427,0.272,0.155,68,without commander
πολεμ-ητήριον,urn:cite2:hmt:lsj.chicago_md:n84415,military_rank,seed,0.427,0.268,0.159,70,head-quarters of a general
συνιππ-ία,urn:cite2:hmt:lsj.chicago_md:n100685,military_rank,seed,0.425,0.283,0.141,47,troop of horse
κολοι-άρχης,urn:cite2:hmt:lsj.chicago_md:n58661,military_rank,seed,0.421,0.248,0.172,82,"chief of jackdaws, jackdaw-general"
πύργος,urn:cite2:hmt:lsj.chicago_md:n91605,military_rank,seed,0.415,0.542,-0.127,1905,"tower; city walls; ramparts with their towers; movable tower; tower of defence; a tower of defence from; the part of a house; in which the women lived and worked; workmanʼs hut; outbuildings; part of an army drawn up in close order, column; dice-box; pyrgus."
ἁπλόος,urn:cite2:hmt:lsj.chicago_md:n12210,military_rank,seed,0.411,0.537,-0.125,2791,"twofold; single; single-soled shoes; simple, plain, straightforward; simple; simple issue; single-membered; a plain course; simple, open, frank; simple-minded; simple, silly; compound; mixed; without the article; positive; containing a single author; unalloyed, pure; bandage; absolute, sheer; simple, unqualified; general; sṃ;; jedan put; one journey; onceʼ;; vienkaršs; vienkart"
ἐγκύκλ-ιος,urn:cite2:hmt:lsj.chicago_md:n30460,military_rank,seed,0.411,0.306,0.106,1697,"circular, round; in a circle; revolving in a cycle, recurrent; required regularly; common to all citizens; ordinary, everyday; everyday; farmed out annually; commonly liable to; general; in general knowledge; tax on sales"
εἰδ-ικός,urn:cite2:hmt:lsj.chicago_md:n30855,military_rank,seed,0.411,0.455,-0.044,633,specific; infima species; specifically.; special; general; specially; formal; material
ἐπιλεκτ-άρχης,urn:cite2:hmt:lsj.chicago_md:n40009,military_rank,seed,0.411,0.242,0.169,133,commander of a picked band
καθολικός,urn:cite2:hmt:lsj.chicago_md:n51863,military_rank,seed,0.411,0.403,0.008,1477,general; generic description; praecepta; of general interest; universal; generally; in general terms; universally; supervisor of accounts; procurator a rationibus; rationalis; consularis; rationalis summarum
καθόλου,urn:cite2:hmt:lsj.chicago_md:n51867,military_rank,seed,0.411,0.341,0.071,1833,"on the whole, in general; general; kept by the central government; summae rationes; whole; in general, speaking generally; universal; commensurate; completely, entirely; at all"
κοινός,urn:cite2:hmt:lsj.chicago_md:n58429,military_rank,seed,0.411,0.561,-0.15,10306,"common; shared in common; jointly; common to; with; shared in by; shared; public, general; of public; general interest; popular, free; state; leagues; federations; private associations; guilds; corporations; boards; the government, public authorities; by public authority; by common consent; the public treasury; common right; rights; public affairs; public life; the public money; at the public expense; common funds; joint expense; common, ordinary; commonplaces; general; every-day; ordinary, ‘regular’ Greek; who use this language; colloquial, vulgar Greek; demotic; common, of inferior quality; words added at will; and so forth; connected by common origin; kindred; one who shares in; partner; belonging in part; lending a ready ear to all, impartial; neutral; arbitrators; easily accessible; courteous, affable; prostitute; more impartial; more equal; general, universal; axioms; objectively valid; abstract; of ambiguous metrical form; in common; common, profane; eye-salve; in common, jointly; publicly; sociably, like other citizens; in general; in the common dialect; in plain language; in the ordinary; wide sense; in common, by common consent; together with; in common, in public; for public use; rem in medio reliquerunt; jointly, in common"
πάν-δημος,urn:cite2:hmt:lsj.chicago_md:n77310,military_rank,seed,0.411,0.705,-0.294,929,"the whole body of; of; general; pandemic; vulgar; common, vulgar; ordinary (common)"
πᾰνήγῠρ-ις,urn:cite2:hmt:lsj.chicago_md:n77413,military_rank,seed,0.411,0.366,0.045,1387,"general; national assembly; a festal assembly; such festivals; holy-days; a; any assembly; feast; people assembled; crowd, audience"
σύμπᾱς,urn:cite2:hmt:lsj.chicago_md:n98584,military_rank,seed,0.411,0.352,0.06,1883,"all together, all at once; the whole; as a whole; general; sum; whole together; universe; whole; altogether, on the whole, in general; in all"
τῠπ-ώδης,urn:cite2:hmt:lsj.chicago_md:n105946,military_rank,seed,0.411,0.302,0.11,257,like an outline; general; superficial; summarily
σκῆπτρον,urn:cite2:hmt:lsj.chicago_md:n94808,rank_kingship_rule,seed+embed,0.774,0.525,0.249,1976,"staff; stick; staffs; supports; baton; sceptre; cudgel; royalty, kingly power; Shevet"
βᾰσῐλ-εύω,urn:cite2:hmt:lsj.chicago_md:n19549,rank_kingship_rule,seed+embed,0.769,0.563,0.206,1426,"to be king, rule, reign; was king; reigned as queen; to have become king; to be king of, rule over; to be king among; to be governed by a king; to be governed; administered; submit to the king; to be; imperial; enjoy as master; live royally; appoint as king; make; a king"
μοναρχ-ία,urn:cite2:hmt:lsj.chicago_md:n68445,rank_kingship_rule,seed+embed,0.733,0.376,0.357,538,"monarchy, government by a single ruler; supreme command"
ἡγέομαι,urn:cite2:hmt:lsj.chicago_md:n46613,rank_kingship_rule,seed+embed,0.732,0.458,0.275,5554,"go before, lead the way; precede; to go before; might guide; drive; to be antecedent; leading principle; main thing; to be; leader in; to lead; to be leader in..; lead, conduct; front; advanced; lead, command; might lead; to be in command; rule, have dominion; the rulers; leading men; to be the head; president; praeses provinciae; officials; abbot; abbess; principal; believe, hold; hold; regard; to hold; to believe in; think; deem; being led; sāg-; praesagio."
βᾰσιλ-είᾱ,urn:cite2:hmt:lsj.chicago_md:n19540,rank_kingship_rule,seed+embed,0.727,0.493,0.234,926,"kingdom, dominion; hereditary monarchy; the age of monarchies; kingly office; the office of the archon; being ruled by a king; diadem; reign; the reigns of the Kings; accession to the throne; His Majesty"
καταδῠναστ-εύω,urn:cite2:hmt:lsj.chicago_md:n53950,rank_kingship_rule,embed,0.724,0.457,0.266,524,oppress; to be oppressed; were under their; rulers; get control
βᾰσῐλ-ικός,urn:cite2:hmt:lsj.chicago_md:n19554,rank_kingship_rule,seed+embed,0.723,0.581,0.142,2844,"royal, kingly; truly kingly; art of ruling; as a king, with kingly authority; of; belonging to a king; the kingʼs friends; officers; of high-treason; to the king; kingʼs; royal; of Kings; choice; walnuts; basilica; hall; treasury; royal bank; palace; royal decree; a plaster; an eyesalve; a bandage; basil, Ocimum basilicum; communications received from kings; interests; revenues of the crown; prerogatives"
ἀριστο-κρᾰτία,urn:cite2:hmt:lsj.chicago_md:n15114,rank_kingship_rule,embed,0.718,0.503,0.216,282,"rule of the best-born, aristocracy; rule of the rich; ideal constitution, rule of the best"
τῠρανν-ίς,urn:cite2:hmt:lsj.chicago_md:n105964,rank_kingship_rule,seed+embed,0.717,0.467,0.251,858,"monarchy, sovereignty; sovereignty; despotic rule; tyranny; lordship; royal; territory; resources of a princeling; princess"
τῠρανν-εύω,urn:cite2:hmt:lsj.chicago_md:n105956,rank_kingship_rule,seed+embed,0.713,0.413,0.3,1897,"to be a monarch, absolute ruler; to become such; to be a prince; princess; to be ruler of; to be under the sway of; to be of a tyrannical disposition, be imperious"
ἀριστο-κρᾰτέομαι,urn:cite2:hmt:lsj.chicago_md:n15112,rank_kingship_rule,embed,0.692,0.351,0.341,153,"to be governed by the best-born, live under an aristocracy"
μόναρχ-ος,urn:cite2:hmt:lsj.chicago_md:n68448,rank_kingship_rule,seed+embed,0.688,0.451,0.237,613,"monarch, sole ruler; sole ruler; princelet, dynast; leader, general; dictator; royal"
κράν-τωρ,urn:cite2:hmt:lsj.chicago_md:n59650,rank_kingship_rule,seed+embed,0.687,0.427,0.259,148,"ruler, sovereign"
κρείων,urn:cite2:hmt:lsj.chicago_md:n59796,rank_kingship_rule,seed+embed,0.685,0.453,0.233,807,"ruler, lord, master; queen"
εὐγένεια,urn:cite2:hmt:lsj.chicago_md:n43537,rank_kingship_rule,seed+embed,0.681,0.49,0.191,700,"nobility of birth; pure breeding; nobleness; excellence; elevation, nobility"
ἐξάρχ-ων,urn:cite2:hmt:lsj.chicago_md:n36957,rank_kingship_rule,seed+embed,0.674,0.445,0.229,149,"ruler, president; Inschriften der jüdischen Katakombe am Monteverde"
μοναρχ-ικός,urn:cite2:hmt:lsj.chicago_md:n68447,rank_kingship_rule,embed,0.674,0.396,0.278,282,monarchical; inclined to monarchy
λᾱο-μέδων,urn:cite2:hmt:lsj.chicago_md:n61916,rank_kingship_rule,seed+embed,0.666,0.35,0.316,70,ruler of the people
ἀβασίλευτος,urn:cite2:hmt:lsj.chicago_md:n58,rank_kingship_rule,seed+embed,0.665,0.394,0.27,132,not ruled by a king; free from rule
πρῠτᾰν-ις,urn:cite2:hmt:lsj.chicago_md:n90855,rank_kingship_rule,seed+embed,0.665,0.46,0.205,1624,"ruler, lord; member of the tribe presiding in; a; officials of the; chief magistrate; chief priest; president"
δῠνάστ-ης,urn:cite2:hmt:lsj.chicago_md:n28582,rank_kingship_rule,seed+embed,0.661,0.442,0.219,330,"lord, master, ruler; the chief men; petty chief, princelet"
βᾰσῐλ-ευτός,urn:cite2:hmt:lsj.chicago_md:n19547,rank_kingship_rule,embed,0.658,0.491,0.167,81,suited for monarchical rule
παμβᾰσῐλ-εία,urn:cite2:hmt:lsj.chicago_md:n77053,rank_kingship_rule,embed,0.657,0.384,0.273,77,absolute monarchy
μέδω,urn:cite2:hmt:lsj.chicago_md:n65584,rank_kingship_rule,seed+embed,0.655,0.465,0.19,1244,"protect, rule over; lord, ruler; lord; provide for, be mindful of; plan, contrive, devise; modus; med-dix"
φῐλάρχ-ων,urn:cite2:hmt:lsj.chicago_md:n110886,rank_kingship_rule,embed,0.655,0.58,0.075,77,loving the rulers
αἰσυμν-ητήρ,urn:cite2:hmt:lsj.chicago_md:n2697,rank_kingship_rule,seed+embed,0.654,0.381,0.273,76,"ruler, prince"
ἀτῠράννευτος,urn:cite2:hmt:lsj.chicago_md:n17296,rank_kingship_rule,embed,0.653,0.452,0.201,146,"not ruled by tyrants, free from tyrants"
ἀντιβᾰσῐλεύω,urn:cite2:hmt:lsj.chicago_md:n9798,rank_kingship_rule,seed+embed,0.651,0.483,0.169,68,reign as a rival king
παγ-κοίρᾰνος,urn:cite2:hmt:lsj.chicago_md:n76461,rank_kingship_rule,seed+embed,0.635,0.45,0.185,80,supreme ruler
βέλτ-ιστος,urn:cite2:hmt:lsj.chicago_md:n19788,rank_kingship_rule,embed,0.634,0.486,0.148,727,"best, most excellent; my dear friend; the aristocracy; the highest good"
κρᾰτιστ-ος,urn:cite2:hmt:lsj.chicago_md:n59735,rank_kingship_rule,embed,0.634,0.547,0.087,1831,"strongest, mightiest; the best; the strength; flower; fiercest; best, most excellent; the aristocracy; egregius; equester ordo; clarissimus; best; best at; main point; in all good faith"
πολίαρχ-ος,urn:cite2:hmt:lsj.chicago_md:n84457,rank_kingship_rule,seed+embed,0.63,0.314,0.316,265,"ruler of a city, prince; praefectus urbi"
φῐλο-βᾰσίλειος,urn:cite2:hmt:lsj.chicago_md:n111062,rank_kingship_rule,embed,0.63,0.534,0.096,68,loving monarchy
δεσποτ-έω,urn:cite2:hmt:lsj.chicago_md:n24205,rank_kingship_rule,embed,0.629,0.477,0.152,213,to be despotically ruled
ὑπεροχ-ή,urn:cite2:hmt:lsj.chicago_md:n107773,rank_kingship_rule,seed+embed,0.628,0.55,0.078,2387,"projection, prominence; prominent points; top; an eminence; rising; raising; pre-eminence, superiority; superiority in; superiority; excess; exceeds; supremacy, authority, dignity; periphrasis. prolixity; Excellency"
Ὀροσάγγαι,urn:cite2:hmt:lsj.chicago_md:n75309,rank_kingship_rule,seed+embed,0.626,0.438,0.187,139,the Benefactors of the King; bodyguard
γενν-αιότης,urn:cite2:hmt:lsj.chicago_md:n21900,rank_kingship_rule,seed+embed,0.624,0.442,0.182,230,the character of a; nobility; fertility; noble birth; high spirit
πρόσχημα,urn:cite2:hmt:lsj.chicago_md:n90371,rank_kingship_rule,seed+embed,0.624,0.442,0.182,1839,"that which is held before; that which is held before to cover, screen, cloak; pretence, pretext; the ground; a pretence; show; pretend; as a screen; disguise; by way of pretext; appearances; preface; ornament; dignity; nobility; the pomp; pomp; outward appearance; aspect; costume, uniform"
ἄρχω,urn:cite2:hmt:lsj.chicago_md:n16051,rank_kingship_rule,seed+embed,0.614,0.575,0.039,5332,"to be first; begin, make a beginning; to be the aggressor; to begin oneʼs; to open; make a beginning of; strike the first; beginning with; begin from; with; even; including; begin; show; lead; take the lead!; at first; at the beginning; rule, govern, command; rule, be leader of; held command; led; on; rule; hold a magistracy; to be archon; to be ruled, governed; subjects"
δεσποτ-ικός,urn:cite2:hmt:lsj.chicago_md:n24208,rank_kingship_rule,seed+embed,0.61,0.43,0.18,878,"of; for a master; that befall oneʼs master; masterʼs; Imperial; fitted to rule; inclined to tyranny, despotic; tyrannical; exercising despotic power over"
ἀνακτόριος,urn:cite2:hmt:lsj.chicago_md:n6832,rank_kingship_rule,seed+embed,0.607,0.358,0.25,231,"belonging to a lord; king, royal"
δεσπότ-ης,urn:cite2:hmt:lsj.chicago_md:n24206,rank_kingship_rule,seed+embed,0.605,0.392,0.212,1209,"master, lord; the master of the house; despot, absolute ruler; Emperors; dominant planet; master, lord, owner; Chiefs"
ὀλῐγό-της,urn:cite2:hmt:lsj.chicago_md:n73083,rank_kingship_rule,embed,0.601,0.329,0.272,380,"fewness; fewness of rulers; smallness, scantiness; shortness; feebleness"
φῐλο-βᾰσῐλισταί,urn:cite2:hmt:lsj.chicago_md:n111064,rank_kingship_rule,embed,0.598,0.356,0.242,120,‘the Kingʼs Own’
τύραννος,urn:cite2:hmt:lsj.chicago_md:n105974,rank_kingship_rule,seed+embed,0.596,0.419,0.177,2615,"an absolute ruler; monarchs; chief, princeling; tyrants; monarchical party; members of the rulerʼs family; the queen; the kingʼs daughter, princess; supreme; golden-crested wren, Regulus cristatus; kingly, royal; as a king; the kingʼs; royal; the royal house; imperious, despotic"
εὐπᾰτρίδης,urn:cite2:hmt:lsj.chicago_md:n44713,rank_kingship_rule,seed+embed,0.595,0.37,0.225,690,"of good or noble sire, of noble family; old aristocracy; Patricians"
ἐπικηρ-ύσσω,urn:cite2:hmt:lsj.chicago_md:n39715,rank_kingship_rule,seed+embed,0.594,0.368,0.226,1075,"proclaim; proclaimed king; set; on; issue; set upon oneʼs head; proscribed; person, outlaw; offer as a reward; put up to public auction"
μονό-σκηπτρος,urn:cite2:hmt:lsj.chicago_md:n68648,rank_kingship_rule,seed+embed,0.593,0.407,0.185,132,wielding the sceptre alone; monarchic
τῠρανν-ικός,urn:cite2:hmt:lsj.chicago_md:n105963,rank_kingship_rule,seed+embed,0.591,0.422,0.169,1179,"of; for a; royal; of kings; befitting a tyrant, despotic; that befall a tyrant; smacking of tyranny; in favour of tyranny; the period of the tyrants; tyrannical; fit for tyrannical government"
ἐξουσ-ία,urn:cite2:hmt:lsj.chicago_md:n37650,rank_kingship_rule,seed,0.585,0.572,0.013,1902,"power, authority; permission; freedom permitted; power; control; power over, licence in; qualification for..; abuse of authority, licence, arrogance; licence; office, magistracy; consulate; quaestorship; lordship; body of magistrates; authorities; abundance of means, resources; excessive wealth; pomp"
ἰσο-βᾰσῐλεύς,urn:cite2:hmt:lsj.chicago_md:n50999,rank_kingship_rule,seed+embed,0.581,0.279,0.302,69,equal to a king
τῠραννο-δῐδάσκᾰλος,urn:cite2:hmt:lsj.chicago_md:n105966,rank_kingship_rule,embed,0.578,0.349,0.229,82,teacher of tyrants
αὐτο-κρᾰτορία,urn:cite2:hmt:lsj.chicago_md:n17770,rank_kingship_rule,seed+embed,0.575,0.405,0.171,149,sovereignty; reign of an Emperor
φῠή,urn:cite2:hmt:lsj.chicago_md:n112496,rank_kingship_rule,seed+embed,0.571,0.522,0.049,1767,"growth, stature; fine growth, noble stature; in size; growth; original form; nature, genius; the flower; prime of age; substance; the race; produce; harvest"
οἰκέω,urn:cite2:hmt:lsj.chicago_md:n72273,rank_kingship_rule,embed,0.57,0.437,0.133,3992,"inhabit; have, enjoy; to be inhabited; the inhabited country; inhabited; colonize, settle in; to be settled in, occupy; to be settled; those who have been settled; those who dwell..; to be situated, lie; manage, direct; manage..; governed; dwell, live; have their abodes, settlements; having fixed my dwelling; to keep; to be situated; formed; to be governed; administered; would be"
πολῑτεύω,urn:cite2:hmt:lsj.chicago_md:n84509,rank_kingship_rule,embed,0.57,0.449,0.122,3417,"to be a citizen; freeman, live in a free state; have a certain form of government, administer the state; to be governed; the measures of; administration; to be customary; customary; to be made a citizen; live as a free citizen; take part in the government; meddle with politics; hold public office, show public spirit; administer, govern; make; the principle of government; conduct the government; ministers; have a certain form of government; serve as curialis; execute according to custom; deal with; behave; arrange, bring about"
τῠρανν-ίζω,urn:cite2:hmt:lsj.chicago_md:n105962,rank_kingship_rule,embed,0.566,0.358,0.208,57,take the part of tyrants
κοσμο-κράτωρ,urn:cite2:hmt:lsj.chicago_md:n59324,rank_kingship_rule,seed+embed,0.565,0.422,0.143,516,lord of the world; ruler of the; planet; cosmic rulers
τῠραννοκτον-έω,urn:cite2:hmt:lsj.chicago_md:n105968,rank_kingship_rule,seed+embed,0.565,0.446,0.118,162,slay a tyrant; to be slain as a tyrant
μεδέων,urn:cite2:hmt:lsj.chicago_md:n65580,rank_kingship_rule,seed+embed,0.563,0.52,0.042,1319,"guardian, ruler; ruling; ruler; guardian goddess"
ὀλεσσῐτύραννος,urn:cite2:hmt:lsj.chicago_md:n72947,rank_kingship_rule,embed,0.563,0.42,0.142,65,destroying tyrants
οἰκοδεσπότ-ης,urn:cite2:hmt:lsj.chicago_md:n72316,rank_kingship_rule,seed+embed,0.562,0.366,0.196,515,master; steward of a house; native ruler; owner of a domicile
παμβᾰσῐλ-εύς,urn:cite2:hmt:lsj.chicago_md:n77055,rank_kingship_rule,embed,0.562,0.349,0.214,124,absolute monarch
προ-στᾰσία,urn:cite2:hmt:lsj.chicago_md:n90118,rank_kingship_rule,seed+embed,0.562,0.424,0.137,1946,"standing in front; standing before; at the head of, leadership; chieftainship, presidency; leadership, authority; authority; dignity; governorship; praefectura; superintendence, care, charge; taking up a charge; management; outward dignity, pomp, show; patronage, protection; patronatus; patrocinium; partisanship; collusion, champerty; place before a building, court"
γενν-αῖος,urn:cite2:hmt:lsj.chicago_md:n21899,rank_kingship_rule,seed+embed,0.561,0.395,0.166,1916,"true to oneʼs birth; descent; high-born, noble; well-bred; noble in mind, high-minded; noble; very good; good of their kind, excellent; great; genuine, intense; violent; nobly"
δίκαιος,urn:cite2:hmt:lsj.chicago_md:n26886,rank_kingship_rule,embed,0.561,0.386,0.175,4631,"observant of custom; rule; of social rule, well-ordered, civilized; good; civilized; in due form, decently; loyally; observant of duty; righteous; rightly; equal, even, well-balanced; evengoing; fair, impartial; legally exact, precise; quite exactly; lawful, just; right; issue; what is just and right; oneʼs due; deserts; lawful claim; obligations; contracts; terms; rightly, justly; meet and right, fitting; fit for; use; normal; real, genuine; really and truly; of equity; with reason; are bound; have a right; have most reason; dignus est qui pereat; has a right"
οἰκο-τύραννος,urn:cite2:hmt:lsj.chicago_md:n72371,rank_kingship_rule,seed+embed,0.56,0.437,0.123,68,domestic tyrant
βᾰσίλ-ειος,urn:cite2:hmt:lsj.chicago_md:n19545,rank_kingship_rule,seed+embed,0.558,0.325,0.233,755,royal; the kingʼs; of the archon; basilica; choice
ἄρχων,urn:cite2:hmt:lsj.chicago_md:n16052,rank_kingship_rule,seed+embed,0.557,0.52,0.037,963,"ruler, commander; chief, king; chief magistrate; the authorities; eponymous magistrate of the year; consul; governor; praefectus; magistrate, official; ruler; president"
δίοπος,urn:cite2:hmt:lsj.chicago_md:n27232,rank_kingship_rule,seed+embed,0.557,0.378,0.18,206,"ruler, commander; captain of a ship"
κραίνω,urn:cite2:hmt:lsj.chicago_md:n59589,rank_kingship_rule,seed+embed,0.554,0.487,0.067,3226,"ṇ-y; accomplish, fulfil; accomplish; give true; come true; to be accomplished, brought to pass; hath been cast; was perfected; ordain; finishing [the tale of; exercise sway, reign; sway; reign over, govern; dominate; come to an end, result; culminate, be at its worst; terminate; extend"
τῠραννο-ποιός,urn:cite2:hmt:lsj.chicago_md:n105972,rank_kingship_rule,embed,0.553,0.379,0.174,61,maker of tyrants
βᾰσῐλ-ίζω,urn:cite2:hmt:lsj.chicago_md:n19553,rank_kingship_rule,seed+embed,0.552,0.327,0.225,263,"to be of the kingʼs party; affect, assume the state of a king"
ἐθν-άρχης,urn:cite2:hmt:lsj.chicago_md:n30804,rank_kingship_rule,seed+embed,0.552,0.407,0.145,383,ruler of a tribe; nation; sheikh; ruling over nations
αἰσυμν-ήτης,urn:cite2:hmt:lsj.chicago_md:n2698,rank_kingship_rule,seed+embed,0.551,0.404,0.147,459,"judge, umpire; overseer, bailiff; ruler chosen; elective monarch; dictator"
βᾰθυ-χάϊος,urn:cite2:hmt:lsj.chicago_md:n19112,rank_kingship_rule,seed+embed,0.551,0.378,0.173,91,of old nobility
βᾰσῐλ-εύς,urn:cite2:hmt:lsj.chicago_md:n19546,rank_kingship_rule,seed+embed,0.551,0.335,0.217,3752,"king, chief; captain; judge; hereditary king; king; more kingly; God; prince; descendant of a royal house; of the royal house’; lord, master; the second of the nine Archons; rex sacrorum; the king of Persia; kings; emperors; great man; first; most distinguished of any class; winner; sage; choice; wren; queen-bee"
ἐπιστᾰσία,urn:cite2:hmt:lsj.chicago_md:n40974,rank_kingship_rule,seed+embed,0.548,0.437,0.111,467,"attention, care; attention; recognition; authority, dominion; dominion over"
πονηρο-κρᾰτέομαι,urn:cite2:hmt:lsj.chicago_md:n85650,rank_kingship_rule,embed,0.548,0.415,0.133,103,to be governed by the
ἀποκαισᾰρόομαι,urn:cite2:hmt:lsj.chicago_md:n12733,rank_kingship_rule,embed,0.545,0.241,0.304,67,assume the monarch
ἀστῠ-θεμις,urn:cite2:hmt:lsj.chicago_md:n16697,rank_kingship_rule,seed+embed,0.543,0.432,0.111,55,just ruler of cities
κατατῠραννέω,urn:cite2:hmt:lsj.chicago_md:n55453,rank_kingship_rule,seed+embed,0.541,0.443,0.098,70,to be tyrant over
δαιμονι-άρχης,urn:cite2:hmt:lsj.chicago_md:n23227,rank_kingship_rule,seed+embed,0.538,0.351,0.187,71,ruler of demons
δαιμονο-τάκτης,urn:cite2:hmt:lsj.chicago_md:n23241,rank_kingship_rule,seed+embed,0.538,0.351,0.187,93,ruler of demons
δημο-γέρων,urn:cite2:hmt:lsj.chicago_md:n24401,rank_kingship_rule,embed,0.536,0.358,0.178,261,"elder of the people; nobles, chiefs; elders; deus minorum gentium"
βάθρον,urn:cite2:hmt:lsj.chicago_md:n19013,rank_kingship_rule,seed+embed,0.535,0.386,0.148,1184,"that on which anything steps; stands; base, pedestal; throne; stage, scaffold; solid base; house; foundations; firm; utterly; step; rung of a ladder; bench, seat; seats; machine for reducing dislocation; the verge"
δίφρος,urn:cite2:hmt:lsj.chicago_md:n27618,rank_kingship_rule,seed+embed,0.535,0.386,0.148,906,"chariot-board; two; chariot; travelling-car; litter; seat, couch, stool; sella curulis; seat of office; throne; night-stool"
ἕδρ-α,urn:cite2:hmt:lsj.chicago_md:n30700,rank_kingship_rule,seed+embed,0.535,0.505,0.029,2668,"sitting-place; seat, chair, stool, bench; seat of honour; throne; seat, abode; sanctuary, temple; station; seat; place; right place; wriggle; base; the back; on which the rider sits; quarters; sitting; sitting still; inactivity, delay; position; place occupied by; sitting, session; the sitting; quietude; a sitting; seat, breech, fundament; rump; face"
εὔθρονος,urn:cite2:hmt:lsj.chicago_md:n44015,rank_kingship_rule,seed+embed,0.535,0.386,0.148,174,with beautiful seat; throne
καθέδρ-α,urn:cite2:hmt:lsj.chicago_md:n51723,rank_kingship_rule,seed+embed,0.535,0.386,0.148,908,"seat; form; chair; seats; sitting part, posteriors; base; sitting posture; sitting idle, inaction; session; professorial chair; throne"
κύριος,urn:cite2:hmt:lsj.chicago_md:n61056,rank_kingship_rule,seed,0.535,0.534,0.0,6278,"having power; authority over; in possession of; with power of; have authority; am entitled; better able; having authority, supreme; sovereign power; supreme authorities; sovereign; principal; authoritative, decisive; of more authority; important, principal; most important matters; valid; ordained, appointed; appointed; legitimate, lawful; lawful power; proper, real; real; actual; current, ordinary; current; most ordinary; proper, personal; lord, master; head; master; guardian; guardian, trustee; sir; mistress, lady of the house; madam; Yahweh"
ποικῐλό-διφρος,urn:cite2:hmt:lsj.chicago_md:n84281,rank_kingship_rule,seed+embed,0.535,0.386,0.148,117,with chariot; throne; richly dight
τῑμ-ή,urn:cite2:hmt:lsj.chicago_md:n103975,rank_kingship_rule,seed+embed,0.535,0.676,-0.141,4541,"worship, esteem, honour; honours; due regard; paid to them by; the honour due; with honour, honourably; a mark of honour; honour, dignity, lordship; prerogative; special attribute; prerogatives; a dignity, office, magistracy; civic honours; office; office, task; a person in authority, an authority; authorities; present of honour, compliment, offering; reward, present; worth, value, price; a price; prices; value; valuation, estimate; compensation, satisfaction, penalty; it; penalty"
ἄνα,urn:cite2:hmt:lsj.chicago_md:n6215,rank_kingship_rule,seed+embed,0.534,0.323,0.211,332,king
βαλλήν,urn:cite2:hmt:lsj.chicago_md:n19273,rank_kingship_rule,seed+embed,0.534,0.323,0.211,294,king
ἐσσήν,urn:cite2:hmt:lsj.chicago_md:n42954,rank_kingship_rule,seed+embed,0.534,0.323,0.211,411,priest of Artemis; king; king bee; queen bee
ἰσ-άρχων,urn:cite2:hmt:lsj.chicago_md:n50934,rank_kingship_rule,seed+embed,0.534,0.384,0.149,78,equitable ruler
κοαλδδεῖν,urn:cite2:hmt:lsj.chicago_md:n58252,rank_kingship_rule,seed+embed,0.534,0.323,0.211,45,king
ἄνα1,urn:cite2:hmt:lsj.chicago_md:n6214,rank_kingship_rule,seed+embed,0.534,0.323,0.211,261,king
πᾰν-άρχων,urn:cite2:hmt:lsj.chicago_md:n77271,rank_kingship_rule,seed+embed,0.532,0.396,0.136,62,ruler of all
πᾰν-ηγεμών,urn:cite2:hmt:lsj.chicago_md:n77407,rank_kingship_rule,seed+embed,0.532,0.396,0.136,56,ruler of all
ἀρχοντ-ικός,urn:cite2:hmt:lsj.chicago_md:n16043,rank_kingship_rule,seed+embed,0.531,0.451,0.08,223,of an archon; of a ruler; ex-archon
δικτάτωρ,urn:cite2:hmt:lsj.chicago_md:n27005,rank_kingship_rule,embed,0.53,0.383,0.147,163,dictator; the dictatorship
αἰωνο-πολοκράτωρ,urn:cite2:hmt:lsj.chicago_md:n2821,rank_kingship_rule,seed+embed,0.529,0.316,0.212,86,eternal ruler of the heavens
ὁμό-τῑμος,urn:cite2:hmt:lsj.chicago_md:n73862,rank_kingship_rule,seed+embed,0.529,0.53,-0.001,829,"equally valued; honoured, held in equal honour; with; having an equal share in; chief nobles, peers; equal in degree; no less than..,"
παραβᾰσῐλεύω,urn:cite2:hmt:lsj.chicago_md:n77775,rank_kingship_rule,seed+embed,0.527,0.34,0.187,152,"reign beside, be co-regent; govern ill; commit treason"
αὐταρχ-έω,urn:cite2:hmt:lsj.chicago_md:n17563,rank_kingship_rule,seed+embed,0.526,0.404,0.123,74,to be an absolute ruler
κᾰκονομ-έομαι,urn:cite2:hmt:lsj.chicago_md:n52269,rank_kingship_rule,embed,0.525,0.394,0.13,66,to be badly governed
βᾰσιλ-ειάω,urn:cite2:hmt:lsj.chicago_md:n19541,rank_kingship_rule,embed,0.524,0.416,0.108,87,aim at royalty
ἁδρός,urn:cite2:hmt:lsj.chicago_md:n1499,rank_kingship_rule,embed,0.522,0.417,0.105,1798,"thick, stout, bulky; thick; most solid; large; strong, violent; full, swollen; in abundance; severe; powerful; the grand style; more freely; loud; more deeply; fine, well-grown; the bestgrown, the stronger; chiefs, princes; fine, fat; full-grown, ripe; ready to be laid"
ἀντιβολεύς·,urn:cite2:hmt:lsj.chicago_md:n9817,rank_kingship_rule,embed,0.522,0.35,0.172,39,dictator
ἀνυπ-εύθῡνος,urn:cite2:hmt:lsj.chicago_md:n10859,rank_kingship_rule,embed,0.522,0.408,0.115,518,not liable to a; not accountable; dictator; beyond human control; criticism; unchartered; that will not bear investigation
αὐτο-κράτωρ,urn:cite2:hmt:lsj.chicago_md:n17775,rank_kingship_rule,seed+embed,0.522,0.438,0.085,1341,"oneʼs own master:; free, independent; that has come of age; possessing full powers, plenipotentiary; absolute; at their pleasure; Dictator; Imperator; the Emperor; peremptory; complete master of; having full liberty to; having full power"
τῠρανν-ητέον,urn:cite2:hmt:lsj.chicago_md:n105959,rank_kingship_rule,seed+embed,0.522,0.355,0.167,64,one must be tyrant
τετρᾰδαρχ-έομαι,urn:cite2:hmt:lsj.chicago_md:n103347,rank_kingship_rule,embed,0.519,0.361,0.158,78,to be governed in tetrarchies
κατεξ-ουσία,urn:cite2:hmt:lsj.chicago_md:n55783,rank_kingship_rule,seed+embed,0.517,0.474,0.043,241,"sovereignty, dominion; power over"
δημοκρᾰτ-ία,urn:cite2:hmt:lsj.chicago_md:n24421,rank_kingship_rule,embed,0.515,0.421,0.094,312,"democracy, popular government"
ἀρχέτας,urn:cite2:hmt:lsj.chicago_md:n15884,rank_kingship_rule,seed+embed,0.514,0.347,0.167,131,"leader, prince; princely"
δεσπ-οσύνη,urn:cite2:hmt:lsj.chicago_md:n24199,rank_kingship_rule,embed,0.514,0.449,0.065,63,"absolute rule, despotism"
ἀνάσσω,urn:cite2:hmt:lsj.chicago_md:n7504,rank_kingship_rule,seed+embed,0.513,0.521,-0.008,1616,"to be lord, master; to be lord, hold sway in..; to be lord of..; to be master of; the kings; to have been king; to be ruled; lord of; is held as lord"
βεβαι-ωτής,urn:cite2:hmt:lsj.chicago_md:n19727,rank_kingship_rule,seed+embed,0.512,0.419,0.093,361,one who gives assurance of; authority; confirmatory; surety; warrantor
κῡρι-ότης,urn:cite2:hmt:lsj.chicago_md:n61057,rank_kingship_rule,seed+embed,0.512,0.419,0.093,249,"dominion; authority; proper, legitimate use of a term; proprietas"
λέγω,urn:cite2:hmt:lsj.chicago_md:n62205,rank_kingship_rule,seed+embed,0.512,0.432,0.08,10190,"pick up; gather, pick up; picking out stones for building; gather for oneself; choose for oneself, pick out; to be chosen; count, tell; counted; reckoned myself; told him over; was counted; count; recount, tell over; repeated; tell the tale; say, speak; oral; speak, say on; say, declare; indicates; express; say; speak of; of; speak; revile; call by name; call; tell, command; say something; speak to the point; purpose; am I right; has; meaning; authority; nonsense; say what is not, lie; good news!, that is well; you are right; and what is more; wish to say, mean; does; mean?; do you mean; sense do you say this? Ap.; do we mean to say? Grg.; mean; I mean; use the term; they say; it is said; was said; as the saying goes; so-called; of whom it is said; plead; boast of, tell of; sing of; recite; lego, read; send word; maintain; nominate; dicere [dictatorem; lègo, legio, legulus"
παρατίθημι,urn:cite2:hmt:lsj.chicago_md:n78926,rank_kingship_rule,seed+embed,0.512,0.419,0.093,4462,"place beside; set before, serve up; the serving-men; meats set before one; put to the breast; provide, furnish; would place; at my disposal !; expose for sale; place upon; lay before; explain; allege, produce; put; provide side by side; set side by side, compare; place side by side, juxtapose; form a compound; deposit; set before oneself, have set before one; who fare; have; set before; provide for oneself, supply oneself with; deposit what belongs to one; give in charge; give a person in charge to; commend; commit; store up; venture, stake, hazard; apply; of oneʼs own to; employ; cite in oneʼs own favour, cite as evidence; authority; mention; quote; quote instances; affix, apply a name; explain, allege"
προεδρ-ία,urn:cite2:hmt:lsj.chicago_md:n87137,rank_kingship_rule,seed+embed,0.512,0.419,0.093,1372,"privilege of the front seats; authority; precedence, place; attention, respectful treatment; care; front seat; a chair of state; seats of the"
προστᾰτ-εύω,urn:cite2:hmt:lsj.chicago_md:n90125,rank_kingship_rule,seed+embed,0.512,0.427,0.086,654,"to be leader; ruler of; exercise authority; to have authority for providing; provide; take care; hold office of; to be guardian of, regent for"
προφέρω,urn:cite2:hmt:lsj.chicago_md:n90671,rank_kingship_rule,seed+embed,0.512,0.419,0.093,4059,"bring before; to; present; cast; in; teeth; throw in; teeth, bring forward, allege; reproach; utter; proclaim; publish; lays down; bring forward, cite; putting forward; authority; citing by way of example; pleading..; cite; recite; propose as a task; it having been commanded; bring forward, display; show; challenge; bring out; should be produced..; carry off, sweep away; put; move forward; carry forward, pass on; promote, further; furthers; conduce, help; surpass, excel; surpassing; bring forth; carry before"
σθένος,urn:cite2:hmt:lsj.chicago_md:n93917,rank_kingship_rule,seed+embed,0.512,0.449,0.063,1805,"strength, might; bodily strength; strength; force; by force; might; oneʼs might; strength, might, power; authority; a force; quantity, profusion"
ὑποστέλλω,urn:cite2:hmt:lsj.chicago_md:n109210,rank_kingship_rule,seed+embed,0.512,0.419,0.093,3179,"draw in, contract; made; furl; tuck down; closed; reduce; to be reduced; to be limited; draw back for shelter; shelter; behind; cover; to be reduced in size; to be subordinate; draw back; drew back; a little in the rear; not projecting beyond; take away, remove; to be excepted; belong; fall within; authority; to be subjected; place restrictions on oneself; another, reduce diet; abstain from; avoid; shrink from; stuck at; shrink before, hold in undue awe; hold back; refrain from saying; with; reserve; make reservations; delitesco"
φροντ-ίς,urn:cite2:hmt:lsj.chicago_md:n112368,rank_kingship_rule,seed+embed,0.512,0.51,0.002,2617,"thought, care, attention; thought; thought, reflection, meditation; a-thinking; thoughts; thoughtfully; speculations; care, anxiety; matter; cares, worries; heartʼs desire; hypochondria; power of thought, mind; authority; guardianship; office, function, department; portion of land entrusted"
κοσμο-διοικητικός,urn:cite2:hmt:lsj.chicago_md:n59321,rank_kingship_rule,embed,0.51,0.398,0.112,72,governing the world
ἀρχικός,urn:cite2:hmt:lsj.chicago_md:n15962,rank_kingship_rule,seed+embed,0.509,0.43,0.079,1301,"of; for rule, royal; official; presents demanded by officials on entering office; fit for rule, command; office; having served as magistrates; dominant, sovereign; sovereign; principal; belonging to; primal, original; commences with"
δημο-τελής,urn:cite2:hmt:lsj.chicago_md:n24456,rank_kingship_rule,seed+embed,0.508,0.32,0.189,412,"at the public cost; with public authority, sovereign"
ἀνακλη-τήρια,urn:cite2:hmt:lsj.chicago_md:n6728,rank_kingship_rule,embed,0.506,0.377,0.129,88,a festival on a kingʼs proclamation
βᾰσῐλ-ίς,urn:cite2:hmt:lsj.chicago_md:n19558,rank_kingship_rule,seed+embed,0.506,0.326,0.181,673,"queen, princess; princess; royal; kingdom"
θρόνος,urn:cite2:hmt:lsj.chicago_md:n49205,rank_kingship_rule,seed+embed,0.506,0.372,0.134,1071,"seat, chair; throne, chair of state; kingʼs estate; dignity; oracular seat; chair of a teacher; judgeʼs bench; favourable combination of planetary positions; bread"
ἐπίκειμαι,urn:cite2:hmt:lsj.chicago_md:n39661,rank_kingship_rule,seed+embed,0.504,0.384,0.12,2813,"to be laid upon; to be put to; closed; to be placed, lie in; on; lying off; off the coast; lies; across; to; be laid upon; press upon, be urgent; press upon; attack; to be urgent against; hang over; imposed; to be imposed; suitable to the purpose, pointed; to be set in authority; with; set thereon; on oneʼs head; bore; upon; fitted with; exposed to.."
ὡραῖος,urn:cite2:hmt:lsj.chicago_md:n116302,rank_kingship_rule,embed,0.504,0.477,0.027,3493,"produced at the right season; seasonable, timely; fruits gathered in due season; of the season; in season; fruits of the season; yearling; salted; pickled in the season; pickling; produce; harvest-time; campaigning-season; in the season; happening; done in due season, seasonable; the weather permitted; seasonable, due, proper; seasonable; ripe; ready for death; in the prime of life, youthful; in the bloom of youth; beautiful, graceful"
φᾰλᾰρισμός,urn:cite2:hmt:lsj.chicago_md:n110186,rank_kingship_rule,embed,0.501,0.348,0.153,78,"tyranny, like that of Phalaris"
ὀλῐγαρχ-έω,urn:cite2:hmt:lsj.chicago_md:n72978,rank_kingship_rule,embed,0.5,0.389,0.111,189,"to be a member of an oligarchy; to be governed by the few, be under an oligarchy"
φῐλό-καισαρ,urn:cite2:hmt:lsj.chicago_md:n111205,rank_kingship_rule,embed,0.5,0.421,0.079,155,loyal to the Emperor
φῐλο-σέβαστος,urn:cite2:hmt:lsj.chicago_md:n111466,rank_kingship_rule,embed,0.5,0.421,0.079,118,loyal to the Emperor
δικτᾱτωρεύω,urn:cite2:hmt:lsj.chicago_md:n27006,rank_kingship_rule,embed,0.499,0.342,0.157,51,to be dictator
νοητάρχης,urn:cite2:hmt:lsj.chicago_md:n70919,rank_kingship_rule,seed+embed,0.499,0.315,0.185,84,ruler of the world of Intelligence
πᾱσῐ-άναξ,urn:cite2:hmt:lsj.chicago_md:n79908,rank_kingship_rule,seed+embed,0.499,0.296,0.203,168,universal king; Tab.Defix. Aud.
μέγᾰς,urn:cite2:hmt:lsj.chicago_md:n65552,rank_kingship_rule,seed+embed,0.498,0.426,0.072,7914,"big; full-grown; elder; vast, high; wide; long; great, mighty; to greatness; strong; epilepsy; great, loud; great; difficult; weighty, important; of great importance; great importance; most important; most pressing; large; over-great; impressive; more striking; greatly, mightily; very much, exceedingly; all; loudly; far; by far; greater, longer, taller; too great; the elder; headman; the higher authority; nothing whatever; majmán; magnus; mikils"
ἀνάξιος,urn:cite2:hmt:lsj.chicago_md:n7115,rank_kingship_rule,seed+embed,0.496,0.269,0.227,68,"kingly, royal"
εὐρῠ-ζῠγος,urn:cite2:hmt:lsj.chicago_md:n44998,rank_kingship_rule,embed,0.494,0.389,0.105,88,"broad-throned, wide-ruling"
ἄναρκτος,urn:cite2:hmt:lsj.chicago_md:n7363,rank_kingship_rule,embed,0.493,0.365,0.127,201,not governed; subject; not submitting to be governed
ἀρχοντ-ιάω,urn:cite2:hmt:lsj.chicago_md:n16042,rank_kingship_rule,seed+embed,0.491,0.378,0.113,77,wish to be ruler
συντῠρανν-οκτονέω,urn:cite2:hmt:lsj.chicago_md:n101094,rank_kingship_rule,embed,0.491,0.37,0.121,69,join in slaying tyrants
τῠραννοφόνος,urn:cite2:hmt:lsj.chicago_md:n105975,rank_kingship_rule,embed,0.491,0.373,0.118,77,slaying tyrants
εὔεδρος,urn:cite2:hmt:lsj.chicago_md:n43719,rank_kingship_rule,seed+embed,0.49,0.348,0.142,582,on stately throne; a firm; well-poised; well-fitting; easy to sit; in a right; lucky place; appearing in a lucky quarter
ἐμβᾰσῐλεύω,urn:cite2:hmt:lsj.chicago_md:n33967,rank_kingship_rule,seed+embed,0.489,0.313,0.176,263,to be king in; among
αἰνο-τύραννος,urn:cite2:hmt:lsj.chicago_md:n2572,rank_kingship_rule,seed+embed,0.488,0.336,0.152,57,dreadful tyrant
κρᾰτ-έω,urn:cite2:hmt:lsj.chicago_md:n59708,rank_kingship_rule,seed,0.487,0.521,-0.033,5925,"to be strong, powerful; rule, hold sway; sway; the ruler; lady of the house; rule among; rule in; to be lord; master of, rule over; to be master of; to be above; conquer, prevail, get the upper hand; prevail; in; conquerors; to be superior; to be the best; prevail, become current; prevail so that; ʼtis better to; conquer, prevail over; get the better of; surpassed, went beyond; is better than; digest, assimilate; conquer, master; outdo; surpass; to be overcome; become master of, get possession of; have; at command, remember; master; to be mastered; lay hold of; seize, win and keep; seize, hold fast, arrest; secure, grasp; hold up, support; maintain; hold fast; keep, retain; b; has been reserved; settled; possess a title to; sequester, place under embargo; hold in the hand; endure, put up with; control, command; controlled; repair, make good"
μοναρχ-έω,urn:cite2:hmt:lsj.chicago_md:n68443,rank_kingship_rule,seed+embed,0.486,0.369,0.117,351,to be sovereign; kingʼs; hold the office of
ἀριστο-κρᾰτικός,urn:cite2:hmt:lsj.chicago_md:n15115,rank_kingship_rule,embed,0.484,0.343,0.141,269,aristocratical
ἔφορος,urn:cite2:hmt:lsj.chicago_md:n45843,rank_kingship_rule,seed+embed,0.484,0.341,0.143,685,"overseer, guardian, ruler; the ephors"
ποικῐλό-θρονος,urn:cite2:hmt:lsj.chicago_md:n84283,rank_kingship_rule,seed+embed,0.484,0.364,0.121,94,on richly-worked throne
ἐξουσ-ιάζω,urn:cite2:hmt:lsj.chicago_md:n37651,rank_kingship_rule,seed+embed,0.483,0.509,-0.026,467,exercise authority; have power; exercise authority over; to be held under authority; enjoy licence
τῠραννοκτον-ία,urn:cite2:hmt:lsj.chicago_md:n105969,rank_kingship_rule,seed+embed,0.483,0.403,0.08,127,the slaying of a tyrant
κτίσ-ις,urn:cite2:hmt:lsj.chicago_md:n60383,rank_kingship_rule,seed+embed,0.482,0.414,0.068,470,"founding, settling; achievement; creation; created thing, creature; authority created; ordained"
μνοΐα,urn:cite2:hmt:lsj.chicago_md:n68231,rank_kingship_rule,embed,0.482,0.24,0.242,285,a class of serfs; vassals; Cretan serf
αὐτο-κρᾰτορεύω,urn:cite2:hmt:lsj.chicago_md:n17769,rank_kingship_rule,embed,0.481,0.341,0.14,93,to be; become Emperor
τῠράνν-ησις,urn:cite2:hmt:lsj.chicago_md:n105958,rank_kingship_rule,embed,0.481,0.352,0.129,59,tyranny
ἐκβᾰσῐλίζομαι,urn:cite2:hmt:lsj.chicago_md:n31713,rank_kingship_rule,seed,0.477,0.311,0.165,147,to be raised to royal rank
ἀγησί-λᾱος,urn:cite2:hmt:lsj.chicago_md:n508,rank_kingship_rule,seed,0.476,0.384,0.092,497,leader of the people
κοιρᾰν-έω,urn:cite2:hmt:lsj.chicago_md:n58463,rank_kingship_rule,seed,0.476,0.404,0.072,597,"to be lord; master, rule, command; to be lord of; lead, arrange"
λᾱγέτᾱς,urn:cite2:hmt:lsj.chicago_md:n61506,rank_kingship_rule,seed,0.476,0.384,0.092,130,leader of the people
τῠραννο-δαίμων,urn:cite2:hmt:lsj.chicago_md:n105965,rank_kingship_rule,seed,0.476,0.312,0.165,107,tyrant more than human
ἀγλαό-θρονος,urn:cite2:hmt:lsj.chicago_md:n641,rank_kingship_rule,seed,0.467,0.373,0.095,115,"with splendid throne, bright-throned"
δημᾰγωγ-έω,urn:cite2:hmt:lsj.chicago_md:n24349,rank_kingship_rule,seed,0.464,0.465,-0.001,727,"to be a leader of the people; curry favour with; to be won over, conciliated by popular arts; introduce; so as to win popularity; make; popular"
εὔπᾰτρις,urn:cite2:hmt:lsj.chicago_md:n44714,rank_kingship_rule,seed,0.46,0.318,0.142,416,born of a noble sire; derived from those of noble birth; magistratus patricii; patricia
ἵζω,urn:cite2:hmt:lsj.chicago_md:n50158,rank_kingship_rule,seed,0.46,0.404,0.056,3524,"si-sd-ō; e-sed-s-; make to sit, seat, place, set; set; laid; settled; having caused; to sit; thou didst throne; set up and dedicate; sit, sit down; sat; sit still, be quiet; sink; sit; Papers of Amer.Sch.at Athens; lie in ambush; take up a position; settle down, subside"
αὐθεντ-ικός,urn:cite2:hmt:lsj.chicago_md:n17370,rank_kingship_rule,seed,0.453,0.355,0.098,498,"principal; warranted, authentic; original; authoritative; loqui; nuntiabatur; with higher authority"
ἀφηγ-έομαι,urn:cite2:hmt:lsj.chicago_md:n18258,rank_kingship_rule,seed,0.452,0.418,0.034,668,"lead the way from; lead the way, go first; the van; to be leader of; taking up his command; tell, relate; assert; what has been told"
ὑπομνημᾰτ-ισμός,urn:cite2:hmt:lsj.chicago_md:n108806,rank_kingship_rule,seed,0.45,0.374,0.076,886,"memorandum; minute; royal decree; official diary; records; a decree of the Areopagus; written records; note-taking; memoirs, annals; treatise; commentary"
τῠραννοκτον-ικός,urn:cite2:hmt:lsj.chicago_md:n105970,rank_kingship_rule,seed,0.449,0.364,0.084,95,of; for the slaying of a tyrant
ὑποπέζιος,urn:cite2:hmt:lsj.chicago_md:n108913,rank_kingship_rule,seed,0.448,0.277,0.171,222,inferior in rank; subordinate; humiliation
ἡγ-ησίπολις,urn:cite2:hmt:lsj.chicago_md:n46622,rank_kingship_rule,seed,0.442,0.348,0.094,70,leader of the state
ὁμο-τύραννος,urn:cite2:hmt:lsj.chicago_md:n73880,rank_kingship_rule,seed,0.439,0.332,0.107,72,fellow-tyrant
συντῠρανν-ος,urn:cite2:hmt:lsj.chicago_md:n101095,rank_kingship_rule,seed,0.439,0.332,0.107,55,fellow-tyrant
βᾶ,urn:cite2:hmt:lsj.chicago_md:n18951,rank_kingship_rule,seed,0.438,0.279,0.16,150,king!; baa!; baaing
ἱππιάναξ,urn:cite2:hmt:lsj.chicago_md:n50717,rank_kingship_rule,seed,0.438,0.33,0.108,78,king of horsemen
κοινο-τελής,urn:cite2:hmt:lsj.chicago_md:n58432,rank_kingship_rule,seed,0.438,0.328,0.11,100,with the authority of the state
κῡρι-ακός,urn:cite2:hmt:lsj.chicago_md:n61043,rank_kingship_rule,seed,0.438,0.367,0.071,608,of; for an owner; master; of the Roman Emperor; the fiscus; belonging to the Lord (Christ; the Lordʼs Supper; the Lordʼs day; the Lordʼs house
ἰχθῠ-μέδων,urn:cite2:hmt:lsj.chicago_md:n51460,rank_kingship_rule,seed,0.437,0.309,0.128,60,king of fish
Αἴγυπτος,urn:cite2:hmt:lsj.chicago_md:n2224,rank_kingship_rule,seed,0.435,0.46,-0.025,173,the river Nile; King Aegyptus; Egypt; to Egypt
ἀγένν-ητος,urn:cite2:hmt:lsj.chicago_md:n460,rank_kingship_rule,seed,0.43,0.307,0.123,368,"unbegotten, unborn; unoriginated; non-existent; low-born, mean; not productive; without leaving issue"
ὑπερέχω,urn:cite2:hmt:lsj.chicago_md:n107520,rank_kingship_rule,seed,0.43,0.365,0.065,4357,"hold over; held; over; holding; up out of; hold; so as to protect; hold above; elevate; to be above, rise above the horizon; was above water; with their heads; above; sticks out above; covers; projecting above the ground; projecting; rose above, overlooked; overtop, be prominent above; exceeds; excess; outflank; overtop, excel, outdo; prevail; more powerful; those in authority; has prevailed; excel; exceed; being too strong for; was beyond; to be outdone; have a wider extension; excess value; rise above, be able to bear; have over; has in hand"
ἀθᾰνᾰτ-ος,urn:cite2:hmt:lsj.chicago_md:n1899,rank_kingship_rule,seed,0.427,0.359,0.068,1349,"undying, immortal; the Immortals; goddesses; of immortal fame; everlasting, perpetual; that cannot die; on which life depended; the immortals; the king never dies; standing; maintained at a constant figure"
ἀστυ-νόμος,urn:cite2:hmt:lsj.chicago_md:n16707,rank_kingship_rule,seed,0.425,0.364,0.061,578,"protecting the city; public; of law-abiding; social life; a magistrate who had the care of the police, streets, and public buildings; praetor urbanus"
κληρουχ-αρχέω,urn:cite2:hmt:lsj.chicago_md:n57884,rank_kingship_rule,seed,0.425,0.257,0.168,85,to be governor of a
ἡγεμον-ικός,urn:cite2:hmt:lsj.chicago_md:n46608,rank_kingship_rule,seed,0.424,0.352,0.072,1452,"of; for a leader, ready to lead; guide; vital; capable of command, authoritative; authoritative; the authoritative part of the soul; the governing part; like a leader; more like an Emperor; consularis; belonging to the prefect of Egypt; payment to a; PLond.ined."
ἀστῠ-άναξ,urn:cite2:hmt:lsj.chicago_md:n16687,rank_kingship_rule,seed,0.423,0.515,-0.093,299,lord of the city; Astyanax; fish
ἔναρχος,urn:cite2:hmt:lsj.chicago_md:n35022,rank_kingship_rule,seed,0.423,0.354,0.069,367,"in office, in authority; who were in office; under authority"
ἐπάρχω,urn:cite2:hmt:lsj.chicago_md:n38345,rank_kingship_rule,seed,0.423,0.417,0.006,1037,"rule over; to be governor, commandant of; rule besides; pour the first drops; let; begin by pouring; serve, offer; begin"
ἄναξ,urn:cite2:hmt:lsj.chicago_md:n7094,rank_kingship_rule,seed,0.422,0.366,0.056,2065,"lord, master; sons; brothers of kings; lord; master of the house; master; owner; lords"
τρι-στάτης,urn:cite2:hmt:lsj.chicago_md:n105277,rank_kingship_rule,seed,0.418,0.158,0.26,116,"one who stands next to the king and queen, vizier"
σέλμα,urn:cite2:hmt:lsj.chicago_md:n93675,rank_kingship_rule,seed,0.417,0.293,0.124,600,"the upper planking of a ship, deck; ship; rowing-benches; seat, throne; timberwork; scaffolds behind the parapet; logs of building timber"
ἀγενν-ής,urn:cite2:hmt:lsj.chicago_md:n458,rank_kingship_rule,seed,0.414,0.19,0.224,409,low-born; sordid
ἀκρο-φύλαξ,urn:cite2:hmt:lsj.chicago_md:n3667,rank_kingship_rule,seed,0.414,0.183,0.231,113,governor of a citadel
δυσ-γενής,urn:cite2:hmt:lsj.chicago_md:n28780,rank_kingship_rule,seed,0.414,0.179,0.235,180,"low-born; low-minded, mean"
τᾰμῐ-ας,urn:cite2:hmt:lsj.chicago_md:n102264,rank_kingship_rule,seed,0.414,0.417,-0.003,2481,"one who carves and distributes, dispenser, steward; the dispenser; controller; controller, director; master; steward; priest; that hath store; one that is master; lords; treasurer, paymaster; a; quaestor"
ἀποικ-ιστής,urn:cite2:hmt:lsj.chicago_md:n12689,rank_kingship_rule,seed,0.413,0.294,0.119,76,leader of a colony
καίριος,urn:cite2:hmt:lsj.chicago_md:n52030,rank_kingship_rule,seed,0.413,0.556,-0.143,1817,"in; at the right place; a vital part; mortal; grave, serious; in season, timely; critical; at the right time; at the exact; fatal moment; timely circumstances, opportunities; emergencies; lasting but for a season; chief, principal; in season, seasonably; mortally"
λῃστάρχ-ης,urn:cite2:hmt:lsj.chicago_md:n62977,rank_kingship_rule,seed,0.413,0.308,0.104,122,chief of robbers; chieftainship of robbers
κεφάλαι-ος,urn:cite2:hmt:lsj.chicago_md:n56978,rank_kingship_rule,seed,0.411,0.508,-0.098,2721,"of the head; principal, chief; head, parts about the head; chief; main point; sum, gist of the matter; heads; summarily; summing up; denique; to sum; the head; head, topic; capital; sum total; sum, Act. Ap.; crown, completion; crowning act; chapter, section, PGnom.Prooem."
σοφισ-τής,urn:cite2:hmt:lsj.chicago_md:n95654,rank_kingship_rule,seed,0.411,0.666,-0.255,2224,"master of oneʼs craft, adept, expert; skilled in..; deviser, contriver; wise, prudent; statesmanlike man; sage; a Sophist; one who gave lessons; for money; sophist; quibbler, cheat; Professors of Rhetoric; prose writers"
ἄνασσα,urn:cite2:hmt:lsj.chicago_md:n7501,rank_kingship_rule,seed,0.41,0.296,0.114,534,"queen, lady; authoress; royal"
ἀρχι-ευνοῦχος,urn:cite2:hmt:lsj.chicago_md:n15942,rank_kingship_rule,seed,0.41,0.284,0.126,75,chief of the eunuchs
βᾰσῐλ-ηΐς,urn:cite2:hmt:lsj.chicago_md:n19552,rank_kingship_rule,seed,0.41,0.28,0.13,191,royal; a queen
κοιρᾰν-ικός,urn:cite2:hmt:lsj.chicago_md:n58467,rank_kingship_rule,seed,0.41,0.28,0.13,108,royal
ἐπιστολᾱγράφος,urn:cite2:hmt:lsj.chicago_md:n41041,rank_kingship_rule,seed,0.409,0.229,0.18,160,royal secretary
ἁλι-κρείων,urn:cite2:hmt:lsj.chicago_md:n4206,rank_kingship_rule,seed,0.408,0.334,0.074,62,lord of the sea
ἀναξί-αλος,urn:cite2:hmt:lsj.chicago_md:n7106,rank_kingship_rule,seed,0.408,0.334,0.074,71,lord of the sea
θᾰλασσο-μέδων,urn:cite2:hmt:lsj.chicago_md:n47763,rank_kingship_rule,seed,0.408,0.334,0.074,107,lord of the sea
ποντο-κράτωρ,urn:cite2:hmt:lsj.chicago_md:n85684,rank_kingship_rule,seed,0.408,0.334,0.074,73,lord of the sea
ποντο-μέδων,urn:cite2:hmt:lsj.chicago_md:n85686,rank_kingship_rule,seed,0.408,0.334,0.074,302,lord of the sea
ἀποβᾰσῐλεύς,urn:cite2:hmt:lsj.chicago_md:n12256,rank_kingship_rule,seed,0.407,0.274,0.133,50,ex-king
βᾰσίλ-ειᾰ,urn:cite2:hmt:lsj.chicago_md:n19539,rank_kingship_rule,seed,0.407,0.286,0.121,272,"queen, princess"
βᾰσῐλ-η,urn:cite2:hmt:lsj.chicago_md:n19550,rank_kingship_rule,seed,0.407,0.286,0.121,178,"queen, princess"
διοικ-ητής,urn:cite2:hmt:lsj.chicago_md:n27151,rank_kingship_rule,seed,0.407,0.248,0.16,410,"administrator, governor; treasurer; chief financial official; procurator; controller"
θεός,urn:cite2:hmt:lsj.chicago_md:n48291,rank_kingship_rule,seed,0.407,0.325,0.082,5473,"God, the Deity; against his will; bless you! good heavens! for heavenʼs sake!; weather; Divus; divi Imperatores; Dis Manibus; one set in authority, judge; goddess; divine"
κλῐμᾰτάρχης,urn:cite2:hmt:lsj.chicago_md:n57930,rank_kingship_rule,seed,0.406,0.476,-0.07,209,governor of a province; ruling terrestrial regions
σᾰτρᾰπ-ης,urn:cite2:hmt:lsj.chicago_md:n93417,rank_kingship_rule,seed,0.406,0.417,-0.011,857,"satrap; viceroy; governor of a province; ša; rapāvan-; a rich man, ‘nabob"
ἄκῡρος,urn:cite2:hmt:lsj.chicago_md:n3784,rank_kingship_rule,seed,0.405,0.492,-0.087,1122,"without authority; invalid, unratified, obsolete; aside; not enforcing; having no right; power; over; less trust-worthy; into which neutral votes were thrown; less important; unimportant; impotent; used in improper sense"
φῐλο-βᾰσῐλεύς,urn:cite2:hmt:lsj.chicago_md:n111063,rank_kingship_rule,seed,0.402,0.276,0.126,143,a friend to the king
πενέστ-ης,urn:cite2:hmt:lsj.chicago_md:n80567,servitude_slavery,seed+embed,0.779,0.347,0.432,429,"labourer; serfs; slave, bondsman; labourer, poor man"
δοῦλος,urn:cite2:hmt:lsj.chicago_md:n28188,servitude_slavery,seed+embed,0.75,0.461,0.289,1306,"born bondman; slave; one made a slave; bondman, slave; bondwoman; slaves to; slavish, servile, subject; more enslaved; slavery, a slavish life; ancillary"
ἀφέτ-ης,urn:cite2:hmt:lsj.chicago_md:n18239,servitude_slavery,seed+embed,0.731,0.33,0.401,350,one who lets off a military engine; teacher of ballistic; starter; prorogator; a freed-slave
παῖς,urn:cite2:hmt:lsj.chicago_md:n76703,servitude_slavery,seed+embed,0.721,0.374,0.347,3219,"child; son; daughter; adopted son; issue; penalty; sons; child, boy; girl; boy; from a child; childhood; slave, servant, man; maid; puer."
πρόδουλ-ος,urn:cite2:hmt:lsj.chicago_md:n87096,servitude_slavery,seed+embed,0.721,0.285,0.436,71,serving as a slave
ἀτμενία,urn:cite2:hmt:lsj.chicago_md:n17112,servitude_slavery,seed+embed,0.718,0.485,0.232,77,slavery
δούλ-ευσις,urn:cite2:hmt:lsj.chicago_md:n28161,servitude_slavery,seed+embed,0.718,0.485,0.232,84,slavery
δουλο-σύνη,urn:cite2:hmt:lsj.chicago_md:n28190,servitude_slavery,seed+embed,0.718,0.485,0.232,142,slavery
ἀτμήν,urn:cite2:hmt:lsj.chicago_md:n17117,servitude_slavery,seed+embed,0.704,0.371,0.334,126,"slave, servant"
βῐάζω,urn:cite2:hmt:lsj.chicago_md:n19871,servitude_slavery,embed,0.703,0.388,0.316,3049,"constrain; they used force; to be hard pressed; overpowered; to be forced; constrained; forcibly made slaves; those who are forced; forced from one; forced; make good, suffice to discharge; overpower by force, press hard; dislodge; to do; violence; having broken through; force; lay violent hands on; to be favourable; carry by force; act with violence, use force; force oneʼs way; using every effort; with violence; by forcing their way; grow worse and worse; contend; argue vehemently; persist in assertion"
δουλ-εία,urn:cite2:hmt:lsj.chicago_md:n28155,servitude_slavery,seed+embed,0.678,0.417,0.261,690,"slavery, bondage; imposed by; slaves; the slave-class; service for hire"
λάτρ-ις,urn:cite2:hmt:lsj.chicago_md:n62064,servitude_slavery,seed+embed,0.678,0.417,0.261,540,hired servant; handmaid; slaves
μεταχείρ-ιος,urn:cite2:hmt:lsj.chicago_md:n67040,servitude_slavery,embed,0.678,0.417,0.261,165,in the hand; in manu; slaves
οἰκετ-ικός,urn:cite2:hmt:lsj.chicago_md:n72270,servitude_slavery,embed,0.678,0.417,0.261,391,of; for the menials; household; servants; slaves; home-bred
δουλᾰγωγ-έω,urn:cite2:hmt:lsj.chicago_md:n28150,servitude_slavery,seed+embed,0.673,0.424,0.248,238,"make a slave, treat as such; bring; into subjection"
ἀπελεύθερ-ος,urn:cite2:hmt:lsj.chicago_md:n11819,servitude_slavery,seed+embed,0.672,0.295,0.377,352,"restored to freedom; emancipated slave, freedman"
ἀντίδουλος,urn:cite2:hmt:lsj.chicago_md:n9918,servitude_slavery,seed+embed,0.67,0.312,0.358,184,"instead of a slave; being as a slave, treated as a slave"
δούλ-ευμα,urn:cite2:hmt:lsj.chicago_md:n28160,servitude_slavery,seed+embed,0.669,0.336,0.333,109,a service; a slave
δρήστ-ης,urn:cite2:hmt:lsj.chicago_md:n28387,servitude_slavery,seed+embed,0.669,0.336,0.333,270,"worker; a slave; doer, actor; energetic"
ὑπέρδουλος,urn:cite2:hmt:lsj.chicago_md:n107410,servitude_slavery,seed+embed,0.663,0.384,0.279,65,a slave and more
ἄνθρωπος,urn:cite2:hmt:lsj.chicago_md:n8909,servitude_slavery,seed+embed,0.655,0.408,0.247,2934,"man; gods; the men; the ideal man, humanity; mankind; this life; the world; of all; the man, the fellow; sirrah! you sir!; brother; slave; 1 Ep.Tim.; a man of; any one; plaster; woman"
ἀργῠρ-ώνητος,urn:cite2:hmt:lsj.chicago_md:n14897,servitude_slavery,seed+embed,0.655,0.356,0.299,219,bought with silver; slave
δμώς,urn:cite2:hmt:lsj.chicago_md:n27806,servitude_slavery,seed+embed,0.655,0.356,0.299,328,slave taken in war; slave
δουλ-ικός,urn:cite2:hmt:lsj.chicago_md:n28168,servitude_slavery,seed+embed,0.655,0.356,0.299,389,slave
θερᾰπ-ων,urn:cite2:hmt:lsj.chicago_md:n48395,servitude_slavery,seed+embed,0.655,0.431,0.224,949,"An Ox.; henchman, attendant; companion in arms, squire; worshipper; devoted to the service of; attending upon; servant; slave"
κατάδουλ-ος,urn:cite2:hmt:lsj.chicago_md:n53933,servitude_slavery,seed+embed,0.655,0.356,0.299,70,slave
λᾱός,urn:cite2:hmt:lsj.chicago_md:n61925,servitude_slavery,seed+embed,0.655,0.395,0.26,3219,men; foot and horse; foot; a land army; the common men; people; subjects; folk; work-people; sailors; slave; man; civil population; people assembled; O people; Oyez; the multitude; the; Jews; Christians; a people; stone
λάτρ-ευμα,urn:cite2:hmt:lsj.chicago_md:n62057,servitude_slavery,seed+embed,0.655,0.418,0.237,227,"service for hire; service; service paid to the gods, worship; slave"
μάνης,urn:cite2:hmt:lsj.chicago_md:n64913,servitude_slavery,seed+embed,0.655,0.356,0.299,549,cup; small bronze figure; Phrygian slave; slave
σῶμα,urn:cite2:hmt:lsj.chicago_md:n102000,servitude_slavery,seed+embed,0.655,0.688,-0.033,4919,"body; dead body, corpse; living body; life; spirit; soul; bodily; animal body; civic rights; caput; a person, human being; per person; self; slave; a body; any corporeal substance; element; metallic substance; figure of three dimensions, solid; the body; whole; the whole body; frame; text; logs"
σωμᾰτ-ιον,urn:cite2:hmt:lsj.chicago_md:n102018,servitude_slavery,seed+embed,0.655,0.439,0.216,1062,"small body, poor body; corpse; slave; small body, corpuscle; padding; book, volume; structure; text; instalment"
ἀναγκ-αῖος,urn:cite2:hmt:lsj.chicago_md:n6330,servitude_slavery,seed+embed,0.652,0.557,0.094,3606,"of, with; by force:; constraining, applying force; of force; urgent; of constraint; of slavery; imposed by fate; fateful; fatal; compulsory nature; stress of circumstances; forcible, cogent; more authoritative; constrained, forced; perforce; trusty, serviceable; necessary; unnecessary; it is necessary to; a necessary; necessaries of life; things necessary to be done; appointed order of things, HG; indispensable; a bare minimum; the least; that was absolutely necessary; the least that could be called; a bare outline; the most distant degree; recognized by law; scanty, makeshift; connected by necessary; natural ties; related by blood; kinsfolk; efficacious; of fate; costly; of necessity, perforce; must; as best might be; in a narrow sense; strictly; privy"
δούλ-ιος,urn:cite2:hmt:lsj.chicago_md:n28169,servitude_slavery,seed+embed,0.652,0.482,0.17,726,"slavish, servile; of slavery; of a slave; slaveʼs"
σῐᾰλ-ώδης,urn:cite2:hmt:lsj.chicago_md:n93940,servitude_slavery,embed,0.652,0.331,0.321,144,"like slaver, slavering; fat"
δουλο-πρεπής,urn:cite2:hmt:lsj.chicago_md:n28187,servitude_slavery,seed+embed,0.648,0.335,0.313,256,"befitting a slave, servile"
δουλ-εύω,urn:cite2:hmt:lsj.chicago_md:n28165,servitude_slavery,seed+embed,0.641,0.378,0.263,757,"to be a slave; serve, be subject; make oneself a slave; accommodate oneself; render a service"
θῠγάτηρ,urn:cite2:hmt:lsj.chicago_md:n49266,servitude_slavery,seed+embed,0.641,0.29,0.351,922,"daughter; maidservant, slave; duhitár-"
ἀμφίδουλος,urn:cite2:hmt:lsj.chicago_md:n5795,servitude_slavery,seed+embed,0.64,0.326,0.314,85,slave both by father and mother
δουλ-ᾰπᾰτία,urn:cite2:hmt:lsj.chicago_md:n28153,servitude_slavery,embed,0.64,0.305,0.334,86,enticement of slaves from their master
λουτρο-χόος,urn:cite2:hmt:lsj.chicago_md:n63934,servitude_slavery,seed+embed,0.64,0.284,0.355,285,pouring water into the bath; the slave who did this; in which water was warmed for bathing
ἀτμεύω,urn:cite2:hmt:lsj.chicago_md:n17115,servitude_slavery,seed+embed,0.639,0.375,0.264,64,to be a slave
ἐπιδουλεύω,urn:cite2:hmt:lsj.chicago_md:n39302,servitude_slavery,seed+embed,0.639,0.375,0.264,64,to be a slave
στλεγγῐδο-λήκῠθος,urn:cite2:hmt:lsj.chicago_md:n96891,servitude_slavery,seed+embed,0.639,0.251,0.388,142,the slave who carried his masterʼs; and
ἀδούλ-ευτος,urn:cite2:hmt:lsj.chicago_md:n1465,servitude_slavery,seed+embed,0.638,0.276,0.363,96,one who has never been a slave
ξυστρο-λήκῠθος,urn:cite2:hmt:lsj.chicago_md:n71873,servitude_slavery,seed+embed,0.637,0.237,0.4,116,slave who carried his masterʼs; and; to and from the bath
ἀπουρία,urn:cite2:hmt:lsj.chicago_md:n14171,servitude_slavery,seed+embed,0.635,0.31,0.325,62,issue of free and slave
δουλ-ευτέον,urn:cite2:hmt:lsj.chicago_md:n28162,servitude_slavery,seed+embed,0.632,0.263,0.369,142,one must be a slave
καταδουλ-όω,urn:cite2:hmt:lsj.chicago_md:n53934,servitude_slavery,seed+embed,0.632,0.451,0.18,1156,"reduce to slavery, enslave; make a slave to oneself, enslave; enslave in mind; break in spirit"
προσδουλεύω,urn:cite2:hmt:lsj.chicago_md:n88928,servitude_slavery,seed+embed,0.632,0.382,0.251,54,to be a slave besides
σωμᾰτ-εμπορέω,urn:cite2:hmt:lsj.chicago_md:n102010,servitude_slavery,embed,0.631,0.468,0.163,55,trade in slaves
ἀγορ-αστής,urn:cite2:hmt:lsj.chicago_md:n776,servitude_slavery,seed+embed,0.63,0.395,0.234,235,the slave who had to buy; purveyor; purchaser
ὁ,urn:cite2:hmt:lsj.chicago_md:n71882,servitude_slavery,seed+embed,0.629,0.457,0.172,23071,"the following; sa, sā; sa, sō; sá, sú; sum, sam; tat (tad); is-tud; pata; te; tĩe; pá; tāsām; is-tarum; that; he; famous; that venerable man; that which is called; namely that; and he; those; I mean; he, she, it; above those to wit; those women to wit; the former; the latter; the one.., the other..; sas; sa; such and such; so and so; now one thing, now another; there, on that spot, here, this way, that way; that way, in that direction; in this way, thus; in one way.., in another..; partly.., partly..; where, by which way; therefore, on this account; thus, so; then, if this be so, on this condition; wherefore; the fact is..; on the one hand.., on the other..; times..; this; before this, aforetime; yesterday; most; very; of all; the; the hindmost man; my; our; their; ille; the fact; statement; the word; notion; the sentiment; the phrase; the question; the term; that sort of person; son; daughter; brother; the wife; men; the slave; the matter of; the affair of; the interests; accidents, chance events; the rites due to; that which is destined; what regards; a manʼs word; saying; as; house; district; matters; the proposals; the incidents; he who"
οἰκό-τριψ,urn:cite2:hmt:lsj.chicago_md:n72369,servitude_slavery,seed+embed,0.629,0.402,0.227,355,a slave born and bred in the house; the slave
ἄδουλ-ος,urn:cite2:hmt:lsj.chicago_md:n1468,servitude_slavery,seed+embed,0.628,0.473,0.155,303,"unattended by slaves; unattended by; having no slaves, too poor to keep a slave; impatient of slavery"
εἴρερος,urn:cite2:hmt:lsj.chicago_md:n31175,servitude_slavery,seed+embed,0.628,0.387,0.241,72,"bondage, slavery"
σιαλοχοέω,urn:cite2:hmt:lsj.chicago_md:n93938,servitude_slavery,embed,0.627,0.272,0.356,86,secrete saliva; slaver
τρί-δουλος,urn:cite2:hmt:lsj.chicago_md:n104898,servitude_slavery,seed+embed,0.626,0.405,0.222,236,thrice a slave; of slaves
φῐλό-δουλος,urn:cite2:hmt:lsj.chicago_md:n111140,servitude_slavery,seed+embed,0.624,0.522,0.102,146,loving slavery; loving oneʼs slaves
θρέμμ-α,urn:cite2:hmt:lsj.chicago_md:n49078,servitude_slavery,embed,0.622,0.589,0.033,1241,"nursling, creature; animals; domestic slaves; verna; creature; a swarm; kept"
τροφ-εύς,urn:cite2:hmt:lsj.chicago_md:n105548,servitude_slavery,seed+embed,0.622,0.298,0.325,867,"one who brings up, foster-father; tutor; nurse; ye who have fed; with whom; have lived; rearer, breeder; one who keeps; one who fosters; one who gives free meals to the people; personal attendant, slave"
δμῳ-ή,urn:cite2:hmt:lsj.chicago_md:n27801,servitude_slavery,seed+embed,0.619,0.253,0.366,492,"female slave taken in war; female slave, serving-woman"
οἰκετ-εία,urn:cite2:hmt:lsj.chicago_md:n72266,servitude_slavery,seed+embed,0.619,0.339,0.281,305,household of slaves; servitude; slave population
ζήτρ-ειον,urn:cite2:hmt:lsj.chicago_md:n46262,servitude_slavery,embed,0.617,0.369,0.248,383,a place of punishment for slaves
μισθό-δουλος,urn:cite2:hmt:lsj.chicago_md:n68004,servitude_slavery,seed+embed,0.616,0.245,0.371,65,hired slave
παιδᾰρ-ιοτρόφος,urn:cite2:hmt:lsj.chicago_md:n76565,servitude_slavery,embed,0.615,0.313,0.302,110,one who keeps young slaves; Altertümer von Hierapolis
ἀνδρᾰποδο-κλέπτης,urn:cite2:hmt:lsj.chicago_md:n7896,servitude_slavery,seed+embed,0.614,0.343,0.271,62,slave-stealer
μίσθιος,urn:cite2:hmt:lsj.chicago_md:n67999,servitude_slavery,seed+embed,0.614,0.327,0.287,393,"salaried, hired; hired labourer, servant; tenant; mercenaries"
συνδουλ-εύω,urn:cite2:hmt:lsj.chicago_md:n99792,servitude_slavery,seed+embed,0.614,0.379,0.236,104,to be a fellow-slave; with
ἀνδραποδ-ίζω,urn:cite2:hmt:lsj.chicago_md:n7888,servitude_slavery,seed+embed,0.611,0.438,0.173,859,enslave; sell the free men; into slavery; to be sold into slavery; kidnap
λάτρ-ιος,urn:cite2:hmt:lsj.chicago_md:n62063,servitude_slavery,seed+embed,0.611,0.438,0.173,205,of a servant; service; into slavery
δουλο-κρᾰτέομαι,urn:cite2:hmt:lsj.chicago_md:n28178,servitude_slavery,embed,0.61,0.425,0.186,109,to be ruled by slaves; like slaves
ἐθελο-δουλέω,urn:cite2:hmt:lsj.chicago_md:n30762,servitude_slavery,seed+embed,0.607,0.33,0.277,72,be; become a slave willingly
σκευοφόρ-ος,urn:cite2:hmt:lsj.chicago_md:n94749,servitude_slavery,embed,0.607,0.376,0.231,564,"carrying; baggage; pack-animals; baggage-carrier, porter; sutlers, camp-followers; the servants of the"
καταδουλ-εύομαι,urn:cite2:hmt:lsj.chicago_md:n53930,servitude_slavery,seed+embed,0.603,0.359,0.244,111,reduce to slavery
λεηλ-ᾰτέω,urn:cite2:hmt:lsj.chicago_md:n62209,servitude_slavery,seed+embed,0.602,0.369,0.233,473,"drive away booty; cattle; plunder, despoil; ravage; to be plundered; to be a slave to"
παιδᾰρ-ιον,urn:cite2:hmt:lsj.chicago_md:n76564,servitude_slavery,seed+embed,0.602,0.363,0.24,491,little boy; a child; a mere boy; little girl; young children; young slave
παιδί-ον,urn:cite2:hmt:lsj.chicago_md:n76596,servitude_slavery,seed+embed,0.602,0.379,0.224,685,little; young child; a child; young slave; convulsions
κᾰκο-δουλία,urn:cite2:hmt:lsj.chicago_md:n52171,servitude_slavery,embed,0.601,0.417,0.184,59,badness of slaves
βολίζη,urn:cite2:hmt:lsj.chicago_md:n20280,servitude_slavery,seed+embed,0.6,0.292,0.308,76,female slave
θεράπαιν-α,urn:cite2:hmt:lsj.chicago_md:n48369,servitude_slavery,seed+embed,0.6,0.292,0.308,151,handmaid; female slave
κτη-τός,urn:cite2:hmt:lsj.chicago_md:n60372,servitude_slavery,seed+embed,0.6,0.32,0.28,399,"that may be gotten; acquired; worth getting, desirable; acquired, gained; female slave; f"
χαλκίς,urn:cite2:hmt:lsj.chicago_md:n113100,servitude_slavery,seed+embed,0.6,0.338,0.262,722,"a brazen pot.; pica maritima; roller, Coracias garrula); pilchard; sardine, Clupea sardina; lizard, cicigna; female slave; Chalcis"
ἀδουλ-ία,urn:cite2:hmt:lsj.chicago_md:n1467,servitude_slavery,embed,0.598,0.38,0.219,67,being without slaves
δουλό-συνος,urn:cite2:hmt:lsj.chicago_md:n28191,servitude_slavery,embed,0.595,0.368,0.227,81,enslaved
πλινθ-εύω,urn:cite2:hmt:lsj.chicago_md:n83883,servitude_slavery,embed,0.595,0.368,0.227,543,"make into bricks; make; make bricks; build of brick; to be changed into bricks, built up with bricks, tortured; enslaved; to be duped; tax on brickmaking"
πάν-δουλος,urn:cite2:hmt:lsj.chicago_md:n77330,servitude_slavery,seed+embed,0.594,0.374,0.22,71,slave to all
δουλο-κρᾰτία,urn:cite2:hmt:lsj.chicago_md:n28179,servitude_slavery,seed+embed,0.593,0.395,0.198,61,slave-government
ἐτεοδμώς,urn:cite2:hmt:lsj.chicago_md:n43106,servitude_slavery,seed+embed,0.591,0.315,0.277,118,honest slave
ὑπηρεσ-ία,urn:cite2:hmt:lsj.chicago_md:n108045,servitude_slavery,embed,0.59,0.518,0.072,1724,"body of rowers, shipʼs crew; crews; equipment; service; all kinds of service; deceptions; the class of servants; attendants; retinue; shop-assistants"
δουλο-κοίτης,urn:cite2:hmt:lsj.chicago_md:n28177,servitude_slavery,embed,0.589,0.319,0.27,72,consorting with slaves
δουλο-μιξία,urn:cite2:hmt:lsj.chicago_md:n28182,servitude_slavery,embed,0.589,0.319,0.27,59,consorting with slaves
δουλο-δῐδάσκᾰλος,urn:cite2:hmt:lsj.chicago_md:n28176,servitude_slavery,embed,0.588,0.31,0.279,126,teacher of slaves
ἀπελευθερ-ία,urn:cite2:hmt:lsj.chicago_md:n11813,servitude_slavery,seed+embed,0.587,0.346,0.241,137,enfranchisement of a slave; status of a freedman
ἐργάζομαι,urn:cite2:hmt:lsj.chicago_md:n42159,servitude_slavery,embed,0.587,0.496,0.09,5275,"work, labour; working; works; goes on; produces an effect; work at, make; make; do, perform; do; to..; perform; work; till; earn by working; work at, practise; work at a trade; business, traffic, trade; trade in; trade; trades; traders; qui Deli negotiantur; quaestum corpore facere; cause; to be made; built; wrought; to be done; things done, deeds"
ὁμό-δουλος,urn:cite2:hmt:lsj.chicago_md:n73579,servitude_slavery,seed+embed,0.587,0.338,0.249,309,fellow-slave; subject to the same charges; servitudes
σύνδουλ-ος,urn:cite2:hmt:lsj.chicago_md:n99793,servitude_slavery,seed+embed,0.587,0.277,0.31,485,fellow-slave; NT
συσσώμ-ᾰτος,urn:cite2:hmt:lsj.chicago_md:n101425,servitude_slavery,seed+embed,0.587,0.277,0.31,78,fellow-slave
ἀνδραποδ-ισμός,urn:cite2:hmt:lsj.chicago_md:n7891,servitude_slavery,seed+embed,0.586,0.471,0.115,268,"selling into slavery, enslaving; kidnapping; for kidnapping"
παιδίσκ-η,urn:cite2:hmt:lsj.chicago_md:n76600,servitude_slavery,seed+embed,0.586,0.331,0.255,448,"young girl, maiden; young female slave, bondmaid; maidservant, Ev. Marc.; prostitute"
προγυμν-αστής,urn:cite2:hmt:lsj.chicago_md:n86927,servitude_slavery,seed+embed,0.586,0.234,0.352,163,trainer; slave who goes through exercises
ἀπελευθερ-ικός,urn:cite2:hmt:lsj.chicago_md:n11815,servitude_slavery,seed+embed,0.585,0.286,0.299,205,in the condition of a freedman; relating to freedmen
διᾱκον-ικός,urn:cite2:hmt:lsj.chicago_md:n24993,servitude_slavery,embed,0.583,0.349,0.234,362,serviceable; servants’; menial; in the course of service; serviceably
οἰκέτ-ης,urn:cite2:hmt:lsj.chicago_md:n72268,servitude_slavery,seed+embed,0.581,0.293,0.288,744,household slave; household
ἀνδραποδ-ιστής,urn:cite2:hmt:lsj.chicago_md:n7893,servitude_slavery,seed+embed,0.579,0.341,0.239,262,slave-dealer; kidnapper; one who sells; independence
ἀνδρᾰποδο-κάπηλος,urn:cite2:hmt:lsj.chicago_md:n7895,servitude_slavery,seed+embed,0.579,0.341,0.239,94,slave-dealer
ἀνδραποδ-ώνης,urn:cite2:hmt:lsj.chicago_md:n7901,servitude_slavery,seed+embed,0.579,0.341,0.239,61,slave-dealer
ἀνδρο-κάπηλος,urn:cite2:hmt:lsj.chicago_md:n7979,servitude_slavery,seed+embed,0.579,0.341,0.239,69,slave-dealer
ἡμι-δουλεία,urn:cite2:hmt:lsj.chicago_md:n47077,servitude_slavery,seed+embed,0.579,0.381,0.197,63,half-slavery
σωμᾰτ-έμπορος,urn:cite2:hmt:lsj.chicago_md:n102011,servitude_slavery,seed+embed,0.579,0.341,0.239,150,slave-dealer
δημόσιος,urn:cite2:hmt:lsj.chicago_md:n24444,servitude_slavery,seed+embed,0.578,0.426,0.151,2587,"belonging to the people; state; fiscus; state-property; confiscated; used by the public; common; epidemic; any public slave; servant; the public crier; policeman; public notary; public executioner; public official; public victim; harlot, prostitute; the state; public officials; public building, hall; treasury; the public prison; public archives; public dues, taxes; tent of the Spartan kings; kingʼs council; at the public expense; by public consent; on public service; in the public courts; by the hands of the public executioner; as a community; commonly, popularly; on public business"
πολύ-δουλος,urn:cite2:hmt:lsj.chicago_md:n84786,servitude_slavery,embed,0.577,0.415,0.161,66,having many slaves
ἐξανδρᾰποδ-ίζω,urn:cite2:hmt:lsj.chicago_md:n36772,servitude_slavery,seed+embed,0.576,0.295,0.281,496,reduce to utter slavery; confiscate
κόρος,urn:cite2:hmt:lsj.chicago_md:n59151,servitude_slavery,embed,0.576,0.348,0.229,1452,"boy, lad; male infant; servants; son; puppet, doll; shoot, sprout; one who has cut his hair short on emerging from boyhood; Ceres, Cerus, cresco."
λατρ-εύω,urn:cite2:hmt:lsj.chicago_md:n62062,servitude_slavery,seed+embed,0.576,0.523,0.052,767,"work for hire; pay; to be in servitude, serve; to be subject; enslaved to; serve; obey; temporibus inservire; to be devoted to; with prayers and sacrifices; render due"
ἄπονος,urn:cite2:hmt:lsj.chicago_md:n13315,servitude_slavery,embed,0.575,0.408,0.167,1073,"without toil; trouble; easiest; costing; no trouble; painless; work-shy, lazy; free from the necessity of labour; free from pain; least painful; relieving pain; easy"
ἐξανδρᾰπόδ-ισις,urn:cite2:hmt:lsj.chicago_md:n36773,servitude_slavery,seed+embed,0.575,0.426,0.149,69,selling into slavery
ἀει-δουλεία,urn:cite2:hmt:lsj.chicago_md:n1585,servitude_slavery,seed+embed,0.574,0.431,0.143,89,perpetual slavery
δουλ-έκδουλος,urn:cite2:hmt:lsj.chicago_md:n28157,servitude_slavery,seed+embed,0.574,0.336,0.237,84,a born slave
μόχθ-ος,urn:cite2:hmt:lsj.chicago_md:n68941,servitude_slavery,embed,0.572,0.453,0.118,789,"toil, hardship, distress; toils, troubles, hardships; labours; for; hardship; work"
πῆμα,urn:cite2:hmt:lsj.chicago_md:n82972,servitude_slavery,embed,0.572,0.453,0.119,866,"misery, calamity; pains; labours; bane, calamity; pīyati; fijan"
πόνος,urn:cite2:hmt:lsj.chicago_md:n85665,servitude_slavery,embed,0.572,0.671,-0.099,3192,"work; hard work, toil; the toil of war; toil; struggle; toil, labour; labour; trouble; labours; bodily exertion, exercise; exertions; l.; the scene of; work, task, business; enterprise, undertaking; implements for labour, stock-in-trade; workshop; stress, trouble, distress, suffering; sufferings; disease; pain; Acut.(Sp.; anything produced by work, a work; fruits of"
δουλο-μίκτης,urn:cite2:hmt:lsj.chicago_md:n28181,servitude_slavery,embed,0.571,0.324,0.247,77,one who consorts with slaves
ἡμί-δουλος,urn:cite2:hmt:lsj.chicago_md:n47078,servitude_slavery,seed+embed,0.571,0.279,0.292,77,half-slave
στατάριον,urn:cite2:hmt:lsj.chicago_md:n96278,servitude_slavery,seed+embed,0.571,0.465,0.106,91,slave-market
Θησειότριψ,urn:cite2:hmt:lsj.chicago_md:n48833,servitude_slavery,seed+embed,0.569,0.345,0.225,116,one who is always in the Theseum; a runaway slave
ἔκδουλος,urn:cite2:hmt:lsj.chicago_md:n31916,servitude_slavery,seed+embed,0.567,0.314,0.253,63,child of a slave
ἥσσων,urn:cite2:hmt:lsj.chicago_md:n47617,servitude_slavery,seed+embed,0.567,0.3,0.267,2298,"inferior; weaker; not so good; second; the weaker party; the worse; less, fewer; giving way; yielding to; a slave to..; unable to resist; less; less, just as much"
καρπ-ίζω,urn:cite2:hmt:lsj.chicago_md:n53414,servitude_slavery,seed+embed,0.567,0.21,0.357,140,enfranchise a slave by touching him with the rod; adseror
ἀνέφαπτος,urn:cite2:hmt:lsj.chicago_md:n8564,servitude_slavery,seed+embed,0.566,0.191,0.375,97,not to be claimed as a slave
συνεργ-ᾰσία,urn:cite2:hmt:lsj.chicago_md:n100373,servitude_slavery,embed,0.566,0.258,0.308,368,"company; guild of fellow-workmen; a place where many slaves are lodged, a workers’ barracks; ergastulum"
πολυ-δουλεία,urn:cite2:hmt:lsj.chicago_md:n84784,servitude_slavery,embed,0.565,0.401,0.165,60,abundance of slaves
ὀλῐγό-δουλος,urn:cite2:hmt:lsj.chicago_md:n73012,servitude_slavery,embed,0.561,0.32,0.241,65,having but few slaves
ἀναγ-ώγιος,urn:cite2:hmt:lsj.chicago_md:n6401,servitude_slavery,seed+embed,0.56,0.404,0.156,208,"raising the mind to heavenly things, mystical; reward for restoration of a fugitive slave"
ἑρκ-ίτης,urn:cite2:hmt:lsj.chicago_md:n42572,servitude_slavery,seed+embed,0.56,0.321,0.239,104,farm-slave
ἀδουλ-έω,urn:cite2:hmt:lsj.chicago_md:n1466,servitude_slavery,embed,0.559,0.307,0.252,50,have no slaves
κᾰκό-δουλος,urn:cite2:hmt:lsj.chicago_md:n52172,servitude_slavery,seed+embed,0.559,0.366,0.193,113,ill-treating oneʼs slaves; bad slave
δρᾱπετ-ικός,urn:cite2:hmt:lsj.chicago_md:n28327,servitude_slavery,embed,0.558,0.424,0.134,261,of; for a; over runaway slaves; likely to run away
ἐργᾰτ-εία,urn:cite2:hmt:lsj.chicago_md:n42183,servitude_slavery,embed,0.558,0.334,0.224,222,"labour, work, handicraft; gang of workmen"
ἐρυκτῆρες,urn:cite2:hmt:lsj.chicago_md:n42784,servitude_slavery,embed,0.558,0.282,0.276,67,a class of freedmen
ἰσό-δουλος,urn:cite2:hmt:lsj.chicago_md:n51021,servitude_slavery,seed+embed,0.558,0.296,0.262,59,like a slave
τρᾰπεζο-ποιός,urn:cite2:hmt:lsj.chicago_md:n104558,servitude_slavery,seed+embed,0.558,0.22,0.338,204,a slave who set out the table
ἀδουλαγώγητος,urn:cite2:hmt:lsj.chicago_md:n1464,servitude_slavery,embed,0.557,0.273,0.284,67,not enslaved
ἀκατα-δούλωτος,urn:cite2:hmt:lsj.chicago_md:n2968,servitude_slavery,embed,0.557,0.273,0.284,69,not enslaved
ἀναδουλόω,urn:cite2:hmt:lsj.chicago_md:n6472,servitude_slavery,seed+embed,0.557,0.328,0.229,63,reduce to slavery again
διᾱκον-έω,urn:cite2:hmt:lsj.chicago_md:n24988,servitude_slavery,embed,0.557,0.371,0.186,1493,"minister, do service; serve; minister to oneʼs own needs, serve oneself; acting as servants; serving themselves; to be served; to be a deacon; render a service; to be supplied"
Πλάταια,urn:cite2:hmt:lsj.chicago_md:n83526,servitude_slavery,embed,0.557,0.299,0.258,738,Plataea; Plataeae; at Plataeae; to P.; from P.; Plataeans; enfranchised slaves who had the same civic rights as the citizens of Plataea; of P.; the events at P.
τρι-πέδων,urn:cite2:hmt:lsj.chicago_md:n105120,servitude_slavery,seed+embed,0.555,0.321,0.234,133,a slave who has been often in fetters
πρᾱτ-ήρ,urn:cite2:hmt:lsj.chicago_md:n86225,servitude_slavery,embed,0.553,0.292,0.261,201,seller; on which slaves were sold
ἡμῐσύ-δουλος,urn:cite2:hmt:lsj.chicago_md:n47288,servitude_slavery,seed+embed,0.551,0.262,0.289,58,half a slave
πᾰλαιό-δουλος,urn:cite2:hmt:lsj.chicago_md:n76754,servitude_slavery,seed+embed,0.55,0.253,0.296,81,"slave from of old, hereditary slave"
φῐλο-κύριος,urn:cite2:hmt:lsj.chicago_md:n111264,servitude_slavery,embed,0.548,0.376,0.172,125,loyal to oneʼs master
ἐπασκ-έω,urn:cite2:hmt:lsj.chicago_md:n38352,servitude_slavery,embed,0.546,0.338,0.208,899,"labour; toil at, prepare; finish carefully; adorn, exalt; practise, cultivate; cultivate; increase; to be in training as an athlete; set on; against; train for"
θητ-εύω,urn:cite2:hmt:lsj.chicago_md:n48845,servitude_slavery,seed+embed,0.546,0.338,0.208,392,to be a serf; labourer; labour; serve
Καῖσαρ,urn:cite2:hmt:lsj.chicago_md:n52048,servitude_slavery,seed+embed,0.546,0.352,0.194,1297,"elephant; Caesar; cognomen; the Emperor; the Emperorʼs slave; of, belonging to Caesar; his household; officials; temple of Julius Caesar; games in honour of Gaius Caesar; Rev.Et. Gr."
μεγᾰλό-δουλος,urn:cite2:hmt:lsj.chicago_md:n65393,servitude_slavery,seed+embed,0.546,0.313,0.232,81,great slave
μῑσό-δουλος,urn:cite2:hmt:lsj.chicago_md:n68047,servitude_slavery,embed,0.546,0.399,0.147,90,hating slaves
πον-έω,urn:cite2:hmt:lsj.chicago_md:n85643,servitude_slavery,embed,0.546,0.459,0.087,5308,"work hard; to suffer toil; he did his work; were busied; was busy; were toiling; to be busy; suffer; be sick; work hard at, make; do with pains; care; Lyr. Alex.Adesp.; toil, labour; labour; do; labour at..; go through, suffer; suffer in; by; ache; have a pain; labour under sickness, suffer; suffer damage; suffer pain; to be hard-pressed, suffer; to be worn out, spoilt; damaged; to be dilapidated; afflict, distress; to be afflicted; worn out, suffer greatly; to be trained; educated; owes his training; gain by toil; to be won; achieved by toil; to be dressed, cooked; specially prepared; toil"
συγκάμνω,urn:cite2:hmt:lsj.chicago_md:n97602,servitude_slavery,embed,0.546,0.338,0.208,477,"labour; suffer with, sympathize with; work with; with"
συνεργοπονέω,urn:cite2:hmt:lsj.chicago_md:n100389,servitude_slavery,embed,0.546,0.338,0.208,74,help in work; labour
τληπαθ-έω,urn:cite2:hmt:lsj.chicago_md:n104125,servitude_slavery,embed,0.546,0.38,0.166,148,endure misery; labour
τλη-τός,urn:cite2:hmt:lsj.chicago_md:n104133,servitude_slavery,embed,0.546,0.369,0.177,372,"patient, steadfast in suffering; labour; to be endured; tolerable"
ὑποπονέω,urn:cite2:hmt:lsj.chicago_md:n108982,servitude_slavery,embed,0.546,0.338,0.208,101,labour; suffer a little
ὑστρῐχίς,urn:cite2:hmt:lsj.chicago_md:n109767,servitude_slavery,embed,0.546,0.444,0.103,236,whip for punishing slaves; disease of the horseʼs tail
φῐλο-μόχθηρος,urn:cite2:hmt:lsj.chicago_md:n111324,servitude_slavery,embed,0.546,0.457,0.088,193,loving bad men; loving evil; fond of toil; labour
λάσᾰνα,urn:cite2:hmt:lsj.chicago_md:n61997,servitude_slavery,seed+embed,0.545,0.33,0.215,460,trivet; stand for a pot; night-stool; lasanum; slave who had charge of the night-stool
αὔτοικος,urn:cite2:hmt:lsj.chicago_md:n17731,servitude_slavery,seed+embed,0.544,0.274,0.27,70,a slave with his house
δουλό-βοτος,urn:cite2:hmt:lsj.chicago_md:n28173,servitude_slavery,embed,0.544,0.383,0.161,79,eaten up by slaves
δουλ-όω,urn:cite2:hmt:lsj.chicago_md:n28194,servitude_slavery,embed,0.54,0.446,0.094,627,"enslave; to be enslaved; make subject to oneself, enslave"
ἅβρα,urn:cite2:hmt:lsj.chicago_md:n152,servitude_slavery,seed+embed,0.539,0.404,0.135,195,favourite slave
λατρ-εύς,urn:cite2:hmt:lsj.chicago_md:n62058,servitude_slavery,seed+embed,0.538,0.309,0.229,53,hired servant
παιδᾰρ-ικός,urn:cite2:hmt:lsj.chicago_md:n76563,servitude_slavery,embed,0.538,0.385,0.153,85,for slaves
ἀπο-στάτης,urn:cite2:hmt:lsj.chicago_md:n13817,servitude_slavery,seed+embed,0.536,0.359,0.177,311,"deserter, rebel; seceder; runaway slave; runaway; apostata, apostate"
δρᾱπέτ-ης,urn:cite2:hmt:lsj.chicago_md:n28325,servitude_slavery,seed+embed,0.536,0.359,0.177,704,runaway; from; runaway slave; fugitive; skulkerʼs; whose occupants are shifting
στιγ-μᾰτίας,urn:cite2:hmt:lsj.chicago_md:n96790,servitude_slavery,seed+embed,0.536,0.359,0.177,450,one who bears tattoo-marks; branded culprit; runaway slave; one whose property is marked
φῐλοπον-έω,urn:cite2:hmt:lsj.chicago_md:n111412,servitude_slavery,embed,0.536,0.465,0.071,608,"love labour, be laborious; industrious; take great care of; take heed to; build as a labour of love; Docum.Ant.dell’ Africa Italiana; to be elaborated"
βοο-θύτης,urn:cite2:hmt:lsj.chicago_md:n20331,servitude_slavery,embed,0.535,0.261,0.274,55,slaver of oxen
εὔδουλος,urn:cite2:hmt:lsj.chicago_md:n43699,servitude_slavery,embed,0.535,0.374,0.161,72,good to oneʼs slaves
πραγμᾰτ-εύομαι,urn:cite2:hmt:lsj.chicago_md:n86117,servitude_slavery,embed,0.535,0.421,0.114,2757,"busy oneself, take trouble; work at; labour to bring; about; exert themselves; worry; exert oneself; to be engaged in business, spend oneʼs time in business; conduct a business; transact business; make money; negotiatores; to be employed in public affairs; take in hand, treat laboriously, be engaged in; undertake; elaborate; work out; treat of; did; use; in treating; treat systematically; systematic historians; write, treat; works, composilions; to be laboured at, elaborated"
δεσπ-όσυνος,urn:cite2:hmt:lsj.chicago_md:n24200,servitude_slavery,embed,0.533,0.349,0.183,532,of; belonging to the master; lord; the masterʼs; arbitrary rule; verna
ἐκπονέω,urn:cite2:hmt:lsj.chicago_md:n32723,servitude_slavery,embed,0.533,0.451,0.083,1831,"work out, finish off; form by instruction; to deck; out; to be wrought out, brought to perfection; practise; to be in good training; practice; work through, execute; finish; labour for, provide by labour, earn; prevail on; work hard; work out by searching; search out; to digest; labour to shield off from; work at, till; to be worn out, brought low"
μικρό-δουλος,urn:cite2:hmt:lsj.chicago_md:n67713,servitude_slavery,seed+embed,0.533,0.293,0.24,63,little slave
διᾱκον-ία,urn:cite2:hmt:lsj.chicago_md:n24992,servitude_slavery,embed,0.53,0.481,0.05,448,"service; attendance on a duty, ministration; ministering; body of servants; attendants; instruments of service"
κοπ-ία,urn:cite2:hmt:lsj.chicago_md:n58961,servitude_slavery,embed,0.53,0.351,0.179,103,rest from toil; labor
πόρν-η,urn:cite2:hmt:lsj.chicago_md:n85781,servitude_slavery,embed,0.529,0.428,0.101,155,"harlot, prostitute; bought slaves."
δρᾱπετ-ᾰγωγός,urn:cite2:hmt:lsj.chicago_md:n28321,servitude_slavery,seed+embed,0.528,0.221,0.306,101,recovering a runaway slave:
ἡσσ-άομαι,urn:cite2:hmt:lsj.chicago_md:n47614,servitude_slavery,seed+embed,0.528,0.456,0.072,2753,"to be less; weaker than, inferior to; had proved inferior; to be defeated, discomfited; to be broken; to be cast in a suit; give way, yield; give way, be a slave to; to be in love with..; to be overcome by..; overcome; defeat"
ἀφαίρ-εσις,urn:cite2:hmt:lsj.chicago_md:n18100,servitude_slavery,seed+embed,0.527,0.584,-0.057,805,"taking away, carrying off, remoual; putting off; assertion of freedom of a reputed slave; amputation; abstraction; mathe-matics; remoual"
δουλο-φᾰνής,urn:cite2:hmt:lsj.chicago_md:n28192,servitude_slavery,seed+embed,0.527,0.325,0.202,79,"slave-like, slavish to look on"
ἐργάτ-ῐς,urn:cite2:hmt:lsj.chicago_md:n42189,servitude_slavery,embed,0.527,0.396,0.132,781,"workwoman; worker; laborious, industrious; working for hire; working at; producing"
φῐλόπον-ος,urn:cite2:hmt:lsj.chicago_md:n111416,servitude_slavery,embed,0.527,0.396,0.132,729,"laborious, industrious; toilsome, laborious"
χοινῐκομέτρης,urn:cite2:hmt:lsj.chicago_md:n114276,servitude_slavery,embed,0.527,0.414,0.114,112,one who measures with a; as a slaveʼs daily allowance
ἄοζ-ος,urn:cite2:hmt:lsj.chicago_md:n11102,servitude_slavery,seed+embed,0.525,0.312,0.214,208,"servant, attendant; sṃ-sod-yos; sed-"
διᾱκόν-ημα,urn:cite2:hmt:lsj.chicago_md:n24989,servitude_slavery,embed,0.525,0.522,0.003,307,"servants’ business, service; service; instruments; utensils of service"
ἔρῑθος,urn:cite2:hmt:lsj.chicago_md:n42452,servitude_slavery,seed+embed,0.525,0.376,0.148,547,"day-labourer, hired servant;; mowers; reapers; spinsters; weavers, workers in wool; servant, minister; crepitus ventris"
μισθ-ωτός,urn:cite2:hmt:lsj.chicago_md:n68029,servitude_slavery,seed+embed,0.525,0.327,0.199,368,"hired; hireling, hired servant; mercenaries"
πρόσπολος,urn:cite2:hmt:lsj.chicago_md:n89993,servitude_slavery,seed+embed,0.525,0.312,0.214,414,"servant, attendant; ministering priest; minister; handmaid"
ὑπηρετ-έω,urn:cite2:hmt:lsj.chicago_md:n108049,servitude_slavery,seed+embed,0.525,0.453,0.072,2335,"do service on board ship, as a rower; to be a servant, do service; minister to, serve; submit to; humour; second, support; serve; serve as; to be a; servitor; render military service; serve, be subordinate; help in; to be done as service; that; service should be rendered; retinue"
σωμᾰτοτροφεῖον,urn:cite2:hmt:lsj.chicago_md:n102032,servitude_slavery,seed+embed,0.524,0.226,0.297,86,"a place where slaves are kept, slave-depot"
ζωγάνης,urn:cite2:hmt:lsj.chicago_md:n46389,servitude_slavery,seed+embed,0.523,0.322,0.201,68,slave-king
θᾰλερός,urn:cite2:hmt:lsj.chicago_md:n47792,servitude_slavery,embed,0.523,0.474,0.049,1365,"stout, sturdy, buxom; blooming, fresh; of a youthful pair; stout, sturdy; luxuriant; rich; big; thick and frequent; strong; impassioned, torrential; more genial; thick; laboured; rapid; deep"
κατάπον-ος,urn:cite2:hmt:lsj.chicago_md:n54877,servitude_slavery,embed,0.523,0.247,0.276,294,"tired, wearied; worn out, exhausted; laboured; wearisome"
δῐδάσκᾰλ-ος,urn:cite2:hmt:lsj.chicago_md:n26411,servitude_slavery,embed,0.521,0.358,0.163,782,"teacher, master; a master; school; trainer; producer"
ἐλευθερο-πρᾱσίου,urn:cite2:hmt:lsj.chicago_md:n33615,servitude_slavery,seed+embed,0.521,0.282,0.238,94,for selling a freeman as a slave
συνεξ-ελεύθερος,urn:cite2:hmt:lsj.chicago_md:n100124,servitude_slavery,seed+embed,0.521,0.226,0.295,211,fellow-freedman; Mélanges d’ arch. et d’ hist.
ἐργᾰτ-εύομαι,urn:cite2:hmt:lsj.chicago_md:n42184,servitude_slavery,embed,0.519,0.366,0.153,107,"work hard, labour"
μοχθ-έω,urn:cite2:hmt:lsj.chicago_md:n68933,servitude_slavery,embed,0.519,0.366,0.153,1043,"to be weary; worn with toil, to be sore distressed; work hard, labour; undergo; execute painful; toil at; over; toiled"
ἀνδράποδον,urn:cite2:hmt:lsj.chicago_md:n7898,servitude_slavery,seed+embed,0.518,0.294,0.224,924,one taken in war and sold as a slave; captive; low fellow
ἀπελευθερ-ιωτής,urn:cite2:hmt:lsj.chicago_md:n11818,servitude_slavery,seed+embed,0.518,0.191,0.327,75,freedman
ἀπόδουλος,urn:cite2:hmt:lsj.chicago_md:n12532,servitude_slavery,seed+embed,0.518,0.191,0.327,59,freedman
δουλ-ελεύθερος,urn:cite2:hmt:lsj.chicago_md:n28158,servitude_slavery,seed+embed,0.518,0.191,0.327,58,freedman
ἐξελεύθερ-ος,urn:cite2:hmt:lsj.chicago_md:n37099,servitude_slavery,seed+embed,0.518,0.191,0.327,275,freedman; released
ἐκτῑμ-ητρα,urn:cite2:hmt:lsj.chicago_md:n33007,servitude_slavery,seed+embed,0.516,0.434,0.082,114,penalties; reward for redemption from slavery
ἐπιφῐλο-πονέομαι,urn:cite2:hmt:lsj.chicago_md:n41516,servitude_slavery,embed,0.516,0.416,0.099,89,labour willingly and earnestly at
χειρῶν-αξ,urn:cite2:hmt:lsj.chicago_md:n113716,servitude_slavery,embed,0.514,0.298,0.216,356,"one who is master of his hands; handicraftsman; one who handles, deals in"
λατρ-εία,urn:cite2:hmt:lsj.chicago_md:n62054,servitude_slavery,seed+embed,0.513,0.419,0.094,420,"the state of a hired labourer, service; the business; duties; service to; worship"
λῑβερτῖνος,urn:cite2:hmt:lsj.chicago_md:n63051,servitude_slavery,seed+embed,0.513,0.264,0.249,132,"libertinus, freedman; libertus"
κενοκοπέω,urn:cite2:hmt:lsj.chicago_md:n56576,servitude_slavery,embed,0.51,0.361,0.148,52,labour in vain
κώρῠκος,urn:cite2:hmt:lsj.chicago_md:n61398,servitude_slavery,embed,0.51,0.361,0.148,601,leathern sack; wallet for provisions; leathern sack hung up for punching; labour in vain; leathern quiver; scrotum
μᾰταιο-πονέω,urn:cite2:hmt:lsj.chicago_md:n65212,servitude_slavery,embed,0.51,0.361,0.148,91,labour in vain
μᾰταιο-πονία,urn:cite2:hmt:lsj.chicago_md:n65214,servitude_slavery,embed,0.51,0.361,0.148,90,labour in vain
ὕδρα,urn:cite2:hmt:lsj.chicago_md:n106339,servitude_slavery,embed,0.51,0.361,0.148,481,water-serpent; the Lernaean hydra; labour in vain
ἀπό,urn:cite2:hmt:lsj.chicago_md:n12243,servitude_slavery,seed+embed,0.508,0.58,-0.072,13004,"ápa; ab; ap-ehtre; af; af, cef, of; from.; from, away from; departure from; from; on; back; away from, far from; apart from; far from; without using; away; away from; alien from; without; off; taken; of; upon; and; from being, instead of; free from, without; from, after; after; onwards; from the beginning of; at; fresh from; beyond; consulares; freedman of..; sprung from; in descent from; springs from; inspired by; folk; with only; weighing; by; shot from; quaestum corpore facere; from, by; because of; in consequence of; on occasion of; by reason of; scale of; in; account; by sound of; procurator a rationibus, Ann.Epigr..; told from; asunder; away, off; remoual; finishing off, completing; ceasing from, leaving off; back again; in full; what is oneʼs own; by way of abuse"
κῡρίως,urn:cite2:hmt:lsj.chicago_md:n61064,servitude_slavery,embed,0.508,0.32,0.188,1062,"like a lord; master, with full authority; surely, by fixed decree; regularly, lawfully; fixed, hold good; suo jure; precisely, exactly; properly; in the proper sense; properly speaking; in a special; sense"
δεσποτ-εία,urn:cite2:hmt:lsj.chicago_md:n24201,servitude_slavery,embed,0.507,0.461,0.046,385,"the power of a master; the relation of master; of husband; absoluterule, despotism; ownership"
ἐθελό-δουλος,urn:cite2:hmt:lsj.chicago_md:n30763,servitude_slavery,embed,0.506,0.251,0.255,127,serving voluntarily
ἐπιτροπ-αῖος,urn:cite2:hmt:lsj.chicago_md:n41438,servitude_slavery,embed,0.505,0.306,0.199,126,"entrusted to one, delegated"
ἐρῑθ-εία,urn:cite2:hmt:lsj.chicago_md:n42445,servitude_slavery,embed,0.505,0.492,0.013,306,"labour for wages; canvassing for public office, intriguing; selfish; factious ambition; intrigues, party squabbles"
μῡρῐό-μοχθος,urn:cite2:hmt:lsj.chicago_md:n69279,servitude_slavery,embed,0.505,0.31,0.195,76,of countless labours
παιδᾰγωγ-ός,urn:cite2:hmt:lsj.chicago_md:n76557,servitude_slavery,seed+embed,0.503,0.373,0.13,612,slave who went with a boy from home to school and back again; because he always followed him about; has guided us; leader
ποιπνύω,urn:cite2:hmt:lsj.chicago_md:n84369,servitude_slavery,embed,0.502,0.284,0.218,912,bustle about; make haste and; labouring
ἐργό-χειρον,urn:cite2:hmt:lsj.chicago_md:n42222,servitude_slavery,embed,0.501,0.275,0.226,101,manual labour
χειρο-μᾰχία,urn:cite2:hmt:lsj.chicago_md:n113653,servitude_slavery,embed,0.501,0.275,0.226,55,manual labour
ἄρσις,urn:cite2:hmt:lsj.chicago_md:n15576,servitude_slavery,embed,0.5,0.379,0.121,1429,"raising; lifting; taking up, examination; plucking, pulling up; distillation; sublimation; rising; that which is lifted, burden; that which is taken; portion; dignity; removal; taking away, removal, abolition; omission; negation; destruction, ruin; raising of the foot; downward beat"
ὠδίνω,urn:cite2:hmt:lsj.chicago_md:n116058,servitude_slavery,embed,0.5,0.343,0.158,1709,"to have the pains of childbirth, be in travail; to be in travail of; bring forth; to be in travail; anguish; labour painfully; to be in the throes; agonies of thought; to long painfully; worry, fuss; to be in travail with; cause to quiver"
διάκονος,urn:cite2:hmt:lsj.chicago_md:n24999,servitude_slavery,seed+embed,0.499,0.386,0.113,703,"servant; messenger; attendant; official; deacon; deaconess; servile, menial"
κᾱλάπους,urn:cite2:hmt:lsj.chicago_md:n52550,servitude_slavery,seed+embed,0.499,0.386,0.113,278,shoemakerʼs last; a; servant
κατευν-αστής,urn:cite2:hmt:lsj.chicago_md:n55875,servitude_slavery,seed+embed,0.499,0.386,0.113,160,servant
κονητής,urn:cite2:hmt:lsj.chicago_md:n58881,servitude_slavery,seed+embed,0.499,0.386,0.113,42,servant
νεᾱνίσκ-ος,urn:cite2:hmt:lsj.chicago_md:n69961,servitude_slavery,seed+embed,0.499,0.386,0.113,923,"youth, young man; young man; servant"
ποιπνυός,urn:cite2:hmt:lsj.chicago_md:n84368,servitude_slavery,seed+embed,0.499,0.386,0.113,39,servant
σηκ-ίς,urn:cite2:hmt:lsj.chicago_md:n93771,servitude_slavery,seed+embed,0.499,0.209,0.29,158,"female house-slave, housekeeper"
σός,urn:cite2:hmt:lsj.chicago_md:n95610,servitude_slavery,seed+embed,0.499,0.442,0.057,1794,"thy, thine; of yours; thy; thine; thy son; thy kinsfolk, people; your agent; servant; what concerns thee, thy interest, advantage; thy words, thy purpose; thy property; thy interests; of; for thee"
ὑποδμώς,urn:cite2:hmt:lsj.chicago_md:n108329,servitude_slavery,seed+embed,0.499,0.386,0.113,78,servant
θρεπ-τός,urn:cite2:hmt:lsj.chicago_md:n49092,servitude_slavery,seed+embed,0.498,0.279,0.218,356,slave bred in the house; adopted foundlings; pupil
ἀζος,urn:cite2:hmt:lsj.chicago_md:n1831,servitude_slavery,seed+embed,0.497,0.353,0.144,74,a servant
ἐξεργ-ᾰσία,urn:cite2:hmt:lsj.chicago_md:n37156,servitude_slavery,embed,0.497,0.357,0.14,435,"working out, completion; labour at a thing; state of cultivation; treatment, discussion"
γαστρίδουλος,urn:cite2:hmt:lsj.chicago_md:n21658,servitude_slavery,seed+embed,0.496,0.334,0.162,68,a slave to oneʼs belly
εὔοικ-ος,urn:cite2:hmt:lsj.chicago_md:n44599,servitude_slavery,embed,0.495,0.425,0.07,245,"with good houses; convenient to inhabit, comfortable; good economist; kind to servants"
ἀνδραποδ-ώδης,urn:cite2:hmt:lsj.chicago_md:n7899,servitude_slavery,embed,0.494,0.311,0.182,428,"slavish, servile, abject; short coarse; like that of slaves"
ὑπερκάμνω,urn:cite2:hmt:lsj.chicago_md:n107621,servitude_slavery,embed,0.494,0.337,0.157,145,suffer; labour for; 1A
δωδεκά-μοχθος,urn:cite2:hmt:lsj.chicago_md:n29726,servitude_slavery,embed,0.492,0.205,0.287,87,of twelve labours
βῐο-πόνος,urn:cite2:hmt:lsj.chicago_md:n19968,servitude_slavery,embed,0.491,0.295,0.196,50,living by labour
δουλο-μᾰχία,urn:cite2:hmt:lsj.chicago_md:n28180,servitude_slavery,embed,0.491,0.371,0.12,55,servile war
ἐπίρριμμα,urn:cite2:hmt:lsj.chicago_md:n40736,servitude_slavery,embed,0.49,0.274,0.216,256,winding-sheet; slaveʼs outer garment; poultice
προ-κοπῐάω,urn:cite2:hmt:lsj.chicago_md:n87840,servitude_slavery,embed,0.49,0.285,0.206,89,"labour, make effort previously"
αὐτουργ-ία,urn:cite2:hmt:lsj.chicago_md:n17984,servitude_slavery,embed,0.489,0.374,0.114,310,working on oneself; self-murder; murder of kin; personal labour; farming oneself; experience
δουλο-πόνηρος,urn:cite2:hmt:lsj.chicago_md:n28185,servitude_slavery,embed,0.489,0.377,0.112,69,bad like a slaveʼs
τᾰλᾰεργός,urn:cite2:hmt:lsj.chicago_md:n102209,servitude_slavery,embed,0.489,0.381,0.108,214,bearing; enduring labour; laborious
ἀπομέτρ-ημα,urn:cite2:hmt:lsj.chicago_md:n13208,servitude_slavery,embed,0.487,0.317,0.171,61,servantʼs allowance
χρε-ᾰγωγός,urn:cite2:hmt:lsj.chicago_md:n114555,servitude_slavery,embed,0.486,0.208,0.278,67,one who carries a debtor to prison
ὑπόδοξος,urn:cite2:hmt:lsj.chicago_md:n108334,servitude_slavery,seed+embed,0.485,0.345,0.14,60,slave to opinion
ἀμφιπολ-εύω,urn:cite2:hmt:lsj.chicago_md:n6023,servitude_slavery,seed+embed,0.484,0.332,0.152,805,"serve as an attendant, tend, care for; serve, have the care of; hold the; office of; minister to; traverse, go about"
ὁμηρ-εύω,urn:cite2:hmt:lsj.chicago_md:n73475,servitude_slavery,embed,0.484,0.272,0.212,389,to be; serve as a hostage; is the pledge of..; take as a hostage; give hostages
οἰκεύς,urn:cite2:hmt:lsj.chicago_md:n72272,servitude_slavery,seed+embed,0.483,0.37,0.113,282,"inmate of oneʼs house; menial, servant; serf"
συμπονέω,urn:cite2:hmt:lsj.chicago_md:n98771,servitude_slavery,embed,0.483,0.273,0.21,471,toil; suffer with; together; with; take part in; labour together
αὐτό-τᾱγος,urn:cite2:hmt:lsj.chicago_md:n17955,servitude_slavery,embed,0.482,0.196,0.286,89,"without a master, independent"
ἐγκον-ίς,urn:cite2:hmt:lsj.chicago_md:n30373,servitude_slavery,seed+embed,0.482,0.353,0.128,49,maid-servant
προσπονέομαι,urn:cite2:hmt:lsj.chicago_md:n89994,servitude_slavery,embed,0.482,0.288,0.194,110,"labour, toil; at"
τᾰλαιπωρ-ία,urn:cite2:hmt:lsj.chicago_md:n102216,servitude_slavery,embed,0.482,0.445,0.037,450,"hard labour; regular use, exercise; hardship, distress; bodily suffering; pain"
τράπεζ-α,urn:cite2:hmt:lsj.chicago_md:n104538,servitude_slavery,embed,0.482,0.558,-0.076,3796,"table; dining-table, eating-table; board; a table; table dedicated to the gods; meal; course; money-changerʼs counter; bank; bankers; any table; flat surface on which a thing rests; cross bench; platform on which slaves were exposed for sale; tablet; slab; plinth; stand; nether millstone; part of a torsion engine; part of the liver; shoulder-blade; grinding surface of the teeth"
κάμνω,urn:cite2:hmt:lsj.chicago_md:n52995,servitude_slavery,embed,0.48,0.506,-0.026,4045,"work; wrought; build; win by toil; labour, till; toil, labour; for; to be weary; is; weary in; is weary; did; strain over; effort; shall; be tired; to grow tired; to be hard-pressed, worsted; to be sick; suffering; the sick; patients; having fallen sick; to be ill; distempered; to be distressed, meet with disaster; wilt; have to complain; having borne; outworn; those whose work is done; those who have met with disaster; śamnīte; śamitár-"
ὑπουργ-ός,urn:cite2:hmt:lsj.chicago_md:n109469,servitude_slavery,seed,0.478,0.371,0.107,374,"rendering service, serviceable, conducive to; assistants; a servant of"
λειτουργ-ός,urn:cite2:hmt:lsj.chicago_md:n62294,servitude_slavery,seed,0.476,0.308,0.168,972,"one who performed a; public servant; workmen, carpenters; lictor; ministering; private servant; minister; attendant; acolyte; subordinate"
ψωμό-δουλος,urn:cite2:hmt:lsj.chicago_md:n116001,servitude_slavery,seed,0.472,0.315,0.157,79,a slave to morsels of food
πιλλᾶτος,urn:cite2:hmt:lsj.chicago_md:n83158,servitude_slavery,seed,0.467,0.186,0.281,98,"pilleatus, freedman"
συνδιάκονος,urn:cite2:hmt:lsj.chicago_md:n99684,servitude_slavery,seed,0.466,0.392,0.074,64,fellow-servant
θερᾰπ-ευτής,urn:cite2:hmt:lsj.chicago_md:n48378,servitude_slavery,seed,0.465,0.321,0.145,637,"one who serves the gods, worshipper; one who serves; courtier; one who attends to anything; medical attendant"
ἀναγν-ώστης,urn:cite2:hmt:lsj.chicago_md:n6370,servitude_slavery,seed,0.463,0.259,0.203,223,"reader, slave trained to read; secretary"
πρόπολος,urn:cite2:hmt:lsj.chicago_md:n88356,servitude_slavery,seed,0.458,0.376,0.082,862,"going; acting before; servant that goes before; attendant, minister; rower; one who serves a god; one who interprets his will to men, minister; temple-servant; ministering to, devoted to"
δεσμός,urn:cite2:hmt:lsj.chicago_md:n24184,servitude_slavery,seed,0.457,0.434,0.023,1641,"band, bond, anything for tying and fastening; halter; mooring-cable; door-latch; yoke-strap; bond of union; connexion; binding material; bonds, chains; bonds, imprisonment; bondage; ligature; ankylosis.; spell, charm"
λάτρ-ευσις,urn:cite2:hmt:lsj.chicago_md:n62059,servitude_slavery,seed,0.457,0.274,0.182,48,servitude
αὐτο-λήκῠθος,urn:cite2:hmt:lsj.chicago_md:n17792,servitude_slavery,seed,0.455,0.433,0.023,254,"one who carries his own oil-flask, one who has no slave to do so; wretchedly poor; flatterer, parasite"
θής,urn:cite2:hmt:lsj.chicago_md:n48813,servitude_slavery,seed,0.455,0.334,0.121,611,"serf, bondsman; hired labourer; hired servant-girl; menial"
αὐλίτης,urn:cite2:hmt:lsj.chicago_md:n17442,servitude_slavery,seed,0.453,0.291,0.162,108,farm-servant
αὐτο-δουλεία,urn:cite2:hmt:lsj.chicago_md:n17683,servitude_slavery,seed,0.448,0.347,0.101,72,absolute servitude
ἑπωπίς,urn:cite2:hmt:lsj.chicago_md:n42089,servitude_slavery,seed,0.439,0.232,0.207,108,"attendant, companion"
ἀλε-τρίς,urn:cite2:hmt:lsj.chicago_md:n4040,servitude_slavery,seed,0.425,0.303,0.122,259,female slave who grinds corn; one of the noble maidens who preparedmeal
ἀμφίπολος,urn:cite2:hmt:lsj.chicago_md:n6028,servitude_slavery,seed,0.416,0.307,0.108,702,"busied about, busy; handmaid, waiting-woman; handmaid of gods, priestess; attendant, follower; priest, sacrist; frequented"
περίπολος,urn:cite2:hmt:lsj.chicago_md:n81985,servitude_slavery,seed,0.416,0.248,0.168,648,"going the rounds, patrolling; watchman, patrol; patrol; attendant, follower; globe-trotter; guardship"
ἀνα-λέκτης,urn:cite2:hmt:lsj.chicago_md:n6889,servitude_slavery,seed,0.413,0.282,0.131,84,"-lecta, slave who picked up broken meats"
ὑποστᾰτ-ρια,urn:cite2:hmt:lsj.chicago_md:n109200,servitude_slavery,seed,0.41,0.213,0.197,81,an under-handmaid of a temple
μελεδ-ωνός,urn:cite2:hmt:lsj.chicago_md:n65954,servitude_slavery,seed,0.409,0.226,0.183,509,"attendant, guardian; steward; keeper; one who provides; agents"
παρα-τίλτρια,urn:cite2:hmt:lsj.chicago_md:n78929,servitude_slavery,seed,0.409,0.184,0.225,122,female slave who plucked the hairs
ζᾰκορ-ος,urn:cite2:hmt:lsj.chicago_md:n46074,servitude_slavery,seed,0.408,0.195,0.213,417,attendant in a temple; Gesch.d.Gr.Etym.
θερᾰπ-εύω,urn:cite2:hmt:lsj.chicago_md:n48383,servitude_slavery,seed,0.408,0.546,-0.138,3182,"to be an attendant, do service; do service to; serve; worship; do service; honour to; serve, wait upon; reverence; pay court to; flatter, wheedle; conciliate; pay; attention; wait at; consult, attend to; indulge; look to, provide for; take care that..; take care of; foster; brood over; observe; keep; as a feast; treat medically; allayed; in de An.; assuage; train; cultivate; prepare, dress; mend"
